PLAYER_ID,PLAYER_NAME,POSITION,TEAM_ID,TEAM_ABBREVIATION,AGE,PLAYER_HEIGHT,PLAYER_HEIGHT_INCHES,PLAYER_WEIGHT,COLLEGE,COUNTRY,DRAFT_YEAR,DRAFT_ROUND,DRAFT_NUMBER,GP,PTS,REB,AST,NET_RATING,OREB_PCT,DREB_PCT,USG_PCT,TS_PCT,AST_PCT,SEASON,SEASON_TYPE
1630639,A.J. Lawson,SG,1610612761,TOR,24.0,6-6,78,179.0,South Carolina,Canada,Undrafted,Undrafted,Undrafted,26,9.1,3.3,1.2,-1.4,0.036,0.128,0.189,0.542,0.093,2024-25,Regular Season
1631260,AJ Green,SG,1610612749,MIL,25.0,6-4,76,190.0,Northern Iowa,USA,Undrafted,Undrafted,Undrafted,73,7.4,2.4,1.5,6.4,0.011,0.087,0.123,0.621,0.086,2024-25,Regular Season
1642358,AJ Johnson,SG,1610612764,WAS,20.0,6-5,77,160.0,,USA,2024,1,23,29,7.6,2.0,2.6,-11.5,0.011,0.073,0.173,0.48,0.178,2024-25,Regular Season
203932,Aaron Gordon,PF,1610612743,DEN,29.0,6-8,80,235.0,Arizona,USA,2014,1,4,51,14.7,4.8,3.2,9.5,0.06,0.109,0.186,0.65,0.143,2024-25,Regular Season
1628988,Aaron Holiday,PG,1610612745,HOU,28.0,6-0,72,185.0,UCLA,USA,2018,1,23,62,5.5,1.3,1.3,6.7,0.015,0.073,0.162,0.594,0.142,2024-25,Regular Season
1630174,Aaron Nesmith,SF,1610612754,IND,25.0,6-6,78,215.0,Vanderbilt,USA,2020,1,14,45,12.0,4.0,1.2,8.5,0.034,0.118,0.171,0.653,0.063,2024-25,Regular Season
1630598,Aaron Wiggins,SG,1610612760,OKC,26.0,6-5,77,190.0,Maryland,USA,2021,2,55,76,12.0,3.9,1.8,14.2,0.046,0.113,0.2,0.596,0.102,2024-25,Regular Season
1641745,Adam Flagler,SG,1610612760,OKC,25.0,6-3,75,180.0,Baylor,USA,Undrafted,Undrafted,Undrafted,37,1.8,0.7,0.3,2.3,0.029,0.086,0.207,0.335,0.094,2024-25,Regular Season
1641766,Adama Sanogo,C,1610612741,CHI,23.0,6-9,81,245.0,UCONN,Mali,Undrafted,Undrafted,Undrafted,4,2.0,1.5,0.3,-18.1,0.217,0.053,0.145,0.571,0.067,2024-25,Regular Season
1641737,Adem Bona,C,1610612755,PHI,22.0,6-10,82,235.0,UCLA,Nigeria,2024,2,41,58,5.8,4.2,0.5,-6.6,0.097,0.164,0.135,0.714,0.043,2024-25,Regular Season
1642349,Ajay Mitchell,SG,1610612760,OKC,23.0,6-5,77,190.0,California-Santa Barbara,Belgium,2024,2,38,36,6.5,1.9,1.8,9.7,0.028,0.08,0.159,0.587,0.153,2024-25,Regular Season
201143,Al Horford,C,1610612738,BOS,39.0,6-9,81,240.0,Florida,Dominican Republic,2007,1,3,60,9.0,6.2,2.1,11.5,0.046,0.165,0.136,0.563,0.102,2024-25,Regular Season
202692,Alec Burks,SG,1610612748,MIA,33.0,6-5,77,214.0,Colorado,USA,2011,1,12,49,7.3,2.5,1.1,5.9,0.018,0.119,0.16,0.608,0.09,2024-25,Regular Season
1627936,Alex Caruso,SG,1610612760,OKC,31.0,6-5,77,186.0,Texas A&M,USA,Undrafted,Undrafted,Undrafted,54,7.1,2.9,2.5,15.0,0.035,0.108,0.147,0.568,0.171,2024-25,Regular Season
1642505,Alex Ducas,SG,1610612760,OKC,24.0,6-7,79,220.0,St. Mary's (CA),Australia,Undrafted,Undrafted,Undrafted,21,1.7,1.2,0.2,-6.7,0.06,0.119,0.115,0.583,0.058,2024-25,Regular Season
203458,Alex Len,C,1610612747,LAL,32.0,7-0,84,250.0,Maryland,Ukraine,2013,1,5,46,1.6,2.1,0.8,-17.5,0.094,0.142,0.101,0.525,0.143,2024-25,Regular Season
1642024,Alex Reese,PF,1610612755,PHI,26.0,6-9,81,245.0,Alabama,USA,Undrafted,Undrafted,Undrafted,15,5.1,3.1,0.3,5.5,0.041,0.161,0.123,0.641,0.023,2024-25,Regular Season
1642259,Alex Sarr,C,1610612764,WAS,20.0,7-0,84,205.0,,France,2024,1,2,67,13.0,6.5,2.4,-13.7,0.06,0.158,0.23,0.482,0.139,2024-25,Regular Season
1631214,Alondes Williams,SG,1610612746,LAC,26.0,6-4,76,210.0,Wake Forest,USA,Undrafted,Undrafted,Undrafted,1,5.0,0.0,1.0,85.7,0.0,0.0,0.286,1.25,0.333,2024-25,Regular Season
1630578,Alperen Sengun,C,1610612745,HOU,22.0,6-11,83,243.0,,Turkey,2021,1,16,76,19.1,10.3,4.9,7.6,0.099,0.21,0.259,0.545,0.238,2024-25,Regular Season
1641708,Amen Thompson,SF,1610612745,HOU,22.0,6-7,79,200.0,,USA,2023,1,4,69,14.1,8.2,3.8,6.3,0.078,0.159,0.172,0.602,0.167,2024-25,Regular Season
1629599,Amir Coffey,SG,1610612746,LAC,28.0,6-7,79,210.0,Minnesota,USA,Undrafted,Undrafted,Undrafted,72,9.7,2.2,1.1,-1.4,0.019,0.072,0.15,0.614,0.065,2024-25,Regular Season
203083,Andre Drummond,C,1610612755,PHI,31.0,6-11,83,279.0,Connecticut,USA,2012,1,9,40,7.3,7.8,0.9,-15.5,0.134,0.288,0.183,0.535,0.07,2024-25,Regular Season
1641748,Andre Jackson Jr.,SG,1610612749,MIL,23.0,6-6,78,209.0,Connecticut,USA,2023,2,36,67,3.4,2.7,1.2,-1.5,0.066,0.114,0.115,0.554,0.109,2024-25,Regular Season
1629614,Andrew Nembhard,SG,1610612754,IND,25.0,6-4,76,191.0,Gonzaga,Canada,2022,2,31,65,10.0,3.3,5.0,5.3,0.018,0.093,0.163,0.545,0.225,2024-25,Regular Season
203952,Andrew Wiggins,SF,1610612748,MIA,30.0,6-7,79,197.0,Kansas,Canada,2014,1,1,60,18.0,4.5,2.6,-2.3,0.045,0.095,0.238,0.566,0.137,2024-25,Regular Season
1629014,Anfernee Simons,SG,1610612757,POR,26.0,6-3,75,200.0,,USA,2018,1,24,70,19.3,2.7,4.8,-4.6,0.01,0.069,0.241,0.557,0.241,2024-25,Regular Season
1641710,Anthony Black,PG,1610612753,ORL,21.0,6-7,79,200.0,Arkansas,USA,2023,1,6,78,9.4,2.9,3.1,-0.9,0.026,0.1,0.19,0.521,0.201,2024-25,Regular Season
203076,Anthony Davis,PF,1610612742,DAL,32.0,6-10,82,253.0,Kentucky,USA,2012,1,1,51,24.7,11.6,3.5,0.5,0.083,0.254,0.301,0.588,0.182,2024-25,Regular Season
1630162,Anthony Edwards,SG,1610612750,MIN,23.0,6-4,76,225.0,Georgia,USA,2020,1,1,79,27.6,5.7,4.5,4.8,0.021,0.131,0.307,0.595,0.209,2024-25,Regular Season
1630264,Anthony Gill,PF,1610612764,WAS,32.0,6-8,80,230.0,Virginia,USA,Undrafted,Undrafted,Undrafted,51,2.5,1.3,0.3,-7.8,0.042,0.111,0.124,0.586,0.059,2024-25,Regular Season
1641817,Anton Watson,SF,1610612752,NYK,24.0,6-8,80,225.0,Gonzaga,USA,2024,2,54,9,0.9,0.3,0.2,-15.3,0.05,0.118,0.193,0.444,0.125,2024-25,Regular Season
1641810,Antonio Reeves,SG,1610612740,NOP,24.0,6-5,77,205.0,Kentucky,USA,2024,2,47,44,6.9,1.4,0.9,-10.2,0.026,0.07,0.183,0.579,0.089,2024-25,Regular Season
1630574,Ariel Hukporti,C,1610612752,NYK,23.0,6-11,83,246.0,,Germany,2024,2,58,25,1.9,2.0,0.4,-12.4,0.066,0.151,0.113,0.654,0.075,2024-25,Regular Season
1642422,Armel Traore,SF,1610612747,LAL,22.0,6-9,81,245.0,,France,Undrafted,Undrafted,Undrafted,9,1.6,1.7,0.1,-37.3,0.026,0.228,0.153,0.317,0.026,2024-25,Regular Season
1641709,Ausar Thompson,SF,1610612765,DET,22.0,6-6,78,205.0,,USA,2023,1,5,59,10.1,5.1,2.3,4.0,0.081,0.139,0.185,0.568,0.139,2024-25,Regular Season
1630559,Austin Reaves,SG,1610612747,LAL,27.0,6-5,77,197.0,Oklahoma,USA,Undrafted,Undrafted,Undrafted,73,20.2,4.5,5.8,3.8,0.025,0.101,0.23,0.616,0.241,2024-25,Regular Season
1630245,Ayo Dosunmu,SG,1610612741,CHI,25.0,6-5,77,200.0,Illinois,USA,2021,2,38,46,12.3,3.5,4.5,-7.7,0.018,0.09,0.163,0.585,0.21,2024-25,Regular Season
1628389,Bam Adebayo,C,1610612748,MIA,27.0,6-9,81,255.0,Kentucky,USA,2017,1,14,78,18.1,9.6,4.3,0.1,0.069,0.214,0.232,0.561,0.204,2024-25,Regular Season
1631248,Baylor Scheierman,SG,1610612738,BOS,24.0,6-6,78,205.0,Creighton,USA,2024,1,30,31,3.6,2.1,1.1,4.1,0.048,0.117,0.143,0.49,0.12,2024-25,Regular Season
1641767,Ben Sheppard,SG,1610612754,IND,23.0,6-6,78,190.0,Belmont,USA,2023,1,26,63,5.3,2.8,1.3,-2.2,0.035,0.106,0.108,0.555,0.087,2024-25,Regular Season
1627732,Ben Simmons,PG,1610612746,LAC,28.0,6-10,82,240.0,Louisiana State,Australia,2016,1,1,51,5.0,4.7,5.6,-1.8,0.043,0.184,0.133,0.539,0.358,2024-25,Regular Season
1631097,Bennedict Mathurin,SF,1610612754,IND,23.0,6-5,77,210.0,Arizona,Canada,2022,1,6,72,16.1,5.3,1.9,1.6,0.041,0.133,0.222,0.579,0.09,2024-25,Regular Season
1641731,Bilal Coulibaly,SF,1610612764,WAS,20.0,6-8,80,195.0,,France,2023,1,7,59,12.3,5.0,3.4,-13.8,0.043,0.098,0.175,0.515,0.15,2024-25,Regular Season
202687,Bismack Biyombo,C,1610612759,SAS,32.0,6-8,80,255.0,,DRC,2011,1,7,28,5.1,5.6,1.1,-9.2,0.08,0.207,0.124,0.576,0.079,2024-25,Regular Season
1631104,Blake Wesley,SG,1610612759,SAS,22.0,6-3,75,185.0,Notre Dame,USA,2022,1,25,58,3.7,1.1,2.0,0.5,0.025,0.062,0.165,0.51,0.225,2024-25,Regular Season
1626171,Bobby Portis,PF,1610612749,MIL,30.0,6-10,82,250.0,Arkansas,USA,2015,1,22,49,13.9,8.4,2.1,3.4,0.071,0.235,0.234,0.542,0.126,2024-25,Regular Season
1641752,Bobi Klintman,SF,1610612765,DET,22.0,6-9,81,225.0,,Sweden,2024,2,37,8,1.9,0.9,0.9,4.2,0.024,0.182,0.121,0.689,0.212,2024-25,Regular Season
203992,Bogdan Bogdanović,SG,1610612746,LAC,32.0,6-5,77,225.0,,Serbia,2014,1,27,54,10.8,2.9,2.7,2.7,0.017,0.098,0.183,0.559,0.152,2024-25,Regular Season
1629626,Bol Bol,PF,1610612756,PHX,25.0,7-3,87,220.0,Oregon,Sudan,2019,2,44,36,6.8,2.9,0.6,-3.9,0.047,0.168,0.204,0.627,0.071,2024-25,Regular Season
1630538,Bones Hyland,PG,1610612750,MIN,24.0,6-2,74,169.0,Virginia Commonwealth,USA,2021,1,26,24,6.2,1.0,1.3,-6.1,0.02,0.083,0.274,0.576,0.246,2024-25,Regular Season
203078,Bradley Beal,SG,1610612756,PHX,32.0,6-4,76,207.0,Florida,USA,2012,1,3,53,17.0,3.3,3.7,-8.0,0.021,0.083,0.219,0.598,0.177,2024-25,Regular Season
1642382,Branden Carlson,C,1610612760,OKC,26.0,7-0,84,220.0,Utah,USA,Undrafted,Undrafted,Undrafted,32,3.8,1.7,0.4,9.4,0.064,0.131,0.185,0.581,0.077,2024-25,Regular Season
1641764,Brandin Podziemski,SG,1610612744,GSW,22.0,6-4,76,205.0,Santa Clara,USA,2023,1,19,64,11.7,5.1,3.4,6.6,0.034,0.151,0.177,0.557,0.194,2024-25,Regular Season
1630527,Brandon Boston,SG,1610612740,NOP,23.0,6-6,78,188.0,Kentucky,USA,2021,2,51,42,10.7,3.2,2.2,-6.2,0.026,0.107,0.199,0.535,0.14,2024-25,Regular Season
1629634,Brandon Clarke,PF,1610612763,MEM,28.0,6-8,80,215.0,Gonzaga,Canada,2019,1,21,64,8.3,5.1,1.0,8.2,0.102,0.148,0.15,0.638,0.072,2024-25,Regular Season
1627742,Brandon Ingram,SF,1610612761,TOR,27.0,6-8,80,190.0,Duke,USA,2016,1,2,18,22.2,5.6,5.2,-10.7,0.027,0.14,0.305,0.56,0.28,2024-25,Regular Season
1641706,Brandon Miller,SF,1610612766,CHA,22.0,6-7,79,200.0,Alabama,USA,2023,1,2,27,21.0,4.9,3.6,-6.8,0.024,0.117,0.27,0.54,0.182,2024-25,Regular Season
1630314,Brandon Williams,PG,1610612742,DAL,25.0,6-1,73,190.0,Arizona,USA,Undrafted,Undrafted,Undrafted,33,8.3,1.8,2.3,0.7,0.025,0.091,0.218,0.634,0.228,2024-25,Regular Season
1630296,Braxton Key,SF,1610612744,GSW,28.0,6-8,80,225.0,Virginia,USA,Undrafted,Undrafted,Undrafted,3,1.0,0.7,0.0,-30.7,0.077,0.167,0.222,0.226,0.0,2024-25,Regular Season
1641729,Brice Sensabaugh,SF,1610612762,UTA,21.0,6-5,77,235.0,Ohio State,USA,2023,1,28,71,10.9,3.0,1.5,-9.6,0.028,0.11,0.208,0.612,0.117,2024-25,Regular Season
1642355,Bronny James,SG,1610612747,LAL,20.0,6-3,75,210.0,Southern California,USA,2024,2,55,27,2.3,0.7,0.8,-18.6,0.021,0.076,0.199,0.424,0.191,2024-25,Regular Season
201572,Brook Lopez,C,1610612749,MIL,37.0,7-1,85,282.0,Stanford,USA,2008,1,10,80,13.0,5.0,1.8,2.2,0.046,0.107,0.157,0.624,0.078,2024-25,Regular Season
1628971,Bruce Brown,PG,1610612740,NOP,28.0,6-4,76,202.0,Miami,USA,2018,2,42,41,8.3,4.0,2.0,-11.9,0.04,0.134,0.169,0.504,0.133,2024-25,Regular Season
1628981,Bruno Fernando,C,1610612761,TOR,26.0,6-9,81,240.0,Maryland,Angola,2019,2,34,17,3.4,3.0,1.1,-6.1,0.127,0.21,0.182,0.552,0.194,2024-25,Regular Season
1631121,Bryce McGowens,SG,1610612757,POR,22.0,6-6,78,190.0,Nebraska,USA,2022,2,40,13,1.0,0.2,0.2,-7.2,0.056,0.034,0.244,0.391,0.105,2024-25,Regular Season
1642267,Bub Carrington,PG,1610612764,WAS,19.0,6-4,76,190.0,Pittsburgh,USA,2024,1,14,82,9.8,4.2,4.4,-15.2,0.012,0.117,0.154,0.514,0.213,2024-25,Regular Season
1627741,Buddy Hield,SG,1610612744,GSW,32.0,6-4,76,220.0,Oklahoma,Bahamas,2016,1,6,82,11.1,3.2,1.6,2.2,0.025,0.111,0.196,0.56,0.106,2024-25,Regular Season
203468,CJ McCollum,PG,1610612740,NOP,33.0,6-3,75,190.0,Lehigh,USA,2013,1,10,56,21.1,3.8,4.1,-7.1,0.022,0.091,0.266,0.55,0.192,2024-25,Regular Season
1630595,Cade Cunningham,PG,1610612765,DET,23.0,6-6,78,220.0,Oklahoma State,USA,2021,1,1,70,26.1,6.1,9.1,2.8,0.023,0.147,0.323,0.565,0.409,2024-25,Regular Season
1631216,Caleb Houstan,SF,1610612753,ORL,22.0,6-8,80,205.0,Michigan,Canada,2022,2,32,58,4.1,1.3,0.6,-4.1,0.023,0.073,0.115,0.605,0.066,2024-25,Regular Season
1628997,Caleb Martin,SF,1610612742,DAL,29.0,6-5,77,205.0,Nevada,USA,Undrafted,Undrafted,Undrafted,45,7.9,3.9,2.1,-6.3,0.042,0.105,0.143,0.513,0.116,2024-25,Regular Season
1642353,Cam Christie,SG,1610612746,LAC,19.0,6-6,78,190.0,Minnesota,USA,2024,2,46,13,1.4,0.9,0.5,-7.9,0.051,0.141,0.192,0.349,0.167,2024-25,Regular Season
1629629,Cam Reddish,SF,1610612747,LAL,25.0,6-7,79,217.0,Duke,USA,2019,1,10,33,3.2,2.0,0.7,-8.4,0.029,0.081,0.084,0.498,0.049,2024-25,Regular Season
1642285,Cam Spencer,SG,1610612763,MEM,25.0,6-4,76,205.0,Connecticut,USA,2024,2,53,25,4.2,1.2,1.4,6.8,0.043,0.07,0.148,0.587,0.182,2024-25,Regular Season
1630560,Cam Thomas,SG,1610612751,BKN,23.0,6-3,75,210.0,Louisiana State,Japan,2021,1,27,25,24.0,3.3,3.8,-5.7,0.02,0.089,0.328,0.575,0.217,2024-25,Regular Season
1641715,Cam Whitmore,SF,1610612745,HOU,20.0,6-7,79,230.0,Villanova,USA,2023,1,20,51,9.4,3.0,1.0,1.1,0.039,0.139,0.231,0.549,0.09,2024-25,Regular Season
1629661,Cameron Johnson,PF,1610612751,BKN,29.0,6-8,80,210.0,North Carolina,USA,2019,1,11,57,18.8,4.3,3.4,-5.8,0.03,0.113,0.224,0.632,0.179,2024-25,Regular Season
1626166,Cameron Payne,PG,1610612752,NYK,30.0,6-3,75,183.0,Murray State,USA,2015,1,14,72,6.9,1.4,2.8,9.1,0.013,0.081,0.2,0.532,0.251,2024-25,Regular Season
1627747,Caris LeVert,SG,1610612737,ATL,30.0,6-6,78,205.0,Michigan,USA,2016,1,20,64,12.1,3.2,3.4,7.2,0.026,0.096,0.191,0.582,0.178,2024-25,Regular Season
1641717,Cason Wallace,SG,1610612760,OKC,21.0,6-3,75,195.0,Kentucky,USA,2023,1,10,68,8.4,3.4,2.5,10.1,0.036,0.079,0.124,0.562,0.117,2024-25,Regular Season
1629646,Charles Bassey,C,1610612759,SAS,24.0,6-10,82,230.0,Western Kentucky,Nigeria,2021,2,53,36,4.4,4.2,0.5,-15.9,0.133,0.24,0.164,0.597,0.072,2024-25,Regular Season
1631096,Chet Holmgren,C,1610612760,OKC,23.0,7-1,85,208.0,Gonzaga,USA,2022,1,2,32,15.0,8.0,2.0,16.1,0.054,0.208,0.214,0.599,0.091,2024-25,Regular Season
1628449,Chris Boucher,PF,1610612761,TOR,32.0,6-9,81,200.0,Oregon,Saint Lucia,Undrafted,Undrafted,Undrafted,50,10.0,4.5,0.7,-0.2,0.077,0.175,0.208,0.615,0.057,2024-25,Regular Season
1630537,Chris Duarte,SG,1610612741,CHI,28.0,6-5,77,190.0,Oregon,Dominican Republic,2021,1,13,17,2.1,1.2,0.5,2.8,0.06,0.165,0.151,0.61,0.173,2024-25,Regular Season
1641753,Chris Livingston,SF,1610612749,MIL,21.0,6-6,78,220.0,Kentucky,USA,2023,2,58,21,1.4,1.7,0.2,-12.6,0.091,0.198,0.15,0.441,0.078,2024-25,Regular Season
101108,Chris Paul,PG,1610612759,SAS,40.0,6-0,72,175.0,Wake Forest,USA,2005,1,4,82,8.8,3.6,7.4,-0.8,0.014,0.11,0.137,0.58,0.342,2024-25,Regular Season
1631128,Christian Braun,SG,1610612743,DEN,24.0,6-6,78,220.0,Kansas,USA,2022,1,21,79,15.4,5.2,2.6,8.2,0.039,0.109,0.155,0.665,0.096,2024-25,Regular Season
1631132,Christian Koloko,C,1610612747,LAL,25.0,7-0,84,225.0,Arizona,Cameroon,2022,2,33,37,2.4,2.5,0.4,-1.3,0.095,0.165,0.104,0.624,0.068,2024-25,Regular Season
1629643,Chuma Okeke,PF,1610612739,CLE,26.0,6-7,79,229.0,Auburn,USA,2019,1,16,9,5.9,5.2,1.7,-6.3,0.099,0.141,0.093,0.641,0.101,2024-25,Regular Season
203991,Clint Capela,C,1610612737,ATL,31.0,6-10,82,256.0,,Switzerland,2014,1,25,55,8.9,8.5,1.1,-2.7,0.132,0.238,0.16,0.564,0.073,2024-25,Regular Season
1629632,Coby White,SG,1610612741,CHI,25.0,6-5,77,195.0,North Carolina,USA,2019,1,7,74,20.4,3.7,4.5,-2.5,0.01,0.095,0.237,0.601,0.197,2024-25,Regular Season
1628998,Cody Martin,SF,1610612756,PHX,29.0,6-6,78,205.0,Nevada,USA,2019,2,36,53,6.8,4.2,2.0,-3.2,0.041,0.136,0.142,0.509,0.128,2024-25,Regular Season
1642262,Cody Williams,SG,1610612762,UTA,20.0,6-7,79,190.0,Colorado,USA,2024,1,10,50,4.6,2.3,1.2,-15.5,0.024,0.075,0.122,0.419,0.078,2024-25,Regular Season
1641732,Colby Jones,SG,1610612764,WAS,23.0,6-6,78,207.0,Xavier,USA,2023,2,34,39,4.0,2.2,1.1,-10.4,0.038,0.123,0.138,0.544,0.123,2024-25,Regular Season
1630175,Cole Anthony,PG,1610612763,MEM,25.0,6-2,74,185.0,North Carolina,USA,2020,1,15,67,9.4,3.0,2.9,-1.2,0.034,0.131,0.238,0.531,0.253,2024-25,Regular Season
1631306,Cole Swider,SF,1610612754,IND,26.0,6-8,80,220.0,Syracuse,USA,Undrafted,Undrafted,Undrafted,10,5.9,2.7,0.3,13.7,0.026,0.119,0.155,0.465,0.022,2024-25,Regular Season
1630658,Colin Castleton,C,1610612761,TOR,25.0,6-10,82,250.0,Florida,USA,Undrafted,Undrafted,Undrafted,26,4.7,4.7,1.1,-2.1,0.104,0.143,0.125,0.536,0.092,2024-25,Regular Season
1631221,Collin Gillespie,PG,1610612756,PHX,26.0,6-1,73,195.0,Villanova,USA,Undrafted,Undrafted,Undrafted,33,5.9,2.4,2.4,-2.8,0.048,0.124,0.17,0.578,0.235,2024-25,Regular Season
1629012,Collin Sexton,SG,1610612762,UTA,26.0,6-3,75,190.0,Alabama,USA,2018,1,8,63,18.4,2.7,4.2,-7.5,0.033,0.06,0.264,0.593,0.246,2024-25,Regular Season
1630557,Corey Kispert,SF,1610612764,WAS,26.0,6-6,78,224.0,Gonzaga,USA,2021,1,15,61,11.6,3.0,1.7,-8.5,0.021,0.084,0.169,0.584,0.094,2024-25,Regular Season
202709,Cory Joseph,PG,1610612753,ORL,33.0,6-2,74,200.0,Texas,Canada,2011,1,29,50,3.5,1.5,1.4,3.6,0.027,0.095,0.126,0.547,0.166,2024-25,Regular Season
1641854,Craig Porter Jr.,PG,1610612739,CLE,25.0,6-1,73,180.0,Wichita State,USA,Undrafted,Undrafted,Undrafted,51,3.7,1.3,1.4,-5.2,0.037,0.085,0.155,0.61,0.191,2024-25,Regular Season
1642385,Cui Cui,SF,1610612751,BKN,22.0,6-5,77,190.0,,China,Undrafted,Undrafted,Undrafted,5,0.6,0.4,0.0,4.8,0.0,0.2,0.296,0.19,0.0,2024-25,Regular Season
1626156,D'Angelo Russell,PG,1610612751,BKN,29.0,6-3,75,193.0,Ohio State,USA,2015,1,2,58,12.6,2.8,5.1,-1.5,0.013,0.093,0.228,0.522,0.302,2024-25,Regular Season
1630618,D.J. Carton,SG,1610612761,TOR,24.0,6-3,75,200.0,Marquette,USA,Undrafted,Undrafted,Undrafted,4,0.8,1.0,0.8,12.9,0.0,0.098,0.122,0.202,0.1,2024-25,Regular Season
1629610,DaQuan Jeffries,SG,1610612766,CHA,27.0,6-5,77,222.0,Tulsa,USA,Undrafted,Undrafted,Undrafted,47,6.7,2.9,1.1,-11.6,0.033,0.087,0.136,0.518,0.073,2024-25,Regular Season
1631342,Daeqwon Plowden,SG,1610612737,ATL,26.0,6-6,78,216.0,Bowling Green,USA,Undrafted,Undrafted,Undrafted,6,7.2,1.8,0.3,19.8,0.057,0.093,0.181,0.831,0.047,2024-25,Regular Season
1630227,Daishen Nix,PG,1610612750,MIN,23.0,6-4,76,238.0,,USA,Undrafted,Undrafted,Undrafted,3,0.3,1.3,1.0,23.9,0.0,0.444,0.176,0.266,0.231,2024-25,Regular Season
1630625,Dalano Banton,PG,1610612757,POR,25.0,6-8,80,203.0,Nebraska,Canada,2021,2,46,67,8.3,2.0,2.4,-1.5,0.025,0.088,0.237,0.497,0.213,2024-25,Regular Season
1631207,Dalen Terry,SG,1610612741,CHI,22.0,6-7,79,195.0,Arizona,USA,2022,1,18,73,4.5,1.7,1.3,-7.6,0.034,0.08,0.142,0.546,0.136,2024-25,Regular Season
1642261,Dalton Knecht,SF,1610612747,LAL,24.0,6-6,78,215.0,Tennessee,USA,2024,1,17,78,9.1,2.8,0.8,-2.8,0.026,0.116,0.181,0.594,0.067,2024-25,Regular Season
203081,Damian Lillard,PG,1610612749,MIL,34.0,6-2,74,195.0,Weber State,USA,2012,1,6,58,24.9,4.7,7.1,0.7,0.014,0.108,0.269,0.621,0.299,2024-25,Regular Season
1641878,Damion Baugh,SG,1610612766,CHA,24.0,6-4,76,194.0,Texas Christian,USA,Undrafted,Undrafted,Undrafted,15,7.3,3.3,3.7,-22.3,0.033,0.098,0.186,0.399,0.235,2024-25,Regular Season
1627814,Damion Lee,SG,1610612756,PHX,32.0,6-6,78,210.0,Drexel,USA,Undrafted,Undrafted,Undrafted,25,3.3,0.8,0.4,6.0,0.02,0.104,0.269,0.499,0.121,2024-25,Regular Season
1629655,Daniel Gafford,C,1610612742,DAL,26.0,6-10,82,265.0,Arkansas,USA,2019,2,38,57,12.3,6.8,1.4,1.5,0.127,0.168,0.186,0.716,0.097,2024-25,Regular Season
1628464,Daniel Theis,C,1610612740,NOP,33.0,6-8,80,245.0,,Germany,Undrafted,Undrafted,Undrafted,38,4.3,4.3,1.6,-5.9,0.062,0.192,0.111,0.558,0.131,2024-25,Regular Season
1642450,Daniss Jenkins,PG,1610612765,DET,23.0,6-3,75,165.0,St. John's,USA,Undrafted,Undrafted,Undrafted,7,1.0,0.3,0.4,-5.8,0.0,0.182,0.231,0.322,0.2,2024-25,Regular Season
203957,Dante Exum,PG,1610612742,DAL,29.0,6-5,77,214.0,,Australia,2014,1,5,20,8.7,1.7,2.8,-6.0,0.01,0.074,0.193,0.589,0.22,2024-25,Regular Season
203967,Dario Saric,C,1610612743,DEN,31.0,6-10,82,225.0,,Croatia,2014,1,12,16,3.5,3.1,1.4,-11.5,0.059,0.158,0.157,0.449,0.17,2024-25,Regular Season
1641727,Dariq Whitehead,SF,1610612751,BKN,20.0,6-6,78,220.0,Duke,USA,2023,1,22,20,5.7,1.5,0.6,-11.1,0.015,0.105,0.189,0.58,0.078,2024-25,Regular Season
1629636,Darius Garland,PG,1610612739,CLE,25.0,6-1,73,192.0,Vanderbilt,USA,2019,1,5,75,20.6,2.9,6.7,9.9,0.021,0.068,0.265,0.6,0.309,2024-25,Regular Season
1630561,David Duke Jr.,SG,1610612759,SAS,25.0,6-4,76,204.0,Providence,USA,Undrafted,Undrafted,Undrafted,6,2.7,0.8,0.7,36.6,0.032,0.1,0.207,0.538,0.133,2024-25,Regular Season
1631223,David Roddy,PF,1610612745,HOU,24.0,6-4,76,255.0,Colorado State,USA,2022,1,23,33,4.6,2.5,1.1,-8.2,0.03,0.177,0.159,0.561,0.121,2024-25,Regular Season
1630558,Davion Mitchell,PG,1610612748,MIA,26.0,6-0,72,202.0,Baylor,USA,2021,1,9,74,7.9,2.3,4.9,0.3,0.017,0.063,0.135,0.573,0.237,2024-25,Regular Season
1630549,Day'Ron Sharpe,C,1610612751,BKN,23.0,6-9,81,265.0,North Carolina,USA,2021,1,29,50,7.9,6.6,1.8,2.1,0.149,0.202,0.186,0.568,0.158,2024-25,Regular Season
1628368,De'Aaron Fox,PG,1610612759,SAS,27.0,6-3,75,185.0,Kentucky,USA,2017,1,5,62,23.5,4.8,6.3,-1.2,0.023,0.106,0.274,0.56,0.262,2024-25,Regular Season
1629631,De'Andre Hunter,SF,1610612739,CLE,27.0,6-8,80,221.0,Virginia,USA,2019,1,4,64,17.0,4.0,1.4,2.0,0.024,0.117,0.221,0.623,0.077,2024-25,Regular Season
1629001,De'Anthony Melton,SG,1610612751,BKN,27.0,6-3,75,200.0,Southern California,USA,2018,2,46,6,10.3,3.3,2.8,10.9,0.046,0.104,0.223,0.539,0.205,2024-25,Regular Season
201599,DeAndre Jordan,C,1610612743,DEN,36.0,6-11,83,265.0,Texas A&M,USA,2008,2,35,56,3.7,5.1,0.9,-3.3,0.119,0.262,0.126,0.621,0.105,2024-25,Regular Season
201942,DeMar DeRozan,SF,1610612758,SAC,35.0,6-6,78,220.0,Southern California,USA,2009,1,9,77,22.2,3.9,4.4,1.5,0.018,0.09,0.244,0.569,0.182,2024-25,Regular Season
1629731,Dean Wade,PF,1610612739,CLE,28.0,6-9,81,228.0,Kansas State,USA,Undrafted,Undrafted,Undrafted,59,5.4,4.2,1.3,10.7,0.041,0.15,0.101,0.563,0.073,2024-25,Regular Season
1629028,Deandre Ayton,C,1610612757,POR,26.0,7-0,84,252.0,Arizona,Bahamas,2018,1,1,40,14.4,10.2,1.6,-6.9,0.099,0.243,0.197,0.583,0.083,2024-25,Regular Season
1627749,Dejounte Murray,PG,1610612740,NOP,28.0,6-4,76,180.0,Washington,USA,2016,1,29,31,17.5,6.5,7.4,-9.1,0.015,0.183,0.263,0.494,0.347,2024-25,Regular Season
1626153,Delon Wright,PG,1610612752,NYK,33.0,6-5,77,185.0,Utah,USA,2015,1,20,40,3.1,1.7,1.9,-0.2,0.042,0.061,0.111,0.44,0.162,2024-25,Regular Season
1630166,Deni Avdija,SF,1610612757,POR,24.0,6-9,81,240.0,,Israel,2020,1,9,72,16.9,7.3,3.9,-0.9,0.048,0.19,0.228,0.605,0.193,2024-25,Regular Season
203471,Dennis Schröder,PG,1610612765,DET,31.0,6-1,73,175.0,,Germany,2013,1,17,75,13.1,2.6,5.4,-0.9,0.012,0.08,0.211,0.531,0.287,2024-25,Regular Season
1641726,Dereck Lively II,C,1610612742,DAL,21.0,7-1,85,230.0,Duke,USA,2023,1,12,36,8.7,7.5,2.4,7.7,0.122,0.186,0.132,0.704,0.143,2024-25,Regular Season
1627884,Derrick Jones Jr.,SF,1610612746,LAC,28.0,6-6,78,210.0,UNLV,USA,Undrafted,Undrafted,Undrafted,77,10.1,3.4,0.8,6.7,0.051,0.092,0.16,0.609,0.044,2024-25,Regular Season
1628401,Derrick White,SG,1610612738,BOS,30.0,6-4,76,190.0,Colorado,USA,2017,1,29,76,16.4,4.5,4.8,10.2,0.025,0.101,0.195,0.606,0.199,2024-25,Regular Season
1630217,Desmond Bane,SG,1610612753,ORL,27.0,6-5,77,215.0,TCU,USA,2020,1,30,69,19.2,6.1,5.3,2.8,0.026,0.15,0.227,0.6,0.235,2024-25,Regular Season
1626164,Devin Booker,SG,1610612756,PHX,28.0,6-6,78,206.0,Kentucky,USA,2015,1,13,75,25.6,4.1,7.1,-3.2,0.028,0.08,0.285,0.589,0.301,2024-25,Regular Season
1642269,Devin Carter,PG,1610612758,SAC,23.0,6-2,74,195.0,Providence,USA,2024,1,13,36,3.8,2.1,1.1,3.9,0.044,0.147,0.169,0.471,0.139,2024-25,Regular Season
1630170,Devin Vassell,SG,1610612759,SAS,24.0,6-5,77,200.0,Florida State,USA,2020,1,11,64,16.3,4.0,2.9,-6.2,0.016,0.107,0.217,0.553,0.139,2024-25,Regular Season
1628415,Dillon Brooks,SF,1610612745,HOU,29.0,6-6,78,225.0,Oregon,Canada,2017,2,45,75,14.0,3.7,1.7,4.7,0.028,0.081,0.176,0.555,0.076,2024-25,Regular Season
1641794,Dillon Jones,SF,1610612760,OKC,23.0,6-5,77,235.0,Weber State,USA,2024,1,26,54,2.5,2.2,1.1,6.0,0.05,0.153,0.131,0.464,0.143,2024-25,Regular Season
1627734,Domantas Sabonis,C,1610612758,SAC,29.0,6-10,82,240.0,Gonzaga,Lithuania,2016,1,11,70,19.1,13.9,6.0,2.6,0.11,0.286,0.213,0.655,0.251,2024-25,Regular Season
1631230,Dominick Barlow,SF,1610612737,ATL,22.0,6-8,80,215.0,,USA,Undrafted,Undrafted,Undrafted,35,4.2,2.4,0.5,-1.6,0.091,0.139,0.141,0.58,0.07,2024-25,Regular Season
1642270,Donovan Clingan,C,1610612757,POR,21.0,7-2,86,280.0,Connecticut,USA,2024,1,7,67,6.5,7.9,1.1,0.2,0.144,0.218,0.135,0.574,0.081,2024-25,Regular Season
1628378,Donovan Mitchell,SG,1610612739,CLE,28.0,6-3,75,215.0,Louisville,USA,2017,1,13,71,24.0,4.5,5.0,10.5,0.025,0.112,0.298,0.575,0.238,2024-25,Regular Season
1628978,Donte DiVincenzo,SG,1610612750,MIN,28.0,6-4,76,203.0,Villanova,USA,2018,1,17,62,11.7,3.7,3.6,5.1,0.02,0.115,0.188,0.582,0.203,2024-25,Regular Season
1627827,Dorian Finney-Smith,PF,1610612747,LAL,32.0,6-7,79,220.0,Florida,USA,Undrafted,Undrafted,Undrafted,63,8.7,3.9,1.4,8.8,0.047,0.089,0.123,0.604,0.066,2024-25,Regular Season
203926,Doug McDermott,SF,1610612758,SAC,33.0,6-6,78,225.0,Creighton,USA,2014,1,11,42,3.5,0.5,0.2,1.6,0.009,0.054,0.15,0.617,0.028,2024-25,Regular Season
203110,Draymond Green,PF,1610612744,GSW,35.0,6-6,78,230.0,Michigan State,USA,2012,2,35,68,9.0,6.1,5.6,6.6,0.036,0.168,0.157,0.534,0.255,2024-25,Regular Season
1629234,Drew Eubanks,C,1610612746,LAC,28.0,6-10,82,245.0,Oregon State,USA,Undrafted,Undrafted,Undrafted,61,4.6,3.7,0.9,-8.1,0.078,0.211,0.149,0.622,0.11,2024-25,Regular Season
1641809,Drew Peterson,PF,1610612738,BOS,25.0,6-9,81,205.0,Southern California,USA,Undrafted,Undrafted,Undrafted,25,2.2,1.6,0.5,12.8,0.051,0.161,0.121,0.601,0.095,2024-25,Regular Season
1631166,Drew Timme,PF,1610612751,BKN,24.0,6-10,82,235.0,Gonzaga,USA,Undrafted,Undrafted,Undrafted,9,12.1,7.2,2.2,-12.6,0.06,0.194,0.205,0.5,0.137,2024-25,Regular Season
1630696,Dru Smith,SG,1610612748,MIA,27.0,6-2,74,203.0,Missouri,USA,Undrafted,Undrafted,Undrafted,14,6.2,2.6,1.6,6.8,0.042,0.086,0.131,0.656,0.128,2024-25,Regular Season
1629130,Duncan Robinson,SF,1610612748,MIA,31.0,6-7,79,215.0,Michigan,USA,Undrafted,Undrafted,Undrafted,74,11.0,2.3,2.4,0.2,0.01,0.084,0.187,0.595,0.148,2024-25,Regular Season
1641871,Duop Reath,C,1610612757,POR,29.0,6-9,81,245.0,Louisiana State,South Sudan,Undrafted,Undrafted,Undrafted,46,4.2,2.0,0.6,-6.5,0.082,0.111,0.162,0.552,0.083,2024-25,Regular Season
203939,Dwight Powell,C,1610612742,DAL,33.0,6-10,82,240.0,Stanford,Canada,2014,2,45,55,2.1,2.1,1.0,-1.1,0.084,0.131,0.073,0.713,0.13,2024-25,Regular Season
1630700,Dyson Daniels,SG,1610612737,ATL,22.0,6-7,79,199.0,,Australia,2022,1,8,76,14.1,5.9,4.4,-0.9,0.046,0.127,0.178,0.545,0.174,2024-25,Regular Season
1630604,E.J. Liddell,PF,1610612741,CHI,24.0,6-6,78,240.0,Ohio State,USA,2022,2,41,12,1.8,0.8,0.3,-8.6,0.065,0.102,0.13,0.661,0.064,2024-25,Regular Season
203901,Elfrid Payton,PG,1610612740,NOP,31.0,6-3,75,195.0,Louisana-Lafayette,USA,2014,1,10,24,3.5,3.3,6.9,-13.4,0.027,0.114,0.151,0.34,0.443,2024-25,Regular Season
1641989,Elijah Harkless,SG,1610612762,UTA,25.0,6-3,75,195.0,UNLV,USA,Undrafted,Undrafted,Undrafted,10,3.2,2.1,0.8,9.7,0.058,0.092,0.12,0.425,0.073,2024-25,Regular Season
1641801,Emanuel Miller,PF,1610612741,CHI,25.0,6-7,79,215.0,TCU,Canada,Undrafted,Undrafted,Undrafted,6,1.7,1.3,0.3,-10.0,0.167,0.138,0.143,0.563,0.105,2024-25,Regular Season
1641734,Emoni Bates,SF,1610612739,CLE,21.0,6-8,80,202.0,Eastern Michigan,USA,2023,2,49,10,3.7,0.7,0.8,-21.5,0.0,0.075,0.201,0.487,0.2,2024-25,Regular Season
1642402,Enrique Freeman,PF,1610612754,IND,24.0,6-7,79,220.0,Akron,USA,2024,2,50,22,2.1,1.4,0.4,-6.3,0.054,0.106,0.109,0.507,0.062,2024-25,Regular Season
201569,Eric Gordon,SG,1610612755,PHI,36.0,6-3,75,215.0,Indiana,USA,2008,1,7,39,6.8,1.2,1.7,-5.4,0.011,0.052,0.14,0.591,0.118,2024-25,Regular Season
1630596,Evan Mobley,PF,1610612739,CLE,24.0,6-11,83,215.0,Southern California,USA,2021,1,3,71,18.5,9.3,3.2,11.9,0.076,0.213,0.226,0.633,0.149,2024-25,Regular Season
1630532,Franz Wagner,SF,1610612753,ORL,23.0,6-10,82,220.0,Michigan,Germany,2021,1,8,60,24.2,5.7,4.7,6.0,0.027,0.146,0.306,0.558,0.247,2024-25,Regular Season
1627832,Fred VanVleet,PG,1610612745,HOU,31.0,6-0,72,197.0,Wichita State,USA,Undrafted,Undrafted,Undrafted,60,14.1,3.7,5.6,6.2,0.014,0.089,0.176,0.515,0.217,2024-25,Regular Season
1641713,GG Jackson,PF,1610612763,MEM,20.0,6-9,81,210.0,South Carolina,USA,2023,2,45,29,7.2,3.2,1.0,-5.9,0.055,0.13,0.219,0.482,0.085,2024-25,Regular Season
1629216,Gabe Vincent,PG,1610612747,LAL,29.0,6-2,74,200.0,California-Santa Barbara,USA,Undrafted,Undrafted,Undrafted,72,6.4,1.3,1.4,1.1,0.013,0.045,0.131,0.536,0.09,2024-25,Regular Season
202066,Garrett Temple,SG,1610612761,TOR,39.0,6-5,77,195.0,Louisiana State,USA,Undrafted,Undrafted,Undrafted,28,1.9,1.0,1.1,-4.5,0.036,0.09,0.129,0.406,0.171,2024-25,Regular Season
1629726,Garrison Mathews,SG,1610612737,ATL,28.0,6-6,78,215.0,Lipscomb,USA,Undrafted,Undrafted,Undrafted,47,7.5,1.9,1.3,-3.5,0.015,0.085,0.153,0.606,0.102,2024-25,Regular Season
203914,Gary Harris,SG,1610612753,ORL,30.0,6-4,76,210.0,Michigan State,USA,2014,1,19,48,3.0,1.3,0.6,7.2,0.026,0.063,0.09,0.524,0.058,2024-25,Regular Season
1627780,Gary Payton II,SG,1610612744,GSW,32.0,6-2,74,195.0,Oregon State,USA,Undrafted,Undrafted,Undrafted,62,6.5,3.0,1.3,3.4,0.056,0.134,0.156,0.635,0.132,2024-25,Regular Season
1629018,Gary Trent Jr.,SG,1610612749,MIL,26.0,6-5,77,204.0,Duke,USA,2018,2,37,74,11.1,2.3,1.2,1.9,0.011,0.074,0.168,0.591,0.064,2024-25,Regular Season
1627777,Georges Niang,PF,1610612737,ATL,32.0,6-7,79,230.0,Iowa State,USA,2016,2,50,79,9.9,3.4,1.4,4.7,0.027,0.126,0.177,0.607,0.087,2024-25,Regular Season
203507,Giannis Antetokounmpo,PF,1610612749,MIL,30.0,6-11,83,243.0,,Greece,2013,1,15,67,30.4,11.9,6.5,7.2,0.067,0.266,0.346,0.625,0.339,2024-25,Regular Season
1629048,Goga Bitadze,C,1610612753,ORL,25.0,6-10,82,250.0,,Georgia,2019,1,18,70,7.2,6.6,2.0,2.7,0.116,0.227,0.142,0.631,0.142,2024-25,Regular Season
1641711,Gradey Dick,SG,1610612761,TOR,21.0,6-6,78,200.0,Kansas,USA,2023,1,13,54,14.4,3.6,1.8,-5.8,0.027,0.092,0.209,0.543,0.087,2024-25,Regular Season
1629684,Grant Williams,PF,1610612766,CHA,26.0,6-6,78,236.0,Tennessee,USA,2019,1,22,16,10.4,5.1,2.3,1.6,0.035,0.134,0.146,0.596,0.107,2024-25,Regular Season
1628960,Grayson Allen,SG,1610612756,PHX,29.0,6-4,76,198.0,Duke,USA,2018,1,21,64,10.6,3.0,2.1,-3.3,0.023,0.103,0.169,0.631,0.125,2024-25,Regular Season
1627824,Guerschon Yabusele,C,1610612755,PHI,29.0,6-8,80,265.0,,France,2016,1,16,70,11.0,5.6,2.1,-3.2,0.07,0.149,0.163,0.616,0.114,2024-25,Regular Season
1630611,Gui Santos,PF,1610612744,GSW,23.0,6-6,78,185.0,,Brazil,2022,2,55,56,4.1,3.1,1.4,10.6,0.085,0.127,0.126,0.575,0.138,2024-25,Regular Season
203084,Harrison Barnes,PF,1610612759,SAS,33.0,6-8,80,225.0,North Carolina,USA,2012,1,7,82,12.3,3.8,1.7,-1.2,0.042,0.091,0.157,0.656,0.085,2024-25,Regular Season
1631127,Harrison Ingram,SF,1610612759,SAS,22.0,6-5,77,230.0,North Carolina,USA,2024,2,48,5,0.8,1.8,0.6,40.0,0.067,0.175,0.06,0.5,0.086,2024-25,Regular Season
1629312,Haywood Highsmith,SF,1610612748,MIA,28.0,6-5,77,220.0,Wheeling Jesuit,USA,2018,,,74,6.5,3.4,1.5,1.4,0.04,0.098,0.111,0.583,0.084,2024-25,Regular Season
1630529,Herbert Jones,SF,1610612740,NOP,26.0,6-7,79,206.0,Alabama,USA,2021,2,35,20,10.3,3.9,3.3,-0.7,0.033,0.085,0.146,0.541,0.134,2024-25,Regular Season
1641816,Hunter Tyson,PF,1610612743,DEN,25.0,6-8,80,215.0,Clemson,USA,2023,2,37,51,2.6,1.5,0.4,-10.2,0.055,0.124,0.146,0.506,0.074,2024-25,Regular Season
1630193,Immanuel Quickley,PG,1610612761,TOR,26.0,6-2,74,190.0,Kentucky,USA,2020,1,25,33,17.1,3.5,5.8,-1.6,0.016,0.107,0.246,0.57,0.32,2024-25,Regular Season
1642403,Isaac Jones,PF,1610612758,SAC,24.0,6-9,81,245.0,Washington State,USA,Undrafted,Undrafted,Undrafted,40,3.4,1.4,0.3,-10.5,0.071,0.12,0.152,0.678,0.057,2024-25,Regular Season
1630171,Isaac Okoro,SG,1610612739,CLE,24.0,6-5,77,225.0,Auburn,USA,2020,1,5,55,6.1,2.4,1.2,12.5,0.047,0.072,0.124,0.587,0.078,2024-25,Regular Season
1642268,Isaiah Collier,PG,1610612762,UTA,20.0,6-3,75,210.0,Southern California,USA,2024,1,29,71,8.7,3.3,6.3,-10.4,0.017,0.104,0.186,0.494,0.342,2024-25,Regular Season
1642384,Isaiah Crawford,SF,1610612758,SAC,23.0,6-6,78,220.0,Louisiana Tech,USA,Undrafted,Undrafted,Undrafted,15,0.9,0.5,0.1,19.3,0.023,0.149,0.122,0.509,0.029,2024-25,Regular Season
1628392,Isaiah Hartenstein,C,1610612760,OKC,27.0,7-0,84,250.0,,Germany,2017,2,43,57,11.2,10.7,3.8,13.0,0.103,0.262,0.165,0.599,0.178,2024-25,Regular Season
1630543,Isaiah Jackson,C,1610612754,IND,23.0,6-9,81,205.0,Kentucky,USA,2021,1,22,5,7.0,5.6,1.0,5.4,0.126,0.168,0.164,0.6,0.079,2024-25,Regular Season
1630198,Isaiah Joe,SG,1610612760,OKC,25.0,6-3,75,165.0,Arkansas,USA,2020,2,49,74,10.2,2.6,1.6,15.8,0.025,0.089,0.166,0.617,0.096,2024-25,Regular Season
1630600,Isaiah Mobley,PF,1610612755,PHI,25.0,6-8,80,238.0,USC,USA,2022,2,49,1,6.0,4.0,5.0,-17.3,0.04,0.158,0.17,0.381,0.556,2024-25,Regular Season
1641815,Isaiah Stevens,PG,1610612748,MIA,24.0,6-0,72,185.0,Colorado State,USA,Undrafted,Undrafted,Undrafted,3,0.0,0.7,0.0,30.8,0.0,0.222,0.143,0.0,0.0,2024-25,Regular Season
1630191,Isaiah Stewart,C,1610612765,DET,24.0,6-8,80,250.0,Washington,USA,2020,1,16,72,6.0,5.5,1.7,0.5,0.086,0.17,0.121,0.616,0.12,2024-25,Regular Season
1631209,Isaiah Wong,SG,1610612766,CHA,24.0,6-3,75,185.0,Miami,USA,2023,2,55,20,6.0,1.6,1.4,-2.6,0.051,0.071,0.22,0.5,0.187,2024-25,Regular Season
1627826,Ivica Zubac,C,1610612746,LAC,28.0,7-0,84,240.0,,Croatia,2016,2,32,80,16.8,12.6,2.7,9.4,0.122,0.271,0.192,0.641,0.121,2024-25,Regular Season
1631120,JD Davison,PG,1610612738,BOS,22.0,6-1,73,195.0,Alabama,USA,2022,2,53,16,2.1,0.8,0.8,-13.7,0.02,0.118,0.228,0.445,0.277,2024-25,Regular Season
1630550,JT Thor,PF,1610612764,WAS,22.0,6-9,81,203.0,Auburn,USA,2021,2,37,20,3.6,2.4,0.3,-20.0,0.07,0.101,0.132,0.517,0.04,2024-25,Regular Season
1629630,Ja Morant,PG,1610612763,MEM,25.0,6-2,74,174.0,Murray State,USA,2019,1,2,50,23.2,4.1,7.3,6.8,0.021,0.101,0.312,0.563,0.355,2024-25,Regular Season
1642266,Ja'Kobe Walter,SG,1610612761,TOR,20.0,6-5,77,180.0,Baylor,USA,2024,1,19,52,8.6,3.1,1.6,-2.4,0.049,0.092,0.179,0.523,0.105,2024-25,Regular Season
1631095,Jabari Smith Jr.,PF,1610612745,HOU,22.0,6-10,82,220.0,Auburn,USA,2022,1,3,57,12.2,7.0,1.1,7.3,0.055,0.162,0.16,0.562,0.048,2024-25,Regular Season
1631133,Jabari Walker,SF,1610612757,POR,22.0,6-7,79,237.0,Colorado,USA,2022,2,57,60,5.2,3.5,0.6,0.5,0.072,0.198,0.156,0.601,0.071,2024-25,Regular Season
1629098,Jack McVeigh,PF,1610612745,HOU,29.0,6-8,80,215.0,Nebraska-Lincoln,Australia,Undrafted,Undrafted,Undrafted,9,1.6,0.6,0.1,-9.2,0.039,0.056,0.176,0.412,0.038,2024-25,Regular Season
1642050,Jackson Rowe,PF,1610612744,GSW,28.0,6-7,79,210.0,Cal State-Fullerton,Canada,Undrafted,Undrafted,Undrafted,6,3.7,1.8,0.7,12.9,0.046,0.167,0.142,0.56,0.1,2024-25,Regular Season
1631210,Jacob Toppin,SF,1610612737,ATL,25.0,6-8,80,200.0,Kentucky,USA,Undrafted,Undrafted,Undrafted,17,1.4,0.9,0.4,-14.5,0.041,0.148,0.14,0.523,0.133,2024-25,Regular Season
1630702,Jaden Hardy,SG,1610612742,DAL,22.0,6-3,75,198.0,,USA,2022,2,37,57,8.7,1.6,1.4,-3.2,0.01,0.085,0.244,0.549,0.138,2024-25,Regular Season
1631093,Jaden Ivey,SG,1610612765,DET,23.0,6-4,76,195.0,Purdue,USA,2022,1,5,30,17.6,4.1,4.0,-4.1,0.043,0.091,0.256,0.569,0.207,2024-25,Regular Season
1630183,Jaden McDaniels,PF,1610612750,MIN,24.0,6-9,81,185.0,Washington,USA,2020,1,28,82,12.2,5.7,2.0,4.0,0.048,0.126,0.16,0.562,0.091,2024-25,Regular Season
1630531,Jaden Springer,SG,1610612762,UTA,22.0,6-4,76,202.0,Tennessee,USA,2021,1,28,43,2.5,1.3,0.8,-3.3,0.044,0.107,0.139,0.511,0.13,2024-25,Regular Season
203109,Jae Crowder,PF,1610612758,SAC,34.0,6-6,78,235.0,Marquette,USA,2012,2,34,9,2.6,2.2,0.7,-7.4,0.055,0.133,0.113,0.467,0.077,2024-25,Regular Season
1630256,Jae'Sean Tate,SF,1610612745,HOU,29.0,6-4,76,230.0,Ohio State,USA,Undrafted,Undrafted,Undrafted,52,3.6,2.3,0.9,6.3,0.072,0.108,0.126,0.557,0.107,2024-25,Regular Season
1626143,Jahlil Okafor,C,1610612754,IND,29.0,6-10,82,270.0,Duke,USA,2015,1,3,1,0.0,1.0,1.0,62.5,0.0,0.25,0.0,0.0,0.25,2024-25,Regular Season
1642443,Jahmir Young,PG,1610612741,CHI,24.0,6-1,73,185.0,Maryland,USA,Undrafted,Undrafted,Undrafted,6,1.8,0.5,1.0,-13.5,0.042,0.059,0.092,0.935,0.231,2024-25,Regular Season
1631170,Jaime Jaquez Jr.,SF,1610612748,MIA,24.0,6-6,78,225.0,UCLA,USA,2023,1,18,66,8.6,4.4,2.5,-6.0,0.06,0.145,0.194,0.543,0.181,2024-25,Regular Season
1631222,Jake LaRavia,PF,1610612758,SAC,23.0,6-7,79,235.0,Wake Forest,USA,2022,1,19,66,6.9,3.9,2.4,3.8,0.063,0.12,0.14,0.591,0.15,2024-25,Regular Season
1627751,Jakob Poeltl,C,1610612761,TOR,29.0,7-0,84,260.0,Utah,Austria,2016,1,9,57,14.5,9.6,2.8,-0.7,0.11,0.206,0.184,0.641,0.136,2024-25,Regular Season
1641779,Jalen Bridges,SF,1610612756,PHX,24.0,6-8,80,225.0,Baylor,USA,Undrafted,Undrafted,Undrafted,8,1.1,0.5,0.0,9.7,0.0,0.121,0.197,0.514,0.0,2024-25,Regular Season
1628973,Jalen Brunson,PG,1610612752,NYK,28.0,6-2,74,190.0,Villanova,USA,2018,2,33,65,26.0,2.9,7.3,2.6,0.012,0.072,0.289,0.605,0.318,2024-25,Regular Season
1631105,Jalen Duren,C,1610612765,DET,21.0,6-10,82,250.0,Memphis,USA,2022,1,13,78,11.8,10.3,2.7,1.5,0.137,0.259,0.161,0.703,0.141,2024-25,Regular Season
1630224,Jalen Green,SG,1610612745,HOU,23.0,6-4,76,186.0,,USA,2021,1,2,82,21.0,4.6,3.4,2.8,0.015,0.12,0.267,0.544,0.159,2024-25,Regular Season
1641720,Jalen Hood-Schifino,SG,1610612755,PHI,22.0,6-5,77,210.0,Indiana,USA,2023,1,17,15,7.1,1.8,2.5,-16.4,0.009,0.077,0.164,0.494,0.165,2024-25,Regular Season
1630552,Jalen Johnson,SF,1610612737,ATL,23.0,6-8,80,219.0,Duke,USA,2021,1,20,36,18.9,10.0,5.0,1.6,0.046,0.216,0.214,0.569,0.203,2024-25,Regular Season
1629667,Jalen McDaniels,SF,1610612758,SAC,27.0,6-9,81,190.0,San Diego State,USA,2019,2,52,4,0.0,0.0,0.3,3.5,0.0,0.0,0.0,0.0,0.25,2024-25,Regular Season
1629618,Jalen Pickett,SG,1610612743,DEN,25.0,6-2,74,202.0,Penn State,USA,2023,2,32,49,4.1,1.4,2.2,2.9,0.022,0.078,0.13,0.545,0.211,2024-25,Regular Season
1630188,Jalen Smith,C,1610612741,CHI,25.0,6-9,81,215.0,Maryland,USA,2020,1,10,64,8.2,5.6,1.0,-1.2,0.085,0.241,0.201,0.586,0.101,2024-25,Regular Season
1630591,Jalen Suggs,PG,1610612753,ORL,24.0,6-5,77,205.0,Gonzaga,USA,2021,1,5,35,16.2,4.0,3.7,1.0,0.023,0.126,0.268,0.536,0.216,2024-25,Regular Season
1631114,Jalen Williams,SG,1610612760,OKC,24.0,6-5,77,211.0,Santa Clara,USA,2022,1,12,69,21.6,5.3,5.1,10.2,0.026,0.131,0.27,0.573,0.233,2024-25,Regular Season
1630592,Jalen Wilson,PF,1610612751,BKN,24.0,6-6,78,220.0,Kansas,USA,2023,2,51,79,9.5,3.4,1.8,-6.7,0.035,0.102,0.161,0.541,0.11,2024-25,Regular Season
1631288,Jamal Cain,SF,1610612740,NOP,26.0,6-6,78,191.0,Oakland,USA,Undrafted,Undrafted,Undrafted,37,5.3,2.3,0.6,-12.9,0.05,0.117,0.167,0.544,0.065,2024-25,Regular Season
1627750,Jamal Murray,PG,1610612743,DEN,28.0,6-4,76,215.0,Kentucky,Canada,2016,1,7,67,21.4,3.9,6.0,6.5,0.019,0.084,0.235,0.584,0.223,2024-25,Regular Season
1642347,Jamal Shead,PG,1610612761,TOR,22.0,6-1,73,200.0,Houston,USA,2024,2,45,75,7.1,1.5,4.2,-7.8,0.019,0.057,0.179,0.499,0.307,2024-25,Regular Season
1631123,Jamaree Bouyea,PG,1610612749,MIL,26.0,6-2,74,180.0,San Francisco,USA,Undrafted,Undrafted,Undrafted,5,3.4,1.0,2.0,0.6,0.019,0.058,0.163,0.581,0.213,2024-25,Regular Season
201935,James Harden,PG,1610612746,LAC,35.0,6-5,77,220.0,Arizona State,USA,2009,1,3,79,22.8,5.8,8.7,6.2,0.02,0.143,0.286,0.582,0.365,2024-25,Regular Season
201949,James Johnson,PF,1610612754,IND,38.0,6-7,79,240.0,Wake Forest,USA,2009,1,16,12,0.7,0.5,0.3,-13.1,0.0,0.176,0.165,0.35,0.16,2024-25,Regular Season
1630164,James Wiseman,C,1610612754,IND,24.0,6-11,83,240.0,Memphis,USA,2020,1,2,1,6.0,1.0,0.0,-23.5,0.0,0.25,0.455,0.615,0.0,2024-25,Regular Season
1642419,Jamison Battle,SF,1610612761,TOR,24.0,6-7,79,220.0,Ohio State,USA,Undrafted,Undrafted,Undrafted,59,7.1,2.7,0.9,-8.4,0.032,0.117,0.147,0.59,0.073,2024-25,Regular Season
1641716,Jarace Walker,PF,1610612754,IND,21.0,6-7,79,235.0,Houston,USA,2023,1,8,75,6.1,3.1,1.5,-5.0,0.021,0.178,0.165,0.59,0.129,2024-25,Regular Season
1630215,Jared Butler,SG,1610612755,PHI,24.0,6-3,75,193.0,Baylor,USA,2021,2,40,60,9.0,1.8,3.7,-6.0,0.022,0.076,0.222,0.549,0.317,2024-25,Regular Season
1642272,Jared McCain,SG,1610612755,PHI,21.0,6-3,75,195.0,Duke,USA,2024,1,16,23,15.3,2.4,2.6,-2.1,0.022,0.076,0.243,0.589,0.171,2024-25,Regular Season
1631197,Jared Rhoden,SG,1610612761,TOR,25.0,6-5,77,210.0,Seton Hall,USA,Undrafted,Undrafted,Undrafted,14,8.4,3.0,1.1,14.7,0.052,0.113,0.183,0.602,0.098,2024-25,Regular Season
1628991,Jaren Jackson Jr.,C,1610612763,MEM,25.0,6-10,82,242.0,Michigan State,USA,2018,1,4,74,22.2,5.6,2.0,6.4,0.038,0.134,0.274,0.591,0.102,2024-25,Regular Season
1629020,Jarred Vanderbilt,PF,1610612747,LAL,26.0,6-8,80,214.0,Kentucky,USA,2018,2,41,36,4.1,5.1,1.1,3.3,0.114,0.194,0.116,0.537,0.094,2024-25,Regular Season
1628386,Jarrett Allen,C,1610612739,CLE,27.0,6-9,81,243.0,Texas,USA,2017,1,22,82,13.5,9.7,1.9,10.5,0.095,0.238,0.156,0.724,0.091,2024-25,Regular Season
1629750,Javonte Green,SG,1610612739,CLE,31.0,6-5,77,205.0,Radford,USA,Undrafted,Undrafted,Undrafted,68,5.1,3.2,0.8,-7.8,0.042,0.122,0.113,0.541,0.059,2024-25,Regular Season
1629637,Jaxson Hayes,C,1610612747,LAL,25.0,7-0,84,220.0,Texas,USA,2019,1,8,56,6.8,4.8,1.0,2.5,0.074,0.163,0.12,0.72,0.076,2024-25,Regular Season
1630643,Jay Huff,C,1610612763,MEM,27.0,7-1,85,240.0,Virginia,USA,Undrafted,Undrafted,Undrafted,64,6.9,2.0,0.6,0.8,0.039,0.12,0.194,0.666,0.077,2024-25,Regular Season
1627759,Jaylen Brown,SF,1610612738,BOS,28.0,6-6,78,223.0,California,USA,2016,1,3,63,22.2,5.8,4.5,9.5,0.037,0.126,0.282,0.555,0.204,2024-25,Regular Season
1641740,Jaylen Clark,SG,1610612750,MIN,23.0,6-4,76,205.0,UCLA,USA,2023,2,53,40,4.1,1.3,0.7,5.6,0.047,0.053,0.115,0.598,0.067,2024-25,Regular Season
1641798,Jaylen Martin,SF,1610612764,WAS,21.0,6-6,78,216.0,,USA,Undrafted,Undrafted,Undrafted,16,4.9,2.8,1.1,-27.1,0.04,0.141,0.155,0.497,0.12,2024-25,Regular Season
1629669,Jaylen Nowell,SG,1610612764,WAS,25.0,6-4,76,201.0,Washington,USA,2019,2,43,8,8.4,2.5,2.3,-13.1,0.032,0.086,0.215,0.43,0.176,2024-25,Regular Season
1631301,Jaylen Sims,SG,1610612766,CHA,26.0,6-6,78,210.0,North Carolina-Wilmington,USA,Undrafted,Undrafted,Undrafted,6,7.0,1.0,2.0,-20.0,0.025,0.025,0.159,0.607,0.176,2024-25,Regular Season
1642377,Jaylen Wells,SG,1610612763,MEM,21.0,6-8,80,,Washington State,USA,2024,2,39,79,10.4,3.4,1.7,4.7,0.04,0.083,0.156,0.56,0.082,2024-25,Regular Season
1631119,Jaylin Williams,PF,1610612760,OKC,23.0,6-9,81,240.0,Arkansas,USA,2022,2,34,47,5.9,5.6,2.6,17.9,0.059,0.251,0.141,0.594,0.19,2024-25,Regular Season
1642281,Jaylon Tyson,SG,1610612739,CLE,22.0,6-6,78,215.0,California,USA,2024,1,20,47,3.6,2.0,0.9,-0.4,0.076,0.117,0.164,0.523,0.135,2024-25,Regular Season
1628369,Jayson Tatum,PF,1610612738,BOS,27.0,6-8,80,210.0,Duke,USA,2017,1,3,72,26.8,8.7,6.0,9.8,0.017,0.206,0.301,0.582,0.266,2024-25,Regular Season
1641789,Jazian Gortman,PG,1610612742,DAL,22.0,6-2,74,184.0,,USA,Undrafted,Undrafted,Undrafted,16,1.5,0.3,0.4,4.6,0.016,0.065,0.195,0.485,0.154,2024-25,Regular Season
1630288,Jeff Dowtin Jr.,PG,1610612755,PHI,28.0,6-3,75,177.0,Rhode Island,USA,Undrafted,Undrafted,Undrafted,41,7.0,1.5,1.9,-9.2,0.018,0.079,0.176,0.57,0.196,2024-25,Regular Season
201145,Jeff Green,PF,1610612745,HOU,38.0,6-8,80,235.0,Georgetown,USA,2007,1,5,32,5.4,1.8,0.6,-3.9,0.024,0.108,0.144,0.649,0.068,2024-25,Regular Season
203924,Jerami Grant,PF,1610612757,POR,31.0,6-7,79,210.0,Syracuse,USA,2014,2,39,47,14.4,3.5,2.1,-6.1,0.015,0.088,0.192,0.523,0.099,2024-25,Regular Season
1630526,Jeremiah Robinson-Earl,PF,1610612740,NOP,24.0,6-8,80,240.0,Villanova,USA,2021,2,32,66,6.3,4.8,1.3,-11.8,0.082,0.166,0.14,0.563,0.101,2024-25,Regular Season
1631110,Jeremy Sochan,PF,1610612759,SAS,22.0,6-8,80,230.0,Baylor,Poland,2022,1,9,54,11.4,6.5,2.4,-2.7,0.088,0.154,0.184,0.589,0.138,2024-25,Regular Season
1630579,Jericho Sims,C,1610612749,MIL,26.0,6-10,82,250.0,Texas,USA,2021,2,58,53,1.8,3.7,0.6,2.4,0.114,0.196,0.074,0.639,0.068,2024-25,Regular Season
1642399,Jesse Edwards,C,1610612750,MIN,25.0,7-0,84,236.0,West Virginia,Netherlands,Undrafted,Undrafted,Undrafted,2,0.0,0.0,0.5,-77.3,0.0,0.0,0.0,0.0,0.25,2024-25,Regular Season
1641724,Jett Howard,SF,1610612753,ORL,21.0,6-6,78,215.0,Michigan,USA,2023,1,11,60,4.5,1.2,0.7,-5.7,0.026,0.074,0.181,0.491,0.102,2024-25,Regular Season
1628975,Jevon Carter,PG,1610612741,CHI,29.0,6-1,73,200.0,West Virginia,USA,2018,2,32,36,4.3,1.1,1.1,3.3,0.012,0.094,0.2,0.509,0.166,2024-25,Regular Season
202710,Jimmy Butler III,SF,1610612744,GSW,35.0,6-7,79,230.0,Marquette,USA,2011,1,30,55,17.5,5.4,5.4,6.3,0.07,0.101,0.203,0.626,0.26,2024-25,Regular Season
1629111,Jock Landale,C,1610612745,HOU,29.0,6-11,83,255.0,St. Mary's,Australia,Undrafted,Undrafted,Undrafted,42,4.8,3.3,0.9,-2.1,0.099,0.151,0.148,0.59,0.102,2024-25,Regular Season
204060,Joe Ingles,SF,1610612750,MIN,37.0,6-8,80,220.0,,Australia,Undrafted,Undrafted,Undrafted,19,0.8,0.6,1.2,-4.2,0.017,0.08,0.113,0.326,0.261,2024-25,Regular Season
203954,Joel Embiid,C,1610612755,PHI,31.0,7-0,84,280.0,Kansas,Cameroon,2014,1,3,19,23.8,8.2,4.5,-5.5,0.062,0.207,0.342,0.58,0.286,2024-25,Regular Season
1628381,John Collins,PF,1610612762,UTA,27.0,6-9,81,226.0,Wake Forest,USA,2017,1,19,40,19.0,8.2,2.0,-0.9,0.073,0.179,0.234,0.628,0.105,2024-25,Regular Season
1629723,John Konchar,SG,1610612763,MEM,29.0,6-5,77,210.0,Indiana-Purdue Fort Wayne,USA,Undrafted,Undrafted,Undrafted,46,2.4,3.3,0.9,5.4,0.06,0.187,0.077,0.592,0.095,2024-25,Regular Season
1631098,Johnny Davis,SG,1610612764,WAS,23.0,6-4,76,195.0,Wisconsin,USA,2022,1,10,34,2.4,1.1,0.3,-2.5,0.036,0.104,0.15,0.473,0.064,2024-25,Regular Season
1642277,Johnny Furphy,SG,1610612754,IND,20.0,6-9,81,200.0,Kansas,Australia,2024,2,35,50,2.1,1.4,0.4,0.6,0.06,0.126,0.118,0.506,0.063,2024-25,Regular Season
1630548,Johnny Juzang,SG,1610612762,UTA,24.0,6-5,77,226.0,UCLA,USA,Undrafted,Undrafted,Undrafted,64,8.9,2.9,1.1,-13.1,0.031,0.109,0.174,0.573,0.08,2024-25,Regular Season
202685,Jonas Valančiūnas,C,1610612758,SAC,33.0,6-11,83,265.0,,Lithuania,2011,1,5,81,10.4,7.7,2.0,-9.6,0.122,0.286,0.222,0.602,0.171,2024-25,Regular Season
1628371,Jonathan Isaac,PF,1610612753,ORL,27.0,6-10,82,230.0,Florida State,USA,2017,1,6,71,5.4,4.4,0.6,-0.7,0.1,0.188,0.155,0.512,0.056,2024-25,Regular Season
1630228,Jonathan Kuminga,PF,1610612744,GSW,22.0,6-7,79,225.0,,DRC,2021,1,7,47,15.3,4.6,2.2,1.0,0.045,0.134,0.271,0.535,0.151,2024-25,Regular Season
1642367,Jonathan Mogbo,PF,1610612761,TOR,23.0,6-9,81,225.0,San Francisco,USA,2024,2,31,63,6.2,4.9,2.3,-8.2,0.076,0.157,0.145,0.496,0.16,2024-25,Regular Season
203903,Jordan Clarkson,SG,1610612762,UTA,33.0,6-3,75,194.0,Missouri,USA,2014,2,46,37,16.2,3.2,3.7,-10.0,0.025,0.092,0.269,0.54,0.238,2024-25,Regular Season
1630692,Jordan Goodwin,PG,1610612747,LAL,26.0,6-5,77,215.0,St. Louis,USA,Undrafted,Undrafted,Undrafted,29,5.6,3.9,1.4,-1.2,0.068,0.135,0.134,0.541,0.108,2024-25,Regular Season
1641722,Jordan Hawkins,SG,1610612740,NOP,23.0,6-5,77,190.0,Connecticut,USA,2023,1,14,56,10.8,2.8,1.2,-11.4,0.017,0.097,0.204,0.504,0.076,2024-25,Regular Season
1629162,Jordan McLaughlin,PG,1610612759,SAS,29.0,6-0,72,185.0,Southern California,USA,Undrafted,Undrafted,Undrafted,46,2.1,0.7,1.1,9.1,0.021,0.074,0.134,0.6,0.208,2024-25,Regular Season
1641757,Jordan Miller,SF,1610612746,LAC,25.0,6-5,77,194.0,Miami,USA,2023,2,48,37,4.1,1.6,0.9,-6.0,0.053,0.084,0.175,0.509,0.124,2024-25,Regular Season
1629673,Jordan Poole,SG,1610612764,WAS,26.0,6-4,76,194.0,Michigan,USA,2019,1,28,68,20.5,3.0,4.5,-13.1,0.014,0.08,0.281,0.591,0.254,2024-25,Regular Season
1641775,Jordan Walsh,PF,1610612738,BOS,21.0,6-6,78,205.0,Arkansas,USA,2023,2,38,52,1.6,1.3,0.4,3.8,0.057,0.113,0.11,0.464,0.064,2024-25,Regular Season
1630631,Jose Alvarado,PG,1610612740,NOP,27.0,6-0,72,179.0,Georgia Tech,USA,Undrafted,Undrafted,Undrafted,56,10.3,2.4,4.6,-8.7,0.019,0.077,0.193,0.523,0.278,2024-25,Regular Season
1630528,Josh Christopher,SG,1610612748,MIA,23.0,6-4,76,215.0,Arizona State,USA,2021,1,24,14,2.0,0.6,0.6,-2.5,0.0,0.115,0.235,0.416,0.145,2024-25,Regular Season
1630581,Josh Giddey,PG,1610612741,CHI,22.0,6-8,80,216.0,,Australia,2021,1,6,70,14.6,8.1,7.2,-1.4,0.059,0.192,0.214,0.57,0.322,2024-25,Regular Season
1630182,Josh Green,SG,1610612766,CHA,24.0,6-5,77,200.0,Arizona,Australia,2020,1,18,68,7.4,2.5,1.6,-8.9,0.027,0.06,0.115,0.559,0.081,2024-25,Regular Season
1628404,Josh Hart,SG,1610612752,NYK,30.0,6-4,76,215.0,Villanova,USA,2017,1,30,77,13.6,9.6,5.9,3.6,0.057,0.203,0.151,0.611,0.206,2024-25,Regular Season
1631169,Josh Minott,SF,1610612750,MIN,22.0,6-8,80,205.0,Memphis,USA,2022,2,45,46,2.6,1.0,0.4,-3.0,0.044,0.115,0.16,0.605,0.096,2024-25,Regular Season
1629006,Josh Okogie,SG,1610612766,CHA,26.0,6-4,76,213.0,Georgia Tech,Nigeria,2018,1,20,40,7.1,2.8,0.8,-0.5,0.066,0.108,0.185,0.567,0.082,2024-25,Regular Season
1626196,Josh Richardson,SG,1610612748,MIA,31.0,6-5,77,200.0,Tennessee,USA,2015,2,40,8,4.0,1.5,1.5,-10.6,0.038,0.048,0.134,0.402,0.117,2024-25,Regular Season
201950,Jrue Holiday,PG,1610612738,BOS,35.0,6-4,76,205.0,UCLA,USA,2009,1,17,62,11.1,4.3,3.9,8.9,0.038,0.091,0.156,0.565,0.174,2024-25,Regular Season
1630577,Julian Champagnie,SF,1610612759,SAS,24.0,6-7,79,217.0,St. John's,USA,Undrafted,Undrafted,Undrafted,82,9.9,3.9,1.4,-2.1,0.032,0.121,0.164,0.577,0.078,2024-25,Regular Season
1641763,Julian Phillips,SF,1610612741,CHI,21.0,6-8,80,198.0,Tennessee,USA,2023,2,35,79,4.6,2.1,0.5,1.8,0.056,0.082,0.126,0.571,0.045,2024-25,Regular Season
1631124,Julian Strawther,SG,1610612743,DEN,23.0,6-6,78,205.0,Gonzaga,USA,2023,1,29,65,9.0,2.2,1.3,-2.5,0.012,0.083,0.173,0.559,0.082,2024-25,Regular Season
203944,Julius Randle,PF,1610612750,MIN,30.0,6-9,81,250.0,Kentucky,USA,2014,1,7,69,18.7,7.1,4.7,3.4,0.065,0.149,0.246,0.593,0.228,2024-25,Regular Season
1630551,Justin Champagnie,SF,1610612764,WAS,24.0,6-6,78,206.0,Pittsburgh,USA,Undrafted,Undrafted,Undrafted,62,8.8,5.7,1.0,-9.7,0.077,0.159,0.15,0.614,0.066,2024-25,Regular Season
1642348,Justin Edwards,SF,1610612755,PHI,21.0,6-7,79,203.0,Kentucky,USA,Undrafted,Undrafted,Undrafted,44,10.1,3.4,1.6,-11.6,0.038,0.094,0.165,0.559,0.084,2024-25,Regular Season
1631303,Justin Minaya,SF,1610612757,POR,26.0,6-5,77,205.0,Providence,USA,Undrafted,Undrafted,Undrafted,19,0.9,0.5,0.4,-6.9,0.047,0.055,0.107,0.411,0.108,2024-25,Regular Season
203994,Jusuf Nurkić,C,1610612766,CHA,30.0,7-0,84,290.0,,Bosnia and Herzegovina,2014,1,16,51,8.9,7.8,2.3,-9.0,0.077,0.285,0.202,0.555,0.167,2024-25,Regular Season
1630231,KJ Martin,PF,1610612762,UTA,24.0,6-6,78,215.0,,USA,2020,2,52,43,6.4,2.9,1.1,-8.1,0.032,0.103,0.112,0.618,0.074,2024-25,Regular Season
1642354,KJ Simpson,PG,1610612766,CHA,22.0,6-0,72,189.0,Colorado,USA,2024,2,42,36,7.8,3.0,3.1,-15.4,0.042,0.081,0.188,0.437,0.21,2024-25,Regular Season
1630539,Kai Jones,C,1610612742,DAL,24.0,6-11,83,221.0,Texas,Bahamas,2021,1,19,40,5.0,3.1,0.6,-2.3,0.089,0.173,0.128,0.804,0.08,2024-25,Regular Season
1626157,Karl-Anthony Towns,C,1610612752,NYK,29.0,7-0,84,248.0,Kentucky,USA,2015,1,1,72,24.4,12.8,3.1,6.8,0.087,0.284,0.265,0.63,0.13,2024-25,Regular Season
1631255,Karlo Matković,PF,1610612740,NOP,24.0,6-10,82,231.0,,Bosnia and Herzegovina,2022,2,52,42,7.7,5.0,1.1,-4.7,0.079,0.177,0.155,0.639,0.083,2024-25,Regular Season
202695,Kawhi Leonard,SF,1610612746,LAC,34.0,6-7,79,225.0,San Diego State,USA,2011,1,15,37,21.5,5.9,3.1,12.4,0.033,0.158,0.28,0.589,0.147,2024-25,Regular Season
1630811,Keaton Wallace,PG,1610612737,ATL,26.0,6-3,75,185.0,Texas-San Antonio,USA,Undrafted,Undrafted,Undrafted,31,5.4,1.6,2.6,-2.2,0.013,0.08,0.164,0.503,0.224,2024-25,Regular Season
1631099,Keegan Murray,PF,1610612758,SAC,24.0,6-8,80,225.0,Iowa,USA,2022,1,4,76,12.4,6.7,1.4,1.5,0.056,0.134,0.148,0.553,0.055,2024-25,Regular Season
1631232,Keion Brooks Jr.,SF,1610612740,NOP,24.0,6-7,79,210.0,Washington,USA,Undrafted,Undrafted,Undrafted,14,10.1,4.1,0.9,-20.5,0.034,0.136,0.169,0.581,0.062,2024-25,Regular Season
1642276,Kel'el Ware,C,1610612748,MIA,21.0,7-0,84,230.0,Indiana,USA,2024,1,15,64,9.3,7.4,0.9,1.9,0.087,0.238,0.169,0.603,0.062,2024-25,Regular Season
1629640,Keldon Johnson,SF,1610612759,SAS,25.0,6-5,77,220.0,Kentucky,USA,2019,1,29,77,12.7,4.8,1.6,-5.8,0.057,0.136,0.207,0.572,0.105,2024-25,Regular Season
203482,Kelly Olynyk,C,1610612740,NOP,34.0,6-11,83,240.0,Gonzaga,Canada,2013,1,13,44,8.7,4.7,2.9,-2.7,0.069,0.154,0.185,0.609,0.2,2024-25,Regular Season
1626162,Kelly Oubre Jr.,SF,1610612755,PHI,29.0,6-8,80,203.0,Kansas,USA,2015,1,15,60,15.1,6.1,1.8,-5.7,0.046,0.14,0.186,0.551,0.079,2024-25,Regular Season
1629026,Kenrich Williams,PF,1610612760,OKC,30.0,6-6,78,210.0,TCU,USA,Undrafted,Undrafted,Undrafted,69,6.3,3.5,1.4,14.5,0.056,0.148,0.151,0.587,0.111,2024-25,Regular Season
203484,Kentavious Caldwell-Pope,SG,1610612763,MEM,32.0,6-5,77,204.0,Georgia,USA,2013,1,8,77,8.7,2.2,1.8,0.5,0.014,0.064,0.121,0.574,0.086,2024-25,Regular Season
1631165,Keon Ellis,SG,1610612758,SAC,25.0,6-4,76,175.0,Alabama,USA,Undrafted,Undrafted,Undrafted,80,8.3,2.7,1.5,3.0,0.031,0.079,0.125,0.664,0.08,2024-25,Regular Season
1630553,Keon Johnson,SG,1610612751,BKN,23.0,6-5,77,185.0,Tennessee,USA,2021,1,21,79,10.6,3.8,2.2,-10.3,0.031,0.125,0.212,0.499,0.148,2024-25,Regular Season
1642352,Keshad Johnson,SF,1610612748,MIA,24.0,6-7,79,225.0,Arizona,USA,Undrafted,Undrafted,Undrafted,16,2.7,1.8,0.3,1.3,0.067,0.188,0.145,0.718,0.058,2024-25,Regular Season
1630556,Kessler Edwards,SF,1610612742,DAL,24.0,6-7,79,203.0,Pepperdine,USA,2021,2,44,40,4.2,2.9,1.1,-12.3,0.037,0.154,0.11,0.597,0.09,2024-25,Regular Season
201142,Kevin Durant,PF,1610612756,PHX,36.0,6-11,83,240.0,Texas,USA,2007,1,2,62,26.6,6.0,4.2,-1.0,0.011,0.147,0.283,0.642,0.188,2024-25,Regular Season
1628989,Kevin Huerter,SG,1610612741,CHI,26.0,6-7,79,198.0,Maryland,USA,2018,1,19,69,9.9,3.0,2.3,2.8,0.017,0.098,0.171,0.544,0.124,2024-25,Regular Season
1628995,Kevin Knox II,PF,1610612744,GSW,25.0,6-8,80,215.0,Kentucky,USA,2018,1,9,14,3.3,1.2,0.4,-2.9,0.069,0.149,0.202,0.582,0.086,2024-25,Regular Season
201567,Kevin Love,PF,1610612748,MIA,36.0,6-8,80,251.0,UCLA,USA,2008,1,5,23,5.3,4.1,1.0,-3.6,0.08,0.282,0.23,0.488,0.134,2024-25,Regular Season
1641755,Kevin McCullar Jr.,SF,1610612752,NYK,24.0,6-6,78,210.0,Kansas,USA,2024,2,56,4,1.5,2.0,0.5,-3.1,0.0,0.286,0.118,0.381,0.111,2024-25,Regular Season
1629645,Kevin Porter Jr.,SG,1610612749,MIL,25.0,6-4,76,203.0,Southern California,USA,2019,1,30,75,10.3,3.7,3.4,1.1,0.029,0.148,0.248,0.531,0.276,2024-25,Regular Season
1626172,Kevon Looney,C,1610612744,GSW,29.0,6-9,81,222.0,UCLA,USA,2015,1,30,76,4.5,6.1,1.6,5.6,0.139,0.227,0.125,0.535,0.143,2024-25,Regular Season
1641718,Keyonte George,PG,1610612762,UTA,21.0,6-4,76,185.0,Baylor,USA,2023,1,16,67,16.8,3.8,5.6,-11.9,0.012,0.104,0.237,0.539,0.272,2024-25,Regular Season
203114,Khris Middleton,SF,1610612764,WAS,33.0,6-7,79,222.0,Texas A&M,USA,2012,2,39,37,11.9,3.7,4.1,1.5,0.015,0.132,0.208,0.588,0.251,2024-25,Regular Season
1630165,Killian Hayes,PG,1610612751,BKN,23.0,6-5,77,195.0,,France,2020,1,7,6,9.0,3.0,5.2,-5.7,0.028,0.087,0.145,0.559,0.274,2024-25,Regular Season
202691,Klay Thompson,SF,1610612742,DAL,35.0,6-5,77,220.0,Washington State,USA,2011,1,11,72,14.0,3.4,2.0,-2.4,0.022,0.097,0.214,0.552,0.104,2024-25,Regular Season
1641738,Kobe Brown,PF,1610612746,LAC,25.0,6-7,79,250.0,Missouri,USA,2023,1,30,40,1.9,1.6,0.6,-8.7,0.07,0.176,0.134,0.513,0.137,2024-25,Regular Season
1641723,Kobe Bufkin,SG,1610612737,ATL,21.0,6-4,76,195.0,Michigan,USA,2023,1,15,10,5.3,2.1,1.7,-8.0,0.035,0.123,0.203,0.483,0.213,2024-25,Regular Season
1627739,Kris Dunn,PG,1610612746,LAC,31.0,6-3,75,205.0,Providence,USA,2016,1,5,74,6.4,3.4,2.8,7.8,0.031,0.111,0.126,0.531,0.153,2024-25,Regular Season
1631200,Kris Murray,SF,1610612757,POR,24.0,6-8,80,216.0,Iowa,USA,2023,1,23,69,4.2,2.6,1.0,-1.8,0.066,0.096,0.133,0.472,0.09,2024-25,Regular Season
204001,Kristaps Porziņģis,C,1610612738,BOS,29.0,7-2,86,240.0,,Latvia,2015,1,4,42,19.5,6.8,2.1,5.8,0.054,0.163,0.253,0.618,0.113,2024-25,Regular Season
203937,Kyle Anderson,PF,1610612748,MIA,31.0,6-9,81,230.0,UCLA,USA,2014,1,30,61,5.9,3.4,2.4,-1.5,0.049,0.148,0.152,0.538,0.211,2024-25,Regular Season
1642271,Kyle Filipowski,C,1610612762,UTA,21.0,6-11,83,250.0,Duke,USA,2024,2,32,72,9.6,6.1,1.9,-11.3,0.07,0.213,0.184,0.594,0.14,2024-25,Regular Season
1628398,Kyle Kuzma,PF,1610612749,MIL,29.0,6-9,81,221.0,Utah,USA,2017,1,27,65,14.8,5.7,2.3,-10.3,0.027,0.155,0.233,0.514,0.123,2024-25,Regular Season
200768,Kyle Lowry,PG,1610612755,PHI,39.0,6-0,72,196.0,Villanova,USA,2006,1,24,35,3.9,1.9,2.7,-5.8,0.016,0.086,0.1,0.525,0.206,2024-25,Regular Season
1630283,Kylor Kelley,C,1610612747,LAL,27.0,7-0,84,215.0,Oregon State,USA,Undrafted,Undrafted,Undrafted,11,3.1,3.5,0.5,-29.1,0.079,0.194,0.097,0.644,0.056,2024-25,Regular Season
202681,Kyrie Irving,SG,1610612742,DAL,33.0,6-2,74,195.0,Duke,Australia,2011,1,1,50,24.7,4.8,4.6,2.6,0.033,0.093,0.264,0.594,0.198,2024-25,Regular Season
1642273,Kyshawn George,SG,1610612764,WAS,21.0,6-8,80,200.0,Miami,Switzerland,2024,1,24,68,8.7,4.2,2.5,-10.1,0.025,0.122,0.156,0.503,0.133,2024-25,Regular Season
1630163,LaMelo Ball,PG,1610612766,CHA,23.0,6-7,79,180.0,,USA,2020,1,3,47,25.2,4.9,7.4,-3.9,0.028,0.121,0.342,0.536,0.39,2024-25,Regular Season
1630205,Lamar Stevens,PF,1610612763,MEM,27.0,6-7,79,230.0,Penn State,USA,Undrafted,Undrafted,Undrafted,17,4.4,2.2,0.5,26.4,0.027,0.184,0.21,0.545,0.063,2024-25,Regular Season
1629013,Landry Shamet,SG,1610612752,NYK,28.0,6-4,76,190.0,Wichita State,USA,2018,1,26,50,5.7,1.2,0.5,5.1,0.014,0.064,0.143,0.601,0.049,2024-25,Regular Season
1626204,Larry Nance Jr.,PF,1610612737,ATL,32.0,6-8,80,245.0,Wyoming,USA,2015,1,27,24,8.5,4.3,1.6,-9.0,0.046,0.174,0.155,0.632,0.125,2024-25,Regular Season
1628374,Lauri Markkanen,PF,1610612762,UTA,28.0,7-0,84,240.0,Arizona,Finland,2017,1,7,47,19.0,5.9,1.5,-6.1,0.046,0.134,0.231,0.571,0.074,2024-25,Regular Season
2544,LeBron James,SF,1610612747,LAL,40.0,6-9,81,250.0,,USA,2003,1,1,70,24.4,7.8,8.2,-1.3,0.031,0.187,0.291,0.604,0.395,2024-25,Regular Season
1631159,Leonard Miller,SF,1610612750,MIN,21.0,6-10,82,220.0,,Canada,2023,2,33,13,1.5,0.8,0.0,-19.4,0.073,0.229,0.239,0.54,0.0,2024-25,Regular Season
1631311,Lester Quinones,SG,1610612740,NOP,24.0,6-4,76,208.0,Memphis,USA,Undrafted,Undrafted,Undrafted,13,6.6,1.5,1.8,-5.9,0.02,0.076,0.213,0.514,0.198,2024-25,Regular Season
1641857,Liam Robbins,C,1610612749,MIL,25.0,7-0,84,250.0,Vanderbilt,USA,Undrafted,Undrafted,Undrafted,13,0.7,0.9,0.2,-5.3,0.111,0.085,0.128,0.363,0.056,2024-25,Regular Season
1630322,Lindy Waters III,SG,1610612765,DET,27.0,6-6,78,210.0,Oklahoma State,USA,Undrafted,Undrafted,Undrafted,52,4.9,2.1,1.0,1.4,0.023,0.116,0.145,0.504,0.092,2024-25,Regular Season
1629022,Lonnie Walker IV,SG,1610612755,PHI,26.0,6-4,76,204.0,Miami,USA,2018,1,18,20,12.4,3.2,2.5,-14.1,0.012,0.117,0.214,0.548,0.167,2024-25,Regular Season
1628366,Lonzo Ball,PG,1610612741,CHI,27.0,6-6,78,190.0,UCLA,USA,2017,1,2,35,7.6,3.4,3.3,5.5,0.029,0.106,0.152,0.524,0.187,2024-25,Regular Season
1629652,Luguentz Dort,SF,1610612760,OKC,26.0,6-4,76,220.0,Arizona State,Canada,Undrafted,Undrafted,Undrafted,71,10.1,4.1,1.6,13.1,0.041,0.093,0.133,0.586,0.067,2024-25,Regular Season
1629029,Luka Dončić,PG,1610612747,LAL,26.0,6-6,78,230.0,,Slovenia,2018,1,3,50,28.2,8.2,7.7,9.1,0.023,0.198,0.328,0.587,0.342,2024-25,Regular Season
1630568,Luka Garza,C,1610612750,MIN,26.0,6-10,82,243.0,Iowa,USA,2021,2,52,39,3.5,1.4,0.3,0.4,0.138,0.103,0.241,0.573,0.082,2024-25,Regular Season
1628379,Luke Kennard,SG,1610612763,MEM,29.0,6-5,77,206.0,Duke,USA,2017,1,12,65,8.9,2.8,3.3,3.1,0.024,0.094,0.14,0.631,0.179,2024-25,Regular Season
1628436,Luke Kornet,C,1610612738,BOS,29.0,7-1,85,250.0,Vanderbilt,USA,Undrafted,Undrafted,Undrafted,73,6.0,5.3,1.6,14.9,0.134,0.139,0.111,0.683,0.115,2024-25,Regular Season
1631247,Luke Travers,SG,1610612739,CLE,23.0,6-7,79,207.0,,Australia,2022,2,56,12,1.0,1.7,0.7,-0.5,0.084,0.108,0.132,0.287,0.113,2024-25,Regular Season
1630644,Mac McClung,SG,1610612753,ORL,26.0,6-2,74,185.0,Texas Tech,USA,Undrafted,Undrafted,Undrafted,2,0.0,0.5,1.5,-9.5,0.0,0.1,0.087,0.0,0.333,2024-25,Regular Season
1630201,Malachi Flynn,PG,1610612759,SAS,27.0,6-1,73,185.0,San Diego State,USA,2020,1,29,4,4.0,1.8,1.8,3.7,0.077,0.08,0.196,0.512,0.233,2024-25,Regular Season
1631103,Malaki Branham,SG,1610612759,SAS,22.0,6-4,76,180.0,Ohio State,USA,2022,1,20,47,5.0,1.1,0.8,-3.7,0.016,0.093,0.233,0.575,0.139,2024-25,Regular Season
1627763,Malcolm Brogdon,PG,1610612764,WAS,32.0,6-4,76,229.0,Virginia,USA,2016,2,36,24,12.7,3.8,4.1,-10.4,0.036,0.119,0.231,0.544,0.267,2024-25,Regular Season
1642502,Malevy Leons,SF,1610612760,OKC,25.0,6-9,81,210.0,Bradley,Netherlands,Undrafted,Undrafted,Undrafted,6,0.3,0.5,0.2,-43.3,0.04,0.095,0.102,0.266,0.111,2024-25,Regular Season
1627736,Malik Beasley,SG,1610612765,DET,28.0,6-4,76,187.0,Florida State,USA,2016,1,19,82,16.3,2.6,1.7,3.1,0.02,0.069,0.215,0.59,0.089,2024-25,Regular Season
1628370,Malik Monk,SG,1610612758,SAC,27.0,6-3,75,200.0,Kentucky,USA,2017,1,11,65,17.2,3.8,5.6,2.5,0.014,0.104,0.236,0.549,0.246,2024-25,Regular Season
1630699,MarJon Beauchamp,SF,1610612752,NYK,24.0,6-7,79,199.0,,USA,2022,1,24,35,2.3,1.3,0.3,2.9,0.064,0.198,0.222,0.535,0.124,2024-25,Regular Season
1630542,Marcus Bagley,SF,1610612755,PHI,23.0,6-6,78,217.0,Arizona State,USA,Undrafted,Undrafted,Undrafted,10,6.7,7.0,1.0,-15.9,0.078,0.175,0.128,0.456,0.056,2024-25,Regular Season
1630585,Marcus Garrett,SG,1610612766,CHA,26.0,6-5,77,205.0,Kansas,USA,Undrafted,Undrafted,Undrafted,4,7.0,1.5,3.3,-23.6,0.013,0.057,0.193,0.487,0.255,2024-25,Regular Season
1631204,Marcus Sasser,PG,1610612765,DET,24.0,6-2,74,195.0,Houston,USA,2023,1,25,57,6.6,1.2,2.3,2.9,0.021,0.06,0.187,0.589,0.239,2024-25,Regular Season
203935,Marcus Smart,PG,1610612764,WAS,31.0,6-3,75,220.0,Oklahoma State,USA,2014,1,6,34,9.0,2.1,3.2,2.6,0.024,0.069,0.198,0.529,0.221,2024-25,Regular Season
1631109,Mark Williams,C,1610612766,CHA,23.0,7-0,84,240.0,Duke,USA,2022,1,15,44,15.3,10.2,2.5,-12.7,0.103,0.255,0.21,0.647,0.154,2024-25,Regular Season
1628365,Markelle Fultz,PG,1610612758,SAC,27.0,6-4,76,209.0,Washington,USA,2017,1,1,21,2.9,1.0,1.3,3.6,0.036,0.077,0.196,0.452,0.208,2024-25,Regular Season
202693,Markieff Morris,PF,1610612747,LAL,35.0,6-9,81,245.0,Kansas,USA,2011,1,13,15,3.7,1.5,1.4,-7.8,0.017,0.114,0.202,0.385,0.191,2024-25,Regular Season
1628963,Marvin Bagley III,PF,1610612763,MEM,26.0,6-10,82,235.0,Duke,USA,2018,1,2,31,4.4,2.7,0.4,-0.6,0.128,0.159,0.2,0.56,0.063,2024-25,Regular Season
1630222,Mason Jones,SG,1610612758,SAC,26.0,6-4,76,200.0,Arkansas,USA,Undrafted,Undrafted,Undrafted,10,2.3,0.9,1.1,2.2,0.045,0.149,0.193,0.569,0.379,2024-25,Regular Season
203486,Mason Plumlee,C,1610612756,PHX,35.0,6-10,82,254.0,Duke,USA,2013,1,22,74,4.5,6.1,1.8,0.2,0.094,0.253,0.105,0.645,0.133,2024-25,Regular Season
1641824,Matas Buzelis,SF,1610612741,CHI,20.0,6-10,82,209.0,,USA,2024,1,11,80,8.6,3.5,1.0,-1.7,0.035,0.133,0.181,0.571,0.072,2024-25,Regular Season
1629680,Matisse Thybulle,SG,1610612757,POR,28.0,6-5,77,201.0,Washington,USA,2019,1,20,15,7.5,3.5,1.9,0.2,0.038,0.122,0.135,0.592,0.126,2024-25,Regular Season
1630346,Matt Ryan,SF,1610612740,NOP,28.0,6-6,78,215.0,Tennessee-Chattanooga,USA,Undrafted,Undrafted,Undrafted,19,1.5,0.4,0.2,-28.3,0.0,0.113,0.208,0.439,0.083,2024-25,Regular Season
1631108,Max Christie,SG,1610612742,DAL,22.0,6-5,77,190.0,Michigan State,USA,2022,2,35,78,9.6,3.3,1.9,-1.7,0.019,0.102,0.15,0.57,0.093,2024-25,Regular Season
1629622,Max Strus,SF,1610612739,CLE,29.0,6-5,77,215.0,DePaul,USA,Undrafted,Undrafted,Undrafted,50,9.4,4.3,3.2,7.9,0.041,0.118,0.143,0.607,0.157,2024-25,Regular Season
1628467,Maxi Kleber,PF,1610612747,LAL,33.0,6-10,82,240.0,,Germany,Undrafted,Undrafted,Undrafted,34,3.0,2.8,1.3,-0.4,0.04,0.105,0.085,0.489,0.087,2024-25,Regular Season
1641721,Maxwell Lewis,SF,1610612751,BKN,22.0,6-7,79,215.0,Pepperdine,USA,2023,2,40,28,4.1,2.0,0.7,-9.6,0.051,0.118,0.164,0.516,0.091,2024-25,Regular Season
1630695,Micah Potter,C,1610612762,UTA,27.0,6-9,81,248.0,Wisconsin,USA,Undrafted,Undrafted,Undrafted,38,4.3,4.3,0.8,-7.6,0.058,0.153,0.102,0.563,0.058,2024-25,Regular Season
1629008,Michael Porter Jr.,SF,1610612743,DEN,27.0,6-10,82,218.0,Missouri,USA,2018,1,14,77,18.2,7.0,2.1,4.4,0.055,0.146,0.197,0.617,0.084,2024-25,Regular Season
1628969,Mikal Bridges,SF,1610612752,NYK,28.0,6-6,78,209.0,Villanova,USA,2018,1,10,82,17.6,3.2,3.7,5.6,0.024,0.063,0.192,0.585,0.141,2024-25,Regular Season
201144,Mike Conley,PG,1610612750,MIN,37.0,6-0,72,175.0,Ohio State,USA,2007,1,4,71,8.2,2.6,4.5,6.5,0.018,0.085,0.141,0.573,0.243,2024-25,Regular Season
1628970,Miles Bridges,PF,1610612766,CHA,27.0,6-7,79,225.0,Michigan State,USA,2018,1,12,64,20.3,7.5,3.9,-5.5,0.033,0.189,0.273,0.541,0.203,2024-25,Regular Season
1630540,Miles McBride,PG,1610612752,NYK,24.0,6-1,73,195.0,West Virginia,USA,2021,2,36,64,9.5,2.5,2.9,7.1,0.028,0.069,0.162,0.531,0.155,2024-25,Regular Season
1641936,Miles Norris,PF,1610612738,BOS,25.0,6-7,79,220.0,Cal-Santa Barbara,USA,Undrafted,Undrafted,Undrafted,3,2.3,3.0,0.0,-23.2,0.048,0.171,0.127,0.354,0.0,2024-25,Regular Season
1629011,Mitchell Robinson,C,1610612752,NYK,27.0,7-0,84,240.0,Western Kentucky,USA,2018,2,36,17,5.1,5.9,0.8,5.7,0.174,0.176,0.109,0.676,0.062,2024-25,Regular Season
1628964,Mo Bamba,C,1610612740,NOP,27.0,7-0,84,231.0,Texas,USA,2018,1,6,32,4.3,4.5,0.6,-9.0,0.079,0.268,0.15,0.557,0.068,2024-25,Regular Season
1628420,Monte Morris,PG,1610612756,PHX,30.0,6-2,74,183.0,Iowa State,USA,2017,2,51,45,5.2,1.5,1.6,2.8,0.021,0.088,0.173,0.546,0.188,2024-25,Regular Season
1629021,Moritz Wagner,C,1610612753,ORL,28.0,6-11,83,245.0,Michigan,Germany,2018,1,25,30,12.9,4.9,1.4,-0.9,0.067,0.201,0.254,0.649,0.135,2024-25,Regular Season
1629650,Moses Brown,C,1610612742,DAL,25.0,7-2,86,258.0,UCLA,USA,Undrafted,Undrafted,Undrafted,13,5.8,3.4,0.2,-4.4,0.098,0.224,0.216,0.706,0.029,2024-25,Regular Season
1630541,Moses Moody,SG,1610612744,GSW,23.0,6-5,77,211.0,Arkansas,USA,2021,1,14,74,9.8,2.6,1.3,4.3,0.029,0.084,0.17,0.578,0.084,2024-25,Regular Season
1631243,Mouhamed Gueye,PF,1610612737,ATL,22.0,6-10,82,210.0,Washington State,Senegal,2023,2,39,33,6.0,4.2,0.8,8.8,0.078,0.179,0.155,0.52,0.064,2024-25,Regular Season
1631217,Moussa Diabaté,C,1610612766,CHA,23.0,6-9,81,210.0,Michigan,France,2022,2,43,71,5.7,6.2,0.8,-3.4,0.135,0.209,0.13,0.609,0.069,2024-25,Regular Season
1626167,Myles Turner,C,1610612754,IND,29.0,6-11,83,250.0,Texas,USA,2015,1,11,72,15.6,6.5,1.5,4.7,0.043,0.169,0.207,0.612,0.072,2024-25,Regular Season
1642368,N'Faly Dante,C,1610612745,HOU,23.0,6-11,83,230.0,Oregon,Mali,Undrafted,Undrafted,Undrafted,4,6.0,5.3,0.5,-8.6,0.122,0.268,0.133,0.789,0.05,2024-25,Regular Season
1641772,Nae'Qwan Tomlin,PF,1610612739,CLE,24.0,6-10,82,210.0,Memphis,USA,Undrafted,Undrafted,Undrafted,5,7.2,4.2,0.4,4.4,0.117,0.145,0.23,0.489,0.053,2024-25,Regular Season
1630230,Naji Marshall,SF,1610612742,DAL,27.0,6-6,78,220.0,Xavier,USA,Undrafted,Undrafted,Undrafted,69,13.2,4.8,3.0,-3.2,0.04,0.125,0.197,0.584,0.161,2024-25,Regular Season
1631466,Nate Williams,SG,1610612745,HOU,26.0,6-5,77,205.0,Buffalo,USA,Undrafted,Undrafted,Undrafted,20,3.3,0.7,0.5,-6.2,0.033,0.053,0.212,0.496,0.079,2024-25,Regular Season
1629675,Naz Reid,C,1610612750,MIN,25.0,6-9,81,264.0,Louisiana State,USA,Undrafted,Undrafted,Undrafted,80,14.2,6.0,2.3,7.4,0.041,0.171,0.21,0.577,0.123,2024-25,Regular Season
1629674,Neemias Queta,C,1610612738,BOS,25.0,7-0,84,248.0,Utah State,Portugal,2021,2,39,62,5.0,3.8,0.7,9.1,0.105,0.168,0.136,0.674,0.076,2024-25,Regular Season
1629651,Nic Claxton,C,1610612751,BKN,26.0,6-11,83,215.0,Georgia,USA,2019,2,31,70,10.3,7.4,2.2,-12.6,0.08,0.198,0.166,0.569,0.14,2024-25,Regular Season
1630208,Nick Richards,C,1610612756,PHX,27.0,7-0,84,245.0,Kentucky,Jamaica,2020,2,42,57,9.3,8.2,0.9,-8.7,0.118,0.243,0.169,0.634,0.058,2024-25,Regular Season
1641733,Nick Smith Jr.,SG,1610612766,CHA,21.0,6-2,74,185.0,Arkansas,USA,2023,1,27,60,9.9,2.1,2.4,-14.3,0.009,0.08,0.205,0.502,0.169,2024-25,Regular Season
1629638,Nickeil Alexander-Walker,SG,1610612750,MIN,26.0,6-5,77,205.0,Virginia Tech,Canada,2019,1,17,82,9.4,3.2,2.7,6.6,0.026,0.098,0.155,0.579,0.149,2024-25,Regular Season
201587,Nicolas Batum,PF,1610612746,LAC,36.0,6-8,80,230.0,,France,2008,1,25,78,4.0,2.8,1.1,5.9,0.034,0.117,0.087,0.633,0.082,2024-25,Regular Season
203999,Nikola Jokić,C,1610612743,DEN,30.0,6-11,83,284.0,,Serbia,2014,2,41,70,29.6,12.7,10.2,10.5,0.083,0.252,0.285,0.663,0.398,2024-25,Regular Season
1631107,Nikola Jović,PF,1610612748,MIA,22.0,6-10,82,205.0,,Serbia,2022,1,27,46,10.7,3.9,2.8,-1.1,0.022,0.127,0.178,0.595,0.174,2024-25,Regular Season
202696,Nikola Vučević,C,1610612741,CHI,34.0,6-10,82,260.0,Southern California,Montenegro,2011,1,16,73,18.5,10.1,3.5,-2.4,0.076,0.228,0.221,0.611,0.165,2024-25,Regular Season
1641730,Noah Clowney,PF,1610612751,BKN,20.0,6-9,81,210.0,Alabama,USA,2023,1,21,46,9.1,3.9,0.9,-12.3,0.037,0.138,0.185,0.516,0.063,2024-25,Regular Season
1626181,Norman Powell,SG,1610612746,LAC,32.0,6-4,76,215.0,UCLA,USA,2015,2,46,60,21.8,3.2,2.1,8.8,0.011,0.085,0.255,0.615,0.096,2024-25,Regular Season
1628384,OG Anunoby,PF,1610612752,NYK,27.0,6-7,79,240.0,Indiana,United Kingdom,2017,1,23,74,18.0,4.8,2.2,5.4,0.037,0.098,0.195,0.591,0.084,2024-25,Regular Season
1630167,Obi Toppin,PF,1610612754,IND,27.0,6-9,81,220.0,Dayton,USA,2020,1,8,79,10.5,4.0,1.6,-2.6,0.036,0.167,0.191,0.642,0.116,2024-25,Regular Season
1630534,Ochai Agbaji,SG,1610612761,TOR,25.0,6-5,77,215.0,Kansas,USA,2022,1,14,64,10.4,3.8,1.5,-5.7,0.033,0.098,0.144,0.601,0.081,2024-25,Regular Season
1641765,Olivier-Maxence Prosper,PF,1610612742,DAL,22.0,6-7,79,230.0,Marquette,Canada,2023,1,24,52,3.9,2.4,0.8,-7.7,0.071,0.137,0.158,0.484,0.101,2024-25,Regular Season
1630168,Onyeka Okongwu,C,1610612737,ATL,24.0,6-10,82,240.0,Southern California,USA,2020,1,6,74,13.4,8.9,2.3,1.1,0.103,0.213,0.169,0.634,0.113,2024-25,Regular Season
1631115,Orlando Robinson,C,1610612761,TOR,24.0,6-10,82,235.0,Fresno State,USA,Undrafted,Undrafted,Undrafted,44,6.9,5.0,1.8,-4.8,0.097,0.161,0.177,0.519,0.152,2024-25,Regular Season
1631131,Oscar Tshiebwe,C,1610612762,UTA,25.0,6-8,80,255.0,Kentucky,DRC,Undrafted,Undrafted,Undrafted,14,7.6,8.7,0.6,-2.5,0.16,0.286,0.144,0.64,0.051,2024-25,Regular Season
1629052,Oshae Brissett,SF,1610612755,PHI,27.0,6-7,79,210.0,Syracuse,Canada,Undrafted,Undrafted,Undrafted,6,8.7,3.7,0.7,-10.7,0.047,0.115,0.154,0.576,0.04,2024-25,Regular Season
1642345,Oso Ighodaro,PF,1610612756,PHX,22.0,7-0,84,235.0,Marquette,USA,2024,2,40,61,4.2,3.6,1.2,-0.6,0.063,0.143,0.103,0.61,0.095,2024-25,Regular Season
1631172,Ousmane Dieng,C,1610612760,OKC,22.0,6-9,81,185.0,,France,2022,1,11,37,3.8,2.2,0.8,5.1,0.04,0.142,0.152,0.538,0.107,2024-25,Regular Season
200782,P.J. Tucker,SF,1610612752,NYK,40.0,6-5,77,245.0,Texas,USA,2006,2,35,3,3.0,2.7,0.0,-21.3,0.062,0.103,0.059,0.643,0.0,2024-25,Regular Season
1629023,P.J. Washington,PF,1610612742,DAL,26.0,6-6,78,230.0,Kentucky,USA,2019,1,12,57,14.7,7.8,2.3,1.1,0.044,0.183,0.198,0.556,0.098,2024-25,Regular Season
1628408,PJ Dozier,SG,1610612750,MIN,28.0,6-6,78,205.0,South Carolina,USA,Undrafted,Undrafted,Undrafted,9,0.8,0.6,0.6,-9.0,0.04,0.125,0.082,0.621,0.167,2024-25,Regular Season
1641790,PJ Hall,C,1610612743,DEN,23.0,6-10,82,245.0,Clemson,USA,Undrafted,Undrafted,Undrafted,19,1.7,1.2,0.2,0.5,0.079,0.219,0.176,0.641,0.118,2024-25,Regular Season
1642359,Pacôme Dadiet,SG,1610612752,NYK,19.0,6-8,80,210.0,,France,2024,1,25,18,1.7,1.0,0.3,-9.2,0.028,0.128,0.142,0.446,0.063,2024-25,Regular Season
1631094,Paolo Banchero,PF,1610612753,ORL,22.0,6-10,82,250.0,Duke,USA,2022,1,1,46,25.9,7.5,4.8,-0.6,0.031,0.192,0.33,0.551,0.262,2024-25,Regular Season
1627783,Pascal Siakam,PF,1610612754,IND,31.0,6-8,80,245.0,New Mexico State,Cameroon,2016,1,27,78,20.2,6.9,3.4,5.5,0.053,0.154,0.237,0.599,0.155,2024-25,Regular Season
1626192,Pat Connaughton,SG,1610612749,MIL,32.0,6-5,77,209.0,Notre Dame,USA,2015,2,41,41,5.3,2.7,1.7,-2.9,0.032,0.14,0.151,0.567,0.159,2024-25,Regular Season
1630311,Pat Spencer,PG,1610612744,GSW,28.0,6-3,75,205.0,Northwestern,USA,Undrafted,Undrafted,Undrafted,39,2.5,1.2,1.2,-2.8,0.055,0.131,0.204,0.455,0.274,2024-25,Regular Season
1631116,Patrick Baldwin Jr.,SF,1610612746,LAC,22.0,6-9,81,220.0,Wisconsin-Milwaukee,USA,2022,1,28,24,2.2,1.0,0.1,12.4,0.038,0.189,0.151,0.721,0.042,2024-25,Regular Season
1630172,Patrick Williams,PF,1610612741,CHI,23.0,6-7,79,215.0,Florida State,USA,2020,1,4,63,9.0,3.8,2.0,-4.8,0.025,0.113,0.165,0.512,0.106,2024-25,Regular Season
201988,Patty Mills,PG,1610612746,LAC,36.0,6-2,74,180.0,St. Mary's,Australia,2009,2,55,29,3.8,0.8,0.9,-3.4,0.012,0.051,0.15,0.543,0.123,2024-25,Regular Season
202331,Paul George,PF,1610612755,PHI,35.0,6-8,80,220.0,Fresno State,USA,2010,1,10,41,16.2,5.3,4.3,-3.8,0.018,0.153,0.233,0.543,0.217,2024-25,Regular Season
1630194,Paul Reed,C,1610612765,DET,26.0,6-9,81,210.0,DePaul,USA,2020,2,58,45,4.1,2.7,1.0,5.6,0.09,0.197,0.179,0.573,0.141,2024-25,Regular Season
1630202,Payton Pritchard,PG,1610612738,BOS,27.0,6-1,73,195.0,Oregon,USA,2020,1,26,80,14.3,3.8,3.5,9.5,0.042,0.087,0.186,0.633,0.184,2024-25,Regular Season
1641796,Pelle Larsson,SG,1610612748,MIA,24.0,6-5,77,215.0,Arizona,Sweden,2024,2,44,55,4.6,1.7,1.2,2.4,0.036,0.081,0.141,0.546,0.116,2024-25,Regular Season
1631250,Pete Nance,PF,1610612749,MIL,25.0,6-10,82,225.0,Northwestern,USA,Undrafted,Undrafted,Undrafted,13,2.9,1.6,0.8,-7.0,0.036,0.115,0.116,0.578,0.106,2024-25,Regular Season
1631212,Peyton Watson,SF,1610612743,DEN,22.0,6-7,79,200.0,UCLA,USA,2022,1,30,68,8.1,3.4,1.4,0.0,0.03,0.103,0.138,0.564,0.073,2024-25,Regular Season
1630762,Phillip Wheeler,PF,1610612755,PHI,23.0,6-8,80,185.0,,USA,Undrafted,Undrafted,Undrafted,5,1.6,1.6,0.4,13.4,0.036,0.125,0.221,0.183,0.065,2024-25,Regular Season
1630173,Precious Achiuwa,C,1610612752,NYK,25.0,6-8,80,243.0,Memphis,Nigeria,2020,1,20,57,6.6,5.6,1.0,-1.2,0.084,0.188,0.143,0.53,0.065,2024-25,Regular Season
1629656,Quentin Grimes,SG,1610612755,PHI,25.0,6-4,76,210.0,Houston,USA,2021,1,25,75,14.6,4.3,3.0,-6.2,0.028,0.126,0.218,0.595,0.172,2024-25,Regular Season
1631245,Quenton Jackson,PG,1610612754,IND,26.0,6-5,77,173.0,Texas A&M,USA,Undrafted,Undrafted,Undrafted,28,5.8,1.6,1.9,0.8,0.035,0.079,0.167,0.58,0.193,2024-25,Regular Season
1642439,Quincy Olivari,PG,1610612747,LAL,24.0,6-3,75,200.0,Xavier,USA,Undrafted,Undrafted,Undrafted,2,1.5,0.0,0.5,-81.8,0.0,0.0,0.231,0.3,0.2,2024-25,Regular Season
1642366,Quinten Post,PF,1610612744,GSW,25.0,7-0,84,238.0,Boston College,Netherlands,2024,2,52,42,8.1,3.5,1.3,2.4,0.049,0.166,0.197,0.595,0.131,2024-25,Regular Season
1629628,RJ Barrett,SF,1610612761,TOR,25.0,6-6,78,214.0,Duke,Canada,2019,1,3,58,21.1,6.3,5.4,-3.4,0.031,0.159,0.281,0.547,0.257,2024-25,Regular Season
1642484,RayJ Dennis,PG,1610612754,IND,24.0,6-2,74,180.0,Baylor,USA,Undrafted,Undrafted,Undrafted,11,2.7,1.1,1.3,27.3,0.025,0.116,0.212,0.443,0.255,2024-25,Regular Season
1641712,Rayan Rupert,SG,1610612757,POR,21.0,6-6,78,195.0,,France,2023,2,43,52,3.0,1.3,0.5,-9.2,0.049,0.097,0.156,0.499,0.083,2024-25,Regular Season
1641736,Reece Beekman,PG,1610612751,BKN,23.0,6-3,75,190.0,Virginia,USA,Undrafted,Undrafted,Undrafted,36,2.6,1.1,1.8,-12.0,0.024,0.061,0.122,0.4,0.205,2024-25,Regular Season
1642263,Reed Sheppard,PG,1610612745,HOU,21.0,6-2,74,185.0,Kentucky,USA,2024,1,3,52,4.4,1.5,1.4,-2.7,0.022,0.086,0.171,0.465,0.153,2024-25,Regular Season
202704,Reggie Jackson,PG,1610612755,PHI,35.0,6-2,74,208.0,Boston College,USA,2011,1,24,31,4.4,1.4,1.5,-3.5,0.02,0.093,0.17,0.496,0.172,2024-25,Regular Season
1626158,Richaun Holmes,PF,1610612764,WAS,31.0,6-9,81,235.0,Bowling Green,USA,2015,2,37,31,7.4,5.7,1.4,-4.3,0.113,0.208,0.143,0.695,0.112,2024-25,Regular Season
1641741,Ricky Council IV,SF,1610612755,PHI,23.0,6-6,78,207.0,Arkansas,USA,Undrafted,Undrafted,Undrafted,73,7.3,2.9,1.3,-6.1,0.039,0.13,0.196,0.502,0.115,2024-25,Regular Season
1642434,Riley Minix,SF,1610612759,SAS,24.0,6-7,79,230.0,Morehead State,USA,Undrafted,Undrafted,Undrafted,1,0.0,2.0,0.0,0.0,0.0,0.2,0.063,0.0,0.0,2024-25,Regular Season
1642265,Rob Dillingham,PG,1610612750,MIN,20.0,6-3,75,175.0,Kentucky,USA,2024,1,8,49,4.5,1.0,2.0,1.2,0.022,0.07,0.215,0.503,0.283,2024-25,Regular Season
1629057,Robert Williams III,PF,1610612757,POR,27.0,6-9,81,249.0,Texas A&M,USA,2018,1,27,20,5.8,5.9,1.1,-2.0,0.097,0.217,0.12,0.679,0.09,2024-25,Regular Season
1631199,Ron Harper Jr.,SF,1610612765,DET,25.0,6-4,76,233.0,Rutgers,USA,Undrafted,Undrafted,Undrafted,1,4.0,7.0,2.0,3.9,0.182,0.2,0.205,0.225,0.143,2024-25,Regular Season
1641842,Ronald Holland II,PF,1610612765,DET,19.0,6-8,80,206.0,,USA,2024,1,5,81,6.4,2.7,1.0,-1.0,0.03,0.136,0.177,0.556,0.095,2024-25,Regular Season
1626220,Royce O'Neale,SF,1610612756,PHX,32.0,6-6,78,226.0,Baylor,USA,Undrafted,Undrafted,Undrafted,75,9.1,4.7,2.2,-4.2,0.029,0.157,0.151,0.585,0.128,2024-25,Regular Season
203497,Rudy Gobert,C,1610612750,MIN,33.0,7-1,85,258.0,,France,2013,1,27,72,12.0,10.9,1.8,6.7,0.111,0.21,0.129,0.687,0.075,2024-25,Regular Season
1629060,Rui Hachimura,PF,1610612747,LAL,27.0,6-8,80,230.0,Gonzaga,Japan,2019,1,9,59,13.1,5.0,1.4,3.9,0.044,0.111,0.156,0.619,0.063,2024-25,Regular Season
201566,Russell Westbrook,PG,1610612743,DEN,36.0,6-4,76,200.0,UCLA,USA,2008,1,4,75,13.3,4.9,6.1,-0.6,0.05,0.119,0.23,0.532,0.289,2024-25,Regular Season
1642346,Ryan Dunn,SF,1610612756,PHX,22.0,6-8,80,216.0,Virginia,USA,2024,1,28,74,6.9,3.6,0.8,-4.7,0.063,0.117,0.161,0.517,0.059,2024-25,Regular Season
1631157,Ryan Rollins,PG,1610612749,MIL,22.0,6-3,75,180.0,Toledo,USA,2022,2,44,56,6.2,1.9,1.9,5.4,0.027,0.098,0.179,0.6,0.173,2024-25,Regular Season
1630573,Sam Hauser,PF,1610612738,BOS,27.0,6-7,79,217.0,Virginia,USA,Undrafted,Undrafted,Undrafted,71,8.5,3.2,0.9,10.0,0.027,0.113,0.14,0.632,0.057,2024-25,Regular Season
1630241,Sam Merrill,SG,1610612739,CLE,29.0,6-4,76,205.0,Utah State,USA,2020,2,60,71,7.2,2.2,1.5,10.3,0.026,0.077,0.14,0.583,0.099,2024-25,Regular Season
1630572,Sandro Mamukelashvili,PF,1610612759,SAS,26.0,6-9,81,240.0,Seton Hall,Georgia,2021,2,54,61,6.3,3.1,0.8,-1.4,0.086,0.176,0.202,0.628,0.108,2024-25,Regular Season
1630583,Santi Aldama,PF,1610612763,MEM,24.0,7-0,84,215.0,Loyola-Maryland,Spain,2021,1,30,65,12.5,6.4,2.9,3.5,0.052,0.181,0.179,0.588,0.149,2024-25,Regular Season
1630703,Scoot Henderson,PG,1610612757,POR,21.0,6-3,75,206.0,,USA,2023,1,3,66,12.7,3.0,5.1,-1.3,0.028,0.083,0.22,0.54,0.274,2024-25,Regular Season
1630567,Scottie Barnes,PF,1610612761,TOR,23.0,6-7,79,237.0,Florida State,USA,2021,1,4,65,19.3,7.7,5.8,-2.7,0.047,0.176,0.262,0.523,0.279,2024-25,Regular Season
1630590,Scotty Pippen Jr.,PG,1610612763,MEM,24.0,6-1,73,170.0,Vanderbilt,USA,Undrafted,Undrafted,Undrafted,79,9.9,3.3,4.4,1.3,0.035,0.105,0.188,0.582,0.283,2024-25,Regular Season
203552,Seth Curry,SG,1610612766,CHA,34.0,6-1,73,185.0,Duke,USA,Undrafted,Undrafted,Undrafted,68,6.5,1.7,0.9,-8.0,0.02,0.081,0.151,0.616,0.087,2024-25,Regular Season
1631101,Shaedon Sharpe,SG,1610612757,POR,22.0,6-5,77,208.0,Kentucky,Canada,2022,1,7,72,18.5,4.5,2.8,-3.0,0.029,0.114,0.25,0.551,0.138,2024-25,Regular Season
1628983,Shai Gilgeous-Alexander,PG,1610612760,OKC,26.0,6-6,78,195.0,Kentucky,Canada,2018,1,11,76,32.7,5.0,6.4,16.7,0.025,0.112,0.336,0.637,0.299,2024-25,Regular Season
1629003,Shake Milton,SG,1610612747,LAL,28.0,6-5,77,205.0,Southern Methodist,USA,2018,2,54,57,5.5,1.8,1.8,-6.9,0.036,0.086,0.162,0.563,0.184,2024-25,Regular Season
1631321,Sidy Cissoko,SF,1610612757,POR,21.0,6-6,78,200.0,,France,2023,2,44,22,1.5,1.0,0.7,2.1,0.068,0.1,0.156,0.471,0.197,2024-25,Regular Season
1631323,Simone Fontecchio,SF,1610612765,DET,29.0,6-7,79,209.0,,Italy,Undrafted,Undrafted,Undrafted,75,5.9,2.9,0.9,1.2,0.04,0.127,0.152,0.544,0.071,2024-25,Regular Season
1627746,Skal Labissiere,PF,1610612758,SAC,29.0,6-10,82,235.0,Kentucky,Haiti,2016,1,28,4,1.3,0.8,0.3,-13.2,0.083,0.222,0.129,0.625,0.125,2024-25,Regular Season
203915,Spencer Dinwiddie,PG,1610612742,DAL,32.0,6-5,77,215.0,Colorado,USA,2014,2,38,79,11.0,2.6,4.4,-5.0,0.008,0.086,0.175,0.553,0.228,2024-25,Regular Season
1642461,Spencer Jones,SF,1610612743,DEN,24.0,6-7,79,225.0,Stanford,USA,Undrafted,Undrafted,Undrafted,20,1.3,0.9,0.3,-18.0,0.057,0.067,0.128,0.368,0.06,2024-25,Regular Season
1630649,Stanley Umude,SG,1610612749,MIL,26.0,6-6,78,210.0,Arkansas,USA,Undrafted,Undrafted,Undrafted,22,0.7,0.8,0.2,-10.1,0.043,0.131,0.137,0.27,0.071,2024-25,Regular Season
201939,Stephen Curry,PG,1610612744,GSW,37.0,6-2,74,185.0,Davidson,USA,2009,1,7,70,24.5,4.4,6.0,5.7,0.017,0.118,0.286,0.618,0.284,2024-25,Regular Season
1642264,Stephon Castle,PG,1610612759,SAS,20.0,6-6,78,215.0,Connecticut,USA,2024,1,4,81,14.7,3.7,4.1,-4.7,0.039,0.092,0.253,0.522,0.231,2024-25,Regular Season
203500,Steven Adams,C,1610612745,HOU,31.0,6-11,83,265.0,Pittsburgh,New Zealand,2013,1,12,58,3.9,5.6,1.1,9.4,0.181,0.193,0.127,0.541,0.107,2024-25,Regular Season
1629004,Svi Mykhailiuk,SF,1610612762,UTA,28.0,6-7,79,205.0,Kansas,Ukraine,2018,2,47,38,8.8,2.4,2.0,-7.4,0.026,0.085,0.198,0.526,0.144,2024-25,Regular Season
204456,T.J. McConnell,PG,1610612754,IND,33.0,6-1,73,190.0,Arizona,USA,2015,0,,79,9.1,2.4,4.4,-2.7,0.032,0.104,0.226,0.547,0.359,2024-25,Regular Season
201959,Taj Gibson,C,1610612766,CHA,40.0,6-9,81,232.0,Southern California,USA,2009,1,26,37,2.9,3.2,0.6,-13.8,0.114,0.151,0.132,0.515,0.081,2024-25,Regular Season
1629659,Talen Horton-Tucker,SG,1610612741,CHI,24.0,6-4,76,234.0,Iowa State,USA,2019,2,46,58,6.5,1.7,1.4,1.7,0.025,0.097,0.208,0.567,0.162,2024-25,Regular Season
1631106,Tari Eason,PF,1610612745,HOU,24.0,6-8,80,215.0,Louisiana State,USA,2022,1,17,57,12.0,6.4,1.5,5.6,0.081,0.158,0.185,0.567,0.082,2024-25,Regular Season
1627752,Taurean Prince,SF,1610612749,MIL,31.0,6-6,78,218.0,Baylor,USA,2016,1,12,80,8.2,3.6,1.9,-0.4,0.016,0.11,0.123,0.613,0.093,2024-25,Regular Season
1641707,Taylor Hendricks,PF,1610612762,UTA,21.0,6-9,81,215.0,Central Florida,USA,2023,1,9,3,4.7,5.0,0.7,-13.5,0.054,0.115,0.113,0.354,0.04,2024-25,Regular Season
1631386,Taze Moore,SG,1610612757,POR,27.0,6-5,77,195.0,Houston,USA,Undrafted,Undrafted,Undrafted,2,3.0,4.0,0.5,-18.6,0.121,0.16,0.224,0.276,0.125,2024-25,Regular Season
1629611,Terance Mann,SG,1610612737,ATL,28.0,6-5,77,215.0,Florida State,USA,2019,2,48,67,7.7,3.0,1.8,-2.3,0.047,0.094,0.145,0.584,0.118,2024-25,Regular Season
1629056,Terence Davis,SG,1610612758,SAC,28.0,6-4,76,201.0,Mississippi,USA,Undrafted,Undrafted,Undrafted,1,0.0,1.0,1.0,-20.0,0.0,0.111,0.111,0.0,0.167,2024-25,Regular Season
1630545,Terrence Shannon Jr.,SG,1610612750,MIN,24.0,6-6,78,215.0,Illinois,USA,2024,1,27,32,4.3,1.5,1.0,0.8,0.029,0.1,0.166,0.56,0.139,2024-25,Regular Season
1626179,Terry Rozier,PG,1610612748,MIA,31.0,6-1,73,190.0,Louisville,USA,2015,1,16,64,10.6,3.7,2.6,-4.9,0.025,0.113,0.195,0.497,0.152,2024-25,Regular Season
1630678,Terry Taylor,PF,1610612758,SAC,25.0,6-4,76,230.0,Austin Peay,USA,Undrafted,Undrafted,Undrafted,3,0.0,0.3,0.7,64.3,0.25,0.0,0.067,0.0,0.286,2024-25,Regular Season
1628418,Thomas Bryant,C,1610612754,IND,27.0,6-10,82,248.0,Indiana,USA,2017,2,42,66,6.5,3.8,0.8,-3.5,0.085,0.169,0.162,0.614,0.078,2024-25,Regular Season
1642275,Tidjane Salaün,PF,1610612766,CHA,19.0,6-8,80,207.0,,France,2024,1,6,60,5.9,4.7,1.2,-11.9,0.05,0.168,0.15,0.457,0.092,2024-25,Regular Season
203501,Tim Hardaway Jr.,SG,1610612765,DET,33.0,6-5,77,205.0,Michigan,USA,2013,1,24,77,11.0,2.4,1.6,-0.5,0.008,0.075,0.151,0.567,0.074,2024-25,Regular Season
202699,Tobias Harris,PF,1610612765,DET,32.0,6-8,80,226.0,Tennessee,USA,2011,1,19,73,13.7,5.9,2.2,3.9,0.028,0.155,0.173,0.571,0.095,2024-25,Regular Season
1642449,Tolu Smith,PF,1610612765,DET,24.0,6-11,83,,Mississippi State,USA,Undrafted,Undrafted,Undrafted,1,14.0,8.0,0.0,12.9,0.129,0.2,0.2,0.678,0.0,2024-25,Regular Season
1628396,Tony Bradley,C,1610612754,IND,27.0,6-11,83,248.0,North Carolina,USA,2017,1,28,14,4.4,3.0,0.4,19.0,0.151,0.192,0.182,0.64,0.08,2024-25,Regular Season
1628470,Torrey Craig,SF,1610612738,BOS,34.0,6-5,77,221.0,South Carolina Upstate,USA,Undrafted,Undrafted,Undrafted,26,4.2,2.8,0.7,-5.0,0.076,0.138,0.139,0.567,0.078,2024-25,Regular Season
1641787,Tosan Evbuomwan,SF,1610612751,BKN,24.0,6-7,79,217.0,Princeton,United Kingdom,Undrafted,Undrafted,Undrafted,28,9.5,4.3,2.0,-5.0,0.044,0.136,0.183,0.53,0.132,2024-25,Regular Season
1641739,Toumani Camara,PF,1610612757,POR,25.0,6-7,79,229.0,Dayton,Belgium,2023,2,52,78,11.3,5.8,2.2,-1.8,0.063,0.11,0.143,0.572,0.096,2024-25,Regular Season
1629027,Trae Young,PG,1610612737,ATL,26.0,6-1,73,164.0,Oklahoma,USA,2018,1,5,76,24.2,3.1,11.6,0.6,0.012,0.072,0.285,0.567,0.452,2024-25,Regular Season
1631218,Trayce Jackson-Davis,C,1610612744,GSW,25.0,6-9,81,245.0,Indiana,USA,2023,2,57,62,6.6,5.0,1.7,-3.5,0.115,0.192,0.164,0.587,0.163,2024-25,Regular Season
1630200,Tre Jones,PG,1610612741,CHI,25.0,6-1,73,185.0,Duke,USA,2020,2,41,46,7.2,2.5,4.2,-1.5,0.032,0.086,0.136,0.617,0.289,2024-25,Regular Season
1630544,Tre Mann,PG,1610612766,CHA,24.0,6-3,75,178.0,Florida,USA,2021,1,18,13,14.1,2.9,3.0,-7.3,0.034,0.079,0.25,0.537,0.219,2024-25,Regular Season
1630570,Trendon Watford,PF,1610612751,BKN,24.0,6-8,80,237.0,Louisiana State,USA,Undrafted,Undrafted,Undrafted,44,10.2,3.6,2.6,-4.4,0.038,0.132,0.226,0.557,0.211,2024-25,Regular Season
1642280,Trentyn Flowers,SF,1610612746,LAC,20.0,6-9,81,185.0,,USA,Undrafted,Undrafted,Undrafted,6,1.8,0.7,0.0,-13.2,0.042,0.097,0.194,0.446,0.0,2024-25,Regular Season
1630243,Trevelin Queen,SG,1610612753,ORL,28.0,6-5,77,190.0,New Mexico State,USA,Undrafted,Undrafted,Undrafted,31,4.9,1.7,1.2,-9.2,0.056,0.071,0.176,0.486,0.141,2024-25,Regular Season
1641725,Trey Alexander,SG,1610612743,DEN,22.0,6-4,76,185.0,Creighton,USA,Undrafted,Undrafted,Undrafted,24,1.3,0.5,0.5,-10.9,0.008,0.087,0.165,0.374,0.136,2024-25,Regular Season
1641998,Trey Jemison III,C,1610612747,LAL,25.0,6-11,83,270.0,Alabama-Birmingham,USA,Undrafted,Undrafted,Undrafted,38,2.5,2.8,0.4,-2.2,0.114,0.141,0.121,0.537,0.058,2024-25,Regular Season
1626168,Trey Lyles,PF,1610612758,SAC,29.0,6-9,81,234.0,Kentucky,Canada,2015,1,12,69,6.5,4.6,1.2,-2.0,0.056,0.177,0.139,0.551,0.084,2024-25,Regular Season
1630530,Trey Murphy III,SF,1610612740,NOP,25.0,6-8,80,206.0,Virginia,USA,2021,1,17,53,21.2,5.1,3.5,-9.7,0.024,0.117,0.229,0.598,0.157,2024-25,Regular Season
202684,Tristan Thompson,C,1610612739,CLE,34.0,6-9,81,254.0,Texas-Austin,Canada,2011,1,4,40,1.7,3.4,0.6,-12.5,0.084,0.271,0.123,0.41,0.109,2024-25,Regular Season
1641774,Tristan Vukcevic,C,1610612764,WAS,22.0,7-0,84,220.0,,Italy,2023,2,42,35,9.4,3.7,1.1,-11.7,0.046,0.186,0.252,0.608,0.136,2024-25,Regular Season
1641783,Tristan da Silva,SF,1610612753,ORL,24.0,6-8,80,217.0,Colorado,Germany,2024,1,18,74,7.2,3.3,1.5,-4.2,0.042,0.114,0.149,0.522,0.105,2024-25,Regular Season
1641803,Tristen Newton,SG,1610612750,MIN,24.0,6-5,77,190.0,Connecticut,USA,2024,2,49,8,0.4,0.5,0.3,-14.2,0.071,0.111,0.185,0.178,0.182,2024-25,Regular Season
1629660,Ty Jerome,SG,1610612739,CLE,27.0,6-5,77,195.0,Virginia,USA,2019,1,24,70,12.5,2.5,3.4,9.9,0.036,0.083,0.229,0.643,0.241,2024-25,Regular Season
1631102,TyTy Washington Jr.,PG,1610612756,PHX,23.0,6-3,75,195.0,Kentucky,USA,2022,1,29,16,2.2,0.8,1.0,3.5,0.031,0.07,0.187,0.367,0.188,2024-25,Regular Season
1629639,Tyler Herro,SG,1610612748,MIA,25.0,6-5,77,195.0,Kentucky,USA,2019,1,13,77,23.9,5.2,5.5,1.3,0.013,0.132,0.271,0.605,0.254,2024-25,Regular Season
1642278,Tyler Kolek,PG,1610612752,NYK,24.0,6-3,75,195.0,Marquette,USA,2024,2,34,41,2.0,0.7,1.7,-0.3,0.027,0.059,0.152,0.453,0.321,2024-25,Regular Season
1641890,Tyler Smith,PF,1610612749,MIL,20.0,6-9,81,224.0,,USA,2024,2,33,23,2.9,1.1,0.2,7.1,0.05,0.143,0.205,0.626,0.056,2024-25,Regular Season
1630169,Tyrese Haliburton,PG,1610612754,IND,25.0,6-5,77,185.0,Iowa State,USA,2020,1,12,73,18.6,3.5,9.2,3.5,0.017,0.087,0.21,0.616,0.384,2024-25,Regular Season
1631213,Tyrese Martin,SG,1610612751,BKN,26.0,6-6,78,215.0,Connecticut,USA,2022,2,51,60,8.7,3.7,2.0,-10.2,0.04,0.133,0.179,0.533,0.15,2024-25,Regular Season
1630178,Tyrese Maxey,PG,1610612755,PHI,24.0,6-2,74,200.0,Kentucky,USA,2020,1,21,52,26.3,3.3,6.1,-3.5,0.007,0.087,0.293,0.562,0.276,2024-25,Regular Season
1630623,Tyson Etienne,PG,1610612751,BKN,25.0,6-2,74,200.0,Wichita State,USA,Undrafted,Undrafted,Undrafted,7,7.9,1.3,1.7,-20.5,0.018,0.046,0.177,0.488,0.126,2024-25,Regular Season
1626145,Tyus Jones,PG,1610612756,PHX,29.0,6-1,73,196.0,Duke,USA,2015,1,24,81,10.2,2.4,5.3,-2.5,0.019,0.069,0.16,0.585,0.276,2024-25,Regular Season
1642279,Ulrich Chomche,PF,1610612761,TOR,19.0,6-11,83,235.0,,Cameroon,2024,2,57,7,0.7,1.1,0.3,-43.4,0.129,0.182,0.108,0.425,0.111,2024-25,Regular Season
203995,Vasilije Micic,PG,1610612756,PHX,31.0,6-3,75,188.0,,Serbia,2014,2,52,41,6.6,2.2,3.1,-7.2,0.023,0.085,0.199,0.462,0.258,2024-25,Regular Season
1641705,Victor Wembanyama,C,1610612759,SAS,21.0,7-3,87,235.0,,France,2023,1,1,46,24.3,11.0,3.7,2.6,0.054,0.255,0.3,0.594,0.184,2024-25,Regular Season
1631246,Vince Williams Jr.,SG,1610612763,MEM,24.0,6-4,76,205.0,Va Commonwealth,USA,2022,2,47,27,6.6,3.6,2.0,1.2,0.042,0.15,0.166,0.504,0.14,2024-25,Regular Season
1628427,Vlatko Čančar,PF,1610612743,DEN,28.0,6-8,80,236.0,,Slovenia,2017,2,49,13,1.8,2.5,0.7,-6.9,0.038,0.17,0.109,0.462,0.095,2024-25,Regular Season
1630249,Vít Krejčí,PG,1610612737,ATL,25.0,6-8,80,195.0,,Czech Republic,2020,2,37,57,7.2,2.7,2.6,-1.9,0.019,0.116,0.131,0.661,0.175,2024-25,Regular Season
1631117,Walker Kessler,C,1610612762,UTA,23.0,7-0,84,245.0,Auburn,USA,2022,1,22,58,11.1,12.2,1.7,-9.1,0.145,0.235,0.133,0.66,0.083,2024-25,Regular Season
1628976,Wendell Carter Jr.,C,1610612753,ORL,26.0,6-10,82,270.0,Duke,USA,2018,1,7,68,9.1,7.2,2.0,0.0,0.083,0.202,0.159,0.544,0.117,2024-25,Regular Season
1631111,Wendell Moore Jr.,SG,1610612766,CHA,23.0,6-5,77,215.0,Duke,USA,2022,1,26,36,4.2,2.6,1.2,-12.4,0.053,0.132,0.133,0.553,0.13,2024-25,Regular Season
1630214,Xavier Tillman,SF,1610612738,BOS,26.0,6-7,79,245.0,Michigan State,USA,2020,2,35,33,1.0,1.3,0.2,-2.3,0.041,0.146,0.125,0.31,0.043,2024-25,Regular Season
1642530,Yuki Kawamura,PG,1610612763,MEM,24.0,5-8,68,159.0,,Japan,Undrafted,Undrafted,Undrafted,22,1.6,0.5,0.9,12.1,0.0,0.114,0.167,0.53,0.257,2024-25,Regular Season
1641879,Yuri Collins,PG,1610612744,GSW,24.0,6-0,72,190.0,St. Louis,USA,Undrafted,Undrafted,Undrafted,2,1.0,1.5,2.0,-17.0,0.083,0.071,0.068,0.333,0.333,2024-25,Regular Season
1642274,Yves Missi,C,1610612740,NOP,21.0,6-11,83,235.0,Baylor,Cameroon,2024,1,21,73,9.1,8.2,1.4,-12.7,0.122,0.177,0.141,0.572,0.072,2024-25,Regular Season
1642258,Zaccharie Risacher,SF,1610612737,ATL,20.0,6-8,80,200.0,,France,2024,1,1,75,12.6,3.6,1.2,-2.7,0.044,0.099,0.203,0.558,0.068,2024-25,Regular Season
1628380,Zach Collins,PF,1610612741,CHI,27.0,6-11,83,250.0,Gonzaga,USA,2017,1,10,64,6.4,4.5,1.7,-0.4,0.096,0.177,0.166,0.605,0.162,2024-25,Regular Season
1641744,Zach Edey,C,1610612763,MEM,23.0,7-4,88,305.0,Purdue,Canada,2024,1,9,66,9.2,8.3,1.0,5.3,0.153,0.204,0.156,0.624,0.059,2024-25,Regular Season
203897,Zach LaVine,SF,1610612758,SAC,30.0,6-5,77,200.0,UCLA,USA,2014,1,13,74,23.3,4.3,4.2,-1.4,0.009,0.107,0.251,0.639,0.178,2024-25,Regular Season
1630192,Zeke Nnaji,PF,1610612743,DEN,24.0,6-9,81,240.0,Arizona,USA,2020,1,22,57,3.2,1.6,0.4,-1.6,0.052,0.081,0.119,0.574,0.051,2024-25,Regular Season
1630533,Ziaire Williams,SF,1610612751,BKN,23.0,6-9,81,185.0,Stanford,USA,2021,1,10,63,10.0,4.6,1.3,-9.7,0.037,0.154,0.179,0.55,0.086,2024-25,Regular Season
1629627,Zion Williamson,PF,1610612740,NOP,24.0,6-6,78,284.0,Duke,USA,2019,1,1,30,24.6,7.2,5.3,-1.8,0.08,0.152,0.325,0.6,0.325,2024-25,Regular Season
1642389,Zyon Pullin,SG,1610612763,MEM,24.0,6-4,76,206.0,Florida,USA,Undrafted,Undrafted,Undrafted,3,0.0,0.0,0.0,16.7,0.0,0.0,0.167,0.0,0.0,2024-25,Regular Season
