PLAYER_ID,PLAYER_NAME,TEAM_ID,TEAM_ABBREVIATION,GP,W,L,MIN,DREB,DREB_CONTEST,DREB_UNCONTEST,DREB_CONTEST_PCT,DREB_CHANCES,DREB_CHANCE_PCT,DREB_CHANCE_DEFER,DREB_CHANCE_PCT_ADJ,SEASON,SEASON_TYPE,PT_MEASURE_TYPE,REBOUNDING_SCOPE
1630639,A.J. Lawson,1610612742,DAL,8,1,7,84.0,15,5,10,0.333,19,0.789,3,0.938,2022-23,Regular Season,Rebounding,defensive
1631260,AJ Green,1610612749,MIL,23,16,7,298.0,39,14,25,0.359,62,0.629,6,0.696,2022-23,Regular Season,Rebounding,defensive
1631100,AJ Griffin,1610612737,ATL,63,27,36,1309.0,116,25,91,0.216,190,0.611,11,0.648,2022-23,Regular Season,Rebounding,defensive
203932,Aaron Gordon,1610612743,DEN,67,44,23,2031.0,282,71,211,0.252,436,0.647,26,0.688,2022-23,Regular Season,Rebounding,defensive
1628988,Aaron Holiday,1610612737,ATL,39,18,21,629.0,49,5,44,0.102,81,0.605,6,0.653,2022-23,Regular Season,Rebounding,defensive
1630174,Aaron Nesmith,1610612754,IND,71,29,42,1794.0,215,46,169,0.214,428,0.502,48,0.566,2022-23,Regular Season,Rebounding,defensive
1630598,Aaron Wiggins,1610612760,OKC,64,34,30,1244.0,142,42,100,0.296,256,0.555,28,0.623,2022-23,Regular Season,Rebounding,defensive
1629678,Admiral Schofield,1610612753,ORL,24,11,13,360.0,39,11,28,0.282,84,0.464,8,0.513,2022-23,Regular Season,Rebounding,defensive
201143,Al Horford,1610612738,BOS,63,44,19,1921.0,317,89,228,0.281,512,0.619,53,0.691,2022-23,Regular Season,Rebounding,defensive
202692,Alec Burks,1610612765,DET,44,11,33,992.0,138,29,109,0.21,209,0.66,11,0.697,2022-23,Regular Season,Rebounding,defensive
1630197,Aleksej Pokusevski,1610612760,OKC,33,16,17,691.0,114,39,75,0.342,224,0.509,33,0.597,2022-23,Regular Season,Rebounding,defensive
1627936,Alex Caruso,1610612741,CHI,59,27,32,1418.0,152,18,134,0.118,263,0.578,21,0.628,2022-23,Regular Season,Rebounding,defensive
203458,Alex Len,1610612758,SAC,17,9,8,147.0,36,8,28,0.222,55,0.655,5,0.72,2022-23,Regular Season,Rebounding,defensive
1628993,Alize Johnson,1610612759,SAS,4,1,3,30.0,8,1,7,0.125,12,0.667,0,0.667,2022-23,Regular Season,Rebounding,defensive
1631214,Alondes Williams,1610612751,BKN,1,1,0,5.0,1,0,1,0.0,1,1.0,0,1.0,2022-23,Regular Season,Rebounding,defensive
1630578,Alperen Sengun,1610612745,HOU,75,18,57,2171.0,436,139,298,0.319,720,0.606,79,0.68,2022-23,Regular Season,Rebounding,defensive
1629599,Amir Coffey,1610612746,LAC,26,11,15,507.0,36,4,32,0.111,70,0.514,6,0.563,2022-23,Regular Season,Rebounding,defensive
203083,Andre Drummond,1610612741,CHI,67,32,35,849.0,306,116,189,0.379,417,0.734,24,0.779,2022-23,Regular Season,Rebounding,defensive
2738,Andre Iguodala,1610612744,GSW,6,2,4,80.0,10,2,8,0.2,21,0.476,3,0.556,2022-23,Regular Season,Rebounding,defensive
1629614,Andrew Nembhard,1610612754,IND,71,30,41,1979.0,164,27,137,0.165,272,0.603,18,0.646,2022-23,Regular Season,Rebounding,defensive
203952,Andrew Wiggins,1610612744,GSW,35,17,18,1134.0,123,19,104,0.154,229,0.537,25,0.603,2022-23,Regular Season,Rebounding,defensive
1629014,Anfernee Simons,1610612757,POR,57,26,31,1986.0,143,27,116,0.189,223,0.641,19,0.701,2022-23,Regular Season,Rebounding,defensive
203076,Anthony Davis,1610612747,LAL,56,31,25,1905.0,507,224,281,0.442,795,0.638,72,0.701,2022-23,Regular Season,Rebounding,defensive
1630162,Anthony Edwards,1610612750,MIN,76,39,37,2769.0,408,77,331,0.189,644,0.634,51,0.688,2022-23,Regular Season,Rebounding,defensive
1630264,Anthony Gill,1610612764,WAS,42,13,29,553.0,62,17,45,0.274,97,0.639,10,0.713,2022-23,Regular Season,Rebounding,defensive
1630237,Anthony Lamb,1610612744,GSW,54,29,25,1083.0,156,47,109,0.301,302,0.517,34,0.582,2022-23,Regular Season,Rebounding,defensive
1630559,Austin Reaves,1610612747,LAL,57,32,25,1672.0,160,14,145,0.088,277,0.578,29,0.645,2022-23,Regular Season,Rebounding,defensive
203085,Austin Rivers,1610612750,MIN,36,16,20,807.0,78,7,71,0.09,119,0.655,9,0.709,2022-23,Regular Season,Rebounding,defensive
1630245,Ayo Dosunmu,1610612741,CHI,66,33,33,1809.0,173,24,147,0.139,286,0.605,31,0.678,2022-23,Regular Season,Rebounding,defensive
1628389,Bam Adebayo,1610612748,MIA,75,40,35,2598.0,504,163,341,0.323,780,0.646,66,0.706,2022-23,Regular Season,Rebounding,defensive
1627732,Ben Simmons,1610612751,BKN,42,24,18,1105.0,223,51,173,0.229,347,0.643,27,0.697,2022-23,Regular Season,Rebounding,defensive
1631097,Bennedict Mathurin,1610612754,IND,76,32,44,2206.0,231,36,195,0.156,387,0.597,38,0.662,2022-23,Regular Season,Rebounding,defensive
202687,Bismack Biyombo,1610612756,PHX,56,30,26,846.0,171,46,125,0.269,314,0.545,34,0.611,2022-23,Regular Season,Rebounding,defensive
201933,Blake Griffin,1610612738,BOS,36,24,12,538.0,108,43,65,0.398,177,0.61,17,0.675,2022-23,Regular Season,Rebounding,defensive
1631104,Blake Wesley,1610612759,SAS,24,6,18,473.0,62,7,55,0.113,97,0.639,6,0.681,2022-23,Regular Season,Rebounding,defensive
1626246,Boban Marjanovic,1610612745,HOU,27,7,20,158.0,40,12,28,0.3,63,0.635,4,0.678,2022-23,Regular Season,Rebounding,defensive
1626171,Bobby Portis,1610612749,MIL,70,47,23,1818.0,518,116,401,0.224,769,0.674,60,0.731,2022-23,Regular Season,Rebounding,defensive
203992,Bogdan Bogdanović,1610612737,ATL,51,26,25,1436.0,142,33,109,0.232,235,0.604,24,0.673,2022-23,Regular Season,Rebounding,defensive
202711,Bojan Bogdanovic,1610612765,DET,57,15,42,1839.0,184,23,159,0.125,311,0.592,24,0.641,2022-23,Regular Season,Rebounding,defensive
1629626,Bol Bol,1610612753,ORL,70,26,44,1505.0,336,54,282,0.161,460,0.73,28,0.778,2022-23,Regular Season,Rebounding,defensive
1630538,Bones Hyland,1610612746,LAC,49,33,16,1011.0,115,18,97,0.157,190,0.605,12,0.646,2022-23,Regular Season,Rebounding,defensive
203078,Bradley Beal,1610612764,WAS,49,23,26,1643.0,155,34,121,0.219,247,0.628,19,0.68,2022-23,Regular Season,Rebounding,defensive
1630527,Brandon Boston,1610612746,LAC,15,6,9,228.0,23,5,18,0.217,47,0.489,1,0.5,2022-23,Regular Season,Rebounding,defensive
1629634,Brandon Clarke,1610612763,MEM,56,32,24,1090.0,218,69,149,0.317,370,0.589,33,0.647,2022-23,Regular Season,Rebounding,defensive
1627742,Brandon Ingram,1610612740,NOP,45,23,22,1538.0,223,46,177,0.206,330,0.676,21,0.722,2022-23,Regular Season,Rebounding,defensive
1630296,Braxton Key,1610612765,DET,1,0,1,2.0,1,0,1,0.0,1,1.0,0,1.0,2022-23,Regular Season,Rebounding,defensive
201572,Brook Lopez,1610612749,MIL,77,56,21,2342.0,363,140,219,0.386,654,0.555,71,0.623,2022-23,Regular Season,Rebounding,defensive
1628971,Bruce Brown,1610612743,DEN,76,49,27,2204.0,265,45,220,0.17,448,0.592,36,0.643,2022-23,Regular Season,Rebounding,defensive
1628981,Bruno Fernando,1610612737,ATL,34,11,23,378.0,83,21,61,0.253,149,0.557,16,0.624,2022-23,Regular Season,Rebounding,defensive
1631121,Bryce McGowens,1610612766,CHA,37,12,25,734.0,73,13,60,0.178,123,0.593,11,0.652,2022-23,Regular Season,Rebounding,defensive
1627854,Bryn Forbes,1610612750,MIN,11,4,7,132.0,11,4,7,0.364,18,0.611,1,0.647,2022-23,Regular Season,Rebounding,defensive
1631205,Buddy Boeheim,1610612765,DET,5,0,5,50.0,4,1,3,0.25,6,0.667,1,0.8,2022-23,Regular Season,Rebounding,defensive
1627741,Buddy Hield,1610612754,IND,79,35,44,2457.0,333,48,285,0.144,566,0.588,56,0.653,2022-23,Regular Season,Rebounding,defensive
203468,CJ McCollum,1610612740,NOP,72,36,36,2541.0,273,34,239,0.125,428,0.638,28,0.683,2022-23,Regular Season,Rebounding,defensive
1630595,Cade Cunningham,1610612765,DET,12,3,9,400.0,62,17,45,0.274,97,0.639,4,0.667,2022-23,Regular Season,Rebounding,defensive
1631216,Caleb Houstan,1610612753,ORL,41,14,27,728.0,65,13,52,0.2,114,0.57,14,0.65,2022-23,Regular Season,Rebounding,defensive
1628997,Caleb Martin,1610612748,MIA,68,37,31,2008.0,256,49,205,0.191,457,0.56,57,0.64,2022-23,Regular Season,Rebounding,defensive
1629629,Cam Reddish,1610612757,POR,31,12,19,830.0,70,16,54,0.229,110,0.636,9,0.693,2022-23,Regular Season,Rebounding,defensive
1630560,Cam Thomas,1610612751,BKN,42,23,19,841.0,87,17,68,0.195,161,0.54,14,0.592,2022-23,Regular Season,Rebounding,defensive
1629661,Cameron Johnson,1610612751,BKN,41,25,16,1195.0,151,27,124,0.179,252,0.599,24,0.662,2022-23,Regular Season,Rebounding,defensive
1626166,Cameron Payne,1610612756,PHX,42,24,18,847.0,94,6,88,0.064,154,0.61,15,0.676,2022-23,Regular Season,Rebounding,defensive
1627747,Caris LeVert,1610612739,CLE,72,44,28,2204.0,229,38,190,0.166,359,0.638,30,0.696,2022-23,Regular Season,Rebounding,defensive
1630637,Carlik Jones,1610612741,CHI,3,2,1,49.0,4,1,3,0.25,6,0.667,0,0.667,2022-23,Regular Season,Rebounding,defensive
1626224,Cedi Osman,1610612739,CLE,62,40,22,1327.0,151,30,121,0.199,239,0.632,20,0.689,2022-23,Regular Season,Rebounding,defensive
1628435,Chance Comanche,1610612757,POR,1,0,1,21.0,1,0,1,0.0,3,0.333,0,0.333,2022-23,Regular Season,Rebounding,defensive
1629646,Charles Bassey,1610612759,SAS,33,7,26,497.0,118,28,90,0.237,198,0.596,22,0.67,2022-23,Regular Season,Rebounding,defensive
1631320,Chima Moneke,1610612758,SAC,1,0,1,6.0,0,0,0,0.0,0,0.0,0,0.0,2022-23,Regular Season,Rebounding,defensive
1629002,Chimezie Metu,1610612758,SAC,55,36,19,622.0,151,36,115,0.238,219,0.689,10,0.722,2022-23,Regular Season,Rebounding,defensive
1628449,Chris Boucher,1610612761,TOR,76,39,37,1523.0,264,68,196,0.258,403,0.655,38,0.723,2022-23,Regular Season,Rebounding,defensive
1630537,Chris Duarte,1610612754,IND,41,17,24,850.0,96,16,80,0.167,170,0.565,20,0.64,2022-23,Regular Season,Rebounding,defensive
101108,Chris Paul,1610612756,PHX,58,33,25,1877.0,224,37,187,0.165,355,0.631,23,0.675,2022-23,Regular Season,Rebounding,defensive
1631128,Christian Braun,1610612743,DEN,57,37,20,1045.0,133,23,110,0.173,199,0.668,16,0.727,2022-23,Regular Season,Rebounding,defensive
1631132,Christian Koloko,1610612761,TOR,54,27,27,777.0,87,31,56,0.356,188,0.463,25,0.534,2022-23,Regular Season,Rebounding,defensive
1626174,Christian Wood,1610612742,DAL,67,33,34,1738.0,404,117,287,0.29,609,0.663,53,0.727,2022-23,Regular Season,Rebounding,defensive
1629643,Chuma Okeke,1610612753,ORL,22,7,15,492.0,70,15,55,0.214,107,0.654,8,0.707,2022-23,Regular Season,Rebounding,defensive
203991,Clint Capela,1610612737,ATL,65,35,30,1730.0,459,159,301,0.346,672,0.683,37,0.723,2022-23,Regular Season,Rebounding,defensive
1629632,Coby White,1610612741,CHI,64,30,34,1573.0,196,40,156,0.204,323,0.607,24,0.656,2022-23,Regular Season,Rebounding,defensive
1628998,Cody Martin,1610612766,CHA,6,1,5,133.0,16,5,11,0.313,23,0.696,2,0.762,2022-23,Regular Season,Rebounding,defensive
203469,Cody Zeller,1610612748,MIA,15,6,9,217.0,39,12,27,0.308,76,0.513,14,0.629,2022-23,Regular Season,Rebounding,defensive
1630175,Cole Anthony,1610612753,ORL,59,28,31,1523.0,241,31,210,0.129,396,0.609,42,0.681,2022-23,Regular Season,Rebounding,defensive
1631306,Cole Swider,1610612747,LAL,3,0,3,33.0,6,4,2,0.667,11,0.545,0,0.545,2022-23,Regular Season,Rebounding,defensive
1629012,Collin Sexton,1610612762,UTA,38,20,18,929.0,68,8,60,0.118,104,0.654,6,0.694,2022-23,Regular Season,Rebounding,defensive
1630557,Corey Kispert,1610612764,WAS,71,29,42,2033.0,174,38,136,0.218,300,0.58,22,0.626,2022-23,Regular Season,Rebounding,defensive
202709,Cory Joseph,1610612765,DET,50,10,40,1027.0,85,17,68,0.2,180,0.472,22,0.538,2022-23,Regular Season,Rebounding,defensive
1626156,D'Angelo Russell,1610612747,LAL,66,37,29,2164.0,180,29,150,0.161,345,0.522,41,0.592,2022-23,Regular Season,Rebounding,defensive
1630227,Daishen Nix,1610612745,HOU,44,11,33,773.0,80,20,60,0.25,132,0.606,8,0.645,2022-23,Regular Season,Rebounding,defensive
1630625,Dalano Banton,1610612761,TOR,23,13,10,219.0,34,5,28,0.147,46,0.739,4,0.81,2022-23,Regular Season,Rebounding,defensive
1631207,Dalen Terry,1610612741,CHI,18,9,9,165.0,24,3,21,0.125,48,0.5,2,0.522,2022-23,Regular Season,Rebounding,defensive
1627745,Damian Jones,1610612762,UTA,35,9,26,470.0,80,18,62,0.225,139,0.576,15,0.645,2022-23,Regular Season,Rebounding,defensive
203081,Damian Lillard,1610612757,POR,58,27,31,2107.0,233,45,189,0.193,386,0.604,31,0.656,2022-23,Regular Season,Rebounding,defensive
1627814,Damion Lee,1610612756,PHX,66,35,31,1399.0,186,31,155,0.167,291,0.639,26,0.702,2022-23,Regular Season,Rebounding,defensive
1629655,Daniel Gafford,1610612764,WAS,77,31,46,1600.0,270,87,184,0.322,560,0.482,59,0.539,2022-23,Regular Season,Rebounding,defensive
1628464,Daniel Theis,1610612754,IND,6,1,5,102.0,15,6,9,0.4,34,0.441,4,0.5,2022-23,Regular Season,Rebounding,defensive
201980,Danny Green,1610612739,CLE,5,2,3,76.0,11,2,9,0.182,17,0.647,2,0.733,2022-23,Regular Season,Rebounding,defensive
1627863,Danuel House Jr.,1610612755,PHI,44,30,14,725.0,85,9,76,0.106,141,0.603,8,0.639,2022-23,Regular Season,Rebounding,defensive
203967,Dario Saric,1610612760,OKC,48,24,24,769.0,154,42,112,0.273,279,0.552,25,0.606,2022-23,Regular Season,Rebounding,defensive
1629647,Darius Bazley,1610612756,PHX,35,17,18,560.0,104,22,82,0.212,172,0.605,18,0.675,2022-23,Regular Season,Rebounding,defensive
1630620,Darius Days,1610612745,HOU,3,0,3,23.0,5,0,5,0.0,8,0.625,0,0.625,2022-23,Regular Season,Rebounding,defensive
1629636,Darius Garland,1610612739,CLE,64,37,27,2270.0,157,19,137,0.121,266,0.59,22,0.643,2022-23,Regular Season,Rebounding,defensive
1630561,David Duke Jr.,1610612751,BKN,9,5,4,147.0,18,4,14,0.222,28,0.643,4,0.75,2022-23,Regular Season,Rebounding,defensive
1631223,David Roddy,1610612763,MEM,67,43,24,1252.0,143,35,107,0.245,259,0.552,24,0.609,2022-23,Regular Season,Rebounding,defensive
1630558,Davion Mitchell,1610612758,SAC,56,36,20,1073.0,89,14,75,0.157,140,0.636,13,0.701,2022-23,Regular Season,Rebounding,defensive
202722,Davis Bertans,1610612742,DAL,28,11,17,355.0,43,8,35,0.186,74,0.581,7,0.642,2022-23,Regular Season,Rebounding,defensive
1628432,Davon Reed,1610612743,DEN,28,20,8,294.0,49,9,40,0.184,82,0.598,10,0.681,2022-23,Regular Season,Rebounding,defensive
1630549,Day'Ron Sharpe,1610612751,BKN,45,21,24,538.0,101,34,67,0.337,196,0.515,18,0.567,2022-23,Regular Season,Rebounding,defensive
1628368,De'Aaron Fox,1610612758,SAC,72,43,29,2426.0,266,43,223,0.162,409,0.65,30,0.702,2022-23,Regular Season,Rebounding,defensive
1629631,De'Andre Hunter,1610612737,ATL,66,34,32,2118.0,238,63,175,0.265,414,0.575,48,0.65,2022-23,Regular Season,Rebounding,defensive
1629001,De'Anthony Melton,1610612755,PHI,75,49,26,2110.0,243,56,187,0.23,401,0.606,44,0.681,2022-23,Regular Season,Rebounding,defensive
201599,DeAndre Jordan,1610612743,DEN,38,23,15,577.0,150,47,102,0.313,221,0.679,19,0.743,2022-23,Regular Season,Rebounding,defensive
201942,DeMar DeRozan,1610612741,CHI,71,36,35,2574.0,300,53,247,0.177,482,0.622,43,0.683,2022-23,Regular Season,Rebounding,defensive
1629731,Dean Wade,1610612739,CLE,40,27,13,854.0,130,32,98,0.246,221,0.588,20,0.647,2022-23,Regular Season,Rebounding,defensive
1629028,Deandre Ayton,1610612756,PHX,67,36,31,2035.0,495,142,352,0.287,750,0.66,73,0.731,2022-23,Regular Season,Rebounding,defensive
1627749,Dejounte Murray,1610612737,ATL,73,38,35,2690.0,336,73,263,0.217,569,0.591,70,0.673,2022-23,Regular Season,Rebounding,defensive
1626153,Delon Wright,1610612764,WAS,46,24,22,1148.0,122,14,109,0.115,199,0.613,17,0.67,2022-23,Regular Season,Rebounding,defensive
1630166,Deni Avdija,1610612764,WAS,75,32,43,2013.0,413,85,328,0.206,656,0.63,72,0.707,2022-23,Regular Season,Rebounding,defensive
203471,Dennis Schröder,1610612747,LAL,60,34,26,1844.0,144,12,132,0.083,242,0.595,26,0.667,2022-23,Regular Season,Rebounding,defensive
1628372,Dennis Smith Jr.,1610612766,CHA,51,17,34,1331.0,140,23,117,0.164,258,0.543,39,0.639,2022-23,Regular Season,Rebounding,defensive
1631220,Dereon Seabron,1610612740,NOP,1,1,0,3.0,0,0,0,0.0,1,0.0,0,0.0,2022-23,Regular Season,Rebounding,defensive
1627884,Derrick Jones Jr.,1610612741,CHI,55,24,31,819.0,92,32,61,0.348,166,0.554,16,0.613,2022-23,Regular Season,Rebounding,defensive
201565,Derrick Rose,1610612752,NYK,18,6,12,250.0,32,5,27,0.156,51,0.627,1,0.64,2022-23,Regular Season,Rebounding,defensive
1628401,Derrick White,1610612738,BOS,77,53,24,2256.0,241,53,188,0.22,421,0.572,43,0.638,2022-23,Regular Season,Rebounding,defensive
1630217,Desmond Bane,1610612763,MEM,57,38,19,1816.0,248,59,188,0.238,393,0.631,32,0.687,2022-23,Regular Season,Rebounding,defensive
1626164,Devin Booker,1610612756,PHX,51,33,18,1803.0,194,25,168,0.129,315,0.616,24,0.667,2022-23,Regular Season,Rebounding,defensive
1630170,Devin Vassell,1610612759,SAS,37,12,25,1151.0,140,31,109,0.221,218,0.642,17,0.697,2022-23,Regular Season,Rebounding,defensive
1629653,Devon Dotson,1610612764,WAS,3,0,3,45.0,4,0,4,0.0,8,0.5,0,0.5,2022-23,Regular Season,Rebounding,defensive
1628984,Devonte' Graham,1610612759,SAS,57,26,31,1142.0,103,17,86,0.165,167,0.617,17,0.687,2022-23,Regular Season,Rebounding,defensive
203473,Dewayne Dedmon,1610612755,PHI,36,23,13,402.0,100,32,67,0.32,169,0.592,20,0.671,2022-23,Regular Season,Rebounding,defensive
1628415,Dillon Brooks,1610612763,MEM,70,43,27,2138.0,199,28,171,0.141,346,0.575,32,0.634,2022-23,Regular Season,Rebounding,defensive
1627734,Domantas Sabonis,1610612758,SAC,79,47,32,2736.0,722,216,506,0.299,1145,0.631,109,0.697,2022-23,Regular Season,Rebounding,defensive
1631230,Dominick Barlow,1610612759,SAS,24,4,20,354.0,52,12,40,0.231,96,0.542,16,0.65,2022-23,Regular Season,Rebounding,defensive
1628378,Donovan Mitchell,1610612739,CLE,67,43,24,2412.0,226,39,187,0.173,362,0.624,18,0.657,2022-23,Regular Season,Rebounding,defensive
1631495,Donovan Williams,1610612737,ATL,2,1,1,4.0,2,0,2,0.0,2,1.0,0,1.0,2022-23,Regular Season,Rebounding,defensive
1628978,Donte DiVincenzo,1610612744,GSW,66,38,28,1783.0,241,24,216,0.1,406,0.594,39,0.657,2022-23,Regular Season,Rebounding,defensive
1627827,Dorian Finney-Smith,1610612751,BKN,64,30,34,1950.0,202,60,142,0.297,373,0.542,43,0.612,2022-23,Regular Season,Rebounding,defensive
203926,Doug McDermott,1610612759,SAS,57,18,39,1190.0,113,18,95,0.159,190,0.595,13,0.638,2022-23,Regular Season,Rebounding,defensive
203110,Draymond Green,1610612744,GSW,71,39,32,2245.0,447,151,294,0.338,726,0.616,71,0.682,2022-23,Regular Season,Rebounding,defensive
1629234,Drew Eubanks,1610612757,POR,75,30,45,1525.0,277,63,214,0.227,482,0.575,46,0.635,2022-23,Regular Season,Rebounding,defensive
1630696,Dru Smith,1610612751,BKN,11,6,5,144.0,22,5,17,0.227,34,0.647,4,0.733,2022-23,Regular Season,Rebounding,defensive
1630613,Duane Washington Jr.,1610612752,NYK,20,10,10,332.0,34,1,33,0.029,43,0.791,0,0.791,2022-23,Regular Season,Rebounding,defensive
1629130,Duncan Robinson,1610612748,MIA,30,14,16,538.0,61,17,44,0.279,96,0.635,7,0.685,2022-23,Regular Season,Rebounding,defensive
203939,Dwight Powell,1610612742,DAL,72,35,37,1409.0,165,49,115,0.297,330,0.5,34,0.557,2022-23,Regular Season,Rebounding,defensive
1630700,Dyson Daniels,1610612740,NOP,52,30,22,1002.0,152,39,113,0.257,258,0.589,18,0.633,2022-23,Regular Season,Rebounding,defensive
1628410,Edmond Sumner,1610612751,BKN,39,26,13,639.0,66,9,57,0.136,115,0.574,8,0.617,2022-23,Regular Season,Rebounding,defensive
201569,Eric Gordon,1610612746,LAC,56,19,37,1607.0,118,12,106,0.102,179,0.659,14,0.715,2022-23,Regular Season,Rebounding,defensive
1630647,Eugene Omoruyi,1610612765,DET,33,10,23,602.0,68,11,57,0.162,117,0.581,8,0.624,2022-23,Regular Season,Rebounding,defensive
203095,Evan Fournier,1610612752,NYK,23,12,11,415.0,45,6,39,0.133,72,0.625,7,0.692,2022-23,Regular Season,Rebounding,defensive
1630596,Evan Mobley,1610612739,CLE,79,48,31,2715.0,524,166,357,0.317,872,0.601,89,0.669,2022-23,Regular Season,Rebounding,defensive
1630267,Facundo Campazzo,1610612742,DAL,1,0,1,23.0,2,0,2,0.0,2,1.0,0,1.0,2022-23,Regular Season,Rebounding,defensive
1628402,Frank Jackson,1610612756,PHX,1,0,1,5.0,1,0,1,0.0,2,0.5,0,0.5,2022-23,Regular Season,Rebounding,defensive
1626163,Frank Kaminsky,1610612745,HOU,24,7,17,198.0,45,17,28,0.378,66,0.682,3,0.714,2022-23,Regular Season,Rebounding,defensive
1628373,Frank Ntilikina,1610612742,DAL,32,13,19,503.0,55,8,47,0.145,95,0.579,9,0.64,2022-23,Regular Season,Rebounding,defensive
1630532,Franz Wagner,1610612753,ORL,78,32,46,2545.0,259,34,225,0.131,411,0.63,36,0.691,2022-23,Regular Season,Rebounding,defensive
1627832,Fred VanVleet,1610612761,TOR,67,33,34,2468.0,250,46,204,0.184,416,0.601,45,0.674,2022-23,Regular Season,Rebounding,defensive
1627788,Furkan Korkmaz,1610612755,PHI,21,14,7,263.0,36,6,30,0.167,54,0.667,5,0.735,2022-23,Regular Season,Rebounding,defensive
1629216,Gabe Vincent,1610612748,MIA,60,34,26,1576.0,118,20,98,0.169,200,0.59,16,0.641,2022-23,Regular Season,Rebounding,defensive
1628221,Gabe York,1610612754,IND,2,0,2,43.0,6,1,5,0.167,7,0.857,0,0.857,2022-23,Regular Season,Rebounding,defensive
202066,Garrett Temple,1610612740,NOP,12,6,6,107.0,12,4,8,0.333,20,0.6,2,0.667,2022-23,Regular Season,Rebounding,defensive
1629726,Garrison Mathews,1610612737,ATL,40,11,29,568.0,62,7,55,0.113,109,0.569,13,0.646,2022-23,Regular Season,Rebounding,defensive
203914,Gary Harris,1610612753,ORL,41,18,23,1012.0,77,15,62,0.195,117,0.658,8,0.706,2022-23,Regular Season,Rebounding,defensive
1627780,Gary Payton II,1610612744,GSW,21,13,8,351.0,45,12,33,0.267,77,0.584,6,0.634,2022-23,Regular Season,Rebounding,defensive
1629018,Gary Trent Jr.,1610612761,TOR,62,29,33,1983.0,143,23,120,0.161,213,0.671,15,0.722,2022-23,Regular Season,Rebounding,defensive
201588,George Hill,1610612754,IND,37,22,15,707.0,70,14,56,0.2,122,0.574,7,0.609,2022-23,Regular Season,Rebounding,defensive
1627777,Georges Niang,1610612755,PHI,72,48,24,1423.0,166,27,139,0.163,319,0.52,33,0.58,2022-23,Regular Season,Rebounding,defensive
203507,Giannis Antetokounmpo,1610612749,MIL,63,47,16,2024.0,605,135,469,0.223,880,0.688,72,0.749,2022-23,Regular Season,Rebounding,defensive
1629048,Goga Bitadze,1610612753,ORL,33,9,24,440.0,76,22,54,0.289,145,0.524,25,0.633,2022-23,Regular Season,Rebounding,defensive
201609,Goran Dragic,1610612749,MIL,36,15,21,617.0,63,9,54,0.143,111,0.568,9,0.618,2022-23,Regular Season,Rebounding,defensive
202330,Gordon Hayward,1610612766,CHA,49,20,29,1551.0,182,24,158,0.132,270,0.674,18,0.722,2022-23,Regular Season,Rebounding,defensive
203476,Gorgui Dieng,1610612759,SAS,28,3,25,336.0,74,19,55,0.257,107,0.692,7,0.74,2022-23,Regular Season,Rebounding,defensive
1629684,Grant Williams,1610612738,BOS,78,54,24,2039.0,276,73,203,0.264,477,0.579,50,0.646,2022-23,Regular Season,Rebounding,defensive
1628960,Grayson Allen,1610612749,MIL,69,51,18,1886.0,176,24,152,0.136,318,0.553,32,0.615,2022-23,Regular Season,Rebounding,defensive
1630535,Greg Brown III,1610612757,POR,9,5,4,68.0,17,3,14,0.176,20,0.85,1,0.895,2022-23,Regular Season,Rebounding,defensive
1628977,Hamidou Diallo,1610612765,DET,52,12,40,954.0,134,31,101,0.231,209,0.641,11,0.677,2022-23,Regular Season,Rebounding,defensive
203084,Harrison Barnes,1610612758,SAC,79,46,33,2586.0,279,68,211,0.244,449,0.621,39,0.68,2022-23,Regular Season,Rebounding,defensive
1629312,Haywood Highsmith,1610612748,MIA,46,25,21,947.0,131,27,104,0.206,206,0.636,17,0.693,2022-23,Regular Season,Rebounding,defensive
1630529,Herbert Jones,1610612740,NOP,64,30,34,1918.0,172,46,125,0.267,324,0.531,28,0.581,2022-23,Regular Season,Rebounding,defensive
1630193,Immanuel Quickley,1610612752,NYK,81,47,34,2344.0,279,31,246,0.111,443,0.63,38,0.689,2022-23,Regular Season,Rebounding,defensive
1630171,Isaac Okoro,1610612739,CLE,63,40,23,1472.0,135,29,106,0.215,254,0.531,23,0.584,2022-23,Regular Season,Rebounding,defensive
1628392,Isaiah Hartenstein,1610612752,NYK,82,47,35,1628.0,327,113,213,0.346,579,0.565,56,0.625,2022-23,Regular Season,Rebounding,defensive
1630543,Isaiah Jackson,1610612754,IND,60,24,36,1012.0,169,74,95,0.438,321,0.526,44,0.61,2022-23,Regular Season,Rebounding,defensive
1630198,Isaiah Joe,1610612760,OKC,60,30,30,1235.0,148,18,130,0.122,263,0.563,36,0.652,2022-23,Regular Season,Rebounding,defensive
1630587,Isaiah Livers,1610612765,DET,47,9,38,1135.0,114,24,90,0.211,205,0.556,22,0.623,2022-23,Regular Season,Rebounding,defensive
1630600,Isaiah Mobley,1610612739,CLE,8,5,3,78.0,16,7,9,0.438,27,0.593,5,0.727,2022-23,Regular Season,Rebounding,defensive
1629676,Isaiah Roby,1610612752,NYK,36,6,30,446.0,83,16,67,0.193,126,0.659,8,0.703,2022-23,Regular Season,Rebounding,defensive
1630191,Isaiah Stewart,1610612765,DET,49,12,37,1384.0,283,73,209,0.258,465,0.609,43,0.671,2022-23,Regular Season,Rebounding,defensive
1630225,Isaiah Todd,1610612764,WAS,1,0,1,45.0,10,1,9,0.1,14,0.714,0,0.714,2022-23,Regular Season,Rebounding,defensive
202397,Ish Smith,1610612743,DEN,25,12,13,350.0,49,12,37,0.245,80,0.613,9,0.69,2022-23,Regular Season,Rebounding,defensive
1630688,Ish Wainright,1610612756,PHX,47,24,23,814.0,94,28,67,0.298,163,0.577,19,0.653,2022-23,Regular Season,Rebounding,defensive
1627826,Ivica Zubac,1610612746,LAC,76,43,33,2169.0,520,169,351,0.325,821,0.633,78,0.7,2022-23,Regular Season,Rebounding,defensive
1631120,JD Davison,1610612738,BOS,5,5,0,49.0,7,0,7,0.0,10,0.7,1,0.778,2022-23,Regular Season,Rebounding,defensive
1630550,JT Thor,1610612766,CHA,59,20,39,883.0,115,34,80,0.296,183,0.628,12,0.673,2022-23,Regular Season,Rebounding,defensive
1629630,Ja Morant,1610612763,MEM,61,40,21,1948.0,296,44,252,0.149,483,0.613,42,0.671,2022-23,Regular Season,Rebounding,defensive
203210,JaMychal Green,1610612744,GSW,53,29,24,766.0,133,38,95,0.286,215,0.619,18,0.675,2022-23,Regular Season,Rebounding,defensive
201580,JaVale McGee,1610612742,DAL,37,16,21,331.0,77,28,49,0.364,128,0.602,16,0.688,2022-23,Regular Season,Rebounding,defensive
1631095,Jabari Smith Jr.,1610612745,HOU,79,21,58,2451.0,447,120,326,0.268,695,0.643,58,0.702,2022-23,Regular Season,Rebounding,defensive
1631133,Jabari Walker,1610612757,POR,41,14,27,537.0,82,23,59,0.28,134,0.612,8,0.651,2022-23,Regular Season,Rebounding,defensive
1631298,Jack White,1610612743,DEN,8,4,4,45.0,11,6,5,0.545,13,0.846,0,0.846,2022-23,Regular Season,Rebounding,defensive
1631367,Jacob Gilyard,1610612763,MEM,1,0,1,41.0,4,0,4,0.0,7,0.571,0,0.571,2022-23,Regular Season,Rebounding,defensive
1630702,Jaden Hardy,1610612742,DAL,35,13,22,616.0,78,18,60,0.231,127,0.614,9,0.661,2022-23,Regular Season,Rebounding,defensive
1631093,Jaden Ivey,1610612765,DET,72,16,56,2238.0,212,27,184,0.127,392,0.541,52,0.624,2022-23,Regular Season,Rebounding,defensive
1630183,Jaden McDaniels,1610612750,MIN,75,38,37,2300.0,212,47,165,0.222,402,0.527,49,0.601,2022-23,Regular Season,Rebounding,defensive
1630531,Jaden Springer,1610612755,PHI,9,8,1,70.0,8,2,6,0.25,17,0.471,0,0.471,2022-23,Regular Season,Rebounding,defensive
203109,Jae Crowder,1610612749,MIL,17,12,5,323.0,52,10,42,0.192,90,0.578,9,0.642,2022-23,Regular Season,Rebounding,defensive
1630256,Jae'Sean Tate,1610612745,HOU,31,7,24,677.0,77,17,60,0.221,128,0.602,13,0.67,2022-23,Regular Season,Rebounding,defensive
1631222,Jake LaRavia,1610612763,MEM,23,14,9,353.0,44,10,33,0.227,68,0.647,5,0.698,2022-23,Regular Season,Rebounding,defensive
1627751,Jakob Poeltl,1610612761,TOR,71,26,45,1880.0,410,181,228,0.441,635,0.646,55,0.707,2022-23,Regular Season,Rebounding,defensive
1628973,Jalen Brunson,1610612752,NYK,66,39,27,2308.0,201,33,168,0.164,346,0.581,28,0.632,2022-23,Regular Season,Rebounding,defensive
1631105,Jalen Duren,1610612765,DET,65,15,50,1638.0,357,104,252,0.291,599,0.596,60,0.662,2022-23,Regular Season,Rebounding,defensive
1630224,Jalen Green,1610612745,HOU,73,19,54,2513.0,241,44,197,0.183,393,0.613,27,0.658,2022-23,Regular Season,Rebounding,defensive
1630552,Jalen Johnson,1610612737,ATL,67,34,33,1017.0,231,58,172,0.251,346,0.668,32,0.736,2022-23,Regular Season,Rebounding,defensive
1629667,Jalen McDaniels,1610612755,PHI,78,31,47,1859.0,283,52,230,0.184,485,0.584,57,0.661,2022-23,Regular Season,Rebounding,defensive
1630188,Jalen Smith,1610612754,IND,67,31,36,1272.0,265,89,176,0.336,428,0.619,39,0.681,2022-23,Regular Season,Rebounding,defensive
1630591,Jalen Suggs,1610612753,ORL,48,19,29,1171.0,106,15,91,0.142,194,0.546,19,0.606,2022-23,Regular Season,Rebounding,defensive
1631114,Jalen Williams,1610612760,OKC,69,35,34,2144.0,253,46,206,0.182,413,0.613,34,0.668,2022-23,Regular Season,Rebounding,defensive
1631288,Jamal Cain,1610612748,MIA,15,8,7,237.0,37,5,32,0.135,56,0.661,6,0.74,2022-23,Regular Season,Rebounding,defensive
1627750,Jamal Murray,1610612743,DEN,64,43,21,2124.0,209,31,178,0.148,333,0.628,29,0.688,2022-23,Regular Season,Rebounding,defensive
1631123,Jamaree Bouyea,1610612748,MIA,3,0,3,47.0,5,1,4,0.2,10,0.5,1,0.556,2022-23,Regular Season,Rebounding,defensive
1630547,James Bouknight,1610612766,CHA,28,7,21,471.0,64,14,46,0.219,98,0.653,5,0.688,2022-23,Regular Season,Rebounding,defensive
201935,James Harden,1610612755,PHI,58,39,19,2135.0,314,45,268,0.143,466,0.674,31,0.722,2022-23,Regular Season,Rebounding,defensive
201949,James Johnson,1610612754,IND,11,4,7,135.0,26,4,21,0.154,34,0.765,2,0.813,2022-23,Regular Season,Rebounding,defensive
1630164,James Wiseman,1610612765,DET,43,11,32,853.0,194,51,142,0.263,310,0.626,19,0.667,2022-23,Regular Season,Rebounding,defensive
1630215,Jared Butler,1610612760,OKC,2,2,0,49.0,3,1,2,0.333,7,0.429,0,0.429,2022-23,Regular Season,Rebounding,defensive
1631197,Jared Rhoden,1610612765,DET,11,1,10,189.0,26,5,21,0.192,37,0.703,2,0.743,2022-23,Regular Season,Rebounding,defensive
1628991,Jaren Jackson Jr.,1610612763,MEM,63,41,22,1788.0,318,100,217,0.314,596,0.534,59,0.592,2022-23,Regular Season,Rebounding,defensive
1629020,Jarred Vanderbilt,1610612747,LAL,78,43,35,1880.0,412,72,338,0.175,602,0.684,47,0.742,2022-23,Regular Season,Rebounding,defensive
1629714,Jarrell Brantley,1610612762,UTA,3,0,3,37.0,5,2,3,0.4,13,0.385,2,0.455,2022-23,Regular Season,Rebounding,defensive
1628386,Jarrett Allen,1610612739,CLE,67,44,23,2213.0,445,147,298,0.33,719,0.619,80,0.696,2022-23,Regular Season,Rebounding,defensive
1629633,Jarrett Culver,1610612737,ATL,8,3,5,133.0,28,6,22,0.214,35,0.8,1,0.824,2022-23,Regular Season,Rebounding,defensive
1630554,Jason Preston,1610612746,LAC,9,1,8,106.0,20,4,16,0.2,30,0.667,1,0.69,2022-23,Regular Season,Rebounding,defensive
1629750,Javonte Green,1610612741,CHI,30,12,18,461.0,61,21,40,0.344,107,0.57,15,0.663,2022-23,Regular Season,Rebounding,defensive
1629637,Jaxson Hayes,1610612740,NOP,42,19,23,591.0,93,17,76,0.183,141,0.66,11,0.715,2022-23,Regular Season,Rebounding,defensive
1630643,Jay Huff,1610612764,WAS,5,1,4,89.0,15,4,11,0.267,29,0.517,2,0.556,2022-23,Regular Season,Rebounding,defensive
1630206,Jay Scrubb,1610612753,ORL,2,1,1,30.0,6,1,5,0.167,6,1.0,0,1.0,2022-23,Regular Season,Rebounding,defensive
1627759,Jaylen Brown,1610612738,BOS,67,46,21,2405.0,381,58,324,0.152,598,0.637,62,0.711,2022-23,Regular Season,Rebounding,defensive
1629669,Jaylen Nowell,1610612750,MIN,59,32,27,1166.0,134,19,115,0.142,211,0.635,16,0.687,2022-23,Regular Season,Rebounding,defensive
1631119,Jaylin Williams,1610612760,OKC,47,22,25,900.0,197,61,136,0.31,311,0.633,27,0.694,2022-23,Regular Season,Rebounding,defensive
1628369,Jayson Tatum,1610612738,BOS,74,52,22,2732.0,571,80,491,0.14,780,0.732,49,0.781,2022-23,Regular Season,Rebounding,defensive
1630288,Jeff Dowtin Jr.,1610612761,TOR,13,9,4,196.0,17,4,13,0.235,20,0.85,1,0.895,2022-23,Regular Season,Rebounding,defensive
201145,Jeff Green,1610612743,DEN,49,28,21,968.0,106,29,78,0.274,171,0.62,11,0.663,2022-23,Regular Season,Rebounding,defensive
203924,Jerami Grant,1610612757,POR,61,27,34,2187.0,230,40,190,0.174,357,0.644,32,0.708,2022-23,Regular Season,Rebounding,defensive
1630526,Jeremiah Robinson-Earl,1610612760,OKC,39,13,26,793.0,109,38,71,0.349,229,0.476,38,0.571,2022-23,Regular Season,Rebounding,defensive
1631110,Jeremy Sochan,1610612759,SAS,54,15,39,1419.0,195,43,153,0.221,348,0.56,48,0.65,2022-23,Regular Season,Rebounding,defensive
1630579,Jericho Sims,1610612752,NYK,48,29,19,797.0,143,53,90,0.371,251,0.57,26,0.636,2022-23,Regular Season,Rebounding,defensive
1628975,Jevon Carter,1610612749,MIL,74,52,22,1701.0,167,14,152,0.084,256,0.652,15,0.693,2022-23,Regular Season,Rebounding,defensive
202710,Jimmy Butler III,1610612748,MIA,64,35,29,2138.0,234,57,177,0.244,375,0.624,23,0.665,2022-23,Regular Season,Rebounding,defensive
1629111,Jock Landale,1610612756,PHX,64,33,31,938.0,161,50,112,0.311,295,0.546,34,0.617,2022-23,Regular Season,Rebounding,defensive
203925,Joe Harris,1610612751,BKN,62,33,29,1335.0,141,32,108,0.227,257,0.549,24,0.605,2022-23,Regular Season,Rebounding,defensive
204060,Joe Ingles,1610612749,MIL,43,32,11,993.0,115,14,101,0.122,165,0.697,12,0.752,2022-23,Regular Season,Rebounding,defensive
1630580,Joe Wieskamp,1610612761,TOR,3,2,1,24.0,4,0,4,0.0,4,1.0,0,1.0,2022-23,Regular Season,Rebounding,defensive
203954,Joel Embiid,1610612755,PHI,66,43,23,2284.0,557,170,387,0.305,900,0.619,88,0.686,2022-23,Regular Season,Rebounding,defensive
1631219,John Butler Jr.,1610612757,POR,9,1,8,148.0,12,5,7,0.417,24,0.5,2,0.545,2022-23,Regular Season,Rebounding,defensive
1628381,John Collins,1610612737,ATL,71,37,34,2130.0,385,119,266,0.309,652,0.59,68,0.659,2022-23,Regular Season,Rebounding,defensive
1629723,John Konchar,1610612763,MEM,70,44,26,1473.0,246,58,188,0.236,369,0.667,25,0.715,2022-23,Regular Season,Rebounding,defensive
202322,John Wall,1610612746,LAC,30,15,15,676.0,78,9,69,0.115,128,0.609,12,0.672,2022-23,Regular Season,Rebounding,defensive
1631098,Johnny Davis,1610612764,WAS,17,6,11,351.0,55,9,45,0.164,81,0.679,7,0.743,2022-23,Regular Season,Rebounding,defensive
1630548,Johnny Juzang,1610612762,UTA,15,6,9,200.0,31,6,25,0.194,41,0.756,1,0.775,2022-23,Regular Season,Rebounding,defensive
202685,Jonas Valančiūnas,1610612740,NOP,79,40,39,1968.0,579,176,402,0.304,875,0.662,66,0.716,2022-23,Regular Season,Rebounding,defensive
1628371,Jonathan Isaac,1610612753,ORL,11,8,3,124.0,29,8,21,0.276,42,0.69,3,0.744,2022-23,Regular Season,Rebounding,defensive
1630228,Jonathan Kuminga,1610612744,GSW,59,33,26,1275.0,161,43,118,0.267,296,0.544,30,0.605,2022-23,Regular Season,Rebounding,defensive
203903,Jordan Clarkson,1610612762,UTA,59,29,30,1934.0,174,25,147,0.144,301,0.578,23,0.626,2022-23,Regular Season,Rebounding,defensive
1630692,Jordan Goodwin,1610612764,WAS,55,20,35,1052.0,148,27,121,0.182,230,0.643,21,0.708,2022-23,Regular Season,Rebounding,defensive
1631160,Jordan Hall,1610612759,SAS,5,0,5,68.0,9,2,7,0.222,13,0.692,0,0.692,2022-23,Regular Season,Rebounding,defensive
1629162,Jordan McLaughlin,1610612750,MIN,30,14,16,512.0,45,7,38,0.156,82,0.549,7,0.6,2022-23,Regular Season,Rebounding,defensive
1629670,Jordan Nwora,1610612754,IND,57,34,23,1150.0,178,28,150,0.157,259,0.687,21,0.748,2022-23,Regular Season,Rebounding,defensive
1629673,Jordan Poole,1610612744,GSW,77,41,36,2304.0,191,28,163,0.147,299,0.639,26,0.7,2022-23,Regular Season,Rebounding,defensive
1630631,Jose Alvarado,1610612740,NOP,57,29,28,1230.0,113,25,88,0.221,198,0.571,23,0.646,2022-23,Regular Season,Rebounding,defensive
1630528,Josh Christopher,1610612745,HOU,43,11,32,578.0,51,8,43,0.157,79,0.646,6,0.699,2022-23,Regular Season,Rebounding,defensive
1630581,Josh Giddey,1610612760,OKC,76,34,42,2367.0,451,84,367,0.186,682,0.661,40,0.702,2022-23,Regular Season,Rebounding,defensive
1630182,Josh Green,1610612742,DAL,57,26,31,1485.0,127,24,103,0.189,229,0.555,23,0.617,2022-23,Regular Season,Rebounding,defensive
1628404,Josh Hart,1610612752,NYK,76,42,34,2454.0,451,102,349,0.226,712,0.633,66,0.698,2022-23,Regular Season,Rebounding,defensive
1631169,Josh Minott,1610612750,MIN,6,3,3,72.0,20,4,16,0.2,23,0.87,1,0.909,2022-23,Regular Season,Rebounding,defensive
1629006,Josh Okogie,1610612756,PHX,67,34,33,1332.0,142,45,97,0.317,246,0.577,26,0.645,2022-23,Regular Season,Rebounding,defensive
1626196,Josh Richardson,1610612740,NOP,61,23,38,1442.0,132,19,113,0.144,244,0.541,26,0.606,2022-23,Regular Season,Rebounding,defensive
1630563,Joshua Primo,1610612759,SAS,4,3,1,93.0,11,0,11,0.0,22,0.5,3,0.579,2022-23,Regular Season,Rebounding,defensive
201950,Jrue Holiday,1610612749,MIL,65,48,17,2133.0,261,42,218,0.161,403,0.648,30,0.7,2022-23,Regular Season,Rebounding,defensive
1629308,Juan Toscano-Anderson,1610612762,UTA,45,15,30,670.0,96,16,80,0.167,155,0.619,6,0.644,2022-23,Regular Season,Rebounding,defensive
1627823,Juancho Hernangomez,1610612761,TOR,35,16,19,561.0,96,16,80,0.167,151,0.636,15,0.706,2022-23,Regular Season,Rebounding,defensive
1630577,Julian Champagnie,1610612759,SAS,13,4,9,256.0,43,7,36,0.163,68,0.632,3,0.662,2022-23,Regular Season,Rebounding,defensive
203944,Julius Randle,1610612752,NYK,77,44,33,2737.0,626,125,499,0.2,923,0.678,56,0.722,2022-23,Regular Season,Rebounding,defensive
1630551,Justin Champagnie,1610612738,BOS,4,3,1,31.0,5,2,3,0.4,7,0.714,1,0.833,2022-23,Regular Season,Rebounding,defensive
203200,Justin Holiday,1610612742,DAL,29,13,16,481.0,50,14,36,0.28,85,0.588,6,0.633,2022-23,Regular Season,Rebounding,defensive
1628382,Justin Jackson,1610612738,BOS,10,7,3,73.0,15,3,12,0.2,21,0.714,2,0.789,2022-23,Regular Season,Rebounding,defensive
1631303,Justin Minaya,1610612757,POR,3,0,3,61.0,10,1,9,0.1,15,0.667,0,0.667,2022-23,Regular Season,Rebounding,defensive
1626159,Justise Winslow,1610612757,POR,28,15,13,758.0,96,24,72,0.25,182,0.527,19,0.589,2022-23,Regular Season,Rebounding,defensive
203994,Jusuf Nurkić,1610612757,POR,52,24,28,1391.0,357,123,233,0.345,571,0.625,56,0.693,2022-23,Regular Season,Rebounding,defensive
1630231,KJ Martin,1610612745,HOU,82,22,60,2292.0,326,77,248,0.236,468,0.697,30,0.744,2022-23,Regular Season,Rebounding,defensive
1629644,KZ Okpala,1610612758,SAC,17,7,10,186.0,27,9,18,0.333,48,0.563,5,0.628,2022-23,Regular Season,Rebounding,defensive
1630539,Kai Jones,1610612766,CHA,31,8,23,461.0,86,18,68,0.209,144,0.597,11,0.647,2022-23,Regular Season,Rebounding,defensive
1626157,Karl-Anthony Towns,1610612750,MIN,28,14,14,929.0,180,42,138,0.233,277,0.65,19,0.698,2022-23,Regular Season,Rebounding,defensive
202695,Kawhi Leonard,1610612746,LAC,52,33,19,1748.0,281,75,206,0.267,415,0.677,29,0.728,2022-23,Regular Season,Rebounding,defensive
1631099,Keegan Murray,1610612758,SAC,78,46,32,2337.0,282,62,220,0.22,445,0.634,36,0.689,2022-23,Regular Season,Rebounding,defensive
1628966,Keita Bates-Diop,1610612759,SAS,57,13,44,1344.0,177,45,132,0.254,258,0.686,21,0.747,2022-23,Regular Season,Rebounding,defensive
1629640,Keldon Johnson,1610612759,SAS,60,15,45,1987.0,256,41,216,0.16,405,0.632,36,0.694,2022-23,Regular Season,Rebounding,defensive
203482,Kelly Olynyk,1610612762,UTA,67,27,40,1927.0,338,78,261,0.231,549,0.616,46,0.672,2022-23,Regular Season,Rebounding,defensive
1626162,Kelly Oubre Jr.,1610612766,CHA,48,16,32,1548.0,184,42,142,0.228,296,0.622,22,0.672,2022-23,Regular Season,Rebounding,defensive
202689,Kemba Walker,1610612742,DAL,5,2,3,119.0,13,3,10,0.231,24,0.542,2,0.591,2022-23,Regular Season,Rebounding,defensive
1631112,Kendall Brown,1610612754,IND,2,1,1,25.0,4,3,1,0.75,8,0.5,3,0.8,2022-23,Regular Season,Rebounding,defensive
1629134,Kendrick Nunn,1610612764,WAS,51,24,27,831.0,94,12,81,0.128,140,0.671,7,0.707,2022-23,Regular Season,Rebounding,defensive
1631113,Kennedy Chandler,1610612763,MEM,22,14,8,218.0,29,5,24,0.172,50,0.58,4,0.63,2022-23,Regular Season,Rebounding,defensive
1631254,Kenneth Lofton Jr.,1610612763,MEM,17,10,7,160.0,32,8,24,0.25,55,0.582,3,0.615,2022-23,Regular Season,Rebounding,defensive
1629026,Kenrich Williams,1610612760,OKC,53,26,27,1206.0,164,51,111,0.311,283,0.58,31,0.651,2022-23,Regular Season,Rebounding,defensive
203484,Kentavious Caldwell-Pope,1610612743,DEN,70,47,23,2222.0,173,29,144,0.168,292,0.592,19,0.634,2022-23,Regular Season,Rebounding,defensive
1631165,Keon Ellis,1610612758,SAC,5,2,3,31.0,4,0,4,0.0,7,0.571,0,0.571,2022-23,Regular Season,Rebounding,defensive
1630553,Keon Johnson,1610612757,POR,21,7,14,339.0,33,8,25,0.242,48,0.688,3,0.733,2022-23,Regular Season,Rebounding,defensive
1630556,Kessler Edwards,1610612758,SAC,20,9,11,322.0,38,7,31,0.184,66,0.576,4,0.613,2022-23,Regular Season,Rebounding,defensive
201142,Kevin Durant,1610612756,PHX,47,34,13,1672.0,296,79,213,0.267,441,0.671,34,0.727,2022-23,Regular Season,Rebounding,defensive
1628989,Kevin Huerter,1610612758,SAC,68,40,28,2021.0,209,28,181,0.134,324,0.645,30,0.711,2022-23,Regular Season,Rebounding,defensive
1628995,Kevin Knox II,1610612757,POR,53,11,42,870.0,141,28,113,0.199,214,0.659,15,0.709,2022-23,Regular Season,Rebounding,defensive
201567,Kevin Love,1610612748,MIA,61,35,26,1227.0,340,106,233,0.312,510,0.667,41,0.725,2022-23,Regular Season,Rebounding,defensive
1629645,Kevin Porter Jr.,1610612745,HOU,58,18,40,1989.0,238,47,192,0.197,358,0.665,21,0.706,2022-23,Regular Season,Rebounding,defensive
1630284,Kevon Harris,1610612753,ORL,29,10,19,408.0,42,9,33,0.214,84,0.5,6,0.538,2022-23,Regular Season,Rebounding,defensive
1626172,Kevon Looney,1610612744,GSW,81,43,38,1937.0,478,136,342,0.285,738,0.648,54,0.699,2022-23,Regular Season,Rebounding,defensive
203920,Khem Birch,1610612759,SAS,14,6,8,123.0,17,2,15,0.118,28,0.607,3,0.68,2022-23,Regular Season,Rebounding,defensive
203114,Khris Middleton,1610612749,MIL,32,25,7,794.0,112,14,97,0.125,186,0.602,24,0.691,2022-23,Regular Season,Rebounding,defensive
1630165,Killian Hayes,1610612765,DET,71,15,56,2044.0,192,30,161,0.156,347,0.553,33,0.611,2022-23,Regular Season,Rebounding,defensive
1630184,Kira Lewis Jr.,1610612740,NOP,17,7,10,193.0,28,1,27,0.036,42,0.667,2,0.7,2022-23,Regular Season,Rebounding,defensive
202691,Klay Thompson,1610612744,GSW,66,36,30,2211.0,244,41,203,0.168,404,0.604,33,0.658,2022-23,Regular Season,Rebounding,defensive
1628424,Kobi Simmons,1610612766,CHA,3,1,2,22.0,3,1,2,0.333,4,0.75,0,0.75,2022-23,Regular Season,Rebounding,defensive
1627739,Kris Dunn,1610612762,UTA,22,8,14,568.0,91,20,71,0.22,140,0.65,12,0.711,2022-23,Regular Season,Rebounding,defensive
204001,Kristaps Porziņģis,1610612764,WAS,65,27,38,2120.0,432,142,290,0.329,673,0.642,56,0.7,2022-23,Regular Season,Rebounding,defensive
203937,Kyle Anderson,1610612750,MIN,64,35,29,1892.0,301,67,234,0.223,459,0.656,23,0.69,2022-23,Regular Season,Rebounding,defensive
1628398,Kyle Kuzma,1610612764,WAS,64,29,35,2239.0,408,85,323,0.208,568,0.718,43,0.777,2022-23,Regular Season,Rebounding,defensive
200768,Kyle Lowry,1610612748,MIA,55,30,25,1718.0,182,30,152,0.165,384,0.474,50,0.545,2022-23,Regular Season,Rebounding,defensive
202681,Kyrie Irving,1610612742,DAL,60,32,28,2241.0,245,43,202,0.176,391,0.627,27,0.673,2022-23,Regular Season,Rebounding,defensive
1630163,LaMelo Ball,1610612766,CHA,36,13,23,1268.0,189,29,160,0.153,285,0.663,16,0.703,2022-23,Regular Season,Rebounding,defensive
1630205,Lamar Stevens,1610612739,CLE,55,32,23,1061.0,159,36,122,0.226,266,0.598,24,0.657,2022-23,Regular Season,Rebounding,defensive
1629013,Landry Shamet,1610612756,PHX,30,12,18,671.0,56,13,43,0.232,96,0.583,7,0.629,2022-23,Regular Season,Rebounding,defensive
1626204,Larry Nance Jr.,1610612740,NOP,64,34,30,1367.0,248,86,162,0.347,422,0.588,45,0.658,2022-23,Regular Season,Rebounding,defensive
1628374,Lauri Markkanen,1610612762,UTA,66,32,34,2272.0,440,116,324,0.264,627,0.702,33,0.741,2022-23,Regular Season,Rebounding,defensive
2544,LeBron James,1610612747,LAL,55,30,25,1954.0,392,87,304,0.222,555,0.706,53,0.781,2022-23,Regular Season,Rebounding,defensive
1630195,Leandro Bolmaro,1610612762,UTA,6,1,5,49.0,3,1,2,0.333,8,0.375,1,0.429,2022-23,Regular Season,Rebounding,defensive
1631311,Lester Quinones,1610612744,GSW,3,3,0,17.0,2,1,1,0.5,5,0.4,1,0.5,2022-23,Regular Season,Rebounding,defensive
1629623,Lindell Wigginton,1610612749,MIL,3,1,2,77.0,7,2,5,0.286,14,0.5,2,0.583,2022-23,Regular Season,Rebounding,defensive
1630322,Lindy Waters III,1610612760,OKC,29,15,14,440.0,59,16,43,0.271,101,0.584,8,0.634,2022-23,Regular Season,Rebounding,defensive
1629022,Lonnie Walker IV,1610612747,LAL,46,21,25,1161.0,95,15,80,0.158,143,0.664,7,0.699,2022-23,Regular Season,Rebounding,defensive
1629663,Louis King,1610612755,PHI,1,1,0,29.0,2,0,2,0.0,5,0.4,0,0.4,2022-23,Regular Season,Rebounding,defensive
1629652,Luguentz Dort,1610612760,OKC,72,35,37,2220.0,216,55,161,0.255,377,0.573,31,0.624,2022-23,Regular Season,Rebounding,defensive
1629029,Luka Doncic,1610612742,DAL,66,33,33,2391.0,515,118,396,0.229,751,0.686,48,0.733,2022-23,Regular Season,Rebounding,defensive
1630568,Luka Garza,1610612750,MIN,20,10,10,219.0,29,7,22,0.241,61,0.475,14,0.617,2022-23,Regular Season,Rebounding,defensive
1629677,Luka Samanic,1610612762,UTA,7,2,5,161.0,30,8,22,0.267,48,0.625,7,0.732,2022-23,Regular Season,Rebounding,defensive
1628379,Luke Kennard,1610612763,MEM,52,32,20,1192.0,143,19,124,0.133,235,0.609,13,0.644,2022-23,Regular Season,Rebounding,defensive
1628436,Luke Kornet,1610612738,BOS,56,39,17,738.0,111,49,62,0.441,215,0.516,27,0.59,2022-23,Regular Season,Rebounding,defensive
1630644,Mac McClung,1610612755,PHI,2,2,0,41.0,7,0,7,0.0,8,0.875,0,0.875,2022-23,Regular Season,Rebounding,defensive
1630201,Malachi Flynn,1610612761,TOR,35,18,17,565.0,61,5,56,0.082,92,0.663,10,0.744,2022-23,Regular Season,Rebounding,defensive
1631103,Malaki Branham,1610612759,SAS,56,14,42,1363.0,144,12,132,0.083,243,0.593,26,0.664,2022-23,Regular Season,Rebounding,defensive
1627763,Malcolm Brogdon,1610612738,BOS,67,46,21,1744.0,238,56,182,0.235,395,0.603,40,0.67,2022-23,Regular Season,Rebounding,defensive
1630792,Malcolm Hill,1610612741,CHI,2,1,1,7.0,3,0,3,0.0,5,0.6,1,0.75,2022-23,Regular Season,Rebounding,defensive
1627736,Malik Beasley,1610612747,LAL,77,44,33,2015.0,248,38,210,0.153,391,0.634,36,0.699,2022-23,Regular Season,Rebounding,defensive
1628370,Malik Monk,1610612758,SAC,73,46,27,1637.0,171,24,147,0.14,253,0.676,13,0.713,2022-23,Regular Season,Rebounding,defensive
1629603,Mamadi Diakite,1610612739,CLE,12,7,5,139.0,22,8,14,0.364,44,0.5,4,0.55,2022-23,Regular Season,Rebounding,defensive
1630699,MarJon Beauchamp,1610612749,MIL,38,23,15,627.0,77,11,66,0.143,138,0.558,11,0.606,2022-23,Regular Season,Rebounding,defensive
202694,Marcus Morris Sr.,1610612746,LAC,61,32,29,1731.0,229,50,179,0.218,365,0.627,23,0.67,2022-23,Regular Season,Rebounding,defensive
203935,Marcus Smart,1610612738,BOS,57,40,17,1845.0,145,37,108,0.255,287,0.505,39,0.585,2022-23,Regular Season,Rebounding,defensive
1631109,Mark Williams,1610612766,CHA,42,18,24,827.0,211,72,139,0.341,325,0.649,28,0.71,2022-23,Regular Season,Rebounding,defensive
1628365,Markelle Fultz,1610612753,ORL,60,29,31,1778.0,165,26,139,0.158,302,0.546,31,0.609,2022-23,Regular Season,Rebounding,defensive
202693,Markieff Morris,1610612742,DAL,25,12,13,290.0,58,22,36,0.379,90,0.644,9,0.716,2022-23,Regular Season,Rebounding,defensive
1630250,Marko Simonovic,1610612741,CHI,2,2,0,12.0,1,0,1,0.0,2,0.5,0,0.5,2022-23,Regular Season,Rebounding,defensive
1628963,Marvin Bagley III,1610612765,DET,42,7,35,990.0,175,62,112,0.354,260,0.673,14,0.711,2022-23,Regular Season,Rebounding,defensive
203486,Mason Plumlee,1610612746,LAC,79,28,51,2053.0,471,154,314,0.327,780,0.604,102,0.695,2022-23,Regular Season,Rebounding,defensive
1629680,Matisse Thybulle,1610612757,POR,52,28,24,1042.0,100,19,81,0.19,159,0.629,9,0.667,2022-23,Regular Season,Rebounding,defensive
1630346,Matt Ryan,1610612750,MIN,15,4,11,183.0,22,5,17,0.227,32,0.688,1,0.71,2022-23,Regular Season,Rebounding,defensive
203521,Matthew Dellavedova,1610612758,SAC,10,8,2,107.0,12,2,10,0.167,17,0.706,3,0.857,2022-23,Regular Season,Rebounding,defensive
1631108,Max Christie,1610612747,LAL,28,12,16,461.0,68,9,59,0.132,101,0.673,4,0.701,2022-23,Regular Season,Rebounding,defensive
1629622,Max Strus,1610612748,MIA,72,38,34,2096.0,209,48,161,0.23,359,0.582,40,0.655,2022-23,Regular Season,Rebounding,defensive
1628467,Maxi Kleber,1610612742,DAL,36,18,18,906.0,105,28,77,0.267,190,0.553,19,0.614,2022-23,Regular Season,Rebounding,defensive
1630593,McKinley Wright IV,1610612742,DAL,18,9,9,267.0,38,5,33,0.132,66,0.576,4,0.613,2022-23,Regular Season,Rebounding,defensive
203086,Meyers Leonard,1610612749,MIL,8,5,3,108.0,22,6,16,0.273,35,0.629,4,0.71,2022-23,Regular Season,Rebounding,defensive
1629662,Mfiondu Kabengele,1610612738,BOS,4,3,1,36.0,5,2,3,0.4,13,0.385,0,0.385,2022-23,Regular Season,Rebounding,defensive
1630695,Micah Potter,1610612762,UTA,3,1,2,34.0,13,2,11,0.154,18,0.722,2,0.813,2022-23,Regular Season,Rebounding,defensive
203487,Michael Carter-Williams,1610612753,ORL,1,0,1,14.0,4,1,3,0.25,5,0.8,1,1.0,2022-23,Regular Season,Rebounding,defensive
1629008,Michael Porter Jr.,1610612743,DEN,62,41,21,1798.0,277,61,215,0.22,430,0.644,41,0.712,2022-23,Regular Season,Rebounding,defensive
1628969,Mikal Bridges,1610612751,BKN,81,41,40,2927.0,285,53,232,0.186,476,0.599,46,0.663,2022-23,Regular Season,Rebounding,defensive
201144,Mike Conley,1610612750,MIN,61,30,31,1863.0,148,26,122,0.176,265,0.558,22,0.609,2022-23,Regular Season,Rebounding,defensive
203488,Mike Muscala,1610612738,BOS,59,31,28,914.0,166,54,112,0.325,291,0.57,27,0.629,2022-23,Regular Season,Rebounding,defensive
1630540,Miles McBride,1610612752,NYK,31,17,14,512.0,37,6,31,0.162,73,0.507,12,0.607,2022-23,Regular Season,Rebounding,defensive
1629011,Mitchell Robinson,1610612752,NYK,59,35,24,1589.0,288,117,170,0.406,436,0.661,29,0.708,2022-23,Regular Season,Rebounding,defensive
1628964,Mo Bamba,1610612747,LAL,44,24,20,738.0,167,55,111,0.329,288,0.58,29,0.645,2022-23,Regular Season,Rebounding,defensive
1628420,Monte Morris,1610612764,WAS,60,28,32,1635.0,184,18,166,0.098,293,0.628,28,0.694,2022-23,Regular Season,Rebounding,defensive
1626149,Montrezl Harrell,1610612755,PHI,46,30,16,605.0,92,31,61,0.337,173,0.532,9,0.561,2022-23,Regular Season,Rebounding,defensive
1629021,Moritz Wagner,1610612753,ORL,54,25,29,1064.0,190,40,150,0.211,325,0.585,40,0.667,2022-23,Regular Season,Rebounding,defensive
1629650,Moses Brown,1610612746,LAC,28,14,14,270.0,82,32,50,0.39,129,0.636,12,0.701,2022-23,Regular Season,Rebounding,defensive
1630541,Moses Moody,1610612744,GSW,47,24,23,679.0,76,19,57,0.25,144,0.528,13,0.58,2022-23,Regular Season,Rebounding,defensive
1631217,Moussa Diabate,1610612746,LAC,13,5,8,160.0,19,5,14,0.263,45,0.422,15,0.633,2022-23,Regular Season,Rebounding,defensive
1626167,Myles Turner,1610612754,IND,61,29,32,1808.0,378,135,243,0.357,703,0.538,85,0.612,2022-23,Regular Season,Rebounding,defensive
1630230,Naji Marshall,1610612740,NOP,73,38,35,1723.0,231,41,190,0.177,375,0.616,41,0.692,2022-23,Regular Season,Rebounding,defensive
1629642,Nassir Little,1610612757,POR,51,21,30,937.0,114,21,93,0.184,224,0.509,29,0.585,2022-23,Regular Season,Rebounding,defensive
1631466,Nate Williams,1610612757,POR,4,1,3,95.0,3,1,2,0.333,8,0.375,0,0.375,2022-23,Regular Season,Rebounding,defensive
1630233,Nathan Knight,1610612750,MIN,23,11,12,247.0,33,5,28,0.152,56,0.589,7,0.673,2022-23,Regular Season,Rebounding,defensive
1629675,Naz Reid,1610612750,MIN,66,31,35,1228.0,260,83,177,0.319,408,0.637,22,0.674,2022-23,Regular Season,Rebounding,defensive
1629674,Neemias Queta,1610612758,SAC,5,1,4,29.0,6,3,3,0.5,9,0.667,1,0.75,2022-23,Regular Season,Rebounding,defensive
203457,Nerlens Noel,1610612751,BKN,14,2,12,181.0,36,11,25,0.306,62,0.581,4,0.621,2022-23,Regular Season,Rebounding,defensive
1629651,Nic Claxton,1610612751,BKN,76,41,35,2271.0,518,132,384,0.255,842,0.615,75,0.675,2022-23,Regular Season,Rebounding,defensive
1630208,Nick Richards,1610612766,CHA,62,20,42,1201.0,269,84,182,0.312,476,0.565,50,0.631,2022-23,Regular Season,Rebounding,defensive
1629638,Nickeil Alexander-Walker,1610612750,MIN,43,21,22,746.0,86,17,69,0.198,151,0.57,13,0.623,2022-23,Regular Season,Rebounding,defensive
201587,Nicolas Batum,1610612746,LAC,75,43,32,1646.0,237,68,168,0.287,371,0.639,33,0.701,2022-23,Regular Season,Rebounding,defensive
203999,Nikola Jokić,1610612743,DEN,69,48,21,2323.0,650,247,403,0.38,983,0.661,81,0.721,2022-23,Regular Season,Rebounding,defensive
1631107,Nikola Jović,1610612748,MIA,10,5,5,193.0,22,7,15,0.318,46,0.478,10,0.611,2022-23,Regular Season,Rebounding,defensive
202696,Nikola Vucevic,1610612741,CHI,81,39,42,2711.0,733,209,523,0.285,1082,0.677,74,0.727,2022-23,Regular Season,Rebounding,defensive
203943,Noah Vonleh,1610612738,BOS,17,12,5,158.0,30,8,22,0.267,57,0.526,5,0.577,2022-23,Regular Season,Rebounding,defensive
1626181,Norman Powell,1610612746,LAC,56,30,26,1465.0,151,28,123,0.185,253,0.597,25,0.662,2022-23,Regular Season,Rebounding,defensive
1628384,OG Anunoby,1610612761,TOR,66,33,33,2376.0,237,58,179,0.245,425,0.558,45,0.624,2022-23,Regular Season,Rebounding,defensive
1630167,Obi Toppin,1610612752,NYK,61,34,27,987.0,158,29,128,0.184,232,0.681,14,0.725,2022-23,Regular Season,Rebounding,defensive
1630534,Ochai Agbaji,1610612762,UTA,49,22,27,1168.0,78,20,59,0.256,154,0.506,8,0.534,2022-23,Regular Season,Rebounding,defensive
1630846,Olivier Sarr,1610612760,OKC,7,3,4,104.0,19,7,12,0.368,35,0.543,4,0.613,2022-23,Regular Season,Rebounding,defensive
1630209,Omer Yurtseven,1610612748,MIA,8,4,4,76.0,15,1,14,0.067,36,0.417,5,0.484,2022-23,Regular Season,Rebounding,defensive
1630168,Onyeka Okongwu,1610612737,ATL,80,41,39,1849.0,359,116,243,0.323,579,0.62,43,0.67,2022-23,Regular Season,Rebounding,defensive
1631115,Orlando Robinson,1610612748,MIA,30,18,12,422.0,78,21,57,0.269,150,0.52,21,0.605,2022-23,Regular Season,Rebounding,defensive
1629052,Oshae Brissett,1610612754,IND,58,25,33,1005.0,156,42,114,0.269,267,0.584,32,0.664,2022-23,Regular Season,Rebounding,defensive
203490,Otto Porter Jr.,1610612761,TOR,6,4,2,109.0,13,2,11,0.154,18,0.722,2,0.813,2022-23,Regular Season,Rebounding,defensive
1631172,Ousmane Dieng,1610612760,OKC,34,18,16,529.0,86,18,68,0.209,145,0.593,12,0.647,2022-23,Regular Season,Rebounding,defensive
200782,P.J. Tucker,1610612755,PHI,71,46,25,1843.0,200,39,160,0.195,361,0.554,43,0.629,2022-23,Regular Season,Rebounding,defensive
1629023,P.J. Washington,1610612766,CHA,73,24,49,2380.0,285,63,218,0.221,478,0.596,37,0.646,2022-23,Regular Season,Rebounding,defensive
1628408,PJ Dozier,1610612758,SAC,9,5,4,74.0,13,4,9,0.308,22,0.591,3,0.684,2022-23,Regular Season,Rebounding,defensive
1631094,Paolo Banchero,1610612753,ORL,72,31,41,2430.0,413,101,312,0.245,612,0.675,50,0.735,2022-23,Regular Season,Rebounding,defensive
1627783,Pascal Siakam,1610612761,TOR,71,35,36,2652.0,425,85,338,0.2,628,0.677,48,0.733,2022-23,Regular Season,Rebounding,defensive
1626192,Pat Connaughton,1610612749,MIL,59,41,18,1421.0,233,42,191,0.18,368,0.633,45,0.721,2022-23,Regular Season,Rebounding,defensive
1631116,Patrick Baldwin Jr.,1610612744,GSW,19,11,8,187.0,39,11,28,0.282,50,0.78,3,0.83,2022-23,Regular Season,Rebounding,defensive
201976,Patrick Beverley,1610612741,CHI,66,34,32,1787.0,203,31,171,0.153,347,0.585,32,0.644,2022-23,Regular Season,Rebounding,defensive
1630172,Patrick Williams,1610612741,CHI,78,36,42,2230.0,244,59,183,0.242,422,0.578,45,0.647,2022-23,Regular Season,Rebounding,defensive
201988,Patty Mills,1610612751,BKN,26,11,15,419.0,36,0,36,0.0,59,0.61,2,0.632,2022-23,Regular Season,Rebounding,defensive
202331,Paul George,1610612746,LAC,56,32,24,1939.0,297,48,249,0.162,484,0.614,41,0.67,2022-23,Regular Season,Rebounding,defensive
1630194,Paul Reed,1610612755,PHI,59,39,20,720.0,150,51,99,0.34,238,0.63,19,0.685,2022-23,Regular Season,Rebounding,defensive
1630202,Payton Pritchard,1610612738,BOS,31,20,11,516.0,63,12,51,0.19,103,0.612,11,0.685,2022-23,Regular Season,Rebounding,defensive
1631212,Peyton Watson,1610612743,DEN,11,4,7,157.0,29,7,22,0.241,54,0.537,6,0.604,2022-23,Regular Season,Rebounding,defensive
1630173,Precious Achiuwa,1610612761,TOR,54,30,24,1128.0,228,67,161,0.294,345,0.661,24,0.71,2022-23,Regular Season,Rebounding,defensive
1629656,Quentin Grimes,1610612752,NYK,64,38,26,2019.0,180,44,135,0.244,292,0.616,24,0.672,2022-23,Regular Season,Rebounding,defensive
1631245,Quenton Jackson,1610612764,WAS,6,2,4,126.0,6,2,4,0.333,16,0.375,4,0.5,2022-23,Regular Season,Rebounding,defensive
1630181,R.J. Hampton,1610612765,DET,31,5,26,609.0,69,13,56,0.188,104,0.663,6,0.704,2022-23,Regular Season,Rebounding,defensive
1629628,RJ Barrett,1610612752,NYK,72,40,32,2474.0,308,37,271,0.12,515,0.598,48,0.66,2022-23,Regular Season,Rebounding,defensive
1630564,RaiQuan Gray,1610612751,BKN,1,0,1,35.0,6,0,6,0.0,8,0.75,0,0.75,2022-23,Regular Season,Rebounding,defensive
203526,Raul Neto,1610612739,CLE,27,16,11,332.0,36,7,29,0.194,55,0.655,2,0.679,2022-23,Regular Season,Rebounding,defensive
203493,Reggie Bullock Jr.,1610612742,DAL,76,35,41,2322.0,251,51,200,0.203,406,0.618,37,0.68,2022-23,Regular Season,Rebounding,defensive
202704,Reggie Jackson,1610612743,DEN,58,29,29,1454.0,119,13,106,0.109,214,0.556,23,0.623,2022-23,Regular Season,Rebounding,defensive
1626158,Richaun Holmes,1610612758,SAC,27,11,16,284.0,50,17,33,0.34,91,0.549,11,0.625,2022-23,Regular Season,Rebounding,defensive
201937,Ricky Rubio,1610612739,CLE,27,19,8,474.0,61,11,50,0.18,93,0.656,2,0.67,2022-23,Regular Season,Rebounding,defensive
203496,Robert Covington,1610612746,LAC,45,18,27,760.0,135,38,96,0.281,222,0.608,18,0.662,2022-23,Regular Season,Rebounding,defensive
1629057,Robert Williams III,1610612738,BOS,35,24,11,824.0,188,79,109,0.42,278,0.676,19,0.726,2022-23,Regular Season,Rebounding,defensive
201577,Robin Lopez,1610612739,CLE,23,15,8,249.0,28,13,15,0.464,49,0.571,5,0.636,2022-23,Regular Season,Rebounding,defensive
203585,Rodney McGruder,1610612765,DET,26,3,23,479.0,54,8,46,0.148,86,0.628,8,0.692,2022-23,Regular Season,Rebounding,defensive
1629641,Romeo Langford,1610612759,SAS,33,11,22,724.0,55,22,33,0.4,106,0.519,12,0.585,2022-23,Regular Season,Rebounding,defensive
1631199,Ron Harper Jr.,1610612761,TOR,4,3,1,30.0,4,0,4,0.0,6,0.667,0,0.667,2022-23,Regular Season,Rebounding,defensive
1626220,Royce O'Neale,1610612751,BKN,74,41,33,2345.0,329,69,258,0.21,615,0.535,54,0.586,2022-23,Regular Season,Rebounding,defensive
200752,Rudy Gay,1610612762,UTA,51,26,25,744.0,130,30,99,0.231,193,0.674,11,0.714,2022-23,Regular Season,Rebounding,defensive
203497,Rudy Gobert,1610612750,MIN,69,33,36,2120.0,572,156,416,0.273,920,0.622,68,0.671,2022-23,Regular Season,Rebounding,defensive
1629060,Rui Hachimura,1610612747,LAL,61,38,23,1430.0,230,58,172,0.252,356,0.646,32,0.71,2022-23,Regular Season,Rebounding,defensive
201566,Russell Westbrook,1610612746,LAC,72,36,36,2098.0,334,60,273,0.18,491,0.68,35,0.732,2022-23,Regular Season,Rebounding,defensive
1627853,Ryan Arcidiacono,1610612752,NYK,6,1,5,100.0,15,2,13,0.133,22,0.682,1,0.714,2022-23,Regular Season,Rebounding,defensive
1631157,Ryan Rollins,1610612744,GSW,7,3,4,41.0,9,1,8,0.111,11,0.818,0,0.818,2022-23,Regular Season,Rebounding,defensive
1630240,Saben Lee,1610612756,PHX,18,10,8,329.0,32,4,28,0.125,56,0.571,4,0.615,2022-23,Regular Season,Rebounding,defensive
1630180,Saddiq Bey,1610612737,ATL,74,22,52,2057.0,258,38,218,0.147,389,0.663,31,0.721,2022-23,Regular Season,Rebounding,defensive
1630573,Sam Hauser,1610612738,BOS,69,48,21,1202.0,169,32,137,0.189,284,0.595,33,0.673,2022-23,Regular Season,Rebounding,defensive
1630241,Sam Merrill,1610612739,CLE,3,2,1,50.0,9,3,6,0.333,13,0.692,0,0.692,2022-23,Regular Season,Rebounding,defensive
1630572,Sandro Mamukelashvili,1610612759,SAS,33,18,15,581.0,109,29,80,0.266,178,0.612,16,0.673,2022-23,Regular Season,Rebounding,defensive
1630583,Santi Aldama,1610612763,MEM,73,47,26,1618.0,286,50,233,0.175,447,0.64,43,0.708,2022-23,Regular Season,Rebounding,defensive
1630567,Scottie Barnes,1610612761,TOR,77,38,39,2678.0,333,83,250,0.249,565,0.589,51,0.648,2022-23,Regular Season,Rebounding,defensive
1630590,Scotty Pippen Jr.,1610612747,LAL,2,0,2,21.0,2,0,2,0.0,4,0.5,0,0.5,2022-23,Regular Season,Rebounding,defensive
201586,Serge Ibaka,1610612749,MIL,13,9,4,164.0,29,10,19,0.345,44,0.659,2,0.69,2022-23,Regular Season,Rebounding,defensive
203552,Seth Curry,1610612751,BKN,43,28,15,978.0,87,7,80,0.08,144,0.604,7,0.635,2022-23,Regular Season,Rebounding,defensive
1631101,Shaedon Sharpe,1610612757,POR,77,31,46,1736.0,173,28,145,0.162,309,0.56,35,0.631,2022-23,Regular Season,Rebounding,defensive
1628983,Shai Gilgeous-Alexander,1610612760,OKC,67,33,34,2387.0,270,60,209,0.222,437,0.618,38,0.677,2022-23,Regular Season,Rebounding,defensive
1629003,Shake Milton,1610612755,PHI,66,46,20,1445.0,152,27,125,0.178,243,0.626,18,0.676,2022-23,Regular Season,Rebounding,defensive
1627885,Shaquille Harrison,1610612747,LAL,4,1,3,96.0,18,5,13,0.278,20,0.9,1,0.947,2022-23,Regular Season,Rebounding,defensive
1631323,Simone Fontecchio,1610612762,UTA,38,19,19,656.0,55,13,42,0.236,104,0.529,15,0.618,2022-23,Regular Season,Rebounding,defensive
1630219,Skylar Mays,1610612757,POR,4,1,3,137.0,15,1,14,0.067,23,0.652,1,0.682,2022-23,Regular Season,Rebounding,defensive
203915,Spencer Dinwiddie,1610612751,BKN,75,39,36,2603.0,242,31,211,0.128,393,0.616,29,0.665,2022-23,Regular Season,Rebounding,defensive
1626169,Stanley Johnson,1610612762,UTA,27,5,22,448.0,72,17,55,0.236,122,0.59,7,0.626,2022-23,Regular Season,Rebounding,defensive
201939,Stephen Curry,1610612744,GSW,55,29,26,1918.0,298,55,243,0.185,491,0.607,42,0.664,2022-23,Regular Season,Rebounding,defensive
1628425,Sterling Brown,1610612747,LAL,2,1,1,21.0,5,0,5,0.0,6,0.833,1,1.0,2022-23,Regular Season,Rebounding,defensive
203500,Steven Adams,1610612763,MEM,42,28,14,1133.0,271,97,173,0.358,433,0.626,27,0.667,2022-23,Regular Season,Rebounding,defensive
1629004,Svi Mykhailiuk,1610612766,CHA,21,11,10,407.0,38,11,27,0.289,57,0.667,7,0.76,2022-23,Regular Season,Rebounding,defensive
204456,T.J. McConnell,1610612754,IND,70,28,42,1444.0,189,17,172,0.09,307,0.616,24,0.668,2022-23,Regular Season,Rebounding,defensive
203933,T.J. Warren,1610612756,PHX,40,25,15,673.0,95,30,65,0.316,152,0.625,13,0.683,2022-23,Regular Season,Rebounding,defensive
201959,Taj Gibson,1610612764,WAS,35,18,17,416.0,61,25,36,0.41,105,0.581,10,0.642,2022-23,Regular Season,Rebounding,defensive
1629659,Talen Horton-Tucker,1610612762,UTA,58,25,33,1256.0,169,37,132,0.219,290,0.583,22,0.631,2022-23,Regular Season,Rebounding,defensive
1631106,Tari Eason,1610612745,HOU,82,22,60,1767.0,301,81,220,0.269,441,0.683,30,0.732,2022-23,Regular Season,Rebounding,defensive
1627752,Taurean Prince,1610612750,MIN,47,27,20,1051.0,114,25,89,0.219,192,0.594,18,0.655,2022-23,Regular Season,Rebounding,defensive
1629611,Terance Mann,1610612746,LAC,77,43,34,1802.0,199,44,155,0.221,348,0.572,35,0.636,2022-23,Regular Season,Rebounding,defensive
1629056,Terence Davis,1610612758,SAC,46,25,21,713.0,119,12,107,0.101,179,0.665,17,0.735,2022-23,Regular Season,Rebounding,defensive
203082,Terrence Ross,1610612756,PHX,57,25,32,1244.0,132,17,115,0.129,184,0.717,11,0.763,2022-23,Regular Season,Rebounding,defensive
1626179,Terry Rozier,1610612766,CHA,61,18,43,2154.0,208,25,182,0.12,332,0.627,21,0.669,2022-23,Regular Season,Rebounding,defensive
1630678,Terry Taylor,1610612741,CHI,18,6,12,226.0,20,3,17,0.15,45,0.444,3,0.476,2022-23,Regular Season,Rebounding,defensive
201152,Thaddeus Young,1610612761,TOR,45,20,25,737.0,95,19,76,0.2,158,0.601,15,0.664,2022-23,Regular Season,Rebounding,defensive
203648,Thanasis Antetokounmpo,1610612749,MIL,19,12,7,165.0,29,12,16,0.414,34,0.853,1,0.879,2022-23,Regular Season,Rebounding,defensive
1630177,Theo Maledon,1610612766,CHA,38,11,27,757.0,109,17,91,0.156,178,0.612,12,0.657,2022-23,Regular Season,Rebounding,defensive
1629033,Theo Pinson,1610612742,DAL,27,15,12,290.0,53,11,42,0.208,86,0.616,10,0.697,2022-23,Regular Season,Rebounding,defensive
1628418,Thomas Bryant,1610612743,DEN,55,30,25,1059.0,253,96,156,0.379,392,0.645,35,0.709,2022-23,Regular Season,Rebounding,defensive
203501,Tim Hardaway Jr.,1610612742,DAL,70,37,33,2131.0,230,46,185,0.2,401,0.574,35,0.628,2022-23,Regular Season,Rebounding,defensive
202699,Tobias Harris,1610612755,PHI,73,47,26,2398.0,357,70,286,0.196,534,0.669,37,0.718,2022-23,Regular Season,Rebounding,defensive
1628396,Tony Bradley,1610612741,CHI,8,2,6,23.0,10,2,8,0.2,12,0.833,1,0.909,2022-23,Regular Season,Rebounding,defensive
1628470,Torrey Craig,1610612756,PHX,78,43,35,1935.0,281,49,231,0.174,445,0.631,30,0.677,2022-23,Regular Season,Rebounding,defensive
1629027,Trae Young,1610612737,ATL,67,36,31,2332.0,161,9,152,0.056,253,0.636,21,0.694,2022-23,Regular Season,Rebounding,defensive
1630200,Tre Jones,1610612759,SAS,62,19,43,1827.0,178,22,156,0.124,294,0.605,34,0.685,2022-23,Regular Season,Rebounding,defensive
1630544,Tre Mann,1610612760,OKC,55,25,30,1087.0,128,18,109,0.141,220,0.582,19,0.637,2022-23,Regular Season,Rebounding,defensive
1630570,Trendon Watford,1610612757,POR,57,24,33,1141.0,191,50,141,0.262,307,0.622,25,0.677,2022-23,Regular Season,Rebounding,defensive
1630235,Trent Forrest,1610612737,ATL,15,5,10,238.0,32,2,30,0.063,46,0.696,2,0.727,2022-23,Regular Season,Rebounding,defensive
1630243,Trevelin Queen,1610612755,PHI,7,2,5,70.0,9,3,6,0.333,11,0.818,1,0.9,2022-23,Regular Season,Rebounding,defensive
1631211,Trevor Keels,1610612752,NYK,2,2,0,4.0,2,0,2,0.0,2,1.0,0,1.0,2022-23,Regular Season,Rebounding,defensive
1626168,Trey Lyles,1610612758,SAC,69,39,30,1201.0,232,56,176,0.241,367,0.632,32,0.693,2022-23,Regular Season,Rebounding,defensive
1630530,Trey Murphy III,1610612740,NOP,75,38,37,2357.0,222,57,165,0.257,354,0.627,25,0.675,2022-23,Regular Season,Rebounding,defensive
1628972,Troy Brown Jr.,1610612747,LAL,72,39,33,1810.0,246,47,197,0.191,408,0.603,51,0.689,2022-23,Regular Season,Rebounding,defensive
1629660,Ty Jerome,1610612744,GSW,34,16,18,676.0,71,9,62,0.127,120,0.592,11,0.651,2022-23,Regular Season,Rebounding,defensive
1631102,TyTy Washington Jr.,1610612745,HOU,21,5,16,352.0,43,3,40,0.07,68,0.632,2,0.652,2022-23,Regular Season,Rebounding,defensive
1628416,Tyler Dorsey,1610612742,DAL,1,1,0,4.0,1,0,1,0.0,1,1.0,0,1.0,2022-23,Regular Season,Rebounding,defensive
1629639,Tyler Herro,1610612748,MIA,67,37,30,2335.0,333,41,292,0.123,507,0.657,41,0.715,2022-23,Regular Season,Rebounding,defensive
1630169,Tyrese Haliburton,1610612754,IND,55,28,27,1848.0,172,12,160,0.07,261,0.659,14,0.696,2022-23,Regular Season,Rebounding,defensive
1631213,Tyrese Martin,1610612737,ATL,5,2,3,29.0,7,2,5,0.286,8,0.875,1,1.0,2022-23,Regular Season,Rebounding,defensive
1630178,Tyrese Maxey,1610612755,PHI,56,35,21,1877.0,153,13,140,0.085,249,0.614,21,0.671,2022-23,Regular Season,Rebounding,defensive
1626145,Tyus Jones,1610612763,MEM,71,44,27,1775.0,172,10,162,0.058,268,0.642,14,0.677,2022-23,Regular Season,Rebounding,defensive
1628962,Udoka Azubuike,1610612762,UTA,31,13,18,347.0,88,14,74,0.159,133,0.662,14,0.739,2022-23,Regular Season,Rebounding,defensive
2617,Udonis Haslem,1610612748,MIA,7,4,3,72.0,7,1,6,0.143,20,0.35,1,0.368,2022-23,Regular Season,Rebounding,defensive
1630586,Usman Garuba,1610612745,HOU,70,19,51,953.0,187,62,125,0.332,322,0.581,35,0.652,2022-23,Regular Season,Rebounding,defensive
1630176,Vernon Carey Jr.,1610612762,UTA,6,5,1,20.0,8,4,4,0.5,9,0.889,1,1.0,2022-23,Regular Season,Rebounding,defensive
203506,Victor Oladipo,1610612748,MIA,38,22,16,1007.0,112,19,93,0.17,204,0.549,16,0.596,2022-23,Regular Season,Rebounding,defensive
1631246,Vince Williams Jr.,1610612763,MEM,4,1,3,71.0,11,2,9,0.182,16,0.688,0,0.688,2022-23,Regular Season,Rebounding,defensive
1628427,Vlatko Čančar,1610612743,DEN,42,28,14,772.0,104,14,90,0.135,151,0.689,10,0.738,2022-23,Regular Season,Rebounding,defensive
1630249,Vít Krejčí,1610612737,ATL,16,8,8,130.0,20,2,18,0.1,26,0.769,4,0.909,2022-23,Regular Season,Rebounding,defensive
1631117,Walker Kessler,1610612762,UTA,73,34,39,1699.0,389,140,250,0.36,670,0.581,70,0.648,2022-23,Regular Season,Rebounding,defensive
1628976,Wendell Carter Jr.,1610612753,ORL,57,26,31,1690.0,377,124,252,0.329,611,0.617,71,0.698,2022-23,Regular Season,Rebounding,defensive
1631111,Wendell Moore Jr.,1610612750,MIN,13,4,9,92.0,14,4,10,0.286,23,0.609,2,0.667,2022-23,Regular Season,Rebounding,defensive
1629117,Wenyen Gabriel,1610612747,LAL,60,32,28,960.0,170,91,77,0.535,311,0.547,34,0.614,2022-23,Regular Season,Rebounding,defensive
202083,Wesley Matthews,1610612749,MIL,42,34,8,704.0,79,23,57,0.291,147,0.537,18,0.612,2022-23,Regular Season,Rebounding,defensive
203115,Will Barton,1610612761,TOR,50,24,26,960.0,122,18,103,0.148,193,0.632,15,0.685,2022-23,Regular Season,Rebounding,defensive
1626195,Willy Hernangomez,1610612740,NOP,35,20,15,455.0,122,38,84,0.311,200,0.61,28,0.709,2022-23,Regular Season,Rebounding,defensive
1641645,Xavier Cooks,1610612764,WAS,9,1,8,124.0,22,11,11,0.5,38,0.579,2,0.611,2022-23,Regular Season,Rebounding,defensive
1629875,Xavier Moon,1610612746,LAC,3,1,2,18.0,3,1,2,0.333,3,1.0,0,1.0,2022-23,Regular Season,Rebounding,defensive
1630270,Xavier Sneed,1610612766,CHA,4,0,4,48.0,5,0,5,0.0,7,0.714,1,0.833,2022-23,Regular Season,Rebounding,defensive
1630214,Xavier Tillman,1610612763,MEM,57,37,20,1168.0,186,56,129,0.301,314,0.592,22,0.637,2022-23,Regular Season,Rebounding,defensive
1629139,Yuta Watanabe,1610612751,BKN,44,24,20,810.0,111,21,88,0.189,204,0.544,18,0.597,2022-23,Regular Season,Rebounding,defensive
1628380,Zach Collins,1610612759,SAS,60,19,41,1386.0,276,98,178,0.355,512,0.539,50,0.597,2022-23,Regular Season,Rebounding,defensive
203897,Zach LaVine,1610612741,CHI,75,37,38,2698.0,299,34,266,0.114,501,0.597,44,0.654,2022-23,Regular Season,Rebounding,defensive
1630192,Zeke Nnaji,1610612743,DEN,41,25,16,642.0,73,15,58,0.205,137,0.533,14,0.593,2022-23,Regular Season,Rebounding,defensive
1630533,Ziaire Williams,1610612763,MEM,28,14,14,492.0,63,10,53,0.159,105,0.6,9,0.656,2022-23,Regular Season,Rebounding,defensive
1629627,Zion Williamson,1610612740,NOP,29,17,12,956.0,144,42,103,0.292,212,0.679,17,0.738,2022-23,Regular Season,Rebounding,defensive
