PLAYER_ID,PLAYER_NAME,TEAM_ID,TEAM_ABBREVIATION,GP,W,L,MIN,PULL_UP_FGM,PULL_UP_FGA,PULL_UP_FG_PCT,PULL_UP_PTS,PULL_UP_FG3M,PULL_UP_FG3A,PULL_UP_FG3_PCT,PULL_UP_EFG_PCT,SEASON,SEASON_TYPE,PT_MEASURE_TYPE
1630639,A.J. Lawson,1610612742,DAL,15,5,10,108.0,0,3,0.0,0,0.0,2.0,0.0,0.0,2022-23,Regular Season,PullUpShot
1631260,AJ Green,1610612749,MIL,35,27,8,345.0,14,36,0.389,36,8.0,23.0,0.348,0.5,2022-23,Regular Season,PullUpShot
1631100,AJ Griffin,1610612737,ATL,72,34,38,1401.0,89,182,0.489,206,28.0,60.0,0.467,0.566,2022-23,Regular Season,PullUpShot
203932,Aaron Gordon,1610612743,DEN,68,45,23,2055.0,40,114,0.351,103,23.0,59.0,0.39,0.452,2022-23,Regular Season,PullUpShot
1628988,Aaron Holiday,1610612737,ATL,63,32,31,845.0,27,71,0.38,63,9.0,26.0,0.346,0.444,2022-23,Regular Season,PullUpShot
1630174,Aaron Nesmith,1610612754,IND,73,30,43,1816.0,37,85,0.435,93,19.0,43.0,0.442,0.547,2022-23,Regular Season,PullUpShot
1630598,Aaron Wiggins,1610612760,OKC,70,37,33,1297.0,6,17,0.353,16,4.0,8.0,0.5,0.471,2022-23,Regular Season,PullUpShot
1629678,Admiral Schofield,1610612753,ORL,37,14,23,451.0,1,7,0.143,3,1.0,6.0,0.167,0.214,2022-23,Regular Season,PullUpShot
201143,Al Horford,1610612738,BOS,63,44,19,1921.0,8,20,0.4,19,3.0,7.0,0.429,0.475,2022-23,Regular Season,PullUpShot
202692,Alec Burks,1610612765,DET,51,12,39,1122.0,101,237,0.426,246,44.0,111.0,0.396,0.519,2022-23,Regular Season,PullUpShot
1630197,Aleksej Pokusevski,1610612760,OKC,34,16,18,701.0,5,18,0.278,11,1.0,5.0,0.2,0.306,2022-23,Regular Season,PullUpShot
1627936,Alex Caruso,1610612741,CHI,67,33,34,1575.0,6,29,0.207,15,3.0,13.0,0.231,0.259,2022-23,Regular Season,PullUpShot
203458,Alex Len,1610612758,SAC,26,15,11,161.0,1,1,1.0,2,0.0,0.0,nan,1.0,2022-23,Regular Season,PullUpShot
1628993,Alize Johnson,1610612759,SAS,4,1,3,30.0,0,1,0.0,0,0.0,1.0,0.0,0.0,2022-23,Regular Season,PullUpShot
1631214,Alondes Williams,1610612751,BKN,1,1,0,5.0,0,0,nan,0,nan,nan,nan,nan,2022-23,Regular Season,PullUpShot
1630578,Alperen Sengun,1610612745,HOU,75,18,57,2171.0,15,37,0.405,30,0.0,4.0,0.0,0.405,2022-23,Regular Season,PullUpShot
1629599,Amir Coffey,1610612746,LAC,50,26,24,625.0,10,35,0.286,21,1.0,6.0,0.167,0.3,2022-23,Regular Season,PullUpShot
203083,Andre Drummond,1610612741,CHI,67,32,35,849.0,1,2,0.5,2,0.0,0.0,nan,0.5,2022-23,Regular Season,PullUpShot
2738,Andre Iguodala,1610612744,GSW,8,3,5,113.0,0,1,0.0,0,0.0,1.0,0.0,0.0,2022-23,Regular Season,PullUpShot
1629614,Andrew Nembhard,1610612754,IND,75,32,43,2074.0,79,220,0.359,177,19.0,66.0,0.288,0.402,2022-23,Regular Season,PullUpShot
203952,Andrew Wiggins,1610612744,GSW,37,19,18,1190.0,39,115,0.339,85,7.0,29.0,0.241,0.37,2022-23,Regular Season,PullUpShot
1629014,Anfernee Simons,1610612757,POR,62,27,35,2171.0,182,461,0.395,455,91.0,256.0,0.355,0.493,2022-23,Regular Season,PullUpShot
203076,Anthony Davis,1610612747,LAL,56,31,25,1905.0,70,166,0.422,140,0.0,4.0,0.0,0.422,2022-23,Regular Season,PullUpShot
1630162,Anthony Edwards,1610612750,MIN,79,40,39,2841.0,220,627,0.351,562,122.0,361.0,0.338,0.448,2022-23,Regular Season,PullUpShot
1630264,Anthony Gill,1610612764,WAS,59,21,38,625.0,1,8,0.125,2,0.0,4.0,0.0,0.125,2022-23,Regular Season,PullUpShot
1630237,Anthony Lamb,1610612744,GSW,62,36,26,1195.0,5,20,0.25,14,4.0,13.0,0.308,0.35,2022-23,Regular Season,PullUpShot
1630559,Austin Reaves,1610612747,LAL,64,35,29,1843.0,75,159,0.472,170,20.0,50.0,0.4,0.535,2022-23,Regular Season,PullUpShot
203085,Austin Rivers,1610612750,MIN,52,25,27,1016.0,3,21,0.143,9,3.0,16.0,0.188,0.214,2022-23,Regular Season,PullUpShot
1630245,Ayo Dosunmu,1610612741,CHI,80,40,40,2098.0,28,75,0.373,58,2.0,5.0,0.4,0.387,2022-23,Regular Season,PullUpShot
1628389,Bam Adebayo,1610612748,MIA,75,40,35,2598.0,106,239,0.444,212,0.0,4.0,0.0,0.444,2022-23,Regular Season,PullUpShot
1627732,Ben Simmons,1610612751,BKN,42,24,18,1105.0,4,17,0.235,8,0.0,2.0,0.0,0.235,2022-23,Regular Season,PullUpShot
1631097,Bennedict Mathurin,1610612754,IND,78,33,45,2222.0,82,235,0.349,208,44.0,126.0,0.349,0.443,2022-23,Regular Season,PullUpShot
202687,Bismack Biyombo,1610612756,PHX,61,33,28,874.0,1,2,0.5,2,nan,nan,nan,0.5,2022-23,Regular Season,PullUpShot
201933,Blake Griffin,1610612738,BOS,41,27,14,569.0,1,8,0.125,3,1.0,8.0,0.125,0.188,2022-23,Regular Season,PullUpShot
1631104,Blake Wesley,1610612759,SAS,37,9,28,669.0,11,60,0.183,25,3.0,8.0,0.375,0.208,2022-23,Regular Season,PullUpShot
1626246,Boban Marjanovic,1610612745,HOU,31,7,24,171.0,4,9,0.444,8,0.0,0.0,nan,0.444,2022-23,Regular Season,PullUpShot
1626171,Bobby Portis,1610612749,MIL,70,47,23,1818.0,56,146,0.384,113,1.0,7.0,0.143,0.387,2022-23,Regular Season,PullUpShot
203992,Bogdan Bogdanović,1610612737,ATL,54,27,27,1509.0,85,207,0.411,211,41.0,95.0,0.432,0.51,2022-23,Regular Season,PullUpShot
202711,Bojan Bogdanovic,1610612765,DET,59,15,44,1893.0,142,325,0.437,317,33.0,101.0,0.327,0.488,2022-23,Regular Season,PullUpShot
1629626,Bol Bol,1610612753,ORL,70,26,44,1505.0,42,127,0.331,95,11.0,45.0,0.244,0.374,2022-23,Regular Season,PullUpShot
1630538,Bones Hyland,1610612746,LAC,56,36,20,1085.0,82,230,0.357,220,56.0,154.0,0.364,0.478,2022-23,Regular Season,PullUpShot
203078,Bradley Beal,1610612764,WAS,50,24,26,1673.0,161,364,0.442,358,36.0,109.0,0.33,0.492,2022-23,Regular Season,PullUpShot
1630527,Brandon Boston,1610612746,LAC,22,9,13,248.0,20,51,0.392,47,7.0,15.0,0.467,0.461,2022-23,Regular Season,PullUpShot
1629634,Brandon Clarke,1610612763,MEM,56,32,24,1090.0,8,13,0.615,16,0.0,0.0,nan,0.615,2022-23,Regular Season,PullUpShot
1627742,Brandon Ingram,1610612740,NOP,45,23,22,1538.0,188,432,0.435,390,14.0,43.0,0.326,0.451,2022-23,Regular Season,PullUpShot
1630296,Braxton Key,1610612765,DET,3,0,3,9.0,1,1,1.0,2,nan,nan,nan,1.0,2022-23,Regular Season,PullUpShot
201572,Brook Lopez,1610612749,MIL,78,57,21,2372.0,33,84,0.393,74,8.0,25.0,0.32,0.44,2022-23,Regular Season,PullUpShot
1628971,Bruce Brown,1610612743,DEN,80,53,27,2279.0,44,128,0.344,96,8.0,32.0,0.25,0.375,2022-23,Regular Season,PullUpShot
1628981,Bruno Fernando,1610612737,ATL,39,13,26,405.0,1,2,0.5,2,0.0,0.0,nan,0.5,2022-23,Regular Season,PullUpShot
1631121,Bryce McGowens,1610612766,CHA,46,16,30,787.0,8,32,0.25,20,4.0,13.0,0.308,0.313,2022-23,Regular Season,PullUpShot
1627854,Bryn Forbes,1610612750,MIN,25,9,16,268.0,12,32,0.375,28,4.0,14.0,0.286,0.438,2022-23,Regular Season,PullUpShot
1631205,Buddy Boeheim,1610612765,DET,10,2,8,90.0,0,1,0.0,0,0.0,1.0,0.0,0.0,2022-23,Regular Season,PullUpShot
1627741,Buddy Hield,1610612754,IND,80,35,45,2482.0,132,306,0.431,349,85.0,194.0,0.438,0.57,2022-23,Regular Season,PullUpShot
203468,CJ McCollum,1610612740,NOP,75,38,37,2649.0,259,618,0.419,596,78.0,219.0,0.356,0.482,2022-23,Regular Season,PullUpShot
1630595,Cade Cunningham,1610612765,DET,12,3,9,400.0,44,106,0.415,96,8.0,33.0,0.242,0.453,2022-23,Regular Season,PullUpShot
1631216,Caleb Houstan,1610612753,ORL,51,20,31,812.0,4,10,0.4,11,3.0,6.0,0.5,0.55,2022-23,Regular Season,PullUpShot
1628997,Caleb Martin,1610612748,MIA,71,38,33,2078.0,46,99,0.465,107,15.0,36.0,0.417,0.54,2022-23,Regular Season,PullUpShot
1629629,Cam Reddish,1610612757,POR,40,14,26,990.0,18,55,0.327,46,10.0,31.0,0.323,0.418,2022-23,Regular Season,PullUpShot
1630560,Cam Thomas,1610612751,BKN,57,30,27,948.0,93,246,0.378,218,32.0,87.0,0.368,0.443,2022-23,Regular Season,PullUpShot
1629661,Cameron Johnson,1610612751,BKN,42,25,17,1200.0,46,106,0.434,102,10.0,29.0,0.345,0.481,2022-23,Regular Season,PullUpShot
1626166,Cameron Payne,1610612756,PHX,48,27,21,968.0,74,179,0.413,179,31.0,73.0,0.425,0.5,2022-23,Regular Season,PullUpShot
1627747,Caris LeVert,1610612739,CLE,74,45,29,2237.0,84,236,0.356,212,44.0,113.0,0.389,0.449,2022-23,Regular Season,PullUpShot
1630637,Carlik Jones,1610612741,CHI,7,4,3,56.0,2,5,0.4,4,0.0,1.0,0.0,0.4,2022-23,Regular Season,PullUpShot
1626224,Cedi Osman,1610612739,CLE,77,48,29,1548.0,23,72,0.319,66,20.0,53.0,0.377,0.458,2022-23,Regular Season,PullUpShot
1628435,Chance Comanche,1610612757,POR,1,0,1,21.0,0,0,nan,0,nan,nan,nan,nan,2022-23,Regular Season,PullUpShot
1629646,Charles Bassey,1610612759,SAS,35,9,26,508.0,6,10,0.6,14,2.0,3.0,0.667,0.7,2022-23,Regular Season,PullUpShot
1631320,Chima Moneke,1610612758,SAC,2,1,1,8.0,0,0,nan,0,nan,nan,nan,nan,2022-23,Regular Season,PullUpShot
1629002,Chimezie Metu,1610612758,SAC,66,41,25,689.0,2,14,0.143,4,0.0,4.0,0.0,0.143,2022-23,Regular Season,PullUpShot
1628449,Chris Boucher,1610612761,TOR,76,39,37,1523.0,11,30,0.367,24,2.0,10.0,0.2,0.4,2022-23,Regular Season,PullUpShot
1630537,Chris Duarte,1610612754,IND,46,19,27,897.0,41,138,0.297,102,20.0,71.0,0.282,0.37,2022-23,Regular Season,PullUpShot
101108,Chris Paul,1610612756,PHX,59,33,26,1889.0,208,488,0.426,467,51.0,169.0,0.302,0.478,2022-23,Regular Season,PullUpShot
1629735,Chris Silva,1610612737,ATL,1,1,0,3.0,0,0,nan,0,nan,nan,nan,nan,2022-23,Regular Season,PullUpShot
1631128,Christian Braun,1610612743,DEN,76,49,27,1181.0,9,33,0.273,24,6.0,15.0,0.4,0.364,2022-23,Regular Season,PullUpShot
1631132,Christian Koloko,1610612761,TOR,58,29,29,802.0,0,0,nan,0,0.0,0.0,nan,nan,2022-23,Regular Season,PullUpShot
1626174,Christian Wood,1610612742,DAL,67,33,34,1738.0,28,100,0.28,65,9.0,46.0,0.196,0.325,2022-23,Regular Season,PullUpShot
1629643,Chuma Okeke,1610612753,ORL,27,8,19,518.0,4,20,0.2,10,2.0,10.0,0.2,0.25,2022-23,Regular Season,PullUpShot
203991,Clint Capela,1610612737,ATL,65,35,30,1730.0,0,1,0.0,0,0.0,0.0,nan,0.0,2022-23,Regular Season,PullUpShot
1629632,Coby White,1610612741,CHI,74,37,37,1730.0,48,134,0.358,112,16.0,58.0,0.276,0.418,2022-23,Regular Season,PullUpShot
1628998,Cody Martin,1610612766,CHA,7,2,5,134.0,1,10,0.1,2,0.0,5.0,0.0,0.1,2022-23,Regular Season,PullUpShot
203469,Cody Zeller,1610612748,MIA,15,6,9,217.0,0,3,0.0,0,0.0,0.0,nan,0.0,2022-23,Regular Season,PullUpShot
1630175,Cole Anthony,1610612753,ORL,60,28,32,1552.0,103,227,0.454,228,22.0,57.0,0.386,0.502,2022-23,Regular Season,PullUpShot
1631306,Cole Swider,1610612747,LAL,7,2,5,41.0,0,3,0.0,0,0.0,2.0,0.0,0.0,2022-23,Regular Season,PullUpShot
1629012,Collin Sexton,1610612762,UTA,48,24,24,1145.0,49,104,0.471,118,20.0,43.0,0.465,0.567,2022-23,Regular Season,PullUpShot
1630557,Corey Kispert,1610612764,WAS,74,31,43,2093.0,20,52,0.385,53,13.0,33.0,0.394,0.51,2022-23,Regular Season,PullUpShot
202709,Cory Joseph,1610612765,DET,62,12,50,1227.0,50,136,0.368,121,21.0,63.0,0.333,0.445,2022-23,Regular Season,PullUpShot
1626156,D'Angelo Russell,1610612747,LAL,71,39,32,2304.0,184,430,0.428,450,82.0,214.0,0.383,0.523,2022-23,Regular Season,PullUpShot
1630227,Daishen Nix,1610612745,HOU,57,15,42,914.0,18,53,0.34,52,16.0,47.0,0.34,0.491,2022-23,Regular Season,PullUpShot
1630625,Dalano Banton,1610612761,TOR,31,17,14,279.0,5,33,0.152,12,2.0,12.0,0.167,0.182,2022-23,Regular Season,PullUpShot
1631207,Dalen Terry,1610612741,CHI,38,19,19,214.0,6,14,0.429,15,3.0,8.0,0.375,0.536,2022-23,Regular Season,PullUpShot
1627745,Damian Jones,1610612762,UTA,41,12,29,477.0,0,0,nan,0,0.0,0.0,nan,nan,2022-23,Regular Season,PullUpShot
203081,Damian Lillard,1610612757,POR,58,27,31,2107.0,227,561,0.405,613,159.0,427.0,0.372,0.546,2022-23,Regular Season,PullUpShot
1627814,Damion Lee,1610612756,PHX,74,40,34,1506.0,29,93,0.312,60,2.0,16.0,0.125,0.323,2022-23,Regular Season,PullUpShot
1629655,Daniel Gafford,1610612764,WAS,78,32,46,1604.0,6,9,0.667,12,nan,nan,nan,0.667,2022-23,Regular Season,PullUpShot
1628464,Daniel Theis,1610612754,IND,7,1,6,109.0,0,0,nan,0,0.0,0.0,nan,nan,2022-23,Regular Season,PullUpShot
201980,Danny Green,1610612739,CLE,11,6,5,139.0,5,11,0.455,12,2.0,7.0,0.286,0.545,2022-23,Regular Season,PullUpShot
1627863,Danuel House Jr.,1610612755,PHI,56,38,18,807.0,22,52,0.423,57,13.0,37.0,0.351,0.548,2022-23,Regular Season,PullUpShot
203967,Dario Saric,1610612760,OKC,57,26,31,806.0,7,26,0.269,15,1.0,5.0,0.2,0.288,2022-23,Regular Season,PullUpShot
1629647,Darius Bazley,1610612756,PHX,43,19,24,616.0,2,12,0.167,5,1.0,2.0,0.5,0.208,2022-23,Regular Season,PullUpShot
1630620,Darius Days,1610612745,HOU,4,0,4,25.0,0,0,nan,0,0.0,0.0,nan,nan,2022-23,Regular Season,PullUpShot
1629636,Darius Garland,1610612739,CLE,69,40,29,2447.0,210,499,0.421,511,91.0,233.0,0.391,0.512,2022-23,Regular Season,PullUpShot
1630561,David Duke Jr.,1610612751,BKN,23,10,13,228.0,3,8,0.375,6,0.0,1.0,0.0,0.375,2022-23,Regular Season,PullUpShot
1631223,David Roddy,1610612763,MEM,70,44,26,1259.0,13,31,0.419,29,3.0,13.0,0.231,0.468,2022-23,Regular Season,PullUpShot
1630558,Davion Mitchell,1610612758,SAC,80,47,33,1447.0,47,133,0.353,110,16.0,61.0,0.262,0.414,2022-23,Regular Season,PullUpShot
202722,Davis Bertans,1610612742,DAL,45,20,25,492.0,6,14,0.429,17,5.0,13.0,0.385,0.607,2022-23,Regular Season,PullUpShot
1628432,Davon Reed,1610612743,DEN,43,29,14,343.0,10,29,0.345,24,4.0,6.0,0.667,0.414,2022-23,Regular Season,PullUpShot
1630549,Day'Ron Sharpe,1610612751,BKN,48,22,26,552.0,1,1,1.0,3,1.0,1.0,1.0,1.5,2022-23,Regular Season,PullUpShot
1628368,De'Aaron Fox,1610612758,SAC,73,44,29,2435.0,258,630,0.41,575,59.0,196.0,0.301,0.456,2022-23,Regular Season,PullUpShot
1629631,De'Andre Hunter,1610612737,ATL,67,35,32,2126.0,134,263,0.51,282,14.0,36.0,0.389,0.536,2022-23,Regular Season,PullUpShot
1629001,De'Anthony Melton,1610612755,PHI,77,50,27,2150.0,45,142,0.317,122,32.0,100.0,0.32,0.43,2022-23,Regular Season,PullUpShot
201599,DeAndre Jordan,1610612743,DEN,39,23,16,586.0,1,1,1.0,2,0.0,0.0,nan,1.0,2022-23,Regular Season,PullUpShot
201942,DeMar DeRozan,1610612741,CHI,74,37,37,2682.0,352,745,0.472,712,8.0,26.0,0.308,0.478,2022-23,Regular Season,PullUpShot
1629731,Dean Wade,1610612739,CLE,44,30,14,892.0,2,8,0.25,5,1.0,2.0,0.5,0.313,2022-23,Regular Season,PullUpShot
1629028,Deandre Ayton,1610612756,PHX,67,36,31,2035.0,33,71,0.465,68,2.0,2.0,1.0,0.479,2022-23,Regular Season,PullUpShot
1627749,Dejounte Murray,1610612737,ATL,74,38,36,2693.0,292,630,0.463,632,48.0,132.0,0.364,0.502,2022-23,Regular Season,PullUpShot
1626153,Delon Wright,1610612764,WAS,50,26,24,1221.0,26,69,0.377,67,15.0,43.0,0.349,0.486,2022-23,Regular Season,PullUpShot
1630166,Deni Avdija,1610612764,WAS,76,33,43,2020.0,10,57,0.175,27,7.0,37.0,0.189,0.237,2022-23,Regular Season,PullUpShot
203471,Dennis Schröder,1610612747,LAL,66,37,29,1986.0,90,214,0.421,188,8.0,33.0,0.242,0.439,2022-23,Regular Season,PullUpShot
1628372,Dennis Smith Jr.,1610612766,CHA,54,19,35,1390.0,31,123,0.252,63,1.0,19.0,0.053,0.256,2022-23,Regular Season,PullUpShot
1629126,Deonte Burton,1610612758,SAC,2,1,1,6.0,0,0,nan,0,0.0,0.0,nan,nan,2022-23,Regular Season,PullUpShot
1631220,Dereon Seabron,1610612740,NOP,5,2,3,12.0,0,0,nan,0,nan,nan,nan,nan,2022-23,Regular Season,PullUpShot
1627884,Derrick Jones Jr.,1610612741,CHI,64,29,35,893.0,2,3,0.667,5,1.0,2.0,0.5,0.833,2022-23,Regular Season,PullUpShot
201565,Derrick Rose,1610612752,NYK,27,12,15,338.0,24,58,0.414,58,10.0,26.0,0.385,0.5,2022-23,Regular Season,PullUpShot
1628401,Derrick White,1610612738,BOS,82,57,25,2319.0,68,154,0.442,163,27.0,77.0,0.351,0.529,2022-23,Regular Season,PullUpShot
1630217,Desmond Bane,1610612763,MEM,58,38,20,1841.0,131,312,0.42,339,77.0,192.0,0.401,0.543,2022-23,Regular Season,PullUpShot
1626164,Devin Booker,1610612756,PHX,53,34,19,1835.0,258,583,0.443,579,63.0,204.0,0.309,0.497,2022-23,Regular Season,PullUpShot
1630170,Devin Vassell,1610612759,SAS,38,12,26,1178.0,106,265,0.4,234,22.0,78.0,0.282,0.442,2022-23,Regular Season,PullUpShot
1629653,Devon Dotson,1610612764,WAS,6,1,5,53.0,0,3,0.0,0,0.0,0.0,nan,0.0,2022-23,Regular Season,PullUpShot
1628984,Devonte' Graham,1610612759,SAS,73,31,42,1338.0,64,181,0.354,174,46.0,140.0,0.329,0.481,2022-23,Regular Season,PullUpShot
203473,Dewayne Dedmon,1610612755,PHI,38,23,15,426.0,9,14,0.643,20,2.0,2.0,1.0,0.714,2022-23,Regular Season,PullUpShot
1628415,Dillon Brooks,1610612763,MEM,73,46,27,2214.0,127,368,0.345,296,42.0,155.0,0.271,0.402,2022-23,Regular Season,PullUpShot
1627734,Domantas Sabonis,1610612758,SAC,79,47,32,2736.0,9,20,0.45,18,0.0,2.0,0.0,0.45,2022-23,Regular Season,PullUpShot
1631230,Dominick Barlow,1610612759,SAS,28,5,23,408.0,1,1,1.0,2,0.0,0.0,nan,1.0,2022-23,Regular Season,PullUpShot
1628378,Donovan Mitchell,1610612739,CLE,68,44,24,2432.0,279,652,0.428,710,152.0,388.0,0.392,0.544,2022-23,Regular Season,PullUpShot
1631495,Donovan Williams,1610612737,ATL,2,1,1,4.0,0,1,0.0,0,0.0,1.0,0.0,0.0,2022-23,Regular Season,PullUpShot
1628978,Donte DiVincenzo,1610612744,GSW,72,42,30,1894.0,17,72,0.236,46,12.0,53.0,0.226,0.319,2022-23,Regular Season,PullUpShot
1627827,Dorian Finney-Smith,1610612751,BKN,66,31,35,2009.0,6,26,0.231,18,6.0,21.0,0.286,0.346,2022-23,Regular Season,PullUpShot
203926,Doug McDermott,1610612759,SAS,64,19,45,1314.0,41,104,0.394,102,20.0,47.0,0.426,0.49,2022-23,Regular Season,PullUpShot
203110,Draymond Green,1610612744,GSW,73,41,32,2298.0,3,13,0.231,7,1.0,3.0,0.333,0.269,2022-23,Regular Season,PullUpShot
1629234,Drew Eubanks,1610612757,POR,78,31,47,1584.0,10,23,0.435,20,0.0,0.0,nan,0.435,2022-23,Regular Season,PullUpShot
1630696,Dru Smith,1610612751,BKN,15,7,8,158.0,5,15,0.333,10,0.0,5.0,0.0,0.333,2022-23,Regular Season,PullUpShot
1630613,Duane Washington Jr.,1610612752,NYK,31,17,14,394.0,42,107,0.393,104,20.0,46.0,0.435,0.486,2022-23,Regular Season,PullUpShot
1629130,Duncan Robinson,1610612748,MIA,42,19,23,690.0,27,67,0.403,74,20.0,53.0,0.377,0.552,2022-23,Regular Season,PullUpShot
203939,Dwight Powell,1610612742,DAL,76,37,39,1458.0,1,3,0.333,2,0.0,1.0,0.0,0.333,2022-23,Regular Season,PullUpShot
1629685,Dylan Windler,1610612739,CLE,3,3,0,10.0,0,0,nan,0,0.0,0.0,nan,nan,2022-23,Regular Season,PullUpShot
1630700,Dyson Daniels,1610612740,NOP,59,33,26,1042.0,8,29,0.276,19,3.0,15.0,0.2,0.328,2022-23,Regular Season,PullUpShot
1628410,Edmond Sumner,1610612751,BKN,53,33,20,736.0,14,36,0.389,32,4.0,13.0,0.308,0.444,2022-23,Regular Season,PullUpShot
201569,Eric Gordon,1610612746,LAC,69,25,44,1966.0,42,116,0.362,118,34.0,88.0,0.386,0.509,2022-23,Regular Season,PullUpShot
1630647,Eugene Omoruyi,1610612765,DET,40,10,30,645.0,3,10,0.3,9,3.0,7.0,0.429,0.45,2022-23,Regular Season,PullUpShot
203095,Evan Fournier,1610612752,NYK,27,15,12,459.0,23,76,0.303,59,13.0,49.0,0.265,0.388,2022-23,Regular Season,PullUpShot
1630596,Evan Mobley,1610612739,CLE,79,48,31,2715.0,45,115,0.391,91,1.0,1.0,1.0,0.396,2022-23,Regular Season,PullUpShot
1630267,Facundo Campazzo,1610612742,DAL,8,2,6,52.0,1,5,0.2,3,1.0,5.0,0.2,0.3,2022-23,Regular Season,PullUpShot
1628402,Frank Jackson,1610612756,PHX,1,0,1,5.0,0,1,0.0,0,0.0,0.0,nan,0.0,2022-23,Regular Season,PullUpShot
1626163,Frank Kaminsky,1610612745,HOU,36,13,23,235.0,1,5,0.2,2,0.0,0.0,nan,0.2,2022-23,Regular Season,PullUpShot
1628373,Frank Ntilikina,1610612742,DAL,47,20,27,608.0,14,30,0.467,31,3.0,11.0,0.273,0.517,2022-23,Regular Season,PullUpShot
1630532,Franz Wagner,1610612753,ORL,80,33,47,2609.0,87,252,0.345,215,41.0,141.0,0.291,0.427,2022-23,Regular Season,PullUpShot
1627832,Fred VanVleet,1610612761,TOR,69,34,35,2535.0,198,517,0.383,499,103.0,307.0,0.336,0.483,2022-23,Regular Season,PullUpShot
1627788,Furkan Korkmaz,1610612755,PHI,37,24,13,353.0,12,32,0.375,29,5.0,13.0,0.385,0.453,2022-23,Regular Season,PullUpShot
1629216,Gabe Vincent,1610612748,MIA,68,37,31,1759.0,89,214,0.416,218,40.0,123.0,0.325,0.509,2022-23,Regular Season,PullUpShot
1628221,Gabe York,1610612754,IND,3,1,2,56.0,0,4,0.0,0,0.0,4.0,0.0,0.0,2022-23,Regular Season,PullUpShot
202066,Garrett Temple,1610612740,NOP,25,16,9,162.0,2,8,0.25,6,2.0,5.0,0.4,0.375,2022-23,Regular Season,PullUpShot
1629726,Garrison Mathews,1610612737,ATL,54,16,38,686.0,12,34,0.353,35,11.0,31.0,0.355,0.515,2022-23,Regular Season,PullUpShot
203914,Gary Harris,1610612753,ORL,48,22,26,1184.0,19,47,0.404,52,14.0,31.0,0.452,0.553,2022-23,Regular Season,PullUpShot
1627780,Gary Payton II,1610612744,GSW,22,13,9,368.0,0,0,nan,0,0.0,0.0,nan,nan,2022-23,Regular Season,PullUpShot
1629018,Gary Trent Jr.,1610612761,TOR,66,31,35,2118.0,153,392,0.39,349,43.0,144.0,0.299,0.445,2022-23,Regular Season,PullUpShot
201588,George Hill,1610612754,IND,46,27,19,833.0,17,42,0.405,40,6.0,23.0,0.261,0.476,2022-23,Regular Season,PullUpShot
1627777,Georges Niang,1610612755,PHI,78,51,27,1512.0,14,44,0.318,35,7.0,29.0,0.241,0.398,2022-23,Regular Season,PullUpShot
203507,Giannis Antetokounmpo,1610612749,MIL,63,47,16,2024.0,98,303,0.323,218,22.0,96.0,0.229,0.36,2022-23,Regular Season,PullUpShot
1629048,Goga Bitadze,1610612753,ORL,38,13,25,457.0,1,2,0.5,3,1.0,2.0,0.5,0.75,2022-23,Regular Season,PullUpShot
201609,Goran Dragic,1610612749,MIL,58,27,31,870.0,46,130,0.354,99,7.0,40.0,0.175,0.381,2022-23,Regular Season,PullUpShot
202330,Gordon Hayward,1610612766,CHA,50,20,30,1577.0,108,247,0.437,226,10.0,36.0,0.278,0.457,2022-23,Regular Season,PullUpShot
203476,Gorgui Dieng,1610612759,SAS,31,3,28,358.0,8,32,0.25,19,3.0,21.0,0.143,0.297,2022-23,Regular Season,PullUpShot
1629684,Grant Williams,1610612738,BOS,79,55,24,2045.0,32,79,0.405,88,24.0,52.0,0.462,0.557,2022-23,Regular Season,PullUpShot
1628960,Grayson Allen,1610612749,MIL,72,53,19,1972.0,40,121,0.331,114,34.0,94.0,0.362,0.471,2022-23,Regular Season,PullUpShot
1630535,Greg Brown III,1610612757,POR,16,10,6,93.0,0,2,0.0,0,0.0,1.0,0.0,0.0,2022-23,Regular Season,PullUpShot
1628977,Hamidou Diallo,1610612765,DET,56,12,44,996.0,29,69,0.42,60,2.0,4.0,0.5,0.435,2022-23,Regular Season,PullUpShot
203084,Harrison Barnes,1610612758,SAC,82,48,34,2662.0,43,107,0.402,109,23.0,55.0,0.418,0.509,2022-23,Regular Season,PullUpShot
1629312,Haywood Highsmith,1610612748,MIA,54,28,26,969.0,5,16,0.313,12,2.0,5.0,0.4,0.375,2022-23,Regular Season,PullUpShot
1630529,Herbert Jones,1610612740,NOP,66,31,35,1951.0,4,13,0.308,9,1.0,3.0,0.333,0.346,2022-23,Regular Season,PullUpShot
1630193,Immanuel Quickley,1610612752,NYK,81,47,34,2344.0,149,392,0.38,369,71.0,206.0,0.345,0.471,2022-23,Regular Season,PullUpShot
1630171,Isaac Okoro,1610612739,CLE,76,48,28,1653.0,3,9,0.333,9,3.0,7.0,0.429,0.5,2022-23,Regular Season,PullUpShot
1628392,Isaiah Hartenstein,1610612752,NYK,82,47,35,1628.0,3,8,0.375,6,0.0,0.0,nan,0.375,2022-23,Regular Season,PullUpShot
1630543,Isaiah Jackson,1610612754,IND,63,24,39,1042.0,6,13,0.462,12,0.0,2.0,0.0,0.462,2022-23,Regular Season,PullUpShot
1630198,Isaiah Joe,1610612760,OKC,73,36,37,1395.0,62,144,0.431,153,29.0,84.0,0.345,0.531,2022-23,Regular Season,PullUpShot
1630587,Isaiah Livers,1610612765,DET,52,10,42,1199.0,26,64,0.406,61,9.0,23.0,0.391,0.477,2022-23,Regular Season,PullUpShot
1630600,Isaiah Mobley,1610612739,CLE,12,8,4,84.0,0,1,0.0,0,0.0,0.0,nan,0.0,2022-23,Regular Season,PullUpShot
1629676,Isaiah Roby,1610612752,NYK,42,9,33,474.0,8,27,0.296,20,4.0,14.0,0.286,0.37,2022-23,Regular Season,PullUpShot
1630191,Isaiah Stewart,1610612765,DET,50,12,38,1414.0,1,6,0.167,2,0.0,5.0,0.0,0.167,2022-23,Regular Season,PullUpShot
1630225,Isaiah Todd,1610612764,WAS,6,2,4,61.0,1,1,1.0,2,0.0,0.0,nan,1.0,2022-23,Regular Season,PullUpShot
202397,Ish Smith,1610612743,DEN,43,25,18,398.0,31,88,0.352,62,0.0,6.0,0.0,0.352,2022-23,Regular Season,PullUpShot
1630688,Ish Wainright,1610612756,PHX,60,33,27,915.0,5,14,0.357,14,4.0,12.0,0.333,0.5,2022-23,Regular Season,PullUpShot
1627826,Ivica Zubac,1610612746,LAC,76,43,33,2169.0,0,2,0.0,0,0.0,0.0,nan,0.0,2022-23,Regular Season,PullUpShot
1631120,JD Davison,1610612738,BOS,12,11,1,66.0,2,7,0.286,4,0.0,1.0,0.0,0.286,2022-23,Regular Season,PullUpShot
1630550,JT Thor,1610612766,CHA,69,22,47,969.0,8,29,0.276,16,0.0,4.0,0.0,0.276,2022-23,Regular Season,PullUpShot
1629630,Ja Morant,1610612763,MEM,61,40,21,1948.0,166,431,0.385,389,57.0,191.0,0.298,0.451,2022-23,Regular Season,PullUpShot
203210,JaMychal Green,1610612744,GSW,57,30,27,797.0,0,2,0.0,0,0.0,1.0,0.0,0.0,2022-23,Regular Season,PullUpShot
201580,JaVale McGee,1610612742,DAL,42,20,22,355.0,1,4,0.25,2,0.0,1.0,0.0,0.25,2022-23,Regular Season,PullUpShot
1631095,Jabari Smith Jr.,1610612745,HOU,79,21,58,2451.0,99,255,0.388,223,25.0,67.0,0.373,0.437,2022-23,Regular Season,PullUpShot
1631133,Jabari Walker,1610612757,POR,56,21,35,619.0,2,11,0.182,4,0.0,3.0,0.0,0.182,2022-23,Regular Season,PullUpShot
1631298,Jack White,1610612743,DEN,17,13,4,66.0,0,0,nan,0,0.0,0.0,nan,nan,2022-23,Regular Season,PullUpShot
1631367,Jacob Gilyard,1610612763,MEM,1,0,1,41.0,0,1,0.0,0,0.0,1.0,0.0,0.0,2022-23,Regular Season,PullUpShot
1630702,Jaden Hardy,1610612742,DAL,48,20,28,708.0,37,99,0.374,96,22.0,57.0,0.386,0.485,2022-23,Regular Season,PullUpShot
1631093,Jaden Ivey,1610612765,DET,74,16,58,2304.0,137,377,0.363,325,51.0,167.0,0.305,0.431,2022-23,Regular Season,PullUpShot
1630183,Jaden McDaniels,1610612750,MIN,79,41,38,2416.0,44,108,0.407,96,8.0,19.0,0.421,0.444,2022-23,Regular Season,PullUpShot
1630531,Jaden Springer,1610612755,PHI,16,13,3,89.0,3,9,0.333,7,1.0,1.0,1.0,0.389,2022-23,Regular Season,PullUpShot
203109,Jae Crowder,1610612749,MIL,18,13,5,340.0,11,28,0.393,26,4.0,11.0,0.364,0.464,2022-23,Regular Season,PullUpShot
1630256,Jae'Sean Tate,1610612745,HOU,31,7,24,677.0,4,16,0.25,9,1.0,5.0,0.2,0.281,2022-23,Regular Season,PullUpShot
1631222,Jake LaRavia,1610612763,MEM,35,22,13,414.0,3,12,0.25,8,2.0,11.0,0.182,0.333,2022-23,Regular Season,PullUpShot
1627751,Jakob Poeltl,1610612761,TOR,72,26,46,1906.0,17,31,0.548,34,0.0,1.0,0.0,0.548,2022-23,Regular Season,PullUpShot
1628973,Jalen Brunson,1610612752,NYK,68,40,28,2379.0,251,561,0.447,575,73.0,192.0,0.38,0.512,2022-23,Regular Season,PullUpShot
1631105,Jalen Duren,1610612765,DET,67,16,51,1670.0,4,12,0.333,8,0.0,0.0,nan,0.333,2022-23,Regular Season,PullUpShot
1630224,Jalen Green,1610612745,HOU,76,20,56,2602.0,201,552,0.364,501,99.0,303.0,0.327,0.454,2022-23,Regular Season,PullUpShot
1630552,Jalen Johnson,1610612737,ATL,70,35,35,1042.0,9,29,0.31,18,0.0,7.0,0.0,0.31,2022-23,Regular Season,PullUpShot
1629667,Jalen McDaniels,1610612755,PHI,80,31,49,1913.0,25,75,0.333,52,2.0,8.0,0.25,0.347,2022-23,Regular Season,PullUpShot
1630188,Jalen Smith,1610612754,IND,68,31,37,1279.0,8,24,0.333,19,3.0,5.0,0.6,0.396,2022-23,Regular Season,PullUpShot
1630591,Jalen Suggs,1610612753,ORL,53,20,33,1246.0,53,156,0.34,133,27.0,89.0,0.303,0.426,2022-23,Regular Season,PullUpShot
1631114,Jalen Williams,1610612760,OKC,75,36,39,2276.0,58,147,0.395,127,11.0,33.0,0.333,0.432,2022-23,Regular Season,PullUpShot
1631288,Jamal Cain,1610612748,MIA,18,10,8,240.0,1,7,0.143,2,0.0,2.0,0.0,0.143,2022-23,Regular Season,PullUpShot
1627750,Jamal Murray,1610612743,DEN,65,43,22,2133.0,221,551,0.401,538,96.0,244.0,0.393,0.488,2022-23,Regular Season,PullUpShot
1631123,Jamaree Bouyea,1610612748,MIA,5,2,3,71.0,1,4,0.25,3,1.0,3.0,0.333,0.375,2022-23,Regular Season,PullUpShot
1630547,James Bouknight,1610612766,CHA,34,9,25,515.0,23,71,0.324,58,12.0,44.0,0.273,0.408,2022-23,Regular Season,PullUpShot
201935,James Harden,1610612755,PHI,58,39,19,2135.0,175,443,0.395,465,115.0,306.0,0.376,0.525,2022-23,Regular Season,PullUpShot
201949,James Johnson,1610612754,IND,18,7,11,162.0,5,11,0.455,11,1.0,4.0,0.25,0.5,2022-23,Regular Season,PullUpShot
1630164,James Wiseman,1610612765,DET,45,11,34,867.0,5,25,0.2,10,0.0,0.0,nan,0.2,2022-23,Regular Season,PullUpShot
1630215,Jared Butler,1610612760,OKC,6,3,3,77.0,3,8,0.375,8,2.0,5.0,0.4,0.5,2022-23,Regular Season,PullUpShot
1631197,Jared Rhoden,1610612765,DET,14,2,12,198.0,2,6,0.333,4,0.0,1.0,0.0,0.333,2022-23,Regular Season,PullUpShot
1628991,Jaren Jackson Jr.,1610612763,MEM,63,41,22,1788.0,15,47,0.319,38,8.0,24.0,0.333,0.404,2022-23,Regular Season,PullUpShot
1629020,Jarred Vanderbilt,1610612747,LAL,78,43,35,1880.0,4,16,0.25,9,1.0,2.0,0.5,0.281,2022-23,Regular Season,PullUpShot
1629714,Jarrell Brantley,1610612762,UTA,4,0,4,39.0,0,1,0.0,0,0.0,1.0,0.0,0.0,2022-23,Regular Season,PullUpShot
1628386,Jarrett Allen,1610612739,CLE,68,44,24,2220.0,2,4,0.5,4,0.0,0.0,nan,0.5,2022-23,Regular Season,PullUpShot
1629633,Jarrett Culver,1610612737,ATL,10,5,5,137.0,3,8,0.375,6,0.0,2.0,0.0,0.375,2022-23,Regular Season,PullUpShot
1630554,Jason Preston,1610612746,LAC,14,4,10,124.0,6,16,0.375,13,1.0,4.0,0.25,0.406,2022-23,Regular Season,PullUpShot
1629750,Javonte Green,1610612741,CHI,32,13,19,480.0,2,5,0.4,5,1.0,1.0,1.0,0.5,2022-23,Regular Season,PullUpShot
1629637,Jaxson Hayes,1610612740,NOP,47,22,25,610.0,0,2,0.0,0,0.0,0.0,nan,0.0,2022-23,Regular Season,PullUpShot
1630643,Jay Huff,1610612764,WAS,7,2,5,95.0,1,3,0.333,2,0.0,0.0,nan,0.333,2022-23,Regular Season,PullUpShot
1630206,Jay Scrubb,1610612753,ORL,2,1,1,30.0,1,1,1.0,3,1.0,1.0,1.0,1.5,2022-23,Regular Season,PullUpShot
1627759,Jaylen Brown,1610612738,BOS,67,46,21,2405.0,173,429,0.403,401,55.0,173.0,0.318,0.467,2022-23,Regular Season,PullUpShot
1629669,Jaylen Nowell,1610612750,MIN,65,34,31,1252.0,84,195,0.431,196,28.0,92.0,0.304,0.503,2022-23,Regular Season,PullUpShot
1631119,Jaylin Williams,1610612760,OKC,49,23,26,914.0,2,3,0.667,5,1.0,1.0,1.0,0.833,2022-23,Regular Season,PullUpShot
1628369,Jayson Tatum,1610612738,BOS,74,52,22,2732.0,153,507,0.302,410,104.0,357.0,0.291,0.404,2022-23,Regular Season,PullUpShot
1630288,Jeff Dowtin Jr.,1610612761,TOR,25,17,8,259.0,8,23,0.348,17,1.0,3.0,0.333,0.37,2022-23,Regular Season,PullUpShot
201145,Jeff Green,1610612743,DEN,56,33,23,1091.0,12,43,0.279,28,4.0,14.0,0.286,0.326,2022-23,Regular Season,PullUpShot
203924,Jerami Grant,1610612757,POR,63,28,35,2246.0,71,176,0.403,154,12.0,27.0,0.444,0.438,2022-23,Regular Season,PullUpShot
1630526,Jeremiah Robinson-Earl,1610612760,OKC,43,16,27,814.0,2,3,0.667,5,1.0,2.0,0.5,0.833,2022-23,Regular Season,PullUpShot
1631110,Jeremy Sochan,1610612759,SAS,56,15,41,1458.0,30,76,0.395,65,5.0,15.0,0.333,0.428,2022-23,Regular Season,PullUpShot
1630579,Jericho Sims,1610612752,NYK,52,31,21,812.0,0,3,0.0,0,0.0,1.0,0.0,0.0,2022-23,Regular Season,PullUpShot
1628975,Jevon Carter,1610612749,MIL,81,57,24,1812.0,112,269,0.416,277,53.0,135.0,0.393,0.515,2022-23,Regular Season,PullUpShot
202710,Jimmy Butler III,1610612748,MIA,64,35,29,2138.0,96,225,0.427,201,9.0,32.0,0.281,0.447,2022-23,Regular Season,PullUpShot
1629111,Jock Landale,1610612756,PHX,69,35,34,978.0,1,11,0.091,2,0.0,3.0,0.0,0.091,2022-23,Regular Season,PullUpShot
203925,Joe Harris,1610612751,BKN,74,40,34,1527.0,24,60,0.4,66,18.0,42.0,0.429,0.55,2022-23,Regular Season,PullUpShot
204060,Joe Ingles,1610612749,MIL,46,32,14,1043.0,34,71,0.479,98,30.0,64.0,0.469,0.69,2022-23,Regular Season,PullUpShot
1630580,Joe Wieskamp,1610612761,TOR,9,6,3,50.0,0,1,0.0,0,0.0,1.0,0.0,0.0,2022-23,Regular Season,PullUpShot
203954,Joel Embiid,1610612755,PHI,66,43,23,2284.0,202,464,0.435,421,17.0,76.0,0.224,0.454,2022-23,Regular Season,PullUpShot
1631219,John Butler Jr.,1610612757,POR,19,4,15,221.0,1,5,0.2,2,0.0,1.0,0.0,0.2,2022-23,Regular Season,PullUpShot
1628381,John Collins,1610612737,ATL,71,37,34,2130.0,23,61,0.377,46,0.0,4.0,0.0,0.377,2022-23,Regular Season,PullUpShot
1629723,John Konchar,1610612763,MEM,72,45,27,1494.0,9,25,0.36,25,7.0,19.0,0.368,0.5,2022-23,Regular Season,PullUpShot
202322,John Wall,1610612746,LAC,34,15,19,755.0,28,105,0.267,57,1.0,20.0,0.05,0.271,2022-23,Regular Season,PullUpShot
1631098,Johnny Davis,1610612764,WAS,28,10,18,423.0,20,60,0.333,41,1.0,13.0,0.077,0.342,2022-23,Regular Season,PullUpShot
1630548,Johnny Juzang,1610612762,UTA,18,6,12,232.0,13,32,0.406,30,4.0,13.0,0.308,0.469,2022-23,Regular Season,PullUpShot
202685,Jonas Valančiūnas,1610612740,NOP,79,40,39,1968.0,8,31,0.258,16,0.0,1.0,0.0,0.258,2022-23,Regular Season,PullUpShot
1628371,Jonathan Isaac,1610612753,ORL,11,8,3,124.0,1,6,0.167,2,0.0,0.0,nan,0.167,2022-23,Regular Season,PullUpShot
1630228,Jonathan Kuminga,1610612744,GSW,67,38,29,1394.0,24,55,0.436,55,7.0,16.0,0.438,0.5,2022-23,Regular Season,PullUpShot
203903,Jordan Clarkson,1610612762,UTA,61,30,31,1988.0,144,363,0.397,361,73.0,213.0,0.343,0.497,2022-23,Regular Season,PullUpShot
1630692,Jordan Goodwin,1610612764,WAS,62,22,40,1105.0,46,118,0.39,102,10.0,38.0,0.263,0.432,2022-23,Regular Season,PullUpShot
1631160,Jordan Hall,1610612759,SAS,9,1,8,83.0,4,9,0.444,10,2.0,3.0,0.667,0.556,2022-23,Regular Season,PullUpShot
1629162,Jordan McLaughlin,1610612750,MIN,43,22,21,678.0,12,33,0.364,31,7.0,23.0,0.304,0.47,2022-23,Regular Season,PullUpShot
1629670,Jordan Nwora,1610612754,IND,62,36,26,1188.0,31,100,0.31,75,13.0,43.0,0.302,0.375,2022-23,Regular Season,PullUpShot
1629673,Jordan Poole,1610612744,GSW,82,44,38,2458.0,162,476,0.34,410,86.0,284.0,0.303,0.431,2022-23,Regular Season,PullUpShot
1630648,Jordan Schakel,1610612764,WAS,2,0,2,6.0,1,1,1.0,3,1.0,1.0,1.0,1.5,2022-23,Regular Season,PullUpShot
1630631,Jose Alvarado,1610612740,NOP,61,30,31,1310.0,24,73,0.329,58,10.0,31.0,0.323,0.397,2022-23,Regular Season,PullUpShot
1630528,Josh Christopher,1610612745,HOU,64,16,48,786.0,46,113,0.407,102,10.0,37.0,0.27,0.451,2022-23,Regular Season,PullUpShot
1630581,Josh Giddey,1610612760,OKC,76,34,42,2367.0,73,181,0.403,150,4.0,23.0,0.174,0.414,2022-23,Regular Season,PullUpShot
1630182,Josh Green,1610612742,DAL,60,27,33,1539.0,13,31,0.419,28,2.0,8.0,0.25,0.452,2022-23,Regular Season,PullUpShot
1628404,Josh Hart,1610612752,NYK,76,42,34,2454.0,19,64,0.297,39,1.0,15.0,0.067,0.305,2022-23,Regular Season,PullUpShot
1631169,Josh Minott,1610612750,MIN,15,7,8,96.0,0,2,0.0,0,0.0,1.0,0.0,0.0,2022-23,Regular Season,PullUpShot
1629006,Josh Okogie,1610612756,PHX,72,38,34,1351.0,17,64,0.266,43,9.0,31.0,0.29,0.336,2022-23,Regular Season,PullUpShot
1626196,Josh Richardson,1610612740,NOP,65,24,41,1530.0,82,189,0.434,175,11.0,33.0,0.333,0.463,2022-23,Regular Season,PullUpShot
1630563,Joshua Primo,1610612759,SAS,4,3,1,93.0,4,9,0.444,9,1.0,3.0,0.333,0.5,2022-23,Regular Season,PullUpShot
201950,Jrue Holiday,1610612749,MIL,67,50,17,2183.0,195,486,0.401,493,103.0,285.0,0.361,0.507,2022-23,Regular Season,PullUpShot
1629308,Juan Toscano-Anderson,1610612762,UTA,52,19,33,700.0,5,18,0.278,10,0.0,5.0,0.0,0.278,2022-23,Regular Season,PullUpShot
1627823,Juancho Hernangomez,1610612761,TOR,42,20,22,613.0,0,4,0.0,0,0.0,3.0,0.0,0.0,2022-23,Regular Season,PullUpShot
1630577,Julian Champagnie,1610612759,SAS,17,7,10,320.0,4,8,0.5,9,1.0,3.0,0.333,0.563,2022-23,Regular Season,PullUpShot
203944,Julius Randle,1610612752,NYK,77,44,33,2737.0,201,512,0.393,480,78.0,233.0,0.335,0.469,2022-23,Regular Season,PullUpShot
1630551,Justin Champagnie,1610612738,BOS,5,4,1,34.0,1,1,1.0,3,1.0,1.0,1.0,1.5,2022-23,Regular Season,PullUpShot
203200,Justin Holiday,1610612742,DAL,46,18,28,706.0,14,49,0.286,35,7.0,24.0,0.292,0.357,2022-23,Regular Season,PullUpShot
1628382,Justin Jackson,1610612738,BOS,23,15,8,107.0,1,5,0.2,3,1.0,2.0,0.5,0.3,2022-23,Regular Season,PullUpShot
1631303,Justin Minaya,1610612757,POR,4,0,4,89.0,0,2,0.0,0,0.0,1.0,0.0,0.0,2022-23,Regular Season,PullUpShot
1626159,Justise Winslow,1610612757,POR,29,15,14,776.0,9,28,0.321,18,0.0,1.0,0.0,0.321,2022-23,Regular Season,PullUpShot
203994,Jusuf Nurkić,1610612757,POR,52,24,28,1391.0,3,11,0.273,7,1.0,3.0,0.333,0.318,2022-23,Regular Season,PullUpShot
1630231,KJ Martin,1610612745,HOU,82,22,60,2292.0,1,8,0.125,2,0.0,5.0,0.0,0.125,2022-23,Regular Season,PullUpShot
1629644,KZ Okpala,1610612758,SAC,35,19,16,248.0,1,2,0.5,2,0.0,0.0,nan,0.5,2022-23,Regular Season,PullUpShot
1630539,Kai Jones,1610612766,CHA,46,13,33,550.0,3,14,0.214,6,0.0,1.0,0.0,0.214,2022-23,Regular Season,PullUpShot
1626157,Karl-Anthony Towns,1610612750,MIN,29,15,14,957.0,17,47,0.362,41,7.0,17.0,0.412,0.436,2022-23,Regular Season,PullUpShot
202695,Kawhi Leonard,1610612746,LAC,52,33,19,1747.0,211,438,0.482,465,43.0,107.0,0.402,0.531,2022-23,Regular Season,PullUpShot
1631099,Keegan Murray,1610612758,SAC,80,47,33,2382.0,37,84,0.44,88,14.0,35.0,0.4,0.524,2022-23,Regular Season,PullUpShot
1628966,Keita Bates-Diop,1610612759,SAS,67,18,49,1453.0,11,34,0.324,22,0.0,4.0,0.0,0.324,2022-23,Regular Season,PullUpShot
1629640,Keldon Johnson,1610612759,SAS,63,17,46,2063.0,53,181,0.293,127,21.0,79.0,0.266,0.351,2022-23,Regular Season,PullUpShot
203482,Kelly Olynyk,1610612762,UTA,68,28,40,1942.0,32,76,0.421,77,13.0,29.0,0.448,0.507,2022-23,Regular Season,PullUpShot
1626162,Kelly Oubre Jr.,1610612766,CHA,48,16,32,1548.0,72,182,0.396,166,22.0,72.0,0.306,0.456,2022-23,Regular Season,PullUpShot
202689,Kemba Walker,1610612742,DAL,9,5,4,144.0,13,31,0.419,33,7.0,21.0,0.333,0.532,2022-23,Regular Season,PullUpShot
1631112,Kendall Brown,1610612754,IND,6,1,5,40.0,1,1,1.0,2,0.0,0.0,nan,1.0,2022-23,Regular Season,PullUpShot
1629134,Kendrick Nunn,1610612764,WAS,70,30,40,963.0,70,176,0.398,174,34.0,88.0,0.386,0.494,2022-23,Regular Season,PullUpShot
1631113,Kennedy Chandler,1610612763,MEM,36,22,14,282.0,8,18,0.444,16,0.0,4.0,0.0,0.444,2022-23,Regular Season,PullUpShot
1631254,Kenneth Lofton Jr.,1610612763,MEM,24,15,9,176.0,3,16,0.188,7,1.0,3.0,0.333,0.219,2022-23,Regular Season,PullUpShot
1629026,Kenrich Williams,1610612760,OKC,53,26,27,1206.0,25,64,0.391,54,4.0,14.0,0.286,0.422,2022-23,Regular Season,PullUpShot
203484,Kentavious Caldwell-Pope,1610612743,DEN,76,51,25,2381.0,73,178,0.41,162,16.0,50.0,0.32,0.455,2022-23,Regular Season,PullUpShot
1631165,Keon Ellis,1610612758,SAC,16,7,9,71.0,3,7,0.429,9,3.0,5.0,0.6,0.643,2022-23,Regular Season,PullUpShot
1630553,Keon Johnson,1610612757,POR,40,13,27,416.0,19,61,0.311,51,13.0,32.0,0.406,0.418,2022-23,Regular Season,PullUpShot
1630556,Kessler Edwards,1610612758,SAC,36,17,19,386.0,2,8,0.25,4,0.0,2.0,0.0,0.25,2022-23,Regular Season,PullUpShot
201142,Kevin Durant,1610612756,PHX,47,34,13,1672.0,257,469,0.548,551,37.0,100.0,0.37,0.587,2022-23,Regular Season,PullUpShot
1628989,Kevin Huerter,1610612758,SAC,75,44,31,2203.0,113,265,0.426,293,67.0,161.0,0.416,0.553,2022-23,Regular Season,PullUpShot
1628995,Kevin Knox II,1610612757,POR,63,12,51,952.0,19,61,0.311,43,5.0,27.0,0.185,0.352,2022-23,Regular Season,PullUpShot
201567,Kevin Love,1610612748,MIA,62,35,27,1239.0,20,60,0.333,52,12.0,43.0,0.279,0.433,2022-23,Regular Season,PullUpShot
1629645,Kevin Porter Jr.,1610612745,HOU,59,18,41,2024.0,165,428,0.386,418,88.0,261.0,0.337,0.488,2022-23,Regular Season,PullUpShot
1630284,Kevon Harris,1610612753,ORL,34,12,22,457.0,3,16,0.188,8,2.0,11.0,0.182,0.25,2022-23,Regular Season,PullUpShot
1626172,Kevon Looney,1610612744,GSW,82,44,38,1958.0,0,7,0.0,0,0.0,0.0,nan,0.0,2022-23,Regular Season,PullUpShot
203920,Khem Birch,1610612759,SAS,20,9,11,162.0,0,0,nan,0,0.0,0.0,nan,nan,2022-23,Regular Season,PullUpShot
203114,Khris Middleton,1610612749,MIL,33,25,8,801.0,80,194,0.412,187,27.0,81.0,0.333,0.482,2022-23,Regular Season,PullUpShot
1630165,Killian Hayes,1610612765,DET,76,16,60,2154.0,158,419,0.377,338,22.0,90.0,0.244,0.403,2022-23,Regular Season,PullUpShot
1630184,Kira Lewis Jr.,1610612740,NOP,25,11,14,235.0,10,21,0.476,23,3.0,6.0,0.5,0.548,2022-23,Regular Season,PullUpShot
202691,Klay Thompson,1610612744,GSW,69,38,31,2279.0,170,428,0.397,414,74.0,185.0,0.4,0.484,2022-23,Regular Season,PullUpShot
1628424,Kobi Simmons,1610612766,CHA,5,1,4,28.0,1,3,0.333,3,1.0,3.0,0.333,0.5,2022-23,Regular Season,PullUpShot
1627739,Kris Dunn,1610612762,UTA,22,8,14,568.0,11,21,0.524,26,4.0,7.0,0.571,0.619,2022-23,Regular Season,PullUpShot
204001,Kristaps Porziņģis,1610612764,WAS,65,27,38,2120.0,101,232,0.435,213,11.0,36.0,0.306,0.459,2022-23,Regular Season,PullUpShot
203937,Kyle Anderson,1610612750,MIN,69,36,33,1957.0,31,74,0.419,69,7.0,17.0,0.412,0.466,2022-23,Regular Season,PullUpShot
1628398,Kyle Kuzma,1610612764,WAS,64,29,35,2239.0,94,287,0.328,235,47.0,147.0,0.32,0.409,2022-23,Regular Season,PullUpShot
200768,Kyle Lowry,1610612748,MIA,55,30,25,1718.0,65,166,0.392,167,37.0,107.0,0.346,0.503,2022-23,Regular Season,PullUpShot
202681,Kyrie Irving,1610612742,DAL,60,32,28,2241.0,256,555,0.461,612,100.0,265.0,0.377,0.551,2022-23,Regular Season,PullUpShot
1630163,LaMelo Ball,1610612766,CHA,36,13,23,1268.0,108,294,0.367,280,64.0,184.0,0.348,0.476,2022-23,Regular Season,PullUpShot
1630205,Lamar Stevens,1610612739,CLE,62,39,23,1120.0,18,53,0.34,36,0.0,2.0,0.0,0.34,2022-23,Regular Season,PullUpShot
1629013,Landry Shamet,1610612756,PHX,40,19,21,807.0,29,101,0.287,78,20.0,63.0,0.317,0.386,2022-23,Regular Season,PullUpShot
1626204,Larry Nance Jr.,1610612740,NOP,65,34,31,1381.0,4,13,0.308,8,0.0,1.0,0.0,0.308,2022-23,Regular Season,PullUpShot
1628374,Lauri Markkanen,1610612762,UTA,66,32,34,2272.0,56,144,0.389,128,16.0,54.0,0.296,0.444,2022-23,Regular Season,PullUpShot
2544,LeBron James,1610612747,LAL,55,30,25,1954.0,118,358,0.33,285,49.0,155.0,0.316,0.398,2022-23,Regular Season,PullUpShot
1630195,Leandro Bolmaro,1610612762,UTA,14,8,6,68.0,2,5,0.4,4,0.0,0.0,nan,0.4,2022-23,Regular Season,PullUpShot
1631311,Lester Quinones,1610612744,GSW,4,4,0,18.0,1,2,0.5,3,1.0,2.0,0.5,0.75,2022-23,Regular Season,PullUpShot
1629623,Lindell Wigginton,1610612749,MIL,7,4,3,87.0,2,8,0.25,4,0.0,5.0,0.0,0.25,2022-23,Regular Season,PullUpShot
1630322,Lindy Waters III,1610612760,OKC,41,20,21,531.0,10,29,0.345,27,7.0,26.0,0.269,0.466,2022-23,Regular Season,PullUpShot
1629022,Lonnie Walker IV,1610612747,LAL,56,27,29,1297.0,43,122,0.352,99,13.0,46.0,0.283,0.406,2022-23,Regular Season,PullUpShot
1629663,Louis King,1610612755,PHI,1,1,0,29.0,4,6,0.667,10,2.0,4.0,0.5,0.833,2022-23,Regular Season,PullUpShot
1629652,Luguentz Dort,1610612760,OKC,74,36,38,2272.0,41,116,0.353,103,21.0,66.0,0.318,0.444,2022-23,Regular Season,PullUpShot
1629029,Luka Dončić,1610612742,DAL,66,33,33,2390.0,302,766,0.394,762,158.0,459.0,0.344,0.497,2022-23,Regular Season,PullUpShot
1630568,Luka Garza,1610612750,MIN,28,15,13,243.0,2,3,0.667,4,0.0,0.0,nan,0.667,2022-23,Regular Season,PullUpShot
1629677,Luka Samanic,1610612762,UTA,7,2,5,161.0,0,3,0.0,0,0.0,1.0,0.0,0.0,2022-23,Regular Season,PullUpShot
1628379,Luke Kennard,1610612763,MEM,59,37,22,1315.0,48,113,0.425,117,21.0,56.0,0.375,0.518,2022-23,Regular Season,PullUpShot
1628436,Luke Kornet,1610612738,BOS,69,45,24,804.0,2,4,0.5,5,1.0,2.0,0.5,0.625,2022-23,Regular Season,PullUpShot
1630644,Mac McClung,1610612755,PHI,2,2,0,41.0,1,3,0.333,3,1.0,2.0,0.5,0.5,2022-23,Regular Season,PullUpShot
1630201,Malachi Flynn,1610612761,TOR,53,29,24,691.0,27,90,0.3,67,13.0,41.0,0.317,0.372,2022-23,Regular Season,PullUpShot
1631103,Malaki Branham,1610612759,SAS,66,15,51,1550.0,83,187,0.444,176,10.0,46.0,0.217,0.471,2022-23,Regular Season,PullUpShot
1627763,Malcolm Brogdon,1610612738,BOS,67,46,21,1744.0,117,259,0.452,294,60.0,134.0,0.448,0.568,2022-23,Regular Season,PullUpShot
1630792,Malcolm Hill,1610612741,CHI,5,4,1,9.0,0,0,nan,0,0.0,0.0,nan,nan,2022-23,Regular Season,PullUpShot
1627736,Malik Beasley,1610612747,LAL,81,45,36,2093.0,107,288,0.372,275,61.0,169.0,0.361,0.477,2022-23,Regular Season,PullUpShot
1628370,Malik Monk,1610612758,SAC,77,47,30,1719.0,78,215,0.363,201,45.0,139.0,0.324,0.467,2022-23,Regular Season,PullUpShot
1629603,Mamadi Diakite,1610612739,CLE,22,15,7,176.0,2,5,0.4,5,1.0,2.0,0.5,0.5,2022-23,Regular Season,PullUpShot
1630699,MarJon Beauchamp,1610612749,MIL,52,34,18,701.0,21,61,0.344,54,12.0,35.0,0.343,0.443,2022-23,Regular Season,PullUpShot
202694,Marcus Morris Sr.,1610612746,LAC,65,35,30,1825.0,114,258,0.442,244,16.0,44.0,0.364,0.473,2022-23,Regular Season,PullUpShot
203935,Marcus Smart,1610612738,BOS,61,43,18,1957.0,34,107,0.318,88,20.0,68.0,0.294,0.411,2022-23,Regular Season,PullUpShot
1631109,Mark Williams,1610612766,CHA,43,18,25,828.0,1,1,1.0,2,nan,nan,nan,1.0,2022-23,Regular Season,PullUpShot
1628365,Markelle Fultz,1610612753,ORL,60,29,31,1778.0,95,215,0.442,197,7.0,18.0,0.389,0.458,2022-23,Regular Season,PullUpShot
202693,Markieff Morris,1610612742,DAL,35,17,18,355.0,12,25,0.48,26,2.0,3.0,0.667,0.52,2022-23,Regular Season,PullUpShot
1630250,Marko Simonovic,1610612741,CHI,7,3,4,20.0,0,0,nan,0,0.0,0.0,nan,nan,2022-23,Regular Season,PullUpShot
1628963,Marvin Bagley III,1610612765,DET,42,7,35,990.0,12,40,0.3,26,2.0,11.0,0.182,0.325,2022-23,Regular Season,PullUpShot
203486,Mason Plumlee,1610612746,LAC,79,28,51,2053.0,9,17,0.529,18,nan,nan,nan,0.529,2022-23,Regular Season,PullUpShot
1629680,Matisse Thybulle,1610612757,POR,71,38,33,1200.0,6,14,0.429,17,5.0,11.0,0.455,0.607,2022-23,Regular Season,PullUpShot
1630346,Matt Ryan,1610612750,MIN,34,15,19,310.0,5,20,0.25,13,3.0,8.0,0.375,0.325,2022-23,Regular Season,PullUpShot
203521,Matthew Dellavedova,1610612758,SAC,32,19,13,213.0,4,14,0.286,10,2.0,5.0,0.4,0.357,2022-23,Regular Season,PullUpShot
1631108,Max Christie,1610612747,LAL,41,19,22,512.0,10,21,0.476,22,2.0,3.0,0.667,0.524,2022-23,Regular Season,PullUpShot
1629622,Max Strus,1610612748,MIA,80,42,38,2272.0,35,111,0.315,95,25.0,84.0,0.298,0.428,2022-23,Regular Season,PullUpShot
1628467,Maxi Kleber,1610612742,DAL,37,18,19,930.0,3,8,0.375,6,0.0,3.0,0.0,0.375,2022-23,Regular Season,PullUpShot
1630593,McKinley Wright IV,1610612742,DAL,27,14,13,335.0,11,30,0.367,24,2.0,10.0,0.2,0.4,2022-23,Regular Season,PullUpShot
203086,Meyers Leonard,1610612749,MIL,9,6,3,114.0,0,0,nan,0,0.0,0.0,nan,nan,2022-23,Regular Season,PullUpShot
1629662,Mfiondu Kabengele,1610612738,BOS,4,3,1,36.0,0,0,nan,0,0.0,0.0,nan,nan,2022-23,Regular Season,PullUpShot
1630695,Micah Potter,1610612762,UTA,7,4,3,52.0,0,0,nan,0,0.0,0.0,nan,nan,2022-23,Regular Season,PullUpShot
203487,Michael Carter-Williams,1610612753,ORL,4,1,3,44.0,0,1,0.0,0,0.0,0.0,nan,0.0,2022-23,Regular Season,PullUpShot
1630701,Michael Foster Jr.,1610612755,PHI,1,1,0,1.0,0,0,nan,0,nan,nan,nan,nan,2022-23,Regular Season,PullUpShot
1629008,Michael Porter Jr.,1610612743,DEN,62,41,21,1798.0,80,215,0.372,200,40.0,111.0,0.36,0.465,2022-23,Regular Season,PullUpShot
1628969,Mikal Bridges,1610612751,BKN,83,42,41,2963.0,222,489,0.454,472,28.0,78.0,0.359,0.483,2022-23,Regular Season,PullUpShot
201144,Mike Conley,1610612750,MIN,67,34,33,2028.0,100,280,0.357,264,64.0,193.0,0.332,0.471,2022-23,Regular Season,PullUpShot
203488,Mike Muscala,1610612738,BOS,63,32,31,945.0,13,21,0.619,34,8.0,11.0,0.727,0.81,2022-23,Regular Season,PullUpShot
1630540,Miles McBride,1610612752,NYK,64,36,28,760.0,13,56,0.232,31,5.0,27.0,0.185,0.277,2022-23,Regular Season,PullUpShot
1629011,Mitchell Robinson,1610612752,NYK,59,35,24,1589.0,0,1,0.0,0,nan,nan,nan,0.0,2022-23,Regular Season,PullUpShot
1628964,Mo Bamba,1610612747,LAL,49,25,24,768.0,1,9,0.111,3,1.0,6.0,0.167,0.167,2022-23,Regular Season,PullUpShot
1628420,Monte Morris,1610612764,WAS,62,28,34,1696.0,102,221,0.462,229,25.0,69.0,0.362,0.518,2022-23,Regular Season,PullUpShot
1626149,Montrezl Harrell,1610612755,PHI,57,35,22,681.0,1,11,0.091,2,0.0,2.0,0.0,0.091,2022-23,Regular Season,PullUpShot
1629021,Moritz Wagner,1610612753,ORL,57,27,30,1109.0,0,7,0.0,0,0.0,3.0,0.0,0.0,2022-23,Regular Season,PullUpShot
1629650,Moses Brown,1610612746,LAC,36,17,19,294.0,0,0,nan,0,nan,nan,nan,nan,2022-23,Regular Season,PullUpShot
1630541,Moses Moody,1610612744,GSW,63,37,26,817.0,10,23,0.435,24,4.0,12.0,0.333,0.522,2022-23,Regular Season,PullUpShot
1631217,Moussa Diabaté,1610612746,LAC,22,10,12,195.0,0,2,0.0,0,0.0,0.0,nan,0.0,2022-23,Regular Season,PullUpShot
1626167,Myles Turner,1610612754,IND,62,29,33,1825.0,22,56,0.393,51,7.0,21.0,0.333,0.455,2022-23,Regular Season,PullUpShot
1630230,Naji Marshall,1610612740,NOP,77,40,37,1792.0,28,86,0.326,58,2.0,20.0,0.1,0.337,2022-23,Regular Season,PullUpShot
1629642,Nassir Little,1610612757,POR,54,22,32,976.0,36,87,0.414,86,14.0,36.0,0.389,0.494,2022-23,Regular Season,PullUpShot
1631466,Nate Williams,1610612757,POR,5,1,4,127.0,0,0,nan,0,0.0,0.0,nan,nan,2022-23,Regular Season,PullUpShot
1630233,Nathan Knight,1610612750,MIN,38,19,19,291.0,1,6,0.167,3,1.0,4.0,0.25,0.25,2022-23,Regular Season,PullUpShot
1629675,Naz Reid,1610612750,MIN,68,32,36,1251.0,5,25,0.2,12,2.0,14.0,0.143,0.24,2022-23,Regular Season,PullUpShot
1629674,Neemias Queta,1610612758,SAC,5,1,4,29.0,0,0,nan,0,nan,nan,nan,nan,2022-23,Regular Season,PullUpShot
203457,Nerlens Noel,1610612751,BKN,17,4,13,195.0,1,4,0.25,2,0.0,0.0,nan,0.25,2022-23,Regular Season,PullUpShot
1629651,Nic Claxton,1610612751,BKN,76,41,35,2271.0,3,5,0.6,6,0.0,1.0,0.0,0.6,2022-23,Regular Season,PullUpShot
1630208,Nick Richards,1610612766,CHA,65,21,44,1218.0,0,6,0.0,0,0.0,0.0,nan,0.0,2022-23,Regular Season,PullUpShot
1629638,Nickeil Alexander-Walker,1610612750,MIN,59,29,30,884.0,35,83,0.422,90,20.0,49.0,0.408,0.542,2022-23,Regular Season,PullUpShot
201587,Nicolas Batum,1610612746,LAC,78,44,34,1710.0,8,17,0.471,23,7.0,12.0,0.583,0.676,2022-23,Regular Season,PullUpShot
203999,Nikola Jokić,1610612743,DEN,69,48,21,2323.0,36,78,0.462,81,9.0,22.0,0.409,0.519,2022-23,Regular Season,PullUpShot
1631107,Nikola Jović,1610612748,MIA,15,7,8,204.0,0,3,0.0,0,0.0,0.0,nan,0.0,2022-23,Regular Season,PullUpShot
202696,Nikola Vučević,1610612741,CHI,82,40,42,2746.0,24,78,0.308,48,0.0,0.0,nan,0.308,2022-23,Regular Season,PullUpShot
203943,Noah Vonleh,1610612738,BOS,23,17,6,172.0,1,3,0.333,2,0.0,1.0,0.0,0.333,2022-23,Regular Season,PullUpShot
1626181,Norman Powell,1610612746,LAC,60,31,29,1567.0,74,190,0.389,178,30.0,89.0,0.337,0.468,2022-23,Regular Season,PullUpShot
1628384,OG Anunoby,1610612761,TOR,67,33,34,2386.0,58,158,0.367,131,15.0,48.0,0.313,0.415,2022-23,Regular Season,PullUpShot
1630167,Obi Toppin,1610612752,NYK,67,37,30,1051.0,10,32,0.313,28,8.0,20.0,0.4,0.438,2022-23,Regular Season,PullUpShot
1630534,Ochai Agbaji,1610612762,UTA,59,29,30,1209.0,15,52,0.288,38,8.0,34.0,0.235,0.365,2022-23,Regular Season,PullUpShot
1630846,Olivier Sarr,1610612760,OKC,9,5,4,114.0,0,0,nan,0,0.0,0.0,nan,nan,2022-23,Regular Season,PullUpShot
1630209,Omer Yurtseven,1610612748,MIA,9,5,4,83.0,0,1,0.0,0,0.0,0.0,nan,0.0,2022-23,Regular Season,PullUpShot
1630168,Onyeka Okongwu,1610612737,ATL,80,41,39,1849.0,2,6,0.333,4,0.0,1.0,0.0,0.333,2022-23,Regular Season,PullUpShot
1631115,Orlando Robinson,1610612748,MIA,31,18,13,425.0,0,0,nan,0,0.0,0.0,nan,nan,2022-23,Regular Season,PullUpShot
1629052,Oshae Brissett,1610612754,IND,65,27,38,1083.0,4,19,0.211,11,3.0,10.0,0.3,0.289,2022-23,Regular Season,PullUpShot
203490,Otto Porter Jr.,1610612761,TOR,8,4,4,146.0,2,6,0.333,4,0.0,1.0,0.0,0.333,2022-23,Regular Season,PullUpShot
1631172,Ousmane Dieng,1610612760,OKC,39,20,19,569.0,4,24,0.167,9,1.0,13.0,0.077,0.188,2022-23,Regular Season,PullUpShot
200782,P.J. Tucker,1610612755,PHI,75,48,27,1920.0,1,8,0.125,3,1.0,3.0,0.333,0.188,2022-23,Regular Season,PullUpShot
1629023,P.J. Washington,1610612766,CHA,73,24,49,2380.0,65,172,0.378,155,25.0,67.0,0.373,0.451,2022-23,Regular Season,PullUpShot
1628408,PJ Dozier,1610612758,SAC,16,11,5,79.0,4,14,0.286,9,1.0,5.0,0.2,0.321,2022-23,Regular Season,PullUpShot
1631094,Paolo Banchero,1610612753,ORL,72,31,41,2430.0,142,404,0.351,317,33.0,126.0,0.262,0.392,2022-23,Regular Season,PullUpShot
1627783,Pascal Siakam,1610612761,TOR,71,35,36,2652.0,182,437,0.416,384,20.0,73.0,0.274,0.439,2022-23,Regular Season,PullUpShot
1626192,Pat Connaughton,1610612749,MIL,61,43,18,1443.0,9,18,0.5,25,7.0,15.0,0.467,0.694,2022-23,Regular Season,PullUpShot
1631116,Patrick Baldwin Jr.,1610612744,GSW,31,15,16,226.0,3,11,0.273,8,2.0,3.0,0.667,0.364,2022-23,Regular Season,PullUpShot
201976,Patrick Beverley,1610612741,CHI,67,34,33,1817.0,23,56,0.411,58,12.0,37.0,0.324,0.518,2022-23,Regular Season,PullUpShot
1630172,Patrick Williams,1610612741,CHI,82,40,42,2323.0,65,158,0.411,137,7.0,19.0,0.368,0.434,2022-23,Regular Season,PullUpShot
201988,Patty Mills,1610612751,BKN,40,18,22,567.0,32,77,0.416,76,12.0,29.0,0.414,0.494,2022-23,Regular Season,PullUpShot
202331,Paul George,1610612746,LAC,56,32,24,1939.0,179,455,0.393,434,76.0,211.0,0.36,0.477,2022-23,Regular Season,PullUpShot
1630194,Paul Reed,1610612755,PHI,69,44,25,755.0,1,4,0.25,2,0.0,0.0,nan,0.25,2022-23,Regular Season,PullUpShot
1630202,Payton Pritchard,1610612738,BOS,48,32,16,643.0,24,71,0.338,65,17.0,52.0,0.327,0.458,2022-23,Regular Season,PullUpShot
1631212,Peyton Watson,1610612743,DEN,23,13,10,186.0,1,6,0.167,2,0.0,1.0,0.0,0.167,2022-23,Regular Season,PullUpShot
1630173,Precious Achiuwa,1610612761,TOR,55,30,25,1141.0,6,30,0.2,14,2.0,11.0,0.182,0.233,2022-23,Regular Season,PullUpShot
1629656,Quentin Grimes,1610612752,NYK,71,41,30,2121.0,19,73,0.26,54,16.0,55.0,0.291,0.37,2022-23,Regular Season,PullUpShot
1631245,Quenton Jackson,1610612764,WAS,9,3,6,135.0,3,6,0.5,6,0.0,2.0,0.0,0.5,2022-23,Regular Season,PullUpShot
1630181,R.J. Hampton,1610612765,DET,47,9,38,750.0,17,52,0.327,41,7.0,25.0,0.28,0.394,2022-23,Regular Season,PullUpShot
1629628,RJ Barrett,1610612752,NYK,73,40,33,2475.0,39,157,0.248,88,10.0,51.0,0.196,0.28,2022-23,Regular Season,PullUpShot
1630564,RaiQuan Gray,1610612751,BKN,1,0,1,35.0,0,0,nan,0,0.0,0.0,nan,nan,2022-23,Regular Season,PullUpShot
203526,Raul Neto,1610612739,CLE,48,31,17,505.0,13,23,0.565,28,2.0,9.0,0.222,0.609,2022-23,Regular Season,PullUpShot
203493,Reggie Bullock Jr.,1610612742,DAL,78,37,41,2364.0,10,40,0.25,23,3.0,20.0,0.15,0.288,2022-23,Regular Season,PullUpShot
202704,Reggie Jackson,1610612743,DEN,68,36,32,1657.0,80,223,0.359,178,18.0,82.0,0.22,0.399,2022-23,Regular Season,PullUpShot
1626158,Richaun Holmes,1610612758,SAC,42,22,20,348.0,0,0,nan,0,0.0,0.0,nan,nan,2022-23,Regular Season,PullUpShot
201937,Ricky Rubio,1610612739,CLE,33,23,10,566.0,33,80,0.413,71,5.0,24.0,0.208,0.444,2022-23,Regular Season,PullUpShot
203496,Robert Covington,1610612746,LAC,48,20,28,779.0,7,20,0.35,17,3.0,10.0,0.3,0.425,2022-23,Regular Season,PullUpShot
1629057,Robert Williams III,1610612738,BOS,35,24,11,824.0,0,2,0.0,0,0.0,0.0,nan,0.0,2022-23,Regular Season,PullUpShot
201577,Robin Lopez,1610612739,CLE,37,25,12,298.0,1,1,1.0,2,0.0,0.0,nan,1.0,2022-23,Regular Season,PullUpShot
203585,Rodney McGruder,1610612765,DET,32,4,28,524.0,11,25,0.44,30,8.0,14.0,0.571,0.6,2022-23,Regular Season,PullUpShot
1629641,Romeo Langford,1610612759,SAS,43,14,29,844.0,20,43,0.465,40,0.0,4.0,0.0,0.465,2022-23,Regular Season,PullUpShot
1631199,Ron Harper Jr.,1610612761,TOR,9,6,3,48.0,0,1,0.0,0,0.0,1.0,0.0,0.0,2022-23,Regular Season,PullUpShot
1626220,Royce O'Neale,1610612751,BKN,76,42,34,2409.0,28,81,0.346,80,24.0,65.0,0.369,0.494,2022-23,Regular Season,PullUpShot
200752,Rudy Gay,1610612762,UTA,56,29,27,816.0,38,93,0.409,82,6.0,19.0,0.316,0.441,2022-23,Regular Season,PullUpShot
203497,Rudy Gobert,1610612750,MIN,70,34,36,2148.0,1,6,0.167,2,0.0,1.0,0.0,0.167,2022-23,Regular Season,PullUpShot
1629060,Rui Hachimura,1610612747,LAL,63,38,25,1466.0,85,170,0.5,170,0.0,3.0,0.0,0.5,2022-23,Regular Season,PullUpShot
201566,Russell Westbrook,1610612746,LAC,73,36,37,2126.0,97,276,0.351,222,28.0,96.0,0.292,0.402,2022-23,Regular Season,PullUpShot
1627853,Ryan Arcidiacono,1610612752,NYK,20,9,11,172.0,1,12,0.083,3,1.0,5.0,0.2,0.125,2022-23,Regular Season,PullUpShot
1631157,Ryan Rollins,1610612744,GSW,12,5,7,62.0,0,2,0.0,0,0.0,1.0,0.0,0.0,2022-23,Regular Season,PullUpShot
1630240,Saben Lee,1610612756,PHX,25,15,10,374.0,6,24,0.25,15,3.0,11.0,0.273,0.313,2022-23,Regular Season,PullUpShot
1630180,Saddiq Bey,1610612737,ATL,77,24,53,2129.0,59,187,0.316,152,34.0,110.0,0.309,0.406,2022-23,Regular Season,PullUpShot
1630573,Sam Hauser,1610612738,BOS,80,55,25,1290.0,11,35,0.314,31,9.0,28.0,0.321,0.443,2022-23,Regular Season,PullUpShot
1630241,Sam Merrill,1610612739,CLE,5,4,1,59.0,4,8,0.5,11,3.0,7.0,0.429,0.688,2022-23,Regular Season,PullUpShot
1630572,Sandro Mamukelashvili,1610612759,SAS,43,23,20,660.0,4,11,0.364,9,1.0,2.0,0.5,0.409,2022-23,Regular Season,PullUpShot
1630583,Santi Aldama,1610612763,MEM,77,47,30,1682.0,11,40,0.275,30,8.0,26.0,0.308,0.375,2022-23,Regular Season,PullUpShot
1630567,Scottie Barnes,1610612761,TOR,77,38,39,2678.0,72,226,0.319,156,12.0,56.0,0.214,0.345,2022-23,Regular Season,PullUpShot
1630590,Scotty Pippen Jr.,1610612747,LAL,6,1,5,32.0,1,5,0.2,3,1.0,2.0,0.5,0.3,2022-23,Regular Season,PullUpShot
201586,Serge Ibaka,1610612749,MIL,16,11,5,185.0,2,5,0.4,4,0.0,0.0,nan,0.4,2022-23,Regular Season,PullUpShot
203552,Seth Curry,1610612751,BKN,61,37,24,1211.0,105,214,0.491,238,28.0,68.0,0.412,0.556,2022-23,Regular Season,PullUpShot
1631101,Shaedon Sharpe,1610612757,POR,80,32,48,1779.0,75,232,0.323,182,32.0,128.0,0.25,0.392,2022-23,Regular Season,PullUpShot
1628983,Shai Gilgeous-Alexander,1610612760,OKC,68,33,35,2416.0,283,612,0.462,608,42.0,118.0,0.356,0.497,2022-23,Regular Season,PullUpShot
1629003,Shake Milton,1610612755,PHI,76,52,24,1567.0,45,129,0.349,100,10.0,33.0,0.303,0.388,2022-23,Regular Season,PullUpShot
1627885,Shaquille Harrison,1610612747,LAL,5,1,4,120.0,2,8,0.25,5,1.0,3.0,0.333,0.313,2022-23,Regular Season,PullUpShot
1631323,Simone Fontecchio,1610612762,UTA,52,25,27,766.0,27,76,0.355,64,10.0,37.0,0.27,0.421,2022-23,Regular Season,PullUpShot
1630219,Skylar Mays,1610612757,POR,6,1,5,189.0,14,24,0.583,33,5.0,7.0,0.714,0.688,2022-23,Regular Season,PullUpShot
203915,Spencer Dinwiddie,1610612751,BKN,79,41,38,2725.0,157,436,0.36,407,93.0,278.0,0.335,0.467,2022-23,Regular Season,PullUpShot
1626169,Stanley Johnson,1610612762,UTA,30,5,25,469.0,10,22,0.455,22,2.0,5.0,0.4,0.5,2022-23,Regular Season,PullUpShot
1630649,Stanley Umude,1610612765,DET,1,0,1,2.0,0,0,nan,0,0.0,0.0,nan,nan,2022-23,Regular Season,PullUpShot
201939,Stephen Curry,1610612744,GSW,56,30,26,1941.0,223,491,0.454,598,152.0,337.0,0.451,0.609,2022-23,Regular Season,PullUpShot
1628425,Sterling Brown,1610612747,LAL,4,2,2,24.0,0,0,nan,0,0.0,0.0,nan,nan,2022-23,Regular Season,PullUpShot
203500,Steven Adams,1610612763,MEM,42,28,14,1133.0,0,1,0.0,0,0.0,0.0,nan,0.0,2022-23,Regular Season,PullUpShot
1629004,Svi Mykhailiuk,1610612766,CHA,32,16,16,468.0,24,64,0.375,65,17.0,42.0,0.405,0.508,2022-23,Regular Season,PullUpShot
204456,T.J. McConnell,1610612754,IND,75,31,44,1526.0,83,150,0.553,176,10.0,16.0,0.625,0.587,2022-23,Regular Season,PullUpShot
203933,T.J. Warren,1610612756,PHX,42,26,16,687.0,48,104,0.462,97,1.0,8.0,0.125,0.466,2022-23,Regular Season,PullUpShot
201959,Taj Gibson,1610612764,WAS,49,21,28,480.0,5,10,0.5,10,0.0,2.0,0.0,0.5,2022-23,Regular Season,PullUpShot
1629659,Talen Horton-Tucker,1610612762,UTA,65,30,35,1313.0,62,182,0.341,150,26.0,93.0,0.28,0.412,2022-23,Regular Season,PullUpShot
1631106,Tari Eason,1610612745,HOU,82,22,60,1767.0,7,33,0.212,15,1.0,10.0,0.1,0.227,2022-23,Regular Season,PullUpShot
1627752,Taurean Prince,1610612750,MIN,54,31,23,1193.0,28,74,0.378,64,8.0,33.0,0.242,0.432,2022-23,Regular Season,PullUpShot
1629611,Terance Mann,1610612746,LAC,81,44,37,1872.0,46,113,0.407,112,20.0,54.0,0.37,0.496,2022-23,Regular Season,PullUpShot
1629056,Terence Davis,1610612758,SAC,64,38,26,841.0,32,86,0.372,89,25.0,64.0,0.391,0.517,2022-23,Regular Season,PullUpShot
203082,Terrence Ross,1610612756,PHX,63,27,36,1331.0,80,178,0.449,173,13.0,48.0,0.271,0.486,2022-23,Regular Season,PullUpShot
1626179,Terry Rozier,1610612766,CHA,63,19,44,2221.0,194,520,0.373,474,86.0,274.0,0.314,0.456,2022-23,Regular Season,PullUpShot
1630678,Terry Taylor,1610612741,CHI,31,13,18,263.0,1,5,0.2,2,0.0,1.0,0.0,0.2,2022-23,Regular Season,PullUpShot
201152,Thaddeus Young,1610612761,TOR,54,23,31,795.0,3,9,0.333,6,0.0,1.0,0.0,0.333,2022-23,Regular Season,PullUpShot
203648,Thanasis Antetokounmpo,1610612749,MIL,37,25,12,206.0,0,4,0.0,0,0.0,2.0,0.0,0.0,2022-23,Regular Season,PullUpShot
1630177,Theo Maledon,1610612766,CHA,44,14,30,854.0,28,85,0.329,64,8.0,40.0,0.2,0.376,2022-23,Regular Season,PullUpShot
1629033,Theo Pinson,1610612742,DAL,40,19,21,323.0,5,11,0.455,14,4.0,9.0,0.444,0.636,2022-23,Regular Season,PullUpShot
1628418,Thomas Bryant,1610612743,DEN,59,33,26,1081.0,3,10,0.3,6,0.0,1.0,0.0,0.3,2022-23,Regular Season,PullUpShot
203501,Tim Hardaway Jr.,1610612742,DAL,71,37,34,2152.0,90,245,0.367,224,44.0,123.0,0.358,0.457,2022-23,Regular Season,PullUpShot
202699,Tobias Harris,1610612755,PHI,74,47,27,2436.0,68,154,0.442,150,14.0,35.0,0.4,0.487,2022-23,Regular Season,PullUpShot
1628396,Tony Bradley,1610612741,CHI,12,5,7,33.0,0,0,nan,0,0.0,0.0,nan,nan,2022-23,Regular Season,PullUpShot
1628470,Torrey Craig,1610612756,PHX,79,44,35,1948.0,12,47,0.255,26,2.0,10.0,0.2,0.277,2022-23,Regular Season,PullUpShot
1629027,Trae Young,1610612737,ATL,73,38,35,2541.0,286,739,0.387,692,120.0,367.0,0.327,0.468,2022-23,Regular Season,PullUpShot
1630200,Tre Jones,1610612759,SAS,68,20,48,1984.0,104,266,0.391,214,6.0,32.0,0.188,0.402,2022-23,Regular Season,PullUpShot
1630544,Tre Mann,1610612760,OKC,67,31,36,1183.0,84,234,0.359,214,46.0,151.0,0.305,0.457,2022-23,Regular Season,PullUpShot
1630570,Trendon Watford,1610612757,POR,62,26,36,1182.0,14,28,0.5,28,0.0,1.0,0.0,0.5,2022-23,Regular Season,PullUpShot
1630235,Trent Forrest,1610612737,ATL,23,9,14,277.0,7,14,0.5,14,0.0,1.0,0.0,0.5,2022-23,Regular Season,PullUpShot
1630243,Trevelin Queen,1610612755,PHI,7,2,5,70.0,1,11,0.091,3,1.0,10.0,0.1,0.136,2022-23,Regular Season,PullUpShot
1631309,Trevor Hudgins,1610612745,HOU,5,0,5,28.0,0,5,0.0,0,0.0,5.0,0.0,0.0,2022-23,Regular Season,PullUpShot
1631211,Trevor Keels,1610612752,NYK,3,3,0,8.0,0,0,nan,0,0.0,0.0,nan,nan,2022-23,Regular Season,PullUpShot
1626168,Trey Lyles,1610612758,SAC,74,43,31,1247.0,7,26,0.269,19,5.0,21.0,0.238,0.365,2022-23,Regular Season,PullUpShot
1630530,Trey Murphy III,1610612740,NOP,79,39,40,2448.0,28,80,0.35,75,19.0,48.0,0.396,0.469,2022-23,Regular Season,PullUpShot
1628972,Troy Brown Jr.,1610612747,LAL,76,40,36,1860.0,22,67,0.328,54,10.0,32.0,0.313,0.403,2022-23,Regular Season,PullUpShot
1629660,Ty Jerome,1610612744,GSW,45,22,23,816.0,37,83,0.446,85,11.0,27.0,0.407,0.512,2022-23,Regular Season,PullUpShot
1631102,TyTy Washington Jr.,1610612745,HOU,31,6,25,433.0,26,74,0.351,57,5.0,23.0,0.217,0.385,2022-23,Regular Season,PullUpShot
1628416,Tyler Dorsey,1610612742,DAL,3,2,1,8.0,3,3,1.0,6,0.0,0.0,nan,1.0,2022-23,Regular Season,PullUpShot
1629639,Tyler Herro,1610612748,MIA,67,37,30,2335.0,212,539,0.393,520,96.0,260.0,0.369,0.482,2022-23,Regular Season,PullUpShot
1630169,Tyrese Haliburton,1610612754,IND,56,28,28,1883.0,174,417,0.417,470,122.0,307.0,0.397,0.564,2022-23,Regular Season,PullUpShot
1631213,Tyrese Martin,1610612737,ATL,16,10,6,66.0,3,5,0.6,7,1.0,1.0,1.0,0.7,2022-23,Regular Season,PullUpShot
1630178,Tyrese Maxey,1610612755,PHI,60,39,21,2016.0,140,336,0.417,340,60.0,155.0,0.387,0.506,2022-23,Regular Season,PullUpShot
1626145,Tyus Jones,1610612763,MEM,80,51,29,1939.0,140,315,0.444,315,35.0,96.0,0.365,0.5,2022-23,Regular Season,PullUpShot
1628962,Udoka Azubuike,1610612762,UTA,36,17,19,359.0,0,0,nan,0,nan,nan,nan,nan,2022-23,Regular Season,PullUpShot
2617,Udonis Haslem,1610612748,MIA,7,4,3,72.0,2,4,0.5,4,0.0,0.0,nan,0.5,2022-23,Regular Season,PullUpShot
1630586,Usman Garuba,1610612745,HOU,75,21,54,970.0,0,1,0.0,0,0.0,1.0,0.0,0.0,2022-23,Regular Season,PullUpShot
1630176,Vernon Carey Jr.,1610612762,UTA,11,8,3,28.0,0,0,nan,0,nan,nan,nan,nan,2022-23,Regular Season,PullUpShot
203506,Victor Oladipo,1610612748,MIA,42,23,19,1106.0,65,161,0.404,163,33.0,89.0,0.371,0.506,2022-23,Regular Season,PullUpShot
1631246,Vince Williams Jr.,1610612763,MEM,15,7,8,105.0,0,1,0.0,0,0.0,1.0,0.0,0.0,2022-23,Regular Season,PullUpShot
1628427,Vlatko Čančar,1610612743,DEN,60,38,22,889.0,4,14,0.286,11,3.0,8.0,0.375,0.393,2022-23,Regular Season,PullUpShot
1630249,Vít Krejčí,1610612737,ATL,29,15,14,165.0,3,7,0.429,8,2.0,5.0,0.4,0.571,2022-23,Regular Season,PullUpShot
1631117,Walker Kessler,1610612762,UTA,74,34,40,1703.0,0,0,nan,0,0.0,0.0,nan,nan,2022-23,Regular Season,PullUpShot
1628976,Wendell Carter Jr.,1610612753,ORL,57,26,31,1690.0,25,64,0.391,51,1.0,6.0,0.167,0.398,2022-23,Regular Season,PullUpShot
1631111,Wendell Moore Jr.,1610612750,MIN,29,16,13,153.0,1,5,0.2,3,1.0,2.0,0.5,0.3,2022-23,Regular Season,PullUpShot
1629117,Wenyen Gabriel,1610612747,LAL,68,37,31,1024.0,1,2,0.5,3,1.0,2.0,0.5,0.75,2022-23,Regular Season,PullUpShot
202083,Wesley Matthews,1610612749,MIL,52,37,15,820.0,6,22,0.273,16,4.0,15.0,0.267,0.364,2022-23,Regular Season,PullUpShot
203115,Will Barton,1610612761,TOR,56,27,29,993.0,45,137,0.328,114,24.0,76.0,0.316,0.416,2022-23,Regular Season,PullUpShot
1626195,Willy Hernangomez,1610612740,NOP,38,23,15,458.0,0,1,0.0,0,0.0,0.0,nan,0.0,2022-23,Regular Season,PullUpShot
1641645,Xavier Cooks,1610612764,WAS,10,2,8,126.0,0,2,0.0,0,0.0,1.0,0.0,0.0,2022-23,Regular Season,PullUpShot
1629875,Xavier Moon,1610612746,LAC,4,2,2,20.0,1,6,0.167,2,0.0,1.0,0.0,0.167,2022-23,Regular Season,PullUpShot
1630270,Xavier Sneed,1610612766,CHA,4,0,4,48.0,0,1,0.0,0,0.0,0.0,nan,0.0,2022-23,Regular Season,PullUpShot
1630214,Xavier Tillman,1610612763,MEM,61,40,21,1180.0,9,19,0.474,18,0.0,3.0,0.0,0.474,2022-23,Regular Season,PullUpShot
1629139,Yuta Watanabe,1610612751,BKN,58,30,28,928.0,4,18,0.222,8,0.0,4.0,0.0,0.222,2022-23,Regular Season,PullUpShot
1628380,Zach Collins,1610612759,SAS,63,20,43,1441.0,4,19,0.211,9,1.0,5.0,0.2,0.237,2022-23,Regular Season,PullUpShot
203897,Zach LaVine,1610612741,CHI,77,38,39,2768.0,228,589,0.387,558,102.0,298.0,0.342,0.474,2022-23,Regular Season,PullUpShot
1630192,Zeke Nnaji,1610612743,DEN,53,34,19,728.0,0,5,0.0,0,0.0,4.0,0.0,0.0,2022-23,Regular Season,PullUpShot
1630533,Ziaire Williams,1610612763,MEM,37,21,16,561.0,20,46,0.435,47,7.0,16.0,0.438,0.511,2022-23,Regular Season,PullUpShot
1629627,Zion Williamson,1610612740,NOP,29,17,12,956.0,7,22,0.318,15,1.0,4.0,0.25,0.341,2022-23,Regular Season,PullUpShot
