PLAYER_ID,PLAYER_NAME,TEAM_ID,TEAM_ABBREVIATION,GP,W,L,MIN,PASSES_MADE,PASSES_RECEIVED,AST,FT_AST,SECONDARY_AST,POTENTIAL_AST,AST_PTS_CREATED,AST_ADJ,AST_TO_PASS_PCT,AST_TO_PASS_PCT_ADJ,SEASON,SEASON_TYPE,PT_MEASURE_TYPE
1630639,A.J. Lawson,1610612742,DAL,41,26,15,308.0,268,236,20,0.0,2,27,52,22,0.075,0.082,2023-24,Regular Season,Passing
1631260,AJ Green,1610612749,MIL,56,35,21,614.0,459,483,30,1.0,4,58,71,34,0.065,0.074,2023-24,Regular Season,Passing
1631100,AJ Griffin,1610612737,ATL,20,8,12,171.0,96,120,5,1.0,3,10,16,9,0.052,0.094,2023-24,Regular Season,Passing
203932,Aaron Gordon,1610612743,DEN,71,47,24,2244.0,2006,2018,250,20.0,21,402,651,290,0.125,0.145,2023-24,Regular Season,Passing
1628988,Aaron Holiday,1610612745,HOU,78,39,39,1269.0,1473,1590,140,14.0,9,268,373,161,0.095,0.109,2023-24,Regular Season,Passing
1630174,Aaron Nesmith,1610612754,IND,72,41,31,1995.0,2015,1745,108,7.0,18,167,265,132,0.054,0.066,2023-24,Regular Season,Passing
1630598,Aaron Wiggins,1610612760,OKC,78,55,23,1228.0,1046,969,86,6.0,14,127,216,106,0.082,0.101,2023-24,Regular Season,Passing
1641745,Adam Flagler,1610612760,OKC,2,2,0,14.0,12,18,4,0.0,0,5,11,4,0.333,0.333,2023-24,Regular Season,Passing
1641766,Adama Sanogo,1610612741,CHI,9,3,6,66.0,52,34,0,0.0,1,1,0,1,0.0,0.019,2023-24,Regular Season,Passing
1629678,Admiral Schofield,1610612753,ORL,23,15,8,84.0,126,97,7,0.0,0,17,17,7,0.056,0.056,2023-24,Regular Season,Passing
201143,Al Horford,1610612738,BOS,64,50,14,1708.0,1631,1252,165,7.0,7,260,423,174,0.101,0.107,2023-24,Regular Season,Passing
202692,Alec Burks,1610612752,NYK,66,18,48,1212.0,1230,1398,88,8.0,7,137,225,102,0.072,0.083,2023-24,Regular Season,Passing
1630197,Aleksej Pokusevski,1610612766,CHA,27,13,14,398.0,453,361,35,3.0,5,74,94,43,0.077,0.095,2023-24,Regular Season,Passing
1627936,Alex Caruso,1610612741,CHI,70,34,36,2004.0,2890,2227,241,21.0,37,392,585,299,0.083,0.103,2023-24,Regular Season,Passing
1641788,Alex Fudge,1610612742,DAL,6,1,5,40.0,21,22,0,0.0,0,1,0,0,0.0,0.0,2023-24,Regular Season,Passing
203458,Alex Len,1610612758,SAC,48,24,24,444.0,568,415,50,2.0,3,72,130,55,0.088,0.097,2023-24,Regular Season,Passing
1631214,Alondes Williams,1610612748,MIA,7,5,2,16.0,27,34,0,1.0,0,5,2,1,0.0,0.037,2023-24,Regular Season,Passing
1630578,Alperen Sengun,1610612745,HOU,63,29,34,2046.0,2490,2824,312,16.0,32,528,793,360,0.125,0.145,2023-24,Regular Season,Passing
1641735,Amari Bailey,1610612766,CHA,10,1,9,65.0,42,59,7,0.0,0,8,19,7,0.167,0.167,2023-24,Regular Season,Passing
1641708,Amen Thompson,1610612745,HOU,62,30,32,1389.0,1831,1485,163,17.0,16,327,436,198,0.089,0.108,2023-24,Regular Season,Passing
1629599,Amir Coffey,1610612746,LAC,69,45,24,1445.0,957,948,76,5.0,8,119,200,88,0.079,0.092,2023-24,Regular Season,Passing
203083,Andre Drummond,1610612741,CHI,78,37,41,1339.0,971,775,37,4.0,5,51,95,46,0.038,0.047,2023-24,Regular Season,Passing
1641748,Andre Jackson Jr.,1610612749,MIL,57,33,24,572.0,513,359,50,1.0,6,79,129,57,0.097,0.111,2023-24,Regular Season,Passing
1641847,Andrew Funk,1610612741,CHI,5,3,2,13.0,9,9,0,0.0,0,0,0,0,0.0,0.0,2023-24,Regular Season,Passing
1629614,Andrew Nembhard,1610612754,IND,68,41,27,1697.0,2422,2583,280,19.0,43,456,699,340,0.116,0.14,2023-24,Regular Season,Passing
203952,Andrew Wiggins,1610612744,GSW,70,38,32,1894.0,1589,1780,118,5.0,22,234,315,143,0.074,0.09,2023-24,Regular Season,Passing
1629014,Anfernee Simons,1610612757,POR,45,10,35,1540.0,2171,2823,248,26.0,43,450,626,318,0.114,0.146,2023-24,Regular Season,Passing
1641710,Anthony Black,1610612753,ORL,69,39,30,1164.0,1446,1285,91,14.0,14,195,249,119,0.063,0.082,2023-24,Regular Season,Passing
203076,Anthony Davis,1610612747,LAL,75,44,31,2669.0,3771,3274,261,14.0,54,376,642,327,0.069,0.087,2023-24,Regular Season,Passing
1630162,Anthony Edwards,1610612750,MIN,79,54,25,2770.0,3368,4193,405,31.0,72,629,1084,508,0.12,0.151,2023-24,Regular Season,Passing
1630264,Anthony Gill,1610612764,WAS,50,9,41,466.0,386,373,34,4.0,5,59,92,43,0.088,0.111,2023-24,Regular Season,Passing
1629717,Armoni Brooks,1610612751,BKN,10,3,7,104.0,102,114,5,0.0,0,8,8,4,0.049,0.039,2023-24,Regular Season,Passing
1630204,Ashton Hagans,1610612757,POR,19,3,16,316.0,598,598,54,6.0,4,127,139,64,0.09,0.107,2023-24,Regular Season,Passing
1641709,Ausar Thompson,1610612765,DET,62,10,52,1572.0,1244,1070,120,4.0,11,213,291,133,0.096,0.107,2023-24,Regular Season,Passing
1630559,Austin Reaves,1610612747,LAL,81,46,35,2606.0,3596,3689,443,32.0,56,747,1093,522,0.123,0.145,2023-24,Regular Season,Passing
1630245,Ayo Dosunmu,1610612741,CHI,75,37,38,2176.0,2580,2556,238,16.0,40,430,575,287,0.092,0.111,2023-24,Regular Season,Passing
1628389,Bam Adebayo,1610612748,MIA,71,40,31,2416.0,3026,2973,278,19.0,28,456,710,323,0.092,0.107,2023-24,Regular Season,Passing
1641767,Ben Sheppard,1610612754,IND,57,32,25,814.0,920,820,53,5.0,12,76,130,70,0.058,0.076,2023-24,Regular Season,Passing
1627732,Ben Simmons,1610612751,BKN,15,7,8,359.0,749,588,86,4.0,4,142,227,94,0.115,0.126,2023-24,Regular Season,Passing
1631097,Bennedict Mathurin,1610612754,IND,59,33,26,1538.0,1549,1782,119,8.0,29,183,294,152,0.077,0.098,2023-24,Regular Season,Passing
1641731,Bilal Coulibaly,1610612764,WAS,63,11,52,1715.0,1432,1205,110,9.0,17,193,280,134,0.077,0.094,2023-24,Regular Season,Passing
202687,Bismack Biyombo,1610612760,OKC,40,20,20,791.0,882,549,53,2.0,5,77,139,61,0.06,0.069,2023-24,Regular Season,Passing
1631104,Blake Wesley,1610612759,SAS,60,18,42,856.0,1334,1394,157,13.0,14,301,425,186,0.118,0.139,2023-24,Regular Season,Passing
1626246,Boban Marjanovic,1610612745,HOU,14,9,5,71.0,71,63,6,0.0,0,6,12,5,0.085,0.07,2023-24,Regular Season,Passing
1626171,Bobby Portis,1610612749,MIL,82,49,33,2008.0,2304,1735,104,7.0,19,188,275,129,0.045,0.056,2023-24,Regular Season,Passing
203992,Bogdan Bogdanović,1610612737,ATL,79,35,44,2401.0,2408,2685,247,32.0,28,441,622,302,0.103,0.125,2023-24,Regular Season,Passing
202711,Bojan Bogdanovic,1610612752,NYK,57,20,37,1478.0,1014,1509,97,9.0,12,185,254,118,0.096,0.116,2023-24,Regular Season,Passing
1629626,Bol Bol,1610612756,PHX,42,28,14,459.0,352,282,17,1.0,5,30,39,22,0.048,0.063,2023-24,Regular Season,Passing
1630538,Bones Hyland,1610612746,LAC,36,19,17,527.0,794,917,92,7.0,7,124,229,108,0.116,0.136,2023-24,Regular Season,Passing
203078,Bradley Beal,1610612756,PHX,52,33,19,1729.0,2481,2690,261,20.0,58,419,649,328,0.105,0.132,2023-24,Regular Season,Passing
1641764,Brandin Podziemski,1610612744,GSW,73,41,32,1938.0,2584,2333,266,20.0,38,434,666,318,0.103,0.123,2023-24,Regular Season,Passing
1630527,Brandon Boston,1610612746,LAC,32,17,15,345.0,323,347,13,0.0,4,39,23,14,0.04,0.043,2023-24,Regular Season,Passing
1629634,Brandon Clarke,1610612763,MEM,6,2,4,134.0,129,142,9,0.0,1,16,20,10,0.07,0.078,2023-24,Regular Season,Passing
1627742,Brandon Ingram,1610612740,NOP,63,38,25,2071.0,2642,3348,356,37.0,70,661,927,463,0.135,0.175,2023-24,Regular Season,Passing
1641706,Brandon Miller,1610612766,CHA,73,17,56,2347.0,2583,2843,172,10.0,37,323,447,219,0.067,0.085,2023-24,Regular Season,Passing
1630314,Brandon Williams,1610612742,DAL,17,10,7,113.0,151,183,17,1.0,0,29,39,18,0.113,0.119,2023-24,Regular Season,Passing
1630296,Braxton Key,1610612743,DEN,20,14,6,60.0,92,64,9,0.0,1,15,24,11,0.098,0.12,2023-24,Regular Season,Passing
1641729,Brice Sensabaugh,1610612762,UTA,31,8,23,553.0,443,507,52,2.0,5,84,127,59,0.117,0.133,2023-24,Regular Season,Passing
201572,Brook Lopez,1610612749,MIL,79,48,31,2411.0,1545,1683,127,7.0,18,180,323,151,0.082,0.098,2023-24,Regular Season,Passing
1628971,Bruce Brown,1610612761,TOR,67,26,41,1865.0,2106,2018,192,22.0,32,335,498,247,0.091,0.117,2023-24,Regular Season,Passing
1628981,Bruno Fernando,1610612737,ATL,45,20,25,682.0,618,610,46,3.0,5,77,121,54,0.074,0.087,2023-24,Regular Season,Passing
1631121,Bryce McGowens,1610612766,CHA,59,11,48,882.0,660,675,51,2.0,8,82,126,61,0.077,0.092,2023-24,Regular Season,Passing
1631205,Buddy Boeheim,1610612765,DET,10,0,10,84.0,47,56,3,0.0,1,7,7,4,0.064,0.085,2023-24,Regular Season,Passing
1627741,Buddy Hield,1610612755,PHI,83,45,38,2138.0,3095,2776,231,19.0,20,351,572,267,0.075,0.086,2023-24,Regular Season,Passing
203468,CJ McCollum,1610612740,NOP,65,42,23,2133.0,3012,3661,303,43.0,40,514,778,385,0.101,0.128,2023-24,Regular Season,Passing
1630595,Cade Cunningham,1610612765,DET,61,9,52,2042.0,3242,4188,454,53.0,56,783,1160,564,0.14,0.174,2023-24,Regular Season,Passing
1631216,Caleb Houstan,1610612753,ORL,59,31,28,815.0,445,467,29,0.0,6,44,80,35,0.065,0.079,2023-24,Regular Season,Passing
1628997,Caleb Martin,1610612748,MIA,64,36,28,1757.0,1757,1699,143,6.0,12,241,368,159,0.081,0.09,2023-24,Regular Season,Passing
1629629,Cam Reddish,1610612747,LAL,47,26,21,961.0,482,536,46,4.0,5,70,115,55,0.095,0.114,2023-24,Regular Season,Passing
1630560,Cam Thomas,1610612751,BKN,63,23,40,1984.0,1916,2777,186,9.0,38,349,472,234,0.097,0.122,2023-24,Regular Season,Passing
1641715,Cam Whitmore,1610612745,HOU,47,19,28,880.0,571,746,33,0.0,4,59,75,37,0.058,0.065,2023-24,Regular Season,Passing
1629661,Cameron Johnson,1610612751,BKN,57,21,36,1574.0,1414,1527,136,5.0,24,244,350,164,0.096,0.116,2023-24,Regular Season,Passing
1626166,Cameron Payne,1610612755,PHI,77,45,32,1281.0,2162,2267,202,26.0,25,349,531,251,0.093,0.116,2023-24,Regular Season,Passing
1627747,Caris LeVert,1610612739,CLE,68,38,30,1958.0,2495,2881,346,37.0,31,576,928,416,0.139,0.167,2023-24,Regular Season,Passing
1641717,Cason Wallace,1610612760,OKC,82,57,25,1692.0,1156,1192,120,9.0,12,201,297,141,0.104,0.122,2023-24,Regular Season,Passing
1626224,Cedi Osman,1610612759,SAS,72,17,55,1269.0,1149,1107,119,8.0,14,200,294,139,0.104,0.121,2023-24,Regular Season,Passing
1629646,Charles Bassey,1610612759,SAS,19,3,16,205.0,306,151,21,0.0,2,34,52,23,0.069,0.075,2023-24,Regular Season,Passing
1629718,Charlie Brown Jr.,1610612752,NYK,8,2,6,37.0,23,21,0,0.0,0,1,0,0,0.0,0.0,2023-24,Regular Season,Passing
1631096,Chet Holmgren,1610612760,OKC,82,57,25,2413.0,3218,2464,200,13.0,22,290,505,235,0.062,0.073,2023-24,Regular Season,Passing
1629002,Chimezie Metu,1610612765,DET,51,24,27,859.0,773,627,46,4.0,6,90,121,56,0.06,0.072,2023-24,Regular Season,Passing
1628449,Chris Boucher,1610612761,TOR,49,16,33,674.0,478,405,21,2.0,9,36,52,32,0.044,0.067,2023-24,Regular Season,Passing
1630537,Chris Duarte,1610612758,SAC,59,35,24,720.0,671,626,44,4.0,7,77,105,55,0.066,0.082,2023-24,Regular Season,Passing
1641753,Chris Livingston,1610612749,MIL,21,13,8,91.0,85,60,5,0.0,0,8,11,5,0.059,0.059,2023-24,Regular Season,Passing
101108,Chris Paul,1610612744,GSW,57,33,24,1502.0,2671,2784,384,30.0,49,736,987,463,0.144,0.173,2023-24,Regular Season,Passing
1631128,Christian Braun,1610612743,DEN,80,55,25,1623.0,1672,1439,130,12.0,17,215,329,159,0.078,0.095,2023-24,Regular Season,Passing
1626174,Christian Wood,1610612747,LAL,49,27,22,864.0,822,644,47,4.0,7,67,113,58,0.057,0.071,2023-24,Regular Season,Passing
1629643,Chuma Okeke,1610612753,ORL,47,24,23,432.0,421,359,20,2.0,5,52,60,28,0.048,0.067,2023-24,Regular Season,Passing
203991,Clint Capela,1610612737,ATL,73,33,40,1883.0,1424,1315,91,9.0,10,152,248,110,0.064,0.077,2023-24,Regular Season,Passing
1629632,Coby White,1610612741,CHI,78,37,41,2840.0,4066,4548,401,30.0,82,730,1014,507,0.099,0.125,2023-24,Regular Season,Passing
1628998,Cody Martin,1610612766,CHA,28,7,21,753.0,904,879,104,11.0,4,163,270,119,0.115,0.132,2023-24,Regular Season,Passing
203469,Cody Zeller,1610612740,NOP,42,26,16,308.0,446,295,38,2.0,1,52,94,41,0.085,0.092,2023-24,Regular Season,Passing
1641732,Colby Jones,1610612758,SAC,30,15,15,192.0,248,252,20,3.0,3,42,54,26,0.081,0.105,2023-24,Regular Season,Passing
1630175,Cole Anthony,1610612753,ORL,81,47,34,1817.0,2604,2812,236,26.0,23,450,619,283,0.091,0.109,2023-24,Regular Season,Passing
1631306,Cole Swider,1610612748,MIA,18,8,10,87.0,87,101,5,1.0,2,15,12,8,0.057,0.092,2023-24,Regular Season,Passing
1630658,Colin Castleton,1610612747,LAL,16,9,7,59.0,63,38,3,1.0,0,7,8,4,0.048,0.063,2023-24,Regular Season,Passing
1631221,Collin Gillespie,1610612743,DEN,24,15,9,225.0,379,399,27,4.0,2,61,73,34,0.071,0.09,2023-24,Regular Season,Passing
1629012,Collin Sexton,1610612762,UTA,77,29,48,2039.0,2522,3489,379,22.0,37,649,972,437,0.15,0.173,2023-24,Regular Season,Passing
1630557,Corey Kispert,1610612764,WAS,80,15,65,2067.0,1834,1989,156,12.0,14,239,393,179,0.085,0.098,2023-24,Regular Season,Passing
202709,Cory Joseph,1610612744,GSW,26,10,16,296.0,501,493,42,2.0,4,80,109,46,0.084,0.092,2023-24,Regular Season,Passing
1641854,Craig Porter Jr.,1610612739,CLE,51,30,21,649.0,1160,1240,118,13.0,30,226,312,160,0.102,0.138,2023-24,Regular Season,Passing
1626156,D'Angelo Russell,1610612747,LAL,75,45,30,2462.0,3605,3768,481,46.0,55,736,1193,576,0.133,0.16,2023-24,Regular Season,Passing
1641793,D'Moi Hodge,1610612747,LAL,7,1,6,41.0,28,32,5,0.0,0,5,10,5,0.179,0.179,2023-24,Regular Season,Passing
1630618,D.J. Carton,1610612761,TOR,4,2,2,36.0,55,60,3,1.0,2,14,10,6,0.055,0.109,2023-24,Regular Season,Passing
1628391,D.J. Wilson,1610612753,ORL,2,1,1,15.0,13,13,2,0.0,0,2,4,2,0.154,0.154,2023-24,Regular Season,Passing
1629610,DaQuan Jeffries,1610612752,NYK,17,11,6,46.0,25,34,5,0.0,0,0,7,3,0.2,0.12,2023-24,Regular Season,Passing
1630227,Daishen Nix,1610612750,MIN,15,11,4,50.0,63,82,6,0.0,1,11,16,7,0.095,0.111,2023-24,Regular Season,Passing
1630625,Dalano Banton,1610612757,POR,53,23,30,1005.0,1483,1620,123,15.0,15,240,324,154,0.083,0.104,2023-24,Regular Season,Passing
1631207,Dalen Terry,1610612741,CHI,58,27,31,680.0,828,687,81,9.0,5,136,198,92,0.098,0.111,2023-24,Regular Season,Passing
1627745,Damian Jones,1610612739,CLE,39,24,15,270.0,264,200,15,0.0,2,25,40,17,0.057,0.064,2023-24,Regular Season,Passing
203081,Damian Lillard,1610612749,MIL,73,48,25,2578.0,3828,4757,508,45.0,86,866,1305,641,0.133,0.167,2023-24,Regular Season,Passing
1629655,Daniel Gafford,1610612742,DAL,73,29,44,1790.0,2075,1317,114,5.0,16,153,269,137,0.055,0.066,2023-24,Regular Season,Passing
1628464,Daniel Theis,1610612746,LAC,59,37,22,994.0,965,689,59,2.0,4,84,140,62,0.061,0.064,2023-24,Regular Season,Passing
201568,Danilo Gallinari,1610612749,MIL,49,15,34,629.0,767,696,55,6.0,3,82,149,65,0.072,0.085,2023-24,Regular Season,Passing
201980,Danny Green,1610612755,PHI,2,1,1,18.0,14,5,1,0.0,0,0,0,0,0.071,0.0,2023-24,Regular Season,Passing
203957,Dante Exum,1610612742,DAL,54,35,19,1070.0,1431,1463,152,9.0,26,274,380,187,0.106,0.131,2023-24,Regular Season,Passing
1627863,Danuel House Jr.,1610612755,PHI,34,21,13,509.0,471,405,28,2.0,1,50,68,31,0.059,0.066,2023-24,Regular Season,Passing
203967,Dario Saric,1610612744,GSW,63,35,28,1095.0,1703,1411,144,12.0,12,255,356,164,0.085,0.096,2023-24,Regular Season,Passing
1641727,Dariq Whitehead,1610612751,BKN,2,1,1,24.0,24,17,3,0.0,0,4,7,3,0.125,0.125,2023-24,Regular Season,Passing
1629647,Darius Bazley,1610612762,UTA,9,2,7,152.0,170,107,7,2.0,1,21,25,10,0.041,0.059,2023-24,Regular Season,Passing
1629636,Darius Garland,1610612739,CLE,57,31,26,1900.0,3055,3736,373,41.0,67,684,935,479,0.122,0.157,2023-24,Regular Season,Passing
1630561,David Duke Jr.,1610612759,SAS,4,3,1,51.0,55,51,5,0.0,0,7,12,5,0.091,0.091,2023-24,Regular Season,Passing
1631223,David Roddy,1610612756,PHX,64,25,39,1171.0,1159,1067,80,4.0,15,174,201,96,0.069,0.083,2023-24,Regular Season,Passing
1630558,Davion Mitchell,1610612758,SAC,72,41,31,1101.0,1624,1754,134,7.0,19,277,345,159,0.083,0.098,2023-24,Regular Season,Passing
202722,Davis Bertans,1610612766,CHA,42,19,23,646.0,426,453,31,2.0,4,48,74,36,0.073,0.085,2023-24,Regular Season,Passing
1630549,Day'Ron Sharpe,1610612751,BKN,59,25,34,892.0,1140,778,79,7.0,4,112,198,92,0.069,0.081,2023-24,Regular Season,Passing
1628368,De'Aaron Fox,1610612758,SAC,74,42,32,2659.0,3916,5021,418,33.0,54,800,1078,500,0.107,0.128,2023-24,Regular Season,Passing
1629631,De'Andre Hunter,1610612737,ATL,57,26,31,1681.0,1617,1508,87,8.0,15,166,231,111,0.054,0.069,2023-24,Regular Season,Passing
1629001,De'Anthony Melton,1610612755,PHI,38,25,13,1023.0,1396,1231,114,25.0,13,198,304,150,0.082,0.107,2023-24,Regular Season,Passing
201599,DeAndre Jordan,1610612743,DEN,35,23,12,390.0,340,270,26,0.0,3,44,57,28,0.076,0.082,2023-24,Regular Season,Passing
1630610,DeJon Jarreau,1610612763,MEM,9,2,7,150.0,265,253,26,3.0,1,55,66,30,0.098,0.113,2023-24,Regular Season,Passing
201942,DeMar DeRozan,1610612741,CHI,78,37,41,2946.0,3106,4322,411,23.0,85,808,1052,515,0.132,0.166,2023-24,Regular Season,Passing
1629731,Dean Wade,1610612739,CLE,54,36,18,1108.0,1135,763,43,4.0,10,80,113,57,0.038,0.05,2023-24,Regular Season,Passing
1629028,Deandre Ayton,1610612757,POR,54,13,41,1744.0,2051,1605,89,4.0,14,149,230,106,0.043,0.052,2023-24,Regular Season,Passing
1627749,Dejounte Murray,1610612737,ATL,78,34,44,2783.0,4421,5048,502,53.0,66,914,1317,614,0.114,0.139,2023-24,Regular Season,Passing
1626153,Delon Wright,1610612748,MIA,47,16,31,742.0,1063,1056,119,10.0,15,202,323,145,0.112,0.136,2023-24,Regular Season,Passing
1630166,Deni Avdija,1610612764,WAS,75,14,61,2257.0,2972,2406,286,25.0,39,540,703,343,0.096,0.115,2023-24,Regular Season,Passing
203471,Dennis Schröder,1610612751,BKN,79,30,49,2447.0,4561,5091,481,46.0,77,840,1235,602,0.105,0.132,2023-24,Regular Season,Passing
1628372,Dennis Smith Jr.,1610612751,BKN,54,19,35,1025.0,1589,1582,198,17.0,7,331,518,223,0.125,0.14,2023-24,Regular Season,Passing
1641726,Dereck Lively II,1610612742,DAL,55,35,20,1294.0,1490,852,60,5.0,20,118,165,87,0.04,0.058,2023-24,Regular Season,Passing
1631220,Dereon Seabron,1610612740,NOP,6,3,3,55.0,70,55,5,1.0,1,9,12,7,0.071,0.1,2023-24,Regular Season,Passing
1627884,Derrick Jones Jr.,1610612742,DAL,75,46,29,1765.0,1310,1300,74,6.0,9,152,202,89,0.056,0.068,2023-24,Regular Season,Passing
201565,Derrick Rose,1610612763,MEM,24,6,18,399.0,591,699,78,4.0,7,138,194,89,0.132,0.151,2023-24,Regular Season,Passing
1628401,Derrick White,1610612738,BOS,72,57,15,2346.0,3342,3383,368,24.0,51,594,940,443,0.11,0.133,2023-24,Regular Season,Passing
1630217,Desmond Bane,1610612763,MEM,42,14,28,1443.0,2165,2532,230,11.0,28,441,605,272,0.106,0.126,2023-24,Regular Season,Passing
1626164,Devin Booker,1610612756,PHX,68,43,25,2447.0,3147,4263,472,22.0,84,808,1202,570,0.15,0.181,2023-24,Regular Season,Passing
1630170,Devin Vassell,1610612759,SAS,68,17,51,2248.0,2535,2961,277,20.0,40,513,705,336,0.109,0.133,2023-24,Regular Season,Passing
1628984,Devonte' Graham,1610612759,SAS,22,7,15,302.0,448,453,49,7.0,8,95,131,64,0.109,0.143,2023-24,Regular Season,Passing
1641926,Dexter Dennis,1610612742,DAL,4,1,3,30.0,42,39,4,2.0,0,8,12,6,0.095,0.143,2023-24,Regular Season,Passing
1628415,Dillon Brooks,1610612745,HOU,72,36,36,2227.0,1445,1681,119,15.0,22,227,303,155,0.082,0.107,2023-24,Regular Season,Passing
1631376,Dmytro Skapintsev,1610612752,NYK,2,0,2,2.0,3,3,0,0.0,0,0,0,0,0.0,0.0,2023-24,Regular Season,Passing
1627734,Domantas Sabonis,1610612758,SAC,82,46,36,2928.0,5843,4915,673,33.0,28,1044,1745,732,0.115,0.125,2023-24,Regular Season,Passing
1631230,Dominick Barlow,1610612759,SAS,32,6,26,389.0,415,305,32,2.0,2,50,80,36,0.077,0.087,2023-24,Regular Season,Passing
1628378,Donovan Mitchell,1610612739,CLE,55,36,19,1943.0,2797,3512,333,35.0,51,626,875,421,0.119,0.151,2023-24,Regular Season,Passing
1628978,Donte DiVincenzo,1610612752,NYK,81,50,31,2360.0,2638,2780,216,16.0,35,329,535,267,0.082,0.101,2023-24,Regular Season,Passing
1627827,Dorian Finney-Smith,1610612751,BKN,66,28,38,1867.0,1859,1461,104,10.0,14,203,276,130,0.056,0.07,2023-24,Regular Season,Passing
203926,Doug McDermott,1610612754,IND,64,22,42,904.0,780,816,70,5.0,12,103,177,86,0.09,0.11,2023-24,Regular Season,Passing
203110,Draymond Green,1610612744,GSW,54,33,21,1462.0,2680,2025,328,35.0,34,584,820,385,0.122,0.144,2023-24,Regular Season,Passing
1629234,Drew Eubanks,1610612756,PHX,74,42,32,1158.0,1216,837,63,6.0,12,106,164,81,0.052,0.067,2023-24,Regular Season,Passing
1641809,Drew Peterson,1610612738,BOS,3,3,0,23.0,18,15,1,0.0,0,2,2,1,0.056,0.056,2023-24,Regular Season,Passing
1630696,Dru Smith,1610612748,MIA,9,7,2,131.0,188,169,14,2.0,0,40,37,16,0.074,0.085,2023-24,Regular Season,Passing
1629130,Duncan Robinson,1610612748,MIA,68,38,30,1906.0,1752,2096,192,18.0,27,320,474,233,0.11,0.133,2023-24,Regular Season,Passing
1641871,Duop Reath,1610612757,POR,67,16,51,1201.0,1324,1205,67,2.0,7,78,155,75,0.051,0.057,2023-24,Regular Season,Passing
203939,Dwight Powell,1610612742,DAL,62,37,25,824.0,955,630,83,3.0,7,120,217,94,0.087,0.098,2023-24,Regular Season,Passing
1629685,Dylan Windler,1610612737,ATL,17,9,8,108.0,103,87,10,0.0,0,16,24,10,0.097,0.097,2023-24,Regular Season,Passing
1630700,Dyson Daniels,1610612740,NOP,60,34,26,1342.0,1956,1658,164,20.0,16,279,423,200,0.084,0.102,2023-24,Regular Season,Passing
1630604,E.J. Liddell,1610612740,NOP,8,3,5,23.0,24,21,1,0.0,0,1,2,1,0.042,0.042,2023-24,Regular Season,Passing
1641734,Emoni Bates,1610612739,CLE,15,8,7,133.0,97,121,10,0.0,0,15,25,10,0.103,0.103,2023-24,Regular Season,Passing
201569,Eric Gordon,1610612756,PHX,67,41,26,1864.0,1616,1840,137,14.0,28,218,351,178,0.085,0.11,2023-24,Regular Season,Passing
1630647,Eugene Omoruyi,1610612764,WAS,43,5,38,393.0,415,355,35,2.0,2,52,81,39,0.084,0.094,2023-24,Regular Season,Passing
203095,Evan Fournier,1610612765,DET,31,8,23,569.0,572,589,47,3.0,3,81,115,53,0.082,0.093,2023-24,Regular Season,Passing
1630596,Evan Mobley,1610612739,CLE,50,29,21,1532.0,2169,1631,160,8.0,19,274,404,186,0.074,0.086,2023-24,Regular Season,Passing
1630196,Filip Petrusev,1610612755,PHI,3,2,1,9.0,8,10,0,0.0,1,0,0,1,0.0,0.125,2023-24,Regular Season,Passing
1628373,Frank Ntilikina,1610612766,CHA,5,0,5,43.0,39,41,4,0.0,3,6,11,7,0.103,0.179,2023-24,Regular Season,Passing
1630532,Franz Wagner,1610612753,ORL,72,44,28,2337.0,2629,3079,269,26.0,21,487,675,315,0.102,0.12,2023-24,Regular Season,Passing
1627832,Fred VanVleet,1610612745,HOU,73,38,35,2684.0,4421,4802,589,80.0,58,1014,1531,723,0.133,0.164,2023-24,Regular Season,Passing
1627788,Furkan Korkmaz,1610612755,PHI,35,22,13,300.0,343,319,25,2.0,4,39,60,31,0.073,0.09,2023-24,Regular Season,Passing
1641713,GG Jackson,1610612763,MEM,48,14,34,1233.0,1170,1345,59,3.0,13,111,147,75,0.05,0.064,2023-24,Regular Season,Passing
1629216,Gabe Vincent,1610612747,LAL,11,7,4,218.0,193,195,21,3.0,1,39,54,25,0.109,0.13,2023-24,Regular Season,Passing
202066,Garrett Temple,1610612761,TOR,27,5,22,289.0,347,298,28,3.0,5,43,75,36,0.081,0.104,2023-24,Regular Season,Passing
1629726,Garrison Mathews,1610612737,ATL,66,29,37,992.0,642,633,37,5.0,5,63,98,46,0.058,0.072,2023-24,Regular Season,Passing
203914,Gary Harris,1610612753,ORL,54,35,19,1297.0,733,861,87,8.0,4,130,215,98,0.119,0.134,2023-24,Regular Season,Passing
1627780,Gary Payton II,1610612744,GSW,44,27,17,680.0,683,528,48,4.0,9,95,130,61,0.07,0.089,2023-24,Regular Season,Passing
1629018,Gary Trent Jr.,1610612761,TOR,70,24,46,1952.0,1248,1715,116,11.0,17,212,288,144,0.093,0.115,2023-24,Regular Season,Passing
1627777,Georges Niang,1610612739,CLE,82,48,34,1831.0,2186,1736,98,13.0,13,184,261,122,0.045,0.056,2023-24,Regular Season,Passing
203507,Giannis Antetokounmpo,1610612749,MIL,73,45,28,2567.0,3654,3984,476,27.0,63,941,1306,567,0.13,0.155,2023-24,Regular Season,Passing
1629048,Goga Bitadze,1610612753,ORL,62,34,28,957.0,1076,818,79,2.0,5,119,197,87,0.073,0.081,2023-24,Regular Season,Passing
202330,Gordon Hayward,1610612760,OKC,51,25,26,1245.0,1308,1283,158,13.0,20,250,404,192,0.121,0.147,2023-24,Regular Season,Passing
1641711,Gradey Dick,1610612761,TOR,59,18,41,1229.0,728,955,66,5.0,5,117,167,75,0.091,0.103,2023-24,Regular Season,Passing
1629684,Grant Williams,1610612766,CHA,75,33,42,2092.0,2024,1835,172,13.0,21,285,440,204,0.085,0.101,2023-24,Regular Season,Passing
1628960,Grayson Allen,1610612756,PHX,74,45,29,2474.0,2701,2418,225,21.0,44,382,564,283,0.083,0.105,2023-24,Regular Season,Passing
1630535,Greg Brown III,1610612742,DAL,6,3,3,40.0,26,21,4,0.0,0,3,9,4,0.154,0.154,2023-24,Regular Season,Passing
1630611,Gui Santos,1610612744,GSW,22,17,5,187.0,168,143,13,1.0,0,20,33,14,0.077,0.083,2023-24,Regular Season,Passing
1628977,Hamidou Diallo,1610612764,WAS,2,1,1,5.0,6,5,1,0.0,0,1,2,1,0.167,0.167,2023-24,Regular Season,Passing
203084,Harrison Barnes,1610612758,SAC,82,46,36,2381.0,1963,1818,99,6.0,16,212,251,121,0.05,0.062,2023-24,Regular Season,Passing
1628385,Harry Giles III,1610612747,LAL,23,11,12,100.0,93,79,6,0.0,1,9,14,7,0.065,0.075,2023-24,Regular Season,Passing
1629312,Haywood Highsmith,1610612748,MIA,66,39,27,1366.0,1173,900,70,11.0,10,154,185,88,0.06,0.075,2023-24,Regular Season,Passing
1630929,Henri Drell,1610612741,CHI,4,2,2,30.0,30,23,4,0.0,0,3,9,4,0.133,0.133,2023-24,Regular Season,Passing
1630529,Herbert Jones,1610612740,NOP,75,46,29,2295.0,2437,2075,198,12.0,18,286,481,227,0.081,0.093,2023-24,Regular Season,Passing
1641816,Hunter Tyson,1610612743,DEN,17,13,4,47.0,47,49,2,1.0,0,8,7,3,0.043,0.064,2023-24,Regular Season,Passing
1630641,Ibou Badji,1610612757,POR,22,5,17,226.0,188,110,13,1.0,0,12,30,14,0.069,0.074,2023-24,Regular Season,Passing
1630193,Immanuel Quickley,1610612761,TOR,67,28,39,1942.0,2792,3291,324,24.0,52,543,802,397,0.116,0.142,2023-24,Regular Season,Passing
1630171,Isaac Okoro,1610612739,CLE,69,41,28,1887.0,1484,1539,132,10.0,17,252,323,157,0.089,0.106,2023-24,Regular Season,Passing
1628392,Isaiah Hartenstein,1610612752,NYK,75,47,28,1896.0,2525,1582,188,18.0,13,292,484,218,0.074,0.086,2023-24,Regular Season,Passing
1630543,Isaiah Jackson,1610612754,IND,60,37,23,771.0,626,559,50,4.0,2,74,119,56,0.08,0.089,2023-24,Regular Season,Passing
1630198,Isaiah Joe,1610612760,OKC,78,54,24,1445.0,1312,1414,99,7.0,13,167,261,118,0.075,0.09,2023-24,Regular Season,Passing
1630587,Isaiah Livers,1610612765,DET,23,1,22,469.0,311,284,25,2.0,5,32,64,32,0.08,0.103,2023-24,Regular Season,Passing
1630600,Isaiah Mobley,1610612739,CLE,10,2,8,72.0,104,74,6,0.0,0,12,17,6,0.058,0.058,2023-24,Regular Season,Passing
1630191,Isaiah Stewart,1610612765,DET,45,9,36,1388.0,1133,965,73,3.0,7,104,182,83,0.064,0.073,2023-24,Regular Season,Passing
202738,Isaiah Thomas,1610612756,PHX,6,4,2,19.0,34,46,3,0.0,0,4,7,3,0.088,0.088,2023-24,Regular Season,Passing
1631209,Isaiah Wong,1610612754,IND,1,1,0,4.0,7,10,0,0.0,0,0,0,0,0.0,0.0,2023-24,Regular Season,Passing
202397,Ish Smith,1610612766,CHA,43,6,37,741.0,1218,1204,145,16.0,14,264,376,174,0.119,0.143,2023-24,Regular Season,Passing
1630688,Ish Wainright,1610612756,PHX,11,2,9,62.0,68,63,1,0.0,1,5,2,2,0.015,0.029,2023-24,Regular Season,Passing
1627826,Ivica Zubac,1610612746,LAC,67,41,26,1770.0,2169,1282,91,5.0,15,119,236,111,0.042,0.051,2023-24,Regular Season,Passing
1631167,Izaiah Brockington,1610612740,NOP,1,1,0,3.0,4,6,0,0.0,1,1,0,1,0.0,0.25,2023-24,Regular Season,Passing
1631120,JD Davison,1610612738,BOS,7,7,0,39.0,65,71,10,2.0,1,18,25,13,0.154,0.2,2023-24,Regular Season,Passing
1630550,JT Thor,1610612766,CHA,62,15,47,768.0,787,539,29,1.0,2,60,76,32,0.037,0.041,2023-24,Regular Season,Passing
1629630,Ja Morant,1610612763,MEM,9,6,3,318.0,456,564,73,3.0,12,142,176,88,0.16,0.193,2023-24,Regular Season,Passing
201580,JaVale McGee,1610612758,SAC,46,28,18,339.0,345,292,17,3.0,0,28,48,21,0.049,0.061,2023-24,Regular Season,Passing
1631095,Jabari Smith Jr.,1610612745,HOU,76,39,37,2424.0,2392,1644,121,12.0,16,194,306,146,0.051,0.061,2023-24,Regular Season,Passing
1631133,Jabari Walker,1610612757,POR,72,18,54,1701.0,1400,1091,71,6.0,10,132,181,86,0.051,0.061,2023-24,Regular Season,Passing
1631298,Jack White,1610612760,OKC,4,0,4,64.0,52,35,1,1.0,0,3,4,2,0.019,0.038,2023-24,Regular Season,Passing
1631367,Jacob Gilyard,1610612751,BKN,40,12,28,681.0,1240,1230,135,12.0,9,253,361,155,0.109,0.125,2023-24,Regular Season,Passing
1631210,Jacob Toppin,1610612752,NYK,9,2,7,38.0,48,29,3,0.0,0,5,9,3,0.063,0.063,2023-24,Regular Season,Passing
1630702,Jaden Hardy,1610612742,DAL,72,43,29,985.0,1088,1375,108,11.0,15,190,272,133,0.099,0.122,2023-24,Regular Season,Passing
1631093,Jaden Ivey,1610612765,DET,76,14,62,2181.0,2190,2767,292,28.0,35,511,753,356,0.133,0.163,2023-24,Regular Season,Passing
1630183,Jaden McDaniels,1610612750,MIN,72,48,24,2105.0,1567,1601,101,17.0,19,189,276,137,0.064,0.087,2023-24,Regular Season,Passing
1630531,Jaden Springer,1610612738,BOS,48,31,17,507.0,333,380,44,2.0,6,73,108,52,0.132,0.156,2023-24,Regular Season,Passing
203109,Jae Crowder,1610612749,MIL,50,25,25,1156.0,1106,793,66,4.0,9,114,172,78,0.06,0.071,2023-24,Regular Season,Passing
1630256,Jae'Sean Tate,1610612745,HOU,65,32,33,1031.0,862,631,64,2.0,6,135,168,72,0.074,0.084,2023-24,Regular Season,Passing
1630186,Jahmi'us Ramsey,1610612761,TOR,7,0,7,121.0,148,140,8,1.0,1,11,22,10,0.054,0.068,2023-24,Regular Season,Passing
1631170,Jaime Jaquez Jr.,1610612748,MIA,75,44,31,2113.0,2181,2278,195,19.0,22,369,510,236,0.089,0.108,2023-24,Regular Season,Passing
1631222,Jake LaRavia,1610612763,MEM,35,8,27,806.0,792,767,58,2.0,5,100,137,65,0.073,0.082,2023-24,Regular Season,Passing
1627751,Jakob Poeltl,1610612761,TOR,50,21,29,1319.0,1877,1226,127,12.0,18,230,303,156,0.068,0.083,2023-24,Regular Season,Passing
1628973,Jalen Brunson,1610612752,NYK,77,49,28,2726.0,4450,5800,519,52.0,88,924,1353,656,0.117,0.147,2023-24,Regular Season,Passing
1630622,Jalen Crutcher,1610612740,NOP,1,1,0,3.0,3,5,0,0.0,0,0,0,0,0.0,0.0,2023-24,Regular Season,Passing
1631105,Jalen Duren,1610612765,DET,60,13,47,1762.0,2655,1634,144,11.0,13,238,339,167,0.054,0.063,2023-24,Regular Season,Passing
1630224,Jalen Green,1610612745,HOU,82,41,41,2601.0,3073,3525,291,37.0,63,505,753,390,0.095,0.127,2023-24,Regular Season,Passing
1641720,Jalen Hood-Schifino,1610612747,LAL,20,9,11,101.0,133,167,7,1.0,2,19,19,10,0.053,0.075,2023-24,Regular Season,Passing
1630552,Jalen Johnson,1610612737,ATL,56,27,29,1889.0,2986,1839,203,15.0,22,353,512,239,0.068,0.08,2023-24,Regular Season,Passing
1629667,Jalen McDaniels,1610612761,TOR,49,12,37,513.0,562,499,34,2.0,2,70,84,38,0.06,0.068,2023-24,Regular Season,Passing
1629618,Jalen Pickett,1610612743,DEN,26,19,7,120.0,204,216,20,0.0,6,41,49,26,0.098,0.127,2023-24,Regular Season,Passing
1641771,Jalen Slawson,1610612758,SAC,12,8,4,37.0,54,34,2,1.0,1,5,6,4,0.037,0.074,2023-24,Regular Season,Passing
1630188,Jalen Smith,1610612754,IND,61,36,25,1047.0,1023,900,63,7.0,8,86,146,76,0.062,0.074,2023-24,Regular Season,Passing
1630591,Jalen Suggs,1610612753,ORL,75,43,32,2025.0,2425,2461,205,25.0,33,359,532,261,0.085,0.108,2023-24,Regular Season,Passing
1631114,Jalen Williams,1610612760,OKC,71,51,20,2224.0,2743,3306,322,21.0,42,539,826,385,0.117,0.14,2023-24,Regular Season,Passing
1630592,Jalen Wilson,1610612751,BKN,41,14,27,612.0,441,418,43,2.0,4,64,108,49,0.098,0.111,2023-24,Regular Season,Passing
1631288,Jamal Cain,1610612748,MIA,26,14,12,259.0,189,177,10,0.0,1,18,25,11,0.053,0.058,2023-24,Regular Season,Passing
1627750,Jamal Murray,1610612743,DEN,57,42,15,1790.0,2664,3328,368,37.0,52,611,897,454,0.138,0.17,2023-24,Regular Season,Passing
1631123,Jamaree Bouyea,1610612759,SAS,9,2,7,95.0,164,168,11,2.0,3,30,34,17,0.067,0.104,2023-24,Regular Season,Passing
1630547,James Bouknight,1610612766,CHA,14,0,14,81.0,100,107,6,1.0,1,6,14,8,0.06,0.08,2023-24,Regular Season,Passing
201935,James Harden,1610612746,LAC,71,45,26,2436.0,4021,4377,604,71.0,64,960,1525,732,0.15,0.182,2023-24,Regular Season,Passing
201949,James Johnson,1610612754,IND,9,4,5,47.0,62,60,8,0.0,1,9,19,9,0.129,0.145,2023-24,Regular Season,Passing
1630164,James Wiseman,1610612765,DET,62,9,53,1061.0,1389,768,50,1.0,2,72,116,53,0.036,0.038,2023-24,Regular Season,Passing
1641716,Jarace Walker,1610612754,IND,33,18,15,340.0,394,374,40,4.0,4,64,98,48,0.102,0.122,2023-24,Regular Season,Passing
1630215,Jared Butler,1610612764,WAS,40,6,34,566.0,845,940,126,18.0,11,237,335,155,0.149,0.183,2023-24,Regular Season,Passing
1631197,Jared Rhoden,1610612765,DET,17,2,15,245.0,217,172,14,0.0,0,21,31,14,0.065,0.065,2023-24,Regular Season,Passing
1628991,Jaren Jackson Jr.,1610612763,MEM,66,22,44,2124.0,2066,2692,154,10.0,28,300,413,187,0.075,0.091,2023-24,Regular Season,Passing
1629020,Jarred Vanderbilt,1610612747,LAL,28,13,15,567.0,347,208,35,2.0,3,43,79,36,0.101,0.104,2023-24,Regular Season,Passing
1628386,Jarrett Allen,1610612739,CLE,77,46,31,2442.0,2679,2426,210,12.0,16,342,534,239,0.078,0.089,2023-24,Regular Season,Passing
1630554,Jason Preston,1610612762,UTA,7,2,5,71.0,137,118,16,1.0,1,30,42,18,0.117,0.131,2023-24,Regular Season,Passing
1631241,Javon Freeman-Liberty,1610612761,TOR,21,3,18,385.0,624,599,38,2.0,7,80,99,47,0.061,0.075,2023-24,Regular Season,Passing
1629750,Javonte Green,1610612741,CHI,9,5,4,230.0,254,149,5,1.0,0,11,14,6,0.02,0.024,2023-24,Regular Season,Passing
1630606,Javonte Smart,1610612755,PHI,1,1,0,1.0,0,1,0,nan,0,0,0,0,0.0,0.0,2023-24,Regular Season,Passing
1629637,Jaxson Hayes,1610612747,LAL,69,40,29,860.0,857,525,33,3.0,5,56,83,41,0.039,0.048,2023-24,Regular Season,Passing
1630643,Jay Huff,1610612743,DEN,19,15,4,48.0,55,52,2,1.0,0,9,7,3,0.036,0.055,2023-24,Regular Season,Passing
1627759,Jaylen Brown,1610612738,BOS,69,51,18,2308.0,2008,2761,246,24.0,55,466,656,326,0.123,0.162,2023-24,Regular Season,Passing
1629669,Jaylen Nowell,1610612758,SAC,13,3,10,214.0,235,263,19,2.0,2,40,55,23,0.081,0.098,2023-24,Regular Season,Passing
1631119,Jaylin Williams,1610612760,OKC,69,48,21,897.0,1563,1049,110,8.0,5,168,291,124,0.07,0.079,2023-24,Regular Season,Passing
1628369,Jayson Tatum,1610612738,BOS,73,56,17,2603.0,3601,3628,357,20.0,70,648,950,449,0.099,0.125,2023-24,Regular Season,Passing
1630288,Jeff Dowtin Jr.,1610612755,PHI,11,6,5,134.0,216,209,26,1.0,5,40,62,32,0.12,0.148,2023-24,Regular Season,Passing
201145,Jeff Green,1610612745,HOU,78,39,39,1307.0,965,1020,70,2.0,9,131,179,81,0.073,0.084,2023-24,Regular Season,Passing
203924,Jerami Grant,1610612757,POR,54,17,37,1830.0,1663,2059,152,5.0,15,289,392,171,0.091,0.103,2023-24,Regular Season,Passing
1630526,Jeremiah Robinson-Earl,1610612740,NOP,38,22,16,328.0,334,254,20,1.0,2,32,48,23,0.06,0.069,2023-24,Regular Season,Passing
1631110,Jeremy Sochan,1610612759,SAS,73,17,56,2169.0,2638,2462,248,25.0,38,473,652,308,0.094,0.117,2023-24,Regular Season,Passing
1630579,Jericho Sims,1610612752,NYK,45,30,15,585.0,608,330,25,0.0,3,45,58,27,0.041,0.044,2023-24,Regular Season,Passing
1631257,Jermaine Samuels Jr.,1610612745,HOU,14,8,6,60.0,49,33,3,0.0,0,7,8,3,0.061,0.061,2023-24,Regular Season,Passing
1629010,Jerome Robinson,1610612744,GSW,21,17,4,79.0,109,114,5,3.0,2,15,14,10,0.046,0.092,2023-24,Regular Season,Passing
1641724,Jett Howard,1610612753,ORL,18,9,9,67.0,51,73,6,3.0,1,12,20,10,0.118,0.196,2023-24,Regular Season,Passing
1628975,Jevon Carter,1610612741,CHI,71,35,36,997.0,1126,1189,93,4.0,16,130,232,113,0.083,0.1,2023-24,Regular Season,Passing
202710,Jimmy Butler III,1610612748,MIA,60,33,27,2042.0,2446,2822,298,17.0,31,606,808,348,0.122,0.142,2023-24,Regular Season,Passing
1629111,Jock Landale,1610612745,HOU,56,28,28,763.0,710,598,65,3.0,8,96,163,76,0.092,0.107,2023-24,Regular Season,Passing
203925,Joe Harris,1610612765,DET,16,4,12,170.0,112,101,10,0.0,0,20,23,9,0.089,0.08,2023-24,Regular Season,Passing
204060,Joe Ingles,1610612753,ORL,68,42,26,1169.0,1687,1395,203,30.0,22,316,510,255,0.12,0.151,2023-24,Regular Season,Passing
203954,Joel Embiid,1610612755,PHI,39,31,8,1309.0,1658,2194,219,13.0,23,370,575,254,0.132,0.153,2023-24,Regular Season,Passing
1628381,John Collins,1610612762,UTA,67,27,40,1868.0,2040,1589,76,9.0,12,180,201,97,0.037,0.048,2023-24,Regular Season,Passing
1629723,John Konchar,1610612763,MEM,55,18,37,1174.0,1610,1088,110,6.0,12,227,292,128,0.068,0.08,2023-24,Regular Season,Passing
1631098,Johnny Davis,1610612764,WAS,50,8,42,613.0,394,346,32,2.0,0,61,82,34,0.081,0.086,2023-24,Regular Season,Passing
1630548,Johnny Juzang,1610612762,UTA,19,5,14,366.0,226,280,22,2.0,1,39,58,25,0.097,0.111,2023-24,Regular Season,Passing
202685,Jonas Valančiūnas,1610612740,NOP,81,49,32,1902.0,2945,2300,171,9.0,19,195,421,199,0.058,0.068,2023-24,Regular Season,Passing
1628371,Jonathan Isaac,1610612753,ORL,58,35,23,915.0,889,547,30,1.0,2,44,72,33,0.034,0.037,2023-24,Regular Season,Passing
1630228,Jonathan Kuminga,1610612744,GSW,73,40,33,1919.0,2233,2177,161,4.0,41,304,417,206,0.072,0.092,2023-24,Regular Season,Passing
1629007,Jontay Porter,1610612765,DET,25,6,19,360.0,549,423,60,3.0,5,78,148,68,0.109,0.124,2023-24,Regular Season,Passing
203903,Jordan Clarkson,1610612762,UTA,54,22,32,1654.0,1614,2286,274,29.0,23,494,720,324,0.17,0.201,2023-24,Regular Season,Passing
1630259,Jordan Ford,1610612758,SAC,6,2,4,22.0,34,39,2,0.0,0,4,6,2,0.059,0.059,2023-24,Regular Season,Passing
1630692,Jordan Goodwin,1610612763,MEM,57,30,27,1056.0,1715,1572,155,19.0,13,274,396,187,0.09,0.109,2023-24,Regular Season,Passing
1641722,Jordan Hawkins,1610612740,NOP,66,38,28,1149.0,963,1097,70,6.0,16,101,177,92,0.073,0.096,2023-24,Regular Season,Passing
1629162,Jordan McLaughlin,1610612750,MIN,56,35,21,626.0,1118,1029,110,7.0,8,184,281,125,0.098,0.112,2023-24,Regular Season,Passing
1641757,Jordan Miller,1610612746,LAC,7,4,3,28.0,23,18,0,0.0,0,1,0,0,0.0,0.0,2023-24,Regular Season,Passing
1629670,Jordan Nwora,1610612761,TOR,51,14,37,699.0,742,716,61,6.0,13,109,146,80,0.082,0.108,2023-24,Regular Season,Passing
1629673,Jordan Poole,1610612764,WAS,78,15,63,2346.0,2588,3642,343,31.0,43,580,874,415,0.133,0.16,2023-24,Regular Season,Passing
1641775,Jordan Walsh,1610612738,BOS,9,9,0,83.0,61,47,5,0.0,1,11,13,6,0.082,0.098,2023-24,Regular Season,Passing
1630631,Jose Alvarado,1610612740,NOP,55,38,17,1008.0,1470,1535,113,14.0,12,176,290,139,0.077,0.095,2023-24,Regular Season,Passing
1630581,Josh Giddey,1610612760,OKC,80,56,24,2012.0,3365,2848,386,35.0,40,600,982,460,0.115,0.137,2023-24,Regular Season,Passing
1630182,Josh Green,1610612742,DAL,56,31,25,1478.0,1354,1270,128,15.0,12,228,336,153,0.095,0.113,2023-24,Regular Season,Passing
1628404,Josh Hart,1610612752,NYK,81,49,32,2707.0,3511,2759,331,18.0,42,571,870,392,0.094,0.112,2023-24,Regular Season,Passing
1631169,Josh Minott,1610612750,MIN,32,23,9,91.0,75,77,8,1.0,0,17,19,9,0.107,0.12,2023-24,Regular Season,Passing
1629006,Josh Okogie,1610612756,PHX,60,37,23,960.0,789,638,64,5.0,8,120,155,72,0.081,0.091,2023-24,Regular Season,Passing
1626196,Josh Richardson,1610612748,MIA,43,24,19,1103.0,1373,1331,105,4.0,17,182,246,118,0.076,0.086,2023-24,Regular Season,Passing
1630563,Joshua Primo,1610612746,LAC,2,2,0,10.0,4,4,0,1.0,0,1,0,1,0.0,0.25,2023-24,Regular Season,Passing
201950,Jrue Holiday,1610612738,BOS,68,52,16,2228.0,2732,2727,327,32.0,48,546,886,410,0.12,0.15,2023-24,Regular Season,Passing
1629308,Juan Toscano-Anderson,1610612758,SAC,11,7,4,53.0,60,39,4,1.0,0,5,10,4,0.067,0.067,2023-24,Regular Season,Passing
1631262,Jules Bernard,1610612764,WAS,19,2,17,149.0,144,171,16,1.0,3,28,43,20,0.111,0.139,2023-24,Regular Season,Passing
1630577,Julian Champagnie,1610612759,SAS,73,18,55,1434.0,1345,1124,98,8.0,14,171,247,119,0.073,0.088,2023-24,Regular Season,Passing
1641763,Julian Phillips,1610612741,CHI,39,20,19,317.0,216,185,13,1.0,1,10,33,15,0.06,0.069,2023-24,Regular Season,Passing
1631124,Julian Strawther,1610612743,DEN,48,32,16,533.0,492,583,46,1.0,4,62,109,50,0.093,0.102,2023-24,Regular Season,Passing
203944,Julius Randle,1610612752,NYK,46,29,17,1630.0,2116,2446,229,11.0,29,412,616,265,0.108,0.125,2023-24,Regular Season,Passing
1630551,Justin Champagnie,1610612764,WAS,15,3,12,235.0,251,162,19,1.0,0,27,45,20,0.076,0.08,2023-24,Regular Season,Passing
203200,Justin Holiday,1610612743,DEN,57,37,20,837.0,629,598,60,4.0,8,80,142,71,0.095,0.113,2023-24,Regular Season,Passing
1628382,Justin Jackson,1610612750,MIN,2,2,0,1.0,0,0,0,nan,0,0,0,0,0.0,0.0,2023-24,Regular Season,Passing
1631303,Justin Minaya,1610612757,POR,34,3,31,381.0,337,278,21,0.0,4,36,52,25,0.062,0.074,2023-24,Regular Season,Passing
203994,Jusuf Nurkić,1610612756,PHX,75,48,27,2050.0,3188,2436,297,19.0,31,363,713,343,0.093,0.108,2023-24,Regular Season,Passing
1630231,KJ Martin,1610612755,PHI,60,33,27,747.0,645,555,51,4.0,7,100,139,62,0.079,0.096,2023-24,Regular Season,Passing
1629232,Kaiser Gates,1610612740,NOP,1,0,1,7.0,10,8,0,0.0,0,0,0,0,0.0,0.0,2023-24,Regular Season,Passing
1626157,Karl-Anthony Towns,1610612750,MIN,62,42,20,2026.0,1947,2277,189,17.0,25,309,463,231,0.097,0.119,2023-24,Regular Season,Passing
202695,Kawhi Leonard,1610612746,LAC,67,43,24,2292.0,2060,2587,240,16.0,40,400,632,298,0.117,0.145,2023-24,Regular Season,Passing
1631099,Keegan Murray,1610612758,SAC,77,43,34,2589.0,2195,2197,129,11.0,37,203,338,175,0.059,0.08,2023-24,Regular Season,Passing
1628966,Keita Bates-Diop,1610612751,BKN,53,29,24,665.0,494,401,38,0.0,3,62,85,38,0.077,0.077,2023-24,Regular Season,Passing
1629640,Keldon Johnson,1610612759,SAS,68,16,52,2007.0,2273,2072,194,14.0,31,355,493,240,0.085,0.106,2023-24,Regular Season,Passing
203482,Kelly Olynyk,1610612761,TOR,77,31,46,1726.0,2851,2281,339,34.0,14,551,814,382,0.119,0.134,2023-24,Regular Season,Passing
1626162,Kelly Oubre Jr.,1610612755,PHI,67,39,28,2031.0,1569,1815,101,12.0,11,164,275,125,0.064,0.08,2023-24,Regular Season,Passing
1631112,Kendall Brown,1610612754,IND,15,10,5,63.0,53,51,5,2.0,0,9,14,7,0.094,0.132,2023-24,Regular Season,Passing
1631254,Kenneth Lofton Jr.,1610612762,UTA,21,7,14,198.0,190,221,33,1.0,3,50,79,35,0.174,0.184,2023-24,Regular Season,Passing
1629026,Kenrich Williams,1610612760,OKC,69,49,20,1029.0,996,790,93,7.0,9,137,244,109,0.093,0.109,2023-24,Regular Season,Passing
203484,Kentavious Caldwell-Pope,1610612743,DEN,74,52,22,2341.0,1948,1911,177,16.0,23,272,446,216,0.091,0.111,2023-24,Regular Season,Passing
1631165,Keon Ellis,1610612758,SAC,57,33,24,978.0,1196,1113,85,6.0,14,153,219,105,0.071,0.088,2023-24,Regular Season,Passing
1630553,Keon Johnson,1610612751,BKN,4,0,4,51.0,55,71,3,0.0,0,7,8,3,0.055,0.055,2023-24,Regular Season,Passing
1630556,Kessler Edwards,1610612758,SAC,54,32,22,275.0,268,225,15,0.0,1,23,36,15,0.056,0.056,2023-24,Regular Season,Passing
201142,Kevin Durant,1610612756,PHX,74,44,30,2753.0,3255,4017,372,46.0,87,663,960,503,0.114,0.155,2023-24,Regular Season,Passing
1628989,Kevin Huerter,1610612758,SAC,64,37,27,1562.0,1674,1742,166,16.0,26,265,398,201,0.099,0.12,2023-24,Regular Season,Passing
1628995,Kevin Knox II,1610612757,POR,31,4,27,560.0,388,341,23,3.0,2,38,59,28,0.059,0.072,2023-24,Regular Season,Passing
201567,Kevin Love,1610612748,MIA,55,31,24,924.0,1537,1126,115,13.0,11,168,278,136,0.075,0.088,2023-24,Regular Season,Passing
1630284,Kevon Harris,1610612753,ORL,2,1,1,6.0,4,5,1,0.0,0,1,3,1,0.25,0.25,2023-24,Regular Season,Passing
1626172,Kevon Looney,1610612744,GSW,74,43,31,1194.0,1791,1294,133,14.0,22,236,363,169,0.074,0.094,2023-24,Regular Season,Passing
1641749,Keyontae Johnson,1610612760,OKC,9,7,2,66.0,58,43,4,1.0,1,6,10,6,0.069,0.103,2023-24,Regular Season,Passing
1641718,Keyonte George,1610612762,UTA,74,27,47,1984.0,3431,3934,326,28.0,38,569,840,391,0.095,0.114,2023-24,Regular Season,Passing
203114,Khris Middleton,1610612749,MIL,55,31,24,1487.0,1874,1956,292,27.0,33,423,708,349,0.156,0.186,2023-24,Regular Season,Passing
1630165,Killian Hayes,1610612765,DET,42,7,35,1008.0,1611,1531,205,21.0,19,341,520,243,0.127,0.151,2023-24,Regular Season,Passing
1630184,Kira Lewis Jr.,1610612762,UTA,27,10,17,258.0,374,391,37,4.0,4,70,92,44,0.099,0.118,2023-24,Regular Season,Passing
202691,Klay Thompson,1610612744,GSW,76,41,35,2259.0,1633,2365,175,19.0,39,283,426,227,0.107,0.139,2023-24,Regular Season,Passing
1641738,Kobe Brown,1610612746,LAC,43,26,17,393.0,403,281,25,3.0,1,46,67,29,0.062,0.072,2023-24,Regular Season,Passing
1641723,Kobe Bufkin,1610612737,ATL,17,8,9,196.0,289,336,27,4.0,3,48,67,34,0.093,0.118,2023-24,Regular Season,Passing
1628424,Kobi Simmons,1610612761,TOR,4,0,4,67.0,113,109,12,2.0,2,20,30,16,0.106,0.142,2023-24,Regular Season,Passing
1627739,Kris Dunn,1610612762,UTA,65,25,40,1234.0,2147,1950,253,19.0,24,464,662,296,0.118,0.138,2023-24,Regular Season,Passing
1631200,Kris Murray,1610612757,POR,61,11,50,1324.0,1066,861,77,4.0,7,148,201,88,0.072,0.083,2023-24,Regular Season,Passing
204001,Kristaps Porziņģis,1610612738,BOS,57,43,14,1690.0,1662,1785,115,5.0,30,197,291,149,0.069,0.09,2023-24,Regular Season,Passing
203937,Kyle Anderson,1610612750,MIN,79,55,24,1782.0,2477,2282,331,32.0,26,497,835,385,0.134,0.155,2023-24,Regular Season,Passing
1628398,Kyle Kuzma,1610612764,WAS,70,13,57,2281.0,2354,2849,296,15.0,42,468,730,350,0.126,0.149,2023-24,Regular Season,Passing
200768,Kyle Lowry,1610612755,PHI,59,31,28,1667.0,2743,2541,245,33.0,24,481,630,296,0.089,0.108,2023-24,Regular Season,Passing
202681,Kyrie Irving,1610612742,DAL,57,38,19,2000.0,2613,3051,294,29.0,52,546,749,374,0.113,0.143,2023-24,Regular Season,Passing
1630163,LaMelo Ball,1610612766,CHA,22,7,15,711.0,1234,1540,176,23.0,17,309,439,216,0.143,0.175,2023-24,Regular Season,Passing
1630205,Lamar Stevens,1610612763,MEM,38,22,16,559.0,560,501,28,0.0,4,64,65,31,0.05,0.055,2023-24,Regular Season,Passing
1629013,Landry Shamet,1610612764,WAS,46,6,40,727.0,672,778,54,5.0,8,90,141,67,0.08,0.1,2023-24,Regular Season,Passing
1626204,Larry Nance Jr.,1610612740,NOP,61,34,27,1216.0,1474,1148,113,8.0,11,183,292,132,0.077,0.09,2023-24,Regular Season,Passing
1628374,Lauri Markkanen,1610612762,UTA,55,22,33,1820.0,1638,1618,110,6.0,9,189,288,125,0.067,0.076,2023-24,Regular Season,Passing
2544,LeBron James,1610612747,LAL,70,40,30,2481.0,3547,4288,581,51.0,60,924,1417,678,0.164,0.191,2023-24,Regular Season,Passing
1641778,Leaky Black,1610612766,CHA,26,2,24,284.0,273,209,24,1.0,2,47,62,27,0.088,0.099,2023-24,Regular Season,Passing
1631159,Leonard Miller,1610612750,MIN,17,13,4,52.0,79,47,8,0.0,0,9,19,8,0.101,0.101,2023-24,Regular Season,Passing
1631311,Lester Quinones,1610612744,GSW,36,24,12,385.0,454,500,36,7.0,7,66,92,50,0.079,0.11,2023-24,Regular Season,Passing
1629623,Lindell Wigginton,1610612749,MIL,3,3,0,8.0,7,14,0,0.0,0,0,0,0,0.0,0.0,2023-24,Regular Season,Passing
1630322,Lindy Waters III,1610612760,OKC,38,25,13,280.0,293,324,24,0.0,4,33,59,27,0.082,0.092,2023-24,Regular Season,Passing
1629022,Lonnie Walker IV,1610612751,BKN,57,23,34,982.0,768,1102,69,7.0,12,127,180,87,0.09,0.113,2023-24,Regular Season,Passing
1629652,Luguentz Dort,1610612760,OKC,79,54,25,2246.0,1334,1603,113,7.0,11,201,286,130,0.085,0.097,2023-24,Regular Season,Passing
1629029,Luka Doncic,1610612742,DAL,69,45,24,2587.0,3862,4775,676,70.0,92,1164,1727,839,0.175,0.217,2023-24,Regular Season,Passing
1630568,Luka Garza,1610612750,MIN,25,17,8,122.0,122,124,4,0.0,0,9,10,4,0.033,0.033,2023-24,Regular Season,Passing
1629677,Luka Samanic,1610612762,UTA,42,15,27,390.0,351,302,18,1.0,0,39,49,20,0.051,0.057,2023-24,Regular Season,Passing
1628379,Luke Kennard,1610612763,MEM,39,15,24,999.0,1232,1269,136,7.0,11,202,331,152,0.11,0.123,2023-24,Regular Season,Passing
1628436,Luke Kornet,1610612738,BOS,62,47,15,964.0,778,611,67,4.0,7,130,186,79,0.086,0.102,2023-24,Regular Season,Passing
1630201,Malachi Flynn,1610612765,DET,68,28,40,875.0,1489,1630,129,14.0,23,267,337,165,0.087,0.111,2023-24,Regular Season,Passing
1631103,Malaki Branham,1610612759,SAS,74,17,57,1565.0,1741,1893,154,19.0,21,273,399,192,0.088,0.11,2023-24,Regular Season,Passing
1627763,Malcolm Brogdon,1610612757,POR,39,15,24,1121.0,1624,1849,214,24.0,10,398,564,248,0.132,0.153,2023-24,Regular Season,Passing
1630608,Malcolm Cazalon,1610612765,DET,1,0,1,3.0,1,0,0,0.0,0,0,0,0,0.0,0.0,2023-24,Regular Season,Passing
1627736,Malik Beasley,1610612749,MIL,79,46,33,2337.0,1624,1615,108,6.0,26,180,275,139,0.067,0.086,2023-24,Regular Season,Passing
1628370,Malik Monk,1610612758,SAC,72,42,30,1872.0,2535,3159,370,44.0,48,654,945,461,0.146,0.182,2023-24,Regular Season,Passing
1642013,Malik Williams,1610612761,TOR,7,2,5,107.0,105,74,2,1.0,0,9,7,3,0.019,0.029,2023-24,Regular Season,Passing
1629603,Mamadi Diakite,1610612752,NYK,6,5,1,24.0,29,24,2,0.0,0,2,5,2,0.069,0.069,2023-24,Regular Season,Passing
1641970,Maozinha Pereira,1610612763,MEM,7,2,5,122.0,110,84,2,0.0,0,5,6,2,0.018,0.018,2023-24,Regular Season,Passing
1630699,MarJon Beauchamp,1610612749,MIL,48,30,18,608.0,384,396,31,2.0,1,66,79,35,0.081,0.091,2023-24,Regular Season,Passing
202694,Marcus Morris Sr.,1610612739,CLE,49,26,23,817.0,687,626,36,3.0,8,62,91,47,0.052,0.068,2023-24,Regular Season,Passing
1631204,Marcus Sasser,1610612765,DET,70,11,59,1333.0,1979,2303,235,20.0,30,371,612,285,0.119,0.144,2023-24,Regular Season,Passing
203935,Marcus Smart,1610612763,MEM,20,7,13,605.0,690,850,86,8.0,6,165,217,98,0.125,0.142,2023-24,Regular Season,Passing
1631109,Mark Williams,1610612766,CHA,19,7,12,508.0,422,275,22,1.0,6,30,58,29,0.052,0.069,2023-24,Regular Season,Passing
1628365,Markelle Fultz,1610612753,ORL,43,25,18,910.0,1251,1257,120,14.0,13,218,314,147,0.096,0.118,2023-24,Regular Season,Passing
202693,Markieff Morris,1610612742,DAL,25,14,11,213.0,195,187,16,0.0,1,21,40,17,0.082,0.087,2023-24,Regular Season,Passing
1641806,Markquis Nowell,1610612761,TOR,1,0,1,4.0,6,6,2,0.0,0,4,5,2,0.333,0.333,2023-24,Regular Season,Passing
1629716,Marques Bolden,1610612766,CHA,11,5,6,121.0,113,62,4,1.0,2,3,13,7,0.035,0.062,2023-24,Regular Season,Passing
1628963,Marvin Bagley III,1610612764,WAS,50,7,43,1053.0,1116,917,55,2.0,6,71,137,62,0.049,0.056,2023-24,Regular Season,Passing
1630222,Mason Jones,1610612758,SAC,5,3,2,28.0,56,55,5,0.0,1,11,12,6,0.089,0.107,2023-24,Regular Season,Passing
203486,Mason Plumlee,1610612746,LAC,46,29,17,674.0,868,538,55,3.0,8,67,138,67,0.063,0.077,2023-24,Regular Season,Passing
1629680,Matisse Thybulle,1610612757,POR,64,17,47,1455.0,1327,977,86,15.0,5,157,220,105,0.065,0.079,2023-24,Regular Season,Passing
1630562,Matt Hurt,1610612763,MEM,8,2,6,113.0,95,82,4,2.0,1,11,14,7,0.042,0.074,2023-24,Regular Season,Passing
1630346,Matt Ryan,1610612740,NOP,28,14,14,390.0,322,310,18,3.0,2,30,50,24,0.056,0.075,2023-24,Regular Season,Passing
1631108,Max Christie,1610612747,LAL,66,37,29,927.0,833,747,60,4.0,6,98,158,69,0.072,0.083,2023-24,Regular Season,Passing
1629622,Max Strus,1610612739,CLE,70,43,27,2239.0,2894,2660,283,33.0,44,442,702,356,0.098,0.123,2023-24,Regular Season,Passing
1628467,Maxi Kleber,1610612742,DAL,42,26,16,854.0,806,632,68,0.0,12,108,171,79,0.084,0.098,2023-24,Regular Season,Passing
1641721,Maxwell Lewis,1610612747,LAL,33,17,16,95.0,55,60,5,0.0,1,9,8,5,0.091,0.091,2023-24,Regular Season,Passing
1630695,Micah Potter,1610612762,UTA,16,3,13,186.0,160,99,6,1.0,1,16,16,8,0.038,0.05,2023-24,Regular Season,Passing
1629008,Michael Porter Jr.,1610612743,DEN,79,55,24,2508.0,2034,2061,117,5.0,33,179,280,157,0.058,0.077,2023-24,Regular Season,Passing
1628969,Mikal Bridges,1610612751,BKN,79,32,47,2759.0,2895,3366,288,12.0,46,519,740,347,0.099,0.12,2023-24,Regular Season,Passing
201144,Mike Conley,1610612750,MIN,76,53,23,2193.0,4111,4253,449,49.0,69,641,1140,567,0.109,0.138,2023-24,Regular Season,Passing
203488,Mike Muscala,1610612760,OKC,53,17,36,600.0,669,494,36,0.0,2,55,94,38,0.054,0.057,2023-24,Regular Season,Passing
1628970,Miles Bridges,1610612766,CHA,68,16,52,2542.0,2960,2804,227,21.0,25,430,602,272,0.077,0.092,2023-24,Regular Season,Passing
1630540,Miles McBride,1610612752,NYK,68,42,26,1328.0,1644,1830,114,9.0,25,206,302,146,0.069,0.089,2023-24,Regular Season,Passing
1629011,Mitchell Robinson,1610612752,NYK,31,19,12,768.0,631,319,18,0.0,5,27,43,23,0.029,0.036,2023-24,Regular Season,Passing
1628964,Mo Bamba,1610612755,PHI,56,29,27,722.0,822,592,41,3.0,2,56,106,46,0.05,0.056,2023-24,Regular Season,Passing
1628420,Monte Morris,1610612750,MIN,33,21,12,476.0,743,736,69,2.0,7,106,178,78,0.093,0.105,2023-24,Regular Season,Passing
1629021,Moritz Wagner,1610612753,ORL,80,46,34,1415.0,1529,1575,96,3.0,7,173,240,105,0.063,0.069,2023-24,Regular Season,Passing
1629650,Moses Brown,1610612757,POR,22,4,18,200.0,225,135,7,1.0,1,7,16,9,0.031,0.04,2023-24,Regular Season,Passing
1630541,Moses Moody,1610612744,GSW,65,38,27,1130.0,796,968,57,3.0,13,105,149,73,0.072,0.092,2023-24,Regular Season,Passing
1631338,Mouhamadou Gueye,1610612761,TOR,11,0,11,120.0,126,128,5,0.0,0,8,14,5,0.04,0.04,2023-24,Regular Season,Passing
1631243,Mouhamed Gueye,1610612737,ATL,6,2,4,73.0,95,56,4,0.0,0,3,10,4,0.042,0.042,2023-24,Regular Season,Passing
1631217,Moussa Diabate,1610612746,LAC,11,7,4,64.0,64,38,4,0.0,0,6,11,4,0.063,0.063,2023-24,Regular Season,Passing
1626167,Myles Turner,1610612754,IND,77,45,32,2076.0,1682,2073,100,8.0,17,133,250,125,0.059,0.074,2023-24,Regular Season,Passing
1630230,Naji Marshall,1610612740,NOP,65,41,24,1245.0,1583,1403,128,10.0,12,204,313,146,0.081,0.092,2023-24,Regular Season,Passing
1629642,Nassir Little,1610612756,PHX,45,28,17,458.0,389,341,21,3.0,1,45,59,25,0.054,0.064,2023-24,Regular Season,Passing
1630207,Nate Hinton,1610612745,HOU,15,8,7,75.0,96,78,10,2.0,0,18,25,12,0.104,0.125,2023-24,Regular Season,Passing
1631466,Nate Williams,1610612745,HOU,22,11,11,129.0,96,91,7,1.0,0,16,20,9,0.073,0.094,2023-24,Regular Season,Passing
1641877,Nathan Mensah,1610612766,CHA,25,3,22,307.0,152,77,9,0.0,0,12,22,9,0.059,0.059,2023-24,Regular Season,Passing
1629675,Naz Reid,1610612750,MIN,81,56,25,1964.0,2120,1958,106,5.0,21,179,273,133,0.05,0.063,2023-24,Regular Season,Passing
1629674,Neemias Queta,1610612738,BOS,28,24,4,333.0,254,204,20,0.0,2,28,55,22,0.079,0.087,2023-24,Regular Season,Passing
1629651,Nic Claxton,1610612751,BKN,68,27,41,2033.0,2281,1761,136,6.0,12,185,340,156,0.06,0.068,2023-24,Regular Season,Passing
1630208,Nick Richards,1610612766,CHA,66,13,53,1728.0,1299,822,54,4.0,1,83,131,58,0.042,0.045,2023-24,Regular Season,Passing
1641733,Nick Smith Jr.,1610612766,CHA,50,8,42,712.0,808,951,56,8.0,7,142,161,71,0.069,0.088,2023-24,Regular Season,Passing
1629638,Nickeil Alexander-Walker,1610612750,MIN,82,56,26,1921.0,2478,2442,204,22.0,26,315,542,252,0.082,0.102,2023-24,Regular Season,Passing
201587,Nicolas Batum,1610612755,PHI,59,35,24,1509.0,1535,1094,123,15.0,12,196,298,146,0.08,0.095,2023-24,Regular Season,Passing
203999,Nikola Jokić,1610612743,DEN,77,53,24,2670.0,5768,5225,693,52.0,79,1144,1719,823,0.12,0.143,2023-24,Regular Season,Passing
1631107,Nikola Jović,1610612748,MIA,46,24,22,896.0,1062,930,90,6.0,14,160,231,108,0.085,0.102,2023-24,Regular Season,Passing
202696,Nikola Vucevic,1610612741,CHI,75,36,39,2574.0,3382,3402,252,14.0,34,414,635,295,0.075,0.087,2023-24,Regular Season,Passing
1641730,Noah Clowney,1610612751,BKN,22,10,12,329.0,310,246,16,2.0,0,36,45,18,0.052,0.058,2023-24,Regular Season,Passing
1626181,Norman Powell,1610612746,LAC,75,47,28,1963.0,1084,1484,82,8.0,11,132,204,101,0.076,0.093,2023-24,Regular Season,Passing
1628384,OG Anunoby,1610612752,NYK,50,31,19,1702.0,1300,1385,107,13.0,22,184,277,141,0.082,0.108,2023-24,Regular Season,Passing
1630167,Obi Toppin,1610612754,IND,82,47,35,1731.0,1912,1569,128,5.0,25,211,311,158,0.067,0.083,2023-24,Regular Season,Passing
1630534,Ochai Agbaji,1610612761,TOR,77,31,46,1620.0,1251,1082,82,7.0,14,168,210,103,0.066,0.082,2023-24,Regular Season,Passing
1630846,Olivier Sarr,1610612760,OKC,15,8,7,98.0,109,62,2,0.0,1,9,6,3,0.018,0.028,2023-24,Regular Season,Passing
1641765,Olivier-Maxence Prosper,1610612742,DAL,40,24,16,336.0,259,234,22,0.0,2,36,56,23,0.085,0.089,2023-24,Regular Season,Passing
1630209,Omer Yurtseven,1610612762,UTA,47,17,30,541.0,668,457,29,3.0,5,54,76,38,0.043,0.057,2023-24,Regular Season,Passing
1641931,Onuralp Bitim,1610612741,CHI,22,11,11,258.0,214,213,13,0.0,3,26,31,16,0.061,0.075,2023-24,Regular Season,Passing
1630168,Onyeka Okongwu,1610612737,ATL,55,23,32,1405.0,1095,997,74,10.0,5,128,194,87,0.068,0.079,2023-24,Regular Season,Passing
1631115,Orlando Robinson,1610612748,MIA,36,20,16,304.0,379,291,34,2.0,0,41,86,35,0.09,0.092,2023-24,Regular Season,Passing
1631131,Oscar Tshiebwe,1610612754,IND,8,2,6,42.0,29,28,2,0.0,0,2,6,2,0.069,0.069,2023-24,Regular Season,Passing
1629052,Oshae Brissett,1610612738,BOS,55,46,9,630.0,628,405,44,1.0,3,63,118,48,0.07,0.076,2023-24,Regular Season,Passing
203490,Otto Porter Jr.,1610612761,TOR,15,6,9,174.0,172,111,8,1.0,2,21,19,11,0.047,0.064,2023-24,Regular Season,Passing
1631172,Ousmane Dieng,1610612760,OKC,33,21,12,365.0,335,344,37,3.0,6,57,96,46,0.11,0.137,2023-24,Regular Season,Passing
200782,P.J. Tucker,1610612746,LAC,31,13,18,486.0,346,167,16,0.0,2,30,42,18,0.046,0.052,2023-24,Regular Season,Passing
1629023,P.J. Washington,1610612742,DAL,72,29,43,2192.0,2297,1902,140,15.0,22,233,360,178,0.061,0.077,2023-24,Regular Season,Passing
1631094,Paolo Banchero,1610612753,ORL,80,46,34,2799.0,3982,4422,431,37.0,46,813,1124,516,0.108,0.13,2023-24,Regular Season,Passing
1627783,Pascal Siakam,1610612754,IND,80,38,42,2658.0,2956,3380,342,25.0,55,601,888,420,0.116,0.142,2023-24,Regular Season,Passing
1626192,Pat Connaughton,1610612749,MIL,76,45,31,1676.0,1934,1477,161,12.0,13,275,414,186,0.083,0.096,2023-24,Regular Season,Passing
1630311,Pat Spencer,1610612744,GSW,5,4,1,24.0,34,26,4,0.0,1,5,10,5,0.118,0.147,2023-24,Regular Season,Passing
1631116,Patrick Baldwin Jr.,1610612764,WAS,38,6,32,494.0,507,353,29,1.0,5,38,77,35,0.057,0.069,2023-24,Regular Season,Passing
201976,Patrick Beverley,1610612749,MIL,73,43,30,1463.0,2388,2265,212,22.0,29,401,566,263,0.089,0.11,2023-24,Regular Season,Passing
1630172,Patrick Williams,1610612741,CHI,43,19,24,1174.0,1163,935,66,3.0,11,120,166,77,0.057,0.066,2023-24,Regular Season,Passing
201988,Patty Mills,1610612748,MIA,32,15,17,415.0,348,415,34,4.0,4,66,95,43,0.098,0.124,2023-24,Regular Season,Passing
202331,Paul George,1610612746,LAC,73,47,26,2462.0,2543,3009,253,28.0,29,413,629,303,0.099,0.119,2023-24,Regular Season,Passing
1630194,Paul Reed,1610612755,PHI,81,46,35,1560.0,1659,1236,106,7.0,11,143,265,124,0.064,0.075,2023-24,Regular Season,Passing
1630202,Payton Pritchard,1610612738,BOS,81,63,18,1803.0,2539,2757,280,27.0,48,513,741,355,0.11,0.14,2023-24,Regular Season,Passing
1631250,Pete Nance,1610612739,CLE,8,3,5,27.0,20,18,0,0.0,0,0,0,0,0.0,0.0,2023-24,Regular Season,Passing
1631212,Peyton Watson,1610612743,DEN,78,54,24,1442.0,1495,1205,86,3.0,12,140,209,99,0.058,0.066,2023-24,Regular Season,Passing
1630173,Precious Achiuwa,1610612752,NYK,74,40,34,1624.0,1795,1370,97,6.0,13,147,254,117,0.054,0.065,2023-24,Regular Season,Passing
1629656,Quentin Grimes,1610612765,DET,51,32,19,1025.0,840,873,66,6.0,7,105,174,78,0.079,0.093,2023-24,Regular Season,Passing
1631245,Quenton Jackson,1610612754,IND,3,3,0,11.0,19,14,2,0.0,1,5,5,3,0.105,0.158,2023-24,Regular Season,Passing
1630181,R.J. Hampton,1610612748,MIA,8,3,5,76.0,92,84,8,2.0,0,13,20,9,0.087,0.098,2023-24,Regular Season,Passing
1629628,RJ Barrett,1610612761,TOR,58,26,32,1838.0,1853,2134,193,10.0,33,331,487,234,0.104,0.126,2023-24,Regular Season,Passing
1630564,RaiQuan Gray,1610612759,SAS,3,2,1,39.0,42,45,6,1.0,0,10,17,7,0.143,0.167,2023-24,Regular Season,Passing
1641712,Rayan Rupert,1610612757,POR,38,6,32,621.0,675,541,59,1.0,3,104,149,63,0.087,0.093,2023-24,Regular Season,Passing
203493,Reggie Bullock Jr.,1610612745,HOU,44,24,20,417.0,366,260,15,1.0,3,28,34,19,0.041,0.052,2023-24,Regular Season,Passing
202704,Reggie Jackson,1610612743,DEN,80,55,25,1792.0,2697,3121,303,29.0,42,496,754,373,0.112,0.138,2023-24,Regular Season,Passing
1626158,Richaun Holmes,1610612764,WAS,40,13,27,554.0,537,392,25,1.0,2,49,64,28,0.047,0.052,2023-24,Regular Season,Passing
1641741,Ricky Council IV,1610612755,PHI,31,14,17,281.0,198,238,16,1.0,2,29,40,19,0.081,0.096,2023-24,Regular Season,Passing
203496,Robert Covington,1610612755,PHI,29,20,9,488.0,498,298,24,2.0,8,34,63,35,0.048,0.07,2023-24,Regular Season,Passing
1629057,Robert Williams III,1610612757,POR,6,2,4,119.0,93,68,5,0.0,0,8,16,7,0.054,0.075,2023-24,Regular Season,Passing
201577,Robin Lopez,1610612749,MIL,16,10,6,65.0,44,60,4,0.0,0,7,10,4,0.091,0.091,2023-24,Regular Season,Passing
1631199,Ron Harper Jr.,1610612761,TOR,1,1,0,4.0,4,4,1,0.0,0,0,2,1,0.25,0.25,2023-24,Regular Season,Passing
1626220,Royce O'Neale,1610612756,PHX,77,38,39,1895.0,2692,1848,214,14.0,31,317,529,254,0.079,0.094,2023-24,Regular Season,Passing
203497,Rudy Gobert,1610612750,MIN,76,53,23,2593.0,2538,1684,102,5.0,12,155,276,120,0.04,0.047,2023-24,Regular Season,Passing
1629060,Rui Hachimura,1610612747,LAL,67,39,28,1804.0,1350,1340,79,3.0,20,133,214,102,0.059,0.076,2023-24,Regular Season,Passing
201566,Russell Westbrook,1610612746,LAC,68,45,23,1529.0,2092,2201,306,25.0,16,476,748,342,0.146,0.163,2023-24,Regular Season,Passing
1627853,Ryan Arcidiacono,1610612752,NYK,20,15,5,45.0,48,35,4,0.0,0,13,11,4,0.083,0.083,2023-24,Regular Season,Passing
1631157,Ryan Rollins,1610612749,MIL,13,1,12,78.0,102,113,14,1.0,0,21,34,16,0.137,0.157,2023-24,Regular Season,Passing
1630240,Saben Lee,1610612756,PHX,23,15,8,181.0,249,268,29,1.0,2,45,70,32,0.116,0.129,2023-24,Regular Season,Passing
1630180,Saddiq Bey,1610612737,ATL,63,28,35,2062.0,1660,1425,92,13.0,10,168,237,111,0.055,0.067,2023-24,Regular Season,Passing
1630573,Sam Hauser,1610612738,BOS,78,61,17,1723.0,1427,1200,82,8.0,11,118,215,98,0.057,0.069,2023-24,Regular Season,Passing
1630241,Sam Merrill,1610612739,CLE,61,36,25,1069.0,1090,1232,108,11.0,12,168,283,131,0.099,0.12,2023-24,Regular Season,Passing
1630572,Sandro Mamukelashvili,1610612759,SAS,45,11,34,445.0,556,421,48,2.0,6,90,116,55,0.086,0.099,2023-24,Regular Season,Passing
1630583,Santi Aldama,1610612763,MEM,61,23,38,1618.0,1973,1729,138,10.0,20,254,366,169,0.07,0.086,2023-24,Regular Season,Passing
1628426,Sasha Vezenkov,1610612758,SAC,42,22,20,511.0,513,437,19,3.0,8,34,53,29,0.037,0.057,2023-24,Regular Season,Passing
1630703,Scoot Henderson,1610612757,POR,61,17,44,1739.0,2906,3412,331,40.0,29,670,887,400,0.114,0.138,2023-24,Regular Season,Passing
1630567,Scottie Barnes,1610612761,TOR,60,22,38,2094.0,3168,3064,363,39.0,38,642,916,435,0.115,0.137,2023-24,Regular Season,Passing
1630590,Scotty Pippen Jr.,1610612763,MEM,21,5,16,527.0,829,926,98,5.0,6,189,255,109,0.118,0.131,2023-24,Regular Season,Passing
203552,Seth Curry,1610612766,CHA,44,25,19,615.0,613,617,44,5.0,9,87,106,56,0.072,0.091,2023-24,Regular Season,Passing
1641754,Seth Lundy,1610612737,ATL,9,2,7,52.0,32,31,0,1.0,0,2,2,1,0.0,0.031,2023-24,Regular Season,Passing
1631101,Shaedon Sharpe,1610612757,POR,32,8,24,1059.0,924,1187,94,4.0,9,194,243,107,0.102,0.116,2023-24,Regular Season,Passing
1628983,Shai Gilgeous-Alexander,1610612760,OKC,75,55,20,2553.0,3175,4405,465,32.0,62,894,1240,558,0.146,0.176,2023-24,Regular Season,Passing
1629003,Shake Milton,1610612752,NYK,48,32,16,581.0,716,764,60,10.0,10,128,158,81,0.084,0.113,2023-24,Regular Season,Passing
1627885,Shaquille Harrison,1610612763,MEM,3,1,2,6.0,8,7,0,0.0,0,0,0,0,0.0,0.0,2023-24,Regular Season,Passing
1631321,Sidy Cissoko,1610612759,SAS,12,5,7,141.0,120,102,10,0.0,1,19,26,11,0.083,0.092,2023-24,Regular Season,Passing
1631323,Simone Fontecchio,1610612765,DET,65,29,36,1612.0,1341,1217,99,8.0,17,166,243,123,0.074,0.092,2023-24,Regular Season,Passing
1630219,Skylar Mays,1610612747,LAL,38,14,24,433.0,712,743,85,5.0,8,145,212,97,0.119,0.136,2023-24,Regular Season,Passing
203915,Spencer Dinwiddie,1610612747,LAL,75,38,37,2120.0,2660,2995,353,26.0,38,600,904,411,0.133,0.155,2023-24,Regular Season,Passing
1630649,Stanley Umude,1610612765,DET,23,4,19,294.0,149,160,11,2.0,3,19,28,16,0.074,0.107,2023-24,Regular Season,Passing
201939,Stephen Curry,1610612744,GSW,74,43,31,2422.0,3160,4194,379,38.0,65,634,917,474,0.12,0.15,2023-24,Regular Season,Passing
1629004,Svi Mykhailiuk,1610612738,BOS,41,32,9,413.0,340,342,35,5.0,6,52,90,46,0.103,0.135,2023-24,Regular Season,Passing
204456,T.J. McConnell,1610612754,IND,71,40,31,1291.0,2879,3056,390,39.0,46,664,1011,476,0.135,0.165,2023-24,Regular Season,Passing
203933,T.J. Warren,1610612750,MIN,11,7,4,125.0,91,96,9,0.0,1,13,23,10,0.099,0.11,2023-24,Regular Season,Passing
201959,Taj Gibson,1610612765,DET,20,8,12,204.0,156,98,11,0.0,1,7,27,12,0.071,0.077,2023-24,Regular Season,Passing
1629659,Talen Horton-Tucker,1610612762,UTA,50,14,36,1000.0,1638,1814,177,18.0,17,358,484,214,0.108,0.131,2023-24,Regular Season,Passing
1631106,Tari Eason,1610612745,HOU,22,12,10,480.0,464,304,27,3.0,4,44,70,34,0.058,0.073,2023-24,Regular Season,Passing
1627752,Taurean Prince,1610612747,LAL,77,43,34,2084.0,1251,1370,118,9.0,18,193,294,145,0.094,0.116,2023-24,Regular Season,Passing
1641707,Taylor Hendricks,1610612762,UTA,40,13,27,856.0,570,445,32,1.0,4,50,76,37,0.056,0.065,2023-24,Regular Season,Passing
1631386,Taze Moore,1610612757,POR,4,1,3,40.0,50,57,5,0.0,0,10,14,5,0.1,0.1,2023-24,Regular Season,Passing
1629611,Terance Mann,1610612746,LAC,74,46,28,1848.0,1552,1408,118,4.0,10,201,282,128,0.076,0.082,2023-24,Regular Season,Passing
1631173,Terquavion Smith,1610612755,PHI,15,7,8,79.0,108,135,12,2.0,3,23,31,17,0.111,0.157,2023-24,Regular Season,Passing
1626179,Terry Rozier,1610612748,MIA,61,22,39,2040.0,3265,3862,342,19.0,49,577,868,409,0.105,0.125,2023-24,Regular Season,Passing
1630678,Terry Taylor,1610612741,CHI,30,12,18,187.0,150,112,10,1.0,3,18,29,14,0.067,0.093,2023-24,Regular Season,Passing
201152,Thaddeus Young,1610612756,PHX,33,12,21,440.0,648,481,57,6.0,1,84,143,66,0.088,0.102,2023-24,Regular Season,Passing
203648,Thanasis Antetokounmpo,1610612749,MIL,34,21,13,155.0,118,122,17,0.0,0,19,42,16,0.144,0.136,2023-24,Regular Season,Passing
1630177,Theo Maledon,1610612756,PHX,17,5,12,213.0,313,314,28,5.0,1,51,76,34,0.089,0.109,2023-24,Regular Season,Passing
1628418,Thomas Bryant,1610612748,MIA,38,22,16,441.0,471,352,23,1.0,0,38,58,23,0.049,0.049,2023-24,Regular Season,Passing
203501,Tim Hardaway Jr.,1610612742,DAL,78,48,30,2103.0,1895,2140,137,7.0,16,190,350,160,0.072,0.084,2023-24,Regular Season,Passing
1641851,Timmy Allen,1610612763,MEM,5,0,5,125.0,105,70,5,1.0,0,13,14,6,0.048,0.057,2023-24,Regular Season,Passing
202699,Tobias Harris,1610612755,PHI,69,40,29,2338.0,2496,2475,215,15.0,29,360,565,259,0.086,0.104,2023-24,Regular Season,Passing
1628470,Torrey Craig,1610612741,CHI,52,22,30,1035.0,1124,766,58,5.0,12,106,130,70,0.052,0.062,2023-24,Regular Season,Passing
1641787,Tosan Evbuomwan,1610612765,DET,17,1,16,367.0,237,204,16,4.0,1,41,49,21,0.068,0.089,2023-24,Regular Season,Passing
1641739,Toumani Camara,1610612757,POR,69,18,51,1707.0,1550,1102,83,10.0,8,173,228,102,0.054,0.066,2023-24,Regular Season,Passing
1629027,Trae Young,1610612737,ATL,54,22,32,1942.0,3001,4000,583,59.0,58,983,1464,687,0.194,0.229,2023-24,Regular Season,Passing
1631218,Trayce Jackson-Davis,1610612744,GSW,67,39,28,1107.0,1370,1039,82,6.0,8,129,219,96,0.06,0.07,2023-24,Regular Season,Passing
1630200,Tre Jones,1610612759,SAS,76,20,56,2107.0,3900,3981,467,48.0,61,911,1222,575,0.12,0.147,2023-24,Regular Season,Passing
1630544,Tre Mann,1610612766,CHA,41,21,20,987.0,1311,1389,165,5.0,24,266,422,196,0.126,0.15,2023-24,Regular Season,Passing
1630570,Trendon Watford,1610612751,BKN,61,25,36,805.0,1277,1111,76,8.0,12,123,185,95,0.06,0.074,2023-24,Regular Season,Passing
1630235,Trent Forrest,1610612737,ATL,38,18,20,414.0,707,682,92,7.0,5,143,235,104,0.13,0.147,2023-24,Regular Season,Passing
1630243,Trevelin Queen,1610612753,ORL,14,5,9,165.0,116,134,18,1.0,1,27,48,19,0.155,0.164,2023-24,Regular Season,Passing
1641998,Trey Jemison III,1610612763,MEM,25,5,20,574.0,505,437,27,5.0,1,53,76,34,0.053,0.067,2023-24,Regular Season,Passing
1626168,Trey Lyles,1610612758,SAC,58,33,25,1158.0,1287,914,72,7.0,14,124,188,93,0.056,0.072,2023-24,Regular Season,Passing
1630530,Trey Murphy III,1610612740,NOP,56,35,21,1668.0,1554,1571,123,10.0,15,204,327,149,0.079,0.096,2023-24,Regular Season,Passing
202684,Tristan Thompson,1610612739,CLE,49,28,21,549.0,591,464,51,2.0,7,69,137,60,0.086,0.102,2023-24,Regular Season,Passing
1641774,Tristan Vukcevic,1610612764,WAS,10,3,7,153.0,141,147,13,0.0,0,15,31,13,0.092,0.092,2023-24,Regular Season,Passing
1628972,Troy Brown Jr.,1610612765,DET,58,30,28,824.0,672,605,59,5.0,8,92,150,71,0.088,0.106,2023-24,Regular Season,Passing
1629660,Ty Jerome,1610612739,CLE,2,1,1,15.0,24,25,3,0.0,0,6,7,3,0.125,0.125,2023-24,Regular Season,Passing
1631102,TyTy Washington Jr.,1610612749,MIL,11,5,6,56.0,96,101,5,1.0,1,13,14,7,0.052,0.073,2023-24,Regular Season,Passing
1629639,Tyler Herro,1610612748,MIA,42,23,19,1407.0,1796,2086,188,14.0,39,339,459,233,0.105,0.13,2023-24,Regular Season,Passing
1630169,Tyrese Haliburton,1610612754,IND,69,40,29,2224.0,4854,4939,752,95.0,77,1229,1963,918,0.155,0.189,2023-24,Regular Season,Passing
1630178,Tyrese Maxey,1610612755,PHI,69,42,27,2597.0,4186,5105,430,39.0,91,765,1108,558,0.103,0.133,2023-24,Regular Season,Passing
1626145,Tyus Jones,1610612764,WAS,66,11,55,1933.0,3669,3806,485,43.0,58,825,1229,584,0.132,0.159,2023-24,Regular Season,Passing
1628962,Udoka Azubuike,1610612756,PHX,16,12,4,113.0,71,55,3,0.0,0,3,6,3,0.042,0.042,2023-24,Regular Season,Passing
1630586,Usman Garuba,1610612744,GSW,6,5,1,18.0,38,23,1,1.0,0,6,3,2,0.026,0.053,2023-24,Regular Season,Passing
203995,Vasilije Micic,1610612766,CHA,59,33,26,1144.0,1712,1961,252,19.0,20,404,651,291,0.147,0.17,2023-24,Regular Season,Passing
1641705,Victor Wembanyama,1610612759,SAS,71,19,52,2106.0,2462,2812,274,18.0,36,455,660,327,0.111,0.133,2023-24,Regular Season,Passing
1631246,Vince Williams Jr.,1610612763,MEM,52,18,34,1437.0,1789,1663,175,13.0,13,313,459,202,0.098,0.113,2023-24,Regular Season,Passing
1630249,Vít Krejčí,1610612737,ATL,22,9,13,541.0,492,424,50,8.0,1,87,145,59,0.102,0.12,2023-24,Regular Season,Passing
1631117,Walker Kessler,1610612762,UTA,63,26,37,1469.0,1562,909,58,4.0,7,114,163,69,0.037,0.044,2023-24,Regular Season,Passing
1628976,Wendell Carter Jr.,1610612753,ORL,55,30,25,1406.0,1480,1246,95,6.0,11,158,239,112,0.064,0.076,2023-24,Regular Season,Passing
1631111,Wendell Moore Jr.,1610612750,MIN,25,18,7,75.0,86,79,6,0.0,2,15,14,8,0.07,0.093,2023-24,Regular Season,Passing
1629117,Wenyen Gabriel,1610612738,BOS,5,1,4,81.0,72,53,3,0.0,0,4,7,3,0.042,0.042,2023-24,Regular Season,Passing
202083,Wesley Matthews,1610612737,ATL,36,11,25,413.0,399,278,23,0.0,2,39,54,24,0.058,0.06,2023-24,Regular Season,Passing
1629875,Xavier Moon,1610612746,LAC,14,7,7,119.0,215,218,21,0.0,2,27,46,22,0.098,0.102,2023-24,Regular Season,Passing
1630214,Xavier Tillman,1610612738,BOS,54,30,24,975.0,1132,859,77,7.0,9,151,205,92,0.068,0.081,2023-24,Regular Season,Passing
1629139,Yuta Watanabe,1610612763,MEM,34,18,16,464.0,356,326,15,2.0,3,25,42,21,0.042,0.059,2023-24,Regular Season,Passing
1628380,Zach Collins,1610612759,SAS,68,18,50,1504.0,1850,1823,194,24.0,19,315,496,238,0.105,0.129,2023-24,Regular Season,Passing
203897,Zach LaVine,1610612741,CHI,25,10,15,872.0,1063,1092,98,6.0,17,211,249,121,0.092,0.114,2023-24,Regular Season,Passing
1630285,Zavier Simpson,1610612765,DET,7,1,6,161.0,263,284,25,1.0,1,60,66,27,0.095,0.103,2023-24,Regular Season,Passing
1630192,Zeke Nnaji,1610612743,DEN,56,39,17,555.0,417,399,30,0.0,1,38,70,30,0.072,0.072,2023-24,Regular Season,Passing
1630533,Ziaire Williams,1610612763,MEM,51,20,31,1038.0,894,959,75,9.0,13,131,198,98,0.084,0.11,2023-24,Regular Season,Passing
1629627,Zion Williamson,1610612740,NOP,69,42,27,2181.0,2739,3224,349,15.0,35,690,948,399,0.127,0.146,2023-24,Regular Season,Passing
