PLAYER_ID,PLAYER_NAME,TEAM_ID,TEAM_ABBREVIATION,GP,W,L,MIN,CATCH_SHOOT_FGM,CATCH_SHOOT_FGA,CATCH_SHOOT_FG_PCT,CATCH_SHOOT_PTS,CATCH_SHOOT_FG3M,CATCH_SHOOT_FG3A,CATCH_SHOOT_FG3_PCT,CATCH_SHOOT_EFG_PCT,SEASON,SEASON_TYPE,PT_MEASURE_TYPE
1630639,A.J. Lawson,1610612742,DAL,42,27,15,311.0,15,51,0.294,43,13.0,49.0,0.265,0.422,2023-24,Regular Season,CatchShoot
1631260,AJ Green,1610612749,MIL,56,35,21,614.0,61,142,0.43,181,59.0,140.0,0.421,0.637,2023-24,Regular Season,CatchShoot
1631100,AJ Griffin,1610612737,ATL,20,8,12,171.0,5,24,0.208,15,5.0,23.0,0.217,0.313,2023-24,Regular Season,CatchShoot
203932,Aaron Gordon,1610612743,DEN,73,49,24,2297.0,32,110,0.291,92,28.0,94.0,0.298,0.418,2023-24,Regular Season,CatchShoot
1628988,Aaron Holiday,1610612745,HOU,78,39,39,1269.0,67,160,0.419,200,66.0,158.0,0.418,0.625,2023-24,Regular Season,CatchShoot
1630174,Aaron Nesmith,1610612754,IND,72,41,31,1995.0,126,293,0.43,376,124.0,291.0,0.426,0.642,2023-24,Regular Season,CatchShoot
1630598,Aaron Wiggins,1610612760,OKC,78,55,23,1228.0,54,113,0.478,162,54.0,112.0,0.482,0.717,2023-24,Regular Season,CatchShoot
1641745,Adam Flagler,1610612760,OKC,2,2,0,14.0,0,2,0.0,0,0.0,2.0,0.0,0.0,2023-24,Regular Season,CatchShoot
1641766,Adama Sanogo,1610612741,CHI,9,3,6,66.0,0,0,nan,0,nan,nan,nan,nan,2023-24,Regular Season,CatchShoot
1629678,Admiral Schofield,1610612753,ORL,23,15,8,84.0,5,14,0.357,15,5.0,14.0,0.357,0.536,2023-24,Regular Season,CatchShoot
201143,Al Horford,1610612738,BOS,65,51,14,1740.0,109,253,0.431,321,103.0,240.0,0.429,0.634,2023-24,Regular Season,CatchShoot
202692,Alec Burks,1610612752,NYK,66,18,48,1212.0,82,205,0.4,246,82.0,203.0,0.404,0.6,2023-24,Regular Season,CatchShoot
1630197,Aleksej Pokusevski,1610612766,CHA,28,14,14,405.0,16,49,0.327,47,15.0,46.0,0.326,0.48,2023-24,Regular Season,CatchShoot
1627936,Alex Caruso,1610612741,CHI,71,34,37,2040.0,110,274,0.401,330,110.0,271.0,0.406,0.602,2023-24,Regular Season,CatchShoot
1641788,Alex Fudge,1610612742,DAL,6,1,5,40.0,1,6,0.167,3,1.0,5.0,0.2,0.25,2023-24,Regular Season,CatchShoot
203458,Alex Len,1610612758,SAC,48,24,24,444.0,4,11,0.364,8,0.0,3.0,0.0,0.364,2023-24,Regular Season,CatchShoot
1631214,Alondes Williams,1610612748,MIA,7,5,2,16.0,0,4,0.0,0,0.0,4.0,0.0,0.0,2023-24,Regular Season,CatchShoot
1630578,Alperen Sengun,1610612745,HOU,63,29,34,2046.0,67,165,0.406,162,28.0,84.0,0.333,0.491,2023-24,Regular Season,CatchShoot
1641735,Amari Bailey,1610612766,CHA,10,1,9,65.0,1,7,0.143,3,1.0,7.0,0.143,0.214,2023-24,Regular Season,CatchShoot
1641708,Amen Thompson,1610612745,HOU,62,30,32,1389.0,11,55,0.2,30,8.0,47.0,0.17,0.273,2023-24,Regular Season,CatchShoot
1629599,Amir Coffey,1610612746,LAC,70,46,24,1461.0,66,166,0.398,196,64.0,163.0,0.393,0.59,2023-24,Regular Season,CatchShoot
203083,Andre Drummond,1610612741,CHI,79,37,42,1351.0,4,13,0.308,8,0.0,2.0,0.0,0.308,2023-24,Regular Season,CatchShoot
1641748,Andre Jackson Jr.,1610612749,MIL,57,33,24,572.0,18,42,0.429,51,15.0,39.0,0.385,0.607,2023-24,Regular Season,CatchShoot
1641847,Andrew Funk,1610612741,CHI,5,3,2,13.0,0,3,0.0,0,0.0,3.0,0.0,0.0,2023-24,Regular Season,CatchShoot
1629614,Andrew Nembhard,1610612754,IND,68,41,27,1697.0,57,146,0.39,166,52.0,133.0,0.391,0.568,2023-24,Regular Season,CatchShoot
203952,Andrew Wiggins,1610612744,GSW,71,38,33,1920.0,78,228,0.342,230,74.0,213.0,0.347,0.504,2023-24,Regular Season,CatchShoot
1629014,Anfernee Simons,1610612757,POR,46,11,35,1582.0,74,176,0.42,221,73.0,171.0,0.427,0.628,2023-24,Regular Season,CatchShoot
1641710,Anthony Black,1610612753,ORL,69,39,30,1164.0,34,90,0.378,101,33.0,85.0,0.388,0.561,2023-24,Regular Season,CatchShoot
203076,Anthony Davis,1610612747,LAL,76,45,31,2700.0,79,203,0.389,182,24.0,83.0,0.289,0.448,2023-24,Regular Season,CatchShoot
1630162,Anthony Edwards,1610612750,MIN,79,54,25,2770.0,73,182,0.401,215,69.0,168.0,0.411,0.591,2023-24,Regular Season,CatchShoot
1630264,Anthony Gill,1610612764,WAS,50,9,41,466.0,9,41,0.22,26,8.0,38.0,0.211,0.317,2023-24,Regular Season,CatchShoot
1629717,Armoni Brooks,1610612751,BKN,10,3,7,104.0,10,26,0.385,30,10.0,26.0,0.385,0.577,2023-24,Regular Season,CatchShoot
1630204,Ashton Hagans,1610612757,POR,19,3,16,316.0,8,23,0.348,24,8.0,23.0,0.348,0.522,2023-24,Regular Season,CatchShoot
1641709,Ausar Thompson,1610612765,DET,63,10,53,1583.0,24,116,0.207,67,19.0,100.0,0.19,0.289,2023-24,Regular Season,CatchShoot
1630559,Austin Reaves,1610612747,LAL,82,47,35,2629.0,92,249,0.369,274,90.0,245.0,0.367,0.55,2023-24,Regular Season,CatchShoot
1630245,Ayo Dosunmu,1610612741,CHI,76,37,39,2212.0,105,253,0.415,309,99.0,244.0,0.406,0.611,2023-24,Regular Season,CatchShoot
1628389,Bam Adebayo,1610612748,MIA,71,40,31,2416.0,73,178,0.41,159,13.0,32.0,0.406,0.447,2023-24,Regular Season,CatchShoot
1641767,Ben Sheppard,1610612754,IND,57,32,25,814.0,47,146,0.322,140,46.0,145.0,0.317,0.479,2023-24,Regular Season,CatchShoot
1627732,Ben Simmons,1610612751,BKN,15,7,8,359.0,0,2,0.0,0,nan,nan,nan,0.0,2023-24,Regular Season,CatchShoot
1631097,Bennedict Mathurin,1610612754,IND,59,33,26,1538.0,38,97,0.392,110,34.0,88.0,0.386,0.567,2023-24,Regular Season,CatchShoot
1641731,Bilal Coulibaly,1610612764,WAS,63,11,52,1715.0,57,170,0.335,171,57.0,168.0,0.339,0.503,2023-24,Regular Season,CatchShoot
202687,Bismack Biyombo,1610612760,OKC,40,20,20,791.0,0,0,nan,0,nan,nan,nan,nan,2023-24,Regular Season,CatchShoot
1631104,Blake Wesley,1610612759,SAS,61,19,42,876.0,13,53,0.245,38,12.0,47.0,0.255,0.358,2023-24,Regular Season,CatchShoot
1626246,Boban Marjanovic,1610612745,HOU,14,9,5,71.0,1,3,0.333,2,0.0,0.0,nan,0.333,2023-24,Regular Season,CatchShoot
1626171,Bobby Portis,1610612749,MIL,82,49,33,2008.0,115,278,0.414,326,96.0,239.0,0.402,0.586,2023-24,Regular Season,CatchShoot
203992,Bogdan Bogdanović,1610612737,ATL,79,35,44,2401.0,196,517,0.379,573,181.0,483.0,0.375,0.554,2023-24,Regular Season,CatchShoot
202711,Bojan Bogdanovic,1610612752,NYK,57,20,37,1478.0,104,252,0.413,307,99.0,243.0,0.407,0.609,2023-24,Regular Season,CatchShoot
1629626,Bol Bol,1610612756,PHX,43,28,15,469.0,22,48,0.458,61,17.0,39.0,0.436,0.635,2023-24,Regular Season,CatchShoot
1630538,Bones Hyland,1610612746,LAC,37,20,17,540.0,21,63,0.333,61,19.0,61.0,0.311,0.484,2023-24,Regular Season,CatchShoot
203078,Bradley Beal,1610612756,PHX,53,33,20,1767.0,81,179,0.453,234,72.0,165.0,0.436,0.654,2023-24,Regular Season,CatchShoot
1641764,Brandin Podziemski,1610612744,GSW,74,41,33,1968.0,58,161,0.36,173,57.0,159.0,0.358,0.537,2023-24,Regular Season,CatchShoot
1630527,Brandon Boston,1610612746,LAC,32,17,15,345.0,8,26,0.308,23,7.0,23.0,0.304,0.442,2023-24,Regular Season,CatchShoot
1629634,Brandon Clarke,1610612763,MEM,6,2,4,134.0,5,14,0.357,11,1.0,6.0,0.167,0.393,2023-24,Regular Season,CatchShoot
1627742,Brandon Ingram,1610612740,NOP,64,38,26,2103.0,78,196,0.398,214,58.0,157.0,0.369,0.546,2023-24,Regular Season,CatchShoot
1641706,Brandon Miller,1610612766,CHA,74,18,56,2383.0,153,393,0.389,450,144.0,376.0,0.383,0.573,2023-24,Regular Season,CatchShoot
1630314,Brandon Williams,1610612742,DAL,17,10,7,113.0,1,9,0.111,3,1.0,8.0,0.125,0.167,2023-24,Regular Season,CatchShoot
1630296,Braxton Key,1610612743,DEN,20,14,6,60.0,2,4,0.5,6,2.0,4.0,0.5,0.75,2023-24,Regular Season,CatchShoot
1641729,Brice Sensabaugh,1610612762,UTA,32,8,24,584.0,26,81,0.321,77,25.0,80.0,0.313,0.475,2023-24,Regular Season,CatchShoot
201572,Brook Lopez,1610612749,MIL,79,48,31,2411.0,152,392,0.388,442,138.0,367.0,0.376,0.564,2023-24,Regular Season,CatchShoot
1628971,Bruce Brown,1610612761,TOR,67,26,41,1865.0,52,149,0.349,149,45.0,136.0,0.331,0.5,2023-24,Regular Season,CatchShoot
1628981,Bruno Fernando,1610612737,ATL,45,20,25,682.0,2,8,0.25,4,0.0,4.0,0.0,0.25,2023-24,Regular Season,CatchShoot
1631121,Bryce McGowens,1610612766,CHA,59,11,48,882.0,30,91,0.33,90,30.0,91.0,0.33,0.495,2023-24,Regular Season,CatchShoot
1631205,Buddy Boeheim,1610612765,DET,10,0,10,84.0,8,22,0.364,24,8.0,22.0,0.364,0.545,2023-24,Regular Season,CatchShoot
1627741,Buddy Hield,1610612755,PHI,84,46,38,2160.0,170,404,0.421,505,165.0,395.0,0.418,0.625,2023-24,Regular Season,CatchShoot
203468,CJ McCollum,1610612740,NOP,66,42,24,2159.0,136,318,0.428,407,135.0,315.0,0.429,0.64,2023-24,Regular Season,CatchShoot
1630595,Cade Cunningham,1610612765,DET,62,9,53,2074.0,80,216,0.37,236,76.0,205.0,0.371,0.546,2023-24,Regular Season,CatchShoot
1631216,Caleb Houstan,1610612753,ORL,59,31,28,815.0,71,189,0.376,213,71.0,188.0,0.378,0.563,2023-24,Regular Season,CatchShoot
1628997,Caleb Martin,1610612748,MIA,64,36,28,1757.0,77,206,0.374,220,66.0,189.0,0.349,0.534,2023-24,Regular Season,CatchShoot
1629629,Cam Reddish,1610612747,LAL,48,27,21,984.0,33,108,0.306,99,33.0,102.0,0.324,0.458,2023-24,Regular Season,CatchShoot
1630560,Cam Thomas,1610612751,BKN,66,23,43,2075.0,78,174,0.448,227,71.0,163.0,0.436,0.652,2023-24,Regular Season,CatchShoot
1641715,Cam Whitmore,1610612745,HOU,47,19,28,880.0,61,144,0.424,181,59.0,138.0,0.428,0.628,2023-24,Regular Season,CatchShoot
1629661,Cameron Johnson,1610612751,BKN,58,21,37,1599.0,121,288,0.42,360,118.0,280.0,0.421,0.625,2023-24,Regular Season,CatchShoot
1626166,Cameron Payne,1610612755,PHI,78,46,32,1304.0,61,163,0.374,180,58.0,159.0,0.365,0.552,2023-24,Regular Season,CatchShoot
1627747,Caris LeVert,1610612739,CLE,68,38,30,1958.0,71,194,0.366,212,70.0,192.0,0.365,0.546,2023-24,Regular Season,CatchShoot
1641717,Cason Wallace,1610612760,OKC,82,57,25,1692.0,92,209,0.44,275,91.0,206.0,0.442,0.658,2023-24,Regular Season,CatchShoot
1626224,Cedi Osman,1610612759,SAS,72,17,55,1269.0,83,202,0.411,248,82.0,200.0,0.41,0.614,2023-24,Regular Season,CatchShoot
1629646,Charles Bassey,1610612759,SAS,19,3,16,205.0,3,6,0.5,6,0.0,0.0,nan,0.5,2023-24,Regular Season,CatchShoot
1629718,Charlie Brown Jr.,1610612752,NYK,8,2,6,37.0,2,6,0.333,6,2.0,6.0,0.333,0.5,2023-24,Regular Season,CatchShoot
1631096,Chet Holmgren,1610612760,OKC,82,57,25,2413.0,137,352,0.389,398,124.0,322.0,0.385,0.565,2023-24,Regular Season,CatchShoot
1629002,Chimezie Metu,1610612765,DET,51,24,27,859.0,24,81,0.296,72,24.0,81.0,0.296,0.444,2023-24,Regular Season,CatchShoot
1628449,Chris Boucher,1610612761,TOR,50,16,34,705.0,30,90,0.333,89,29.0,88.0,0.33,0.494,2023-24,Regular Season,CatchShoot
1630537,Chris Duarte,1610612758,SAC,59,35,24,720.0,31,99,0.313,93,31.0,95.0,0.326,0.47,2023-24,Regular Season,CatchShoot
1641753,Chris Livingston,1610612749,MIL,21,13,8,91.0,1,5,0.2,3,1.0,5.0,0.2,0.3,2023-24,Regular Season,CatchShoot
101108,Chris Paul,1610612744,GSW,58,33,25,1531.0,50,117,0.427,147,47.0,111.0,0.423,0.628,2023-24,Regular Season,CatchShoot
1631128,Christian Braun,1610612743,DEN,82,57,25,1656.0,46,124,0.371,138,46.0,122.0,0.377,0.556,2023-24,Regular Season,CatchShoot
1626174,Christian Wood,1610612747,LAL,50,28,22,872.0,36,114,0.316,105,33.0,105.0,0.314,0.461,2023-24,Regular Season,CatchShoot
1629643,Chuma Okeke,1610612753,ORL,47,24,23,432.0,22,72,0.306,65,21.0,70.0,0.3,0.451,2023-24,Regular Season,CatchShoot
203991,Clint Capela,1610612737,ATL,73,33,40,1883.0,0,2,0.0,0,0.0,0.0,nan,0.0,2023-24,Regular Season,CatchShoot
1629632,Coby White,1610612741,CHI,79,37,42,2881.0,150,411,0.365,445,145.0,397.0,0.365,0.541,2023-24,Regular Season,CatchShoot
1628998,Cody Martin,1610612766,CHA,28,7,21,753.0,18,74,0.243,53,17.0,65.0,0.262,0.358,2023-24,Regular Season,CatchShoot
203469,Cody Zeller,1610612740,NOP,43,26,17,320.0,3,6,0.5,7,1.0,3.0,0.333,0.583,2023-24,Regular Season,CatchShoot
1641732,Colby Jones,1610612758,SAC,30,15,15,192.0,2,20,0.1,6,2.0,20.0,0.1,0.15,2023-24,Regular Season,CatchShoot
1630175,Cole Anthony,1610612753,ORL,81,47,34,1817.0,84,227,0.37,248,80.0,219.0,0.365,0.546,2023-24,Regular Season,CatchShoot
1631306,Cole Swider,1610612748,MIA,18,8,10,87.0,8,22,0.364,24,8.0,22.0,0.364,0.545,2023-24,Regular Season,CatchShoot
1630658,Colin Castleton,1610612747,LAL,16,9,7,59.0,1,1,1.0,2,nan,nan,nan,1.0,2023-24,Regular Season,CatchShoot
1631221,Collin Gillespie,1610612743,DEN,24,15,9,225.0,10,26,0.385,30,10.0,26.0,0.385,0.577,2023-24,Regular Season,CatchShoot
1629012,Collin Sexton,1610612762,UTA,78,29,49,2075.0,83,184,0.451,246,80.0,179.0,0.447,0.668,2023-24,Regular Season,CatchShoot
1630557,Corey Kispert,1610612764,WAS,80,15,65,2067.0,154,394,0.391,461,153.0,392.0,0.39,0.585,2023-24,Regular Season,CatchShoot
202709,Cory Joseph,1610612744,GSW,26,10,16,296.0,12,35,0.343,36,12.0,35.0,0.343,0.514,2023-24,Regular Season,CatchShoot
1641854,Craig Porter Jr.,1610612739,CLE,51,30,21,649.0,2,6,0.333,6,2.0,6.0,0.333,0.5,2023-24,Regular Season,CatchShoot
1626156,D'Angelo Russell,1610612747,LAL,76,46,30,2484.0,143,330,0.433,421,135.0,314.0,0.43,0.638,2023-24,Regular Season,CatchShoot
1641793,D'Moi Hodge,1610612747,LAL,7,1,6,41.0,3,11,0.273,9,3.0,11.0,0.273,0.409,2023-24,Regular Season,CatchShoot
1630618,D.J. Carton,1610612761,TOR,4,2,2,36.0,1,4,0.25,3,1.0,4.0,0.25,0.375,2023-24,Regular Season,CatchShoot
1628391,D.J. Wilson,1610612753,ORL,2,1,1,15.0,2,2,1.0,6,2.0,2.0,1.0,1.5,2023-24,Regular Season,CatchShoot
1629610,DaQuan Jeffries,1610612752,NYK,17,11,6,46.0,2,8,0.25,6,2.0,8.0,0.25,0.375,2023-24,Regular Season,CatchShoot
1630227,Daishen Nix,1610612750,MIN,15,11,4,50.0,3,11,0.273,9,3.0,11.0,0.273,0.409,2023-24,Regular Season,CatchShoot
1630625,Dalano Banton,1610612757,POR,54,24,30,1047.0,44,139,0.317,132,44.0,135.0,0.326,0.475,2023-24,Regular Season,CatchShoot
1631207,Dalen Terry,1610612741,CHI,59,27,32,681.0,15,66,0.227,45,15.0,65.0,0.231,0.341,2023-24,Regular Season,CatchShoot
1627745,Damian Jones,1610612739,CLE,39,24,15,270.0,6,20,0.3,15,3.0,14.0,0.214,0.375,2023-24,Regular Season,CatchShoot
203081,Damian Lillard,1610612749,MIL,73,48,25,2578.0,68,205,0.332,201,65.0,201.0,0.323,0.49,2023-24,Regular Season,CatchShoot
1629655,Daniel Gafford,1610612742,DAL,74,30,44,1814.0,7,10,0.7,14,nan,nan,nan,0.7,2023-24,Regular Season,CatchShoot
1628464,Daniel Theis,1610612746,LAC,60,38,22,1015.0,33,86,0.384,90,24.0,62.0,0.387,0.523,2023-24,Regular Season,CatchShoot
201568,Danilo Gallinari,1610612749,MIL,49,15,34,629.0,31,88,0.352,89,27.0,77.0,0.351,0.506,2023-24,Regular Season,CatchShoot
201980,Danny Green,1610612755,PHI,2,1,1,18.0,0,1,0.0,0,0.0,1.0,0.0,0.0,2023-24,Regular Season,CatchShoot
203957,Dante Exum,1610612742,DAL,55,36,19,1088.0,50,102,0.49,150,50.0,99.0,0.505,0.735,2023-24,Regular Season,CatchShoot
1627863,Danuel House Jr.,1610612755,PHI,34,21,13,509.0,12,37,0.324,36,12.0,35.0,0.343,0.486,2023-24,Regular Season,CatchShoot
203967,Dario Saric,1610612744,GSW,64,35,29,1098.0,80,201,0.398,229,69.0,181.0,0.381,0.57,2023-24,Regular Season,CatchShoot
1641727,Dariq Whitehead,1610612751,BKN,2,1,1,24.0,0,2,0.0,0,0.0,2.0,0.0,0.0,2023-24,Regular Season,CatchShoot
1629647,Darius Bazley,1610612762,UTA,9,2,7,152.0,2,5,0.4,6,2.0,5.0,0.4,0.6,2023-24,Regular Season,CatchShoot
1629636,Darius Garland,1610612739,CLE,57,31,26,1900.0,53,148,0.358,156,50.0,143.0,0.35,0.527,2023-24,Regular Season,CatchShoot
1630561,David Duke Jr.,1610612759,SAS,4,3,1,51.0,3,6,0.5,8,2.0,5.0,0.4,0.667,2023-24,Regular Season,CatchShoot
1631223,David Roddy,1610612756,PHX,65,25,40,1177.0,46,148,0.311,138,46.0,146.0,0.315,0.466,2023-24,Regular Season,CatchShoot
1630558,Davion Mitchell,1610612758,SAC,72,41,31,1101.0,46,124,0.371,138,46.0,124.0,0.371,0.556,2023-24,Regular Season,CatchShoot
202722,Davis Bertans,1610612766,CHA,43,20,23,674.0,69,177,0.39,204,66.0,168.0,0.393,0.576,2023-24,Regular Season,CatchShoot
1630549,Day'Ron Sharpe,1610612751,BKN,61,25,36,921.0,4,17,0.235,12,4.0,15.0,0.267,0.353,2023-24,Regular Season,CatchShoot
1628368,De'Aaron Fox,1610612758,SAC,74,42,32,2659.0,93,237,0.392,276,90.0,230.0,0.391,0.582,2023-24,Regular Season,CatchShoot
1629631,De'Andre Hunter,1610612737,ATL,57,26,31,1681.0,95,245,0.388,280,90.0,228.0,0.395,0.571,2023-24,Regular Season,CatchShoot
1629001,De'Anthony Melton,1610612755,PHI,38,25,13,1023.0,55,153,0.359,163,53.0,150.0,0.353,0.533,2023-24,Regular Season,CatchShoot
201599,DeAndre Jordan,1610612743,DEN,36,24,12,396.0,0,1,0.0,0,nan,nan,nan,0.0,2023-24,Regular Season,CatchShoot
1630610,DeJon Jarreau,1610612763,MEM,9,2,7,150.0,4,10,0.4,12,4.0,10.0,0.4,0.6,2023-24,Regular Season,CatchShoot
201942,DeMar DeRozan,1610612741,CHI,79,37,42,2989.0,93,247,0.377,246,60.0,174.0,0.345,0.498,2023-24,Regular Season,CatchShoot
1629731,Dean Wade,1610612739,CLE,54,36,18,1108.0,74,196,0.378,221,73.0,193.0,0.378,0.564,2023-24,Regular Season,CatchShoot
1629028,Deandre Ayton,1610612757,POR,55,14,41,1783.0,113,209,0.541,227,1.0,9.0,0.111,0.543,2023-24,Regular Season,CatchShoot
1627749,Dejounte Murray,1610612737,ATL,78,34,44,2783.0,119,305,0.39,350,112.0,286.0,0.392,0.574,2023-24,Regular Season,CatchShoot
1626153,Delon Wright,1610612748,MIA,47,16,31,742.0,21,51,0.412,63,21.0,51.0,0.412,0.618,2023-24,Regular Season,CatchShoot
1630166,Deni Avdija,1610612764,WAS,75,14,61,2257.0,72,173,0.416,210,66.0,163.0,0.405,0.607,2023-24,Regular Season,CatchShoot
203471,Dennis Schröder,1610612751,BKN,80,30,50,2486.0,111,287,0.387,330,108.0,279.0,0.387,0.575,2023-24,Regular Season,CatchShoot
1628372,Dennis Smith Jr.,1610612751,BKN,56,19,37,1059.0,23,76,0.303,69,23.0,76.0,0.303,0.454,2023-24,Regular Season,CatchShoot
1641726,Dereck Lively II,1610612742,DAL,55,35,20,1294.0,1,6,0.167,2,0.0,2.0,0.0,0.167,2023-24,Regular Season,CatchShoot
1631220,Dereon Seabron,1610612740,NOP,6,3,3,55.0,0,1,0.0,0,0.0,1.0,0.0,0.0,2023-24,Regular Season,CatchShoot
1627884,Derrick Jones Jr.,1610612742,DAL,76,47,29,1783.0,78,224,0.348,234,78.0,224.0,0.348,0.522,2023-24,Regular Season,CatchShoot
201565,Derrick Rose,1610612763,MEM,24,6,18,399.0,9,28,0.321,27,9.0,28.0,0.321,0.482,2023-24,Regular Season,CatchShoot
1628401,Derrick White,1610612738,BOS,73,58,15,2381.0,144,345,0.417,432,144.0,344.0,0.419,0.626,2023-24,Regular Season,CatchShoot
1630217,Desmond Bane,1610612763,MEM,42,14,28,1443.0,64,147,0.435,189,61.0,139.0,0.439,0.643,2023-24,Regular Season,CatchShoot
1626164,Devin Booker,1610612756,PHX,68,43,25,2447.0,67,171,0.392,187,53.0,142.0,0.373,0.547,2023-24,Regular Season,CatchShoot
1630170,Devin Vassell,1610612759,SAS,68,17,51,2248.0,119,307,0.388,351,113.0,286.0,0.395,0.572,2023-24,Regular Season,CatchShoot
1628984,Devonte' Graham,1610612759,SAS,23,8,15,313.0,12,42,0.286,36,12.0,42.0,0.286,0.429,2023-24,Regular Season,CatchShoot
1641926,Dexter Dennis,1610612742,DAL,4,1,3,30.0,1,6,0.167,3,1.0,6.0,0.167,0.25,2023-24,Regular Season,CatchShoot
1628415,Dillon Brooks,1610612745,HOU,72,36,36,2227.0,105,291,0.361,308,98.0,278.0,0.353,0.529,2023-24,Regular Season,CatchShoot
1631376,Dmytro Skapintsev,1610612752,NYK,2,0,2,2.0,0,0,nan,0,nan,nan,nan,nan,2023-24,Regular Season,CatchShoot
1627734,Domantas Sabonis,1610612758,SAC,82,46,36,2928.0,57,140,0.407,143,29.0,80.0,0.363,0.511,2023-24,Regular Season,CatchShoot
1631230,Dominick Barlow,1610612759,SAS,33,7,26,420.0,12,28,0.429,27,3.0,8.0,0.375,0.482,2023-24,Regular Season,CatchShoot
1628378,Donovan Mitchell,1610612739,CLE,55,36,19,1943.0,73,180,0.406,216,70.0,172.0,0.407,0.6,2023-24,Regular Season,CatchShoot
1628978,Donte DiVincenzo,1610612752,NYK,81,50,31,2360.0,240,591,0.406,720,240.0,590.0,0.407,0.609,2023-24,Regular Season,CatchShoot
1627827,Dorian Finney-Smith,1610612751,BKN,68,28,40,1935.0,106,303,0.35,316,104.0,298.0,0.349,0.521,2023-24,Regular Season,CatchShoot
203926,Doug McDermott,1610612754,IND,64,22,42,904.0,87,211,0.412,257,83.0,206.0,0.403,0.609,2023-24,Regular Season,CatchShoot
203110,Draymond Green,1610612744,GSW,55,33,22,1490.0,52,134,0.388,152,48.0,120.0,0.4,0.567,2023-24,Regular Season,CatchShoot
1629234,Drew Eubanks,1610612756,PHX,75,42,33,1169.0,6,15,0.4,15,3.0,3.0,1.0,0.5,2023-24,Regular Season,CatchShoot
1641809,Drew Peterson,1610612738,BOS,3,3,0,23.0,3,5,0.6,9,3.0,5.0,0.6,0.9,2023-24,Regular Season,CatchShoot
1630696,Dru Smith,1610612748,MIA,9,7,2,131.0,6,14,0.429,18,6.0,14.0,0.429,0.643,2023-24,Regular Season,CatchShoot
1629130,Duncan Robinson,1610612748,MIA,68,38,30,1905.0,123,313,0.393,368,122.0,309.0,0.395,0.588,2023-24,Regular Season,CatchShoot
1641871,Duop Reath,1610612757,POR,68,17,51,1214.0,83,232,0.358,248,82.0,231.0,0.355,0.534,2023-24,Regular Season,CatchShoot
203939,Dwight Powell,1610612742,DAL,63,38,25,836.0,1,3,0.333,3,1.0,3.0,0.333,0.5,2023-24,Regular Season,CatchShoot
1629685,Dylan Windler,1610612737,ATL,17,9,8,108.0,9,21,0.429,27,9.0,21.0,0.429,0.643,2023-24,Regular Season,CatchShoot
1630700,Dyson Daniels,1610612740,NOP,61,34,27,1359.0,39,119,0.328,116,38.0,118.0,0.322,0.487,2023-24,Regular Season,CatchShoot
1630604,E.J. Liddell,1610612740,NOP,8,3,5,23.0,0,5,0.0,0,0.0,5.0,0.0,0.0,2023-24,Regular Season,CatchShoot
1641734,Emoni Bates,1610612739,CLE,15,8,7,133.0,5,19,0.263,15,5.0,19.0,0.263,0.395,2023-24,Regular Season,CatchShoot
201569,Eric Gordon,1610612756,PHX,68,41,27,1893.0,132,344,0.384,395,131.0,342.0,0.383,0.574,2023-24,Regular Season,CatchShoot
1630647,Eugene Omoruyi,1610612764,WAS,43,5,38,393.0,11,39,0.282,33,11.0,39.0,0.282,0.423,2023-24,Regular Season,CatchShoot
203095,Evan Fournier,1610612765,DET,32,8,24,580.0,26,89,0.292,76,24.0,86.0,0.279,0.427,2023-24,Regular Season,CatchShoot
1630596,Evan Mobley,1610612739,CLE,50,29,21,1532.0,30,84,0.357,81,21.0,58.0,0.362,0.482,2023-24,Regular Season,CatchShoot
1630196,Filip Petrusev,1610612755,PHI,3,2,1,9.0,1,2,0.5,2,nan,nan,nan,0.5,2023-24,Regular Season,CatchShoot
1628373,Frank Ntilikina,1610612766,CHA,5,0,5,43.0,1,8,0.125,3,1.0,8.0,0.125,0.188,2023-24,Regular Season,CatchShoot
1630532,Franz Wagner,1610612753,ORL,72,44,28,2337.0,62,214,0.29,185,61.0,208.0,0.293,0.432,2023-24,Regular Season,CatchShoot
1627832,Fred VanVleet,1610612745,HOU,73,38,35,2684.0,101,241,0.419,300,98.0,231.0,0.424,0.622,2023-24,Regular Season,CatchShoot
1627788,Furkan Korkmaz,1610612755,PHI,35,22,13,300.0,9,28,0.321,27,9.0,27.0,0.333,0.482,2023-24,Regular Season,CatchShoot
1641713,GG Jackson,1610612763,MEM,48,14,34,1233.0,83,227,0.366,249,83.0,225.0,0.369,0.548,2023-24,Regular Season,CatchShoot
1629216,Gabe Vincent,1610612747,LAL,11,7,4,218.0,2,15,0.133,6,2.0,15.0,0.133,0.2,2023-24,Regular Season,CatchShoot
202066,Garrett Temple,1610612761,TOR,27,5,22,289.0,11,33,0.333,33,11.0,32.0,0.344,0.5,2023-24,Regular Season,CatchShoot
1629726,Garrison Mathews,1610612737,ATL,66,29,37,992.0,72,166,0.434,216,72.0,165.0,0.436,0.651,2023-24,Regular Season,CatchShoot
203914,Gary Harris,1610612753,ORL,54,35,19,1297.0,75,197,0.381,220,70.0,189.0,0.37,0.558,2023-24,Regular Season,CatchShoot
1627780,Gary Payton II,1610612744,GSW,44,27,17,680.0,20,54,0.37,60,20.0,54.0,0.37,0.556,2023-24,Regular Season,CatchShoot
1629018,Gary Trent Jr.,1610612761,TOR,71,24,47,1994.0,144,332,0.434,426,138.0,320.0,0.431,0.642,2023-24,Regular Season,CatchShoot
1627777,Georges Niang,1610612739,CLE,82,48,34,1831.0,135,349,0.387,404,134.0,345.0,0.388,0.579,2023-24,Regular Season,CatchShoot
203507,Giannis Antetokounmpo,1610612749,MIL,73,45,28,2567.0,15,47,0.319,41,11.0,41.0,0.268,0.436,2023-24,Regular Season,CatchShoot
1629048,Goga Bitadze,1610612753,ORL,62,34,28,957.0,2,15,0.133,6,2.0,14.0,0.143,0.2,2023-24,Regular Season,CatchShoot
202330,Gordon Hayward,1610612760,OKC,51,25,26,1245.0,46,102,0.451,125,33.0,76.0,0.434,0.613,2023-24,Regular Season,CatchShoot
1641711,Gradey Dick,1610612761,TOR,60,18,42,1268.0,86,211,0.408,247,75.0,191.0,0.393,0.585,2023-24,Regular Season,CatchShoot
1629684,Grant Williams,1610612766,CHA,76,34,42,2130.0,110,305,0.361,328,108.0,293.0,0.369,0.538,2023-24,Regular Season,CatchShoot
1628960,Grayson Allen,1610612756,PHX,75,45,30,2513.0,165,361,0.457,494,164.0,360.0,0.456,0.684,2023-24,Regular Season,CatchShoot
1630535,Greg Brown III,1610612742,DAL,6,3,3,40.0,1,3,0.333,3,1.0,3.0,0.333,0.5,2023-24,Regular Season,CatchShoot
1630611,Gui Santos,1610612744,GSW,23,17,6,192.0,10,24,0.417,30,10.0,24.0,0.417,0.625,2023-24,Regular Season,CatchShoot
1628977,Hamidou Diallo,1610612764,WAS,2,1,1,5.0,0,0,nan,0,nan,nan,nan,nan,2023-24,Regular Season,CatchShoot
203084,Harrison Barnes,1610612758,SAC,82,46,36,2381.0,124,327,0.379,372,124.0,325.0,0.382,0.569,2023-24,Regular Season,CatchShoot
1628385,Harry Giles III,1610612747,LAL,23,11,12,100.0,4,15,0.267,11,3.0,13.0,0.231,0.367,2023-24,Regular Season,CatchShoot
1629312,Haywood Highsmith,1610612748,MIA,66,39,27,1366.0,74,185,0.4,221,73.0,181.0,0.403,0.597,2023-24,Regular Season,CatchShoot
1630929,Henri Drell,1610612741,CHI,4,2,2,30.0,2,6,0.333,6,2.0,6.0,0.333,0.5,2023-24,Regular Season,CatchShoot
1630529,Herbert Jones,1610612740,NOP,76,46,30,2321.0,119,278,0.428,349,111.0,262.0,0.424,0.628,2023-24,Regular Season,CatchShoot
1641816,Hunter Tyson,1610612743,DEN,18,14,4,48.0,4,12,0.333,11,3.0,11.0,0.273,0.458,2023-24,Regular Season,CatchShoot
1630641,Ibou Badji,1610612757,POR,22,5,17,226.0,3,4,0.75,6,nan,nan,nan,0.75,2023-24,Regular Season,CatchShoot
1630193,Immanuel Quickley,1610612761,TOR,68,28,40,1985.0,88,212,0.415,260,84.0,203.0,0.414,0.613,2023-24,Regular Season,CatchShoot
1630171,Isaac Okoro,1610612739,CLE,69,41,28,1887.0,80,201,0.398,239,79.0,200.0,0.395,0.595,2023-24,Regular Season,CatchShoot
1628392,Isaiah Hartenstein,1610612752,NYK,75,47,28,1896.0,14,29,0.483,28,0.0,2.0,0.0,0.483,2023-24,Regular Season,CatchShoot
1630543,Isaiah Jackson,1610612754,IND,60,37,23,771.0,3,7,0.429,6,0.0,3.0,0.0,0.429,2023-24,Regular Season,CatchShoot
1630198,Isaiah Joe,1610612760,OKC,78,54,24,1445.0,132,298,0.443,389,125.0,288.0,0.434,0.653,2023-24,Regular Season,CatchShoot
1630587,Isaiah Livers,1610612765,DET,23,1,22,469.0,20,67,0.299,60,20.0,66.0,0.303,0.448,2023-24,Regular Season,CatchShoot
1630600,Isaiah Mobley,1610612739,CLE,10,2,8,72.0,3,10,0.3,9,3.0,10.0,0.3,0.45,2023-24,Regular Season,CatchShoot
1630191,Isaiah Stewart,1610612765,DET,46,9,37,1423.0,64,167,0.383,189,61.0,160.0,0.381,0.566,2023-24,Regular Season,CatchShoot
202738,Isaiah Thomas,1610612756,PHX,6,4,2,19.0,1,3,0.333,3,1.0,2.0,0.5,0.5,2023-24,Regular Season,CatchShoot
1631209,Isaiah Wong,1610612754,IND,1,1,0,4.0,0,1,0.0,0,0.0,1.0,0.0,0.0,2023-24,Regular Season,CatchShoot
202397,Ish Smith,1610612766,CHA,43,6,37,741.0,2,4,0.5,5,1.0,1.0,1.0,0.625,2023-24,Regular Season,CatchShoot
1630688,Ish Wainright,1610612756,PHX,11,2,9,62.0,6,17,0.353,18,6.0,17.0,0.353,0.529,2023-24,Regular Season,CatchShoot
1627826,Ivica Zubac,1610612746,LAC,68,42,26,1794.0,7,17,0.412,14,nan,nan,nan,0.412,2023-24,Regular Season,CatchShoot
1631167,Izaiah Brockington,1610612740,NOP,1,1,0,3.0,0,0,nan,0,0.0,0.0,nan,nan,2023-24,Regular Season,CatchShoot
1631120,JD Davison,1610612738,BOS,8,8,0,39.0,1,3,0.333,3,1.0,3.0,0.333,0.5,2023-24,Regular Season,CatchShoot
1630550,JT Thor,1610612766,CHA,63,16,47,781.0,33,87,0.379,93,27.0,77.0,0.351,0.534,2023-24,Regular Season,CatchShoot
1629630,Ja Morant,1610612763,MEM,9,6,3,318.0,5,19,0.263,15,5.0,19.0,0.263,0.395,2023-24,Regular Season,CatchShoot
201580,JaVale McGee,1610612758,SAC,46,28,18,339.0,4,12,0.333,9,1.0,6.0,0.167,0.375,2023-24,Regular Season,CatchShoot
1631095,Jabari Smith Jr.,1610612745,HOU,76,39,37,2424.0,129,343,0.376,379,121.0,320.0,0.378,0.552,2023-24,Regular Season,CatchShoot
1631133,Jabari Walker,1610612757,POR,72,18,54,1701.0,44,146,0.301,127,39.0,132.0,0.295,0.435,2023-24,Regular Season,CatchShoot
1631298,Jack White,1610612760,OKC,4,0,4,64.0,2,10,0.2,6,2.0,10.0,0.2,0.3,2023-24,Regular Season,CatchShoot
1631367,Jacob Gilyard,1610612751,BKN,41,12,29,698.0,37,87,0.425,111,37.0,86.0,0.43,0.638,2023-24,Regular Season,CatchShoot
1631210,Jacob Toppin,1610612752,NYK,9,2,7,38.0,0,2,0.0,0,0.0,2.0,0.0,0.0,2023-24,Regular Season,CatchShoot
1630702,Jaden Hardy,1610612742,DAL,73,44,29,989.0,61,158,0.386,183,61.0,155.0,0.394,0.579,2023-24,Regular Season,CatchShoot
1631093,Jaden Ivey,1610612765,DET,77,14,63,2217.0,94,262,0.359,277,89.0,251.0,0.355,0.529,2023-24,Regular Season,CatchShoot
1630183,Jaden McDaniels,1610612750,MIN,72,48,24,2105.0,81,234,0.346,242,80.0,230.0,0.348,0.517,2023-24,Regular Season,CatchShoot
1630531,Jaden Springer,1610612738,BOS,49,32,17,507.0,10,44,0.227,29,9.0,43.0,0.209,0.33,2023-24,Regular Season,CatchShoot
203109,Jae Crowder,1610612749,MIL,50,25,25,1156.0,55,159,0.346,159,49.0,145.0,0.338,0.5,2023-24,Regular Season,CatchShoot
1630256,Jae'Sean Tate,1610612745,HOU,65,32,33,1031.0,23,73,0.315,69,23.0,71.0,0.324,0.473,2023-24,Regular Season,CatchShoot
1630186,Jahmi'us Ramsey,1610612761,TOR,7,0,7,121.0,5,19,0.263,15,5.0,19.0,0.263,0.395,2023-24,Regular Season,CatchShoot
1631170,Jaime Jaquez Jr.,1610612748,MIA,75,44,31,2113.0,69,199,0.347,201,63.0,183.0,0.344,0.505,2023-24,Regular Season,CatchShoot
1631222,Jake LaRavia,1610612763,MEM,35,8,27,806.0,40,115,0.348,120,40.0,115.0,0.348,0.522,2023-24,Regular Season,CatchShoot
1627751,Jakob Poeltl,1610612761,TOR,50,21,29,1319.0,21,39,0.538,42,nan,nan,nan,0.538,2023-24,Regular Season,CatchShoot
1628973,Jalen Brunson,1610612752,NYK,77,49,28,2726.0,87,196,0.444,259,85.0,191.0,0.445,0.661,2023-24,Regular Season,CatchShoot
1630622,Jalen Crutcher,1610612740,NOP,1,1,0,3.0,0,0,nan,0,nan,nan,nan,nan,2023-24,Regular Season,CatchShoot
1631105,Jalen Duren,1610612765,DET,61,13,48,1777.0,6,16,0.375,12,0.0,1.0,0.0,0.375,2023-24,Regular Season,CatchShoot
1630224,Jalen Green,1610612745,HOU,82,41,41,2601.0,84,259,0.324,249,81.0,256.0,0.316,0.481,2023-24,Regular Season,CatchShoot
1641720,Jalen Hood-Schifino,1610612747,LAL,21,10,11,109.0,1,5,0.2,3,1.0,5.0,0.2,0.3,2023-24,Regular Season,CatchShoot
1630552,Jalen Johnson,1610612737,ATL,56,27,29,1889.0,69,190,0.363,200,62.0,174.0,0.356,0.526,2023-24,Regular Season,CatchShoot
1629667,Jalen McDaniels,1610612761,TOR,50,12,38,538.0,12,66,0.182,35,11.0,63.0,0.175,0.265,2023-24,Regular Season,CatchShoot
1629618,Jalen Pickett,1610612743,DEN,27,20,7,122.0,7,10,0.7,20,6.0,9.0,0.667,1.0,2023-24,Regular Season,CatchShoot
1641771,Jalen Slawson,1610612758,SAC,12,8,4,37.0,0,2,0.0,0,0.0,2.0,0.0,0.0,2023-24,Regular Season,CatchShoot
1630188,Jalen Smith,1610612754,IND,61,36,25,1047.0,59,139,0.424,172,54.0,132.0,0.409,0.619,2023-24,Regular Season,CatchShoot
1630591,Jalen Suggs,1610612753,ORL,75,43,32,2025.0,121,293,0.413,358,116.0,285.0,0.407,0.611,2023-24,Regular Season,CatchShoot
1631114,Jalen Williams,1610612760,OKC,71,51,20,2224.0,67,153,0.438,197,63.0,145.0,0.434,0.644,2023-24,Regular Season,CatchShoot
1630592,Jalen Wilson,1610612751,BKN,43,14,29,665.0,25,65,0.385,73,23.0,62.0,0.371,0.562,2023-24,Regular Season,CatchShoot
1631288,Jamal Cain,1610612748,MIA,26,14,12,259.0,10,31,0.323,29,9.0,28.0,0.321,0.468,2023-24,Regular Season,CatchShoot
1627750,Jamal Murray,1610612743,DEN,59,44,15,1861.0,58,143,0.406,173,57.0,141.0,0.404,0.605,2023-24,Regular Season,CatchShoot
1631123,Jamaree Bouyea,1610612759,SAS,9,2,7,95.0,1,5,0.2,3,1.0,5.0,0.2,0.3,2023-24,Regular Season,CatchShoot
1630547,James Bouknight,1610612766,CHA,14,0,14,81.0,6,15,0.4,18,6.0,15.0,0.4,0.6,2023-24,Regular Season,CatchShoot
201935,James Harden,1610612746,LAC,72,46,26,2470.0,57,149,0.383,171,57.0,148.0,0.385,0.574,2023-24,Regular Season,CatchShoot
201949,James Johnson,1610612754,IND,9,4,5,47.0,0,2,0.0,0,0.0,2.0,0.0,0.0,2023-24,Regular Season,CatchShoot
1630164,James Wiseman,1610612765,DET,63,9,54,1091.0,4,22,0.182,8,0.0,1.0,0.0,0.182,2023-24,Regular Season,CatchShoot
1641716,Jarace Walker,1610612754,IND,33,18,15,340.0,15,38,0.395,45,15.0,38.0,0.395,0.592,2023-24,Regular Season,CatchShoot
1630215,Jared Butler,1610612764,WAS,40,6,34,566.0,12,40,0.3,36,12.0,40.0,0.3,0.45,2023-24,Regular Season,CatchShoot
1631197,Jared Rhoden,1610612765,DET,17,2,15,245.0,11,28,0.393,32,10.0,26.0,0.385,0.571,2023-24,Regular Season,CatchShoot
1628991,Jaren Jackson Jr.,1610612763,MEM,66,22,44,2124.0,107,314,0.341,317,103.0,304.0,0.339,0.505,2023-24,Regular Season,CatchShoot
1629020,Jarred Vanderbilt,1610612747,LAL,29,14,15,581.0,8,26,0.308,24,8.0,26.0,0.308,0.462,2023-24,Regular Season,CatchShoot
1628386,Jarrett Allen,1610612739,CLE,77,46,31,2442.0,41,80,0.513,82,0.0,4.0,0.0,0.513,2023-24,Regular Season,CatchShoot
1630554,Jason Preston,1610612762,UTA,7,2,5,71.0,0,2,0.0,0,0.0,2.0,0.0,0.0,2023-24,Regular Season,CatchShoot
1631241,Javon Freeman-Liberty,1610612761,TOR,22,3,19,403.0,10,30,0.333,29,9.0,29.0,0.31,0.483,2023-24,Regular Season,CatchShoot
1629750,Javonte Green,1610612741,CHI,9,5,4,230.0,10,27,0.37,30,10.0,27.0,0.37,0.556,2023-24,Regular Season,CatchShoot
1630606,Javonte Smart,1610612755,PHI,1,1,0,1.0,0,0,nan,0,nan,nan,nan,nan,2023-24,Regular Season,CatchShoot
1629637,Jaxson Hayes,1610612747,LAL,70,41,29,877.0,2,9,0.222,4,0.0,6.0,0.0,0.222,2023-24,Regular Season,CatchShoot
1630643,Jay Huff,1610612743,DEN,20,16,4,49.0,3,9,0.333,9,3.0,9.0,0.333,0.5,2023-24,Regular Season,CatchShoot
1627759,Jaylen Brown,1610612738,BOS,70,52,18,2343.0,85,232,0.366,249,79.0,224.0,0.353,0.537,2023-24,Regular Season,CatchShoot
1629669,Jaylen Nowell,1610612758,SAC,13,3,10,214.0,5,22,0.227,15,5.0,21.0,0.238,0.341,2023-24,Regular Season,CatchShoot
1631119,Jaylin Williams,1610612760,OKC,69,48,21,897.0,58,154,0.377,168,52.0,138.0,0.377,0.545,2023-24,Regular Season,CatchShoot
1628369,Jayson Tatum,1610612738,BOS,74,57,17,2645.0,80,188,0.426,231,71.0,165.0,0.43,0.614,2023-24,Regular Season,CatchShoot
1630288,Jeff Dowtin Jr.,1610612755,PHI,12,7,5,142.0,3,4,0.75,9,3.0,4.0,0.75,1.125,2023-24,Regular Season,CatchShoot
201145,Jeff Green,1610612745,HOU,78,39,39,1307.0,51,152,0.336,150,48.0,143.0,0.336,0.493,2023-24,Regular Season,CatchShoot
203924,Jerami Grant,1610612757,POR,54,17,37,1830.0,116,275,0.422,342,110.0,260.0,0.423,0.622,2023-24,Regular Season,CatchShoot
1630526,Jeremiah Robinson-Earl,1610612740,NOP,39,22,17,334.0,15,40,0.375,43,13.0,38.0,0.342,0.538,2023-24,Regular Season,CatchShoot
1631110,Jeremy Sochan,1610612759,SAS,74,18,56,2193.0,67,196,0.342,191,57.0,176.0,0.324,0.487,2023-24,Regular Season,CatchShoot
1630579,Jericho Sims,1610612752,NYK,45,30,15,585.0,0,2,0.0,0,nan,nan,nan,0.0,2023-24,Regular Season,CatchShoot
1631257,Jermaine Samuels Jr.,1610612745,HOU,14,8,6,60.0,0,2,0.0,0,0.0,2.0,0.0,0.0,2023-24,Regular Season,CatchShoot
1629010,Jerome Robinson,1610612744,GSW,22,17,5,81.0,2,15,0.133,6,2.0,15.0,0.133,0.2,2023-24,Regular Season,CatchShoot
1641724,Jett Howard,1610612753,ORL,18,9,9,67.0,5,14,0.357,15,5.0,14.0,0.357,0.536,2023-24,Regular Season,CatchShoot
1628975,Jevon Carter,1610612741,CHI,72,35,37,1004.0,55,149,0.369,162,52.0,145.0,0.359,0.544,2023-24,Regular Season,CatchShoot
202710,Jimmy Butler III,1610612748,MIA,60,33,27,2042.0,45,102,0.441,123,33.0,81.0,0.407,0.603,2023-24,Regular Season,CatchShoot
1629111,Jock Landale,1610612745,HOU,56,28,28,763.0,26,66,0.394,62,10.0,39.0,0.256,0.47,2023-24,Regular Season,CatchShoot
203925,Joe Harris,1610612765,DET,16,4,12,170.0,10,28,0.357,30,10.0,28.0,0.357,0.536,2023-24,Regular Season,CatchShoot
204060,Joe Ingles,1610612753,ORL,68,42,26,1169.0,57,107,0.533,171,57.0,107.0,0.533,0.799,2023-24,Regular Season,CatchShoot
203954,Joel Embiid,1610612755,PHI,39,31,8,1309.0,69,127,0.543,174,36.0,65.0,0.554,0.685,2023-24,Regular Season,CatchShoot
1628381,John Collins,1610612762,UTA,68,27,41,1901.0,91,241,0.378,267,85.0,226.0,0.376,0.554,2023-24,Regular Season,CatchShoot
1629723,John Konchar,1610612763,MEM,55,18,37,1174.0,38,108,0.352,114,38.0,108.0,0.352,0.528,2023-24,Regular Season,CatchShoot
1631098,Johnny Davis,1610612764,WAS,50,8,42,613.0,13,36,0.361,39,13.0,34.0,0.382,0.542,2023-24,Regular Season,CatchShoot
1630548,Johnny Juzang,1610612762,UTA,20,5,15,372.0,31,67,0.463,92,30.0,66.0,0.455,0.687,2023-24,Regular Season,CatchShoot
202685,Jonas Valančiūnas,1610612740,NOP,82,49,33,1925.0,81,201,0.403,196,34.0,109.0,0.312,0.488,2023-24,Regular Season,CatchShoot
1628371,Jonathan Isaac,1610612753,ORL,58,35,23,915.0,46,118,0.39,132,40.0,106.0,0.377,0.559,2023-24,Regular Season,CatchShoot
1630228,Jonathan Kuminga,1610612744,GSW,74,40,34,1950.0,51,145,0.352,144,42.0,128.0,0.328,0.497,2023-24,Regular Season,CatchShoot
1629007,Jontay Porter,1610612765,DET,26,6,20,360.0,19,61,0.311,57,19.0,56.0,0.339,0.467,2023-24,Regular Season,CatchShoot
203903,Jordan Clarkson,1610612762,UTA,55,22,33,1682.0,59,169,0.349,171,53.0,159.0,0.333,0.506,2023-24,Regular Season,CatchShoot
1630259,Jordan Ford,1610612758,SAC,6,2,4,22.0,1,2,0.5,3,1.0,2.0,0.5,0.75,2023-24,Regular Season,CatchShoot
1630692,Jordan Goodwin,1610612763,MEM,57,30,27,1056.0,33,106,0.311,97,31.0,97.0,0.32,0.458,2023-24,Regular Season,CatchShoot
1641722,Jordan Hawkins,1610612740,NOP,67,38,29,1161.0,99,255,0.388,293,95.0,245.0,0.388,0.575,2023-24,Regular Season,CatchShoot
1629162,Jordan McLaughlin,1610612750,MIN,56,35,21,626.0,36,75,0.48,107,35.0,74.0,0.473,0.713,2023-24,Regular Season,CatchShoot
1641757,Jordan Miller,1610612746,LAC,8,5,3,28.0,1,2,0.5,3,1.0,2.0,0.5,0.75,2023-24,Regular Season,CatchShoot
1629670,Jordan Nwora,1610612761,TOR,52,14,38,711.0,34,95,0.358,101,33.0,92.0,0.359,0.532,2023-24,Regular Season,CatchShoot
1629673,Jordan Poole,1610612764,WAS,78,15,63,2346.0,104,299,0.348,308,100.0,286.0,0.35,0.515,2023-24,Regular Season,CatchShoot
1641775,Jordan Walsh,1610612738,BOS,9,9,0,83.0,2,9,0.222,6,2.0,9.0,0.222,0.333,2023-24,Regular Season,CatchShoot
1630631,Jose Alvarado,1610612740,NOP,56,38,18,1028.0,62,166,0.373,186,62.0,166.0,0.373,0.56,2023-24,Regular Season,CatchShoot
1630581,Josh Giddey,1610612760,OKC,80,56,24,2012.0,84,237,0.354,243,75.0,218.0,0.344,0.513,2023-24,Regular Season,CatchShoot
1630182,Josh Green,1610612742,DAL,57,32,25,1505.0,67,174,0.385,201,67.0,173.0,0.387,0.578,2023-24,Regular Season,CatchShoot
1628404,Josh Hart,1610612752,NYK,81,49,32,2707.0,64,195,0.328,190,62.0,189.0,0.328,0.487,2023-24,Regular Season,CatchShoot
1631169,Josh Minott,1610612750,MIN,32,23,9,91.0,4,9,0.444,12,4.0,9.0,0.444,0.667,2023-24,Regular Season,CatchShoot
1629006,Josh Okogie,1610612756,PHX,60,37,23,960.0,26,86,0.302,78,26.0,86.0,0.302,0.453,2023-24,Regular Season,CatchShoot
1626196,Josh Richardson,1610612748,MIA,43,24,19,1103.0,66,176,0.375,194,62.0,170.0,0.365,0.551,2023-24,Regular Season,CatchShoot
1630563,Joshua Primo,1610612746,LAC,2,2,0,10.0,0,1,0.0,0,nan,nan,nan,0.0,2023-24,Regular Season,CatchShoot
201950,Jrue Holiday,1610612738,BOS,69,53,16,2263.0,78,170,0.459,231,75.0,164.0,0.457,0.679,2023-24,Regular Season,CatchShoot
1629308,Juan Toscano-Anderson,1610612758,SAC,11,7,4,53.0,1,4,0.25,3,1.0,4.0,0.25,0.375,2023-24,Regular Season,CatchShoot
1631262,Jules Bernard,1610612764,WAS,19,2,17,149.0,7,20,0.35,21,7.0,19.0,0.368,0.525,2023-24,Regular Season,CatchShoot
1630577,Julian Champagnie,1610612759,SAS,74,19,55,1468.0,91,260,0.35,272,90.0,257.0,0.35,0.523,2023-24,Regular Season,CatchShoot
1641763,Julian Phillips,1610612741,CHI,40,20,20,323.0,13,40,0.325,38,12.0,37.0,0.324,0.475,2023-24,Regular Season,CatchShoot
1631124,Julian Strawther,1610612743,DEN,50,34,16,545.0,34,114,0.298,102,34.0,114.0,0.298,0.447,2023-24,Regular Season,CatchShoot
203944,Julius Randle,1610612752,NYK,46,29,17,1630.0,52,149,0.349,155,51.0,144.0,0.354,0.52,2023-24,Regular Season,CatchShoot
1630551,Justin Champagnie,1610612764,WAS,15,3,12,235.0,11,39,0.282,33,11.0,39.0,0.282,0.423,2023-24,Regular Season,CatchShoot
203200,Justin Holiday,1610612743,DEN,58,38,20,862.0,50,123,0.407,148,48.0,121.0,0.397,0.602,2023-24,Regular Season,CatchShoot
1628382,Justin Jackson,1610612750,MIN,2,2,0,1.0,0,0,nan,0,nan,nan,nan,nan,2023-24,Regular Season,CatchShoot
1631303,Justin Minaya,1610612757,POR,34,3,31,381.0,10,46,0.217,30,10.0,46.0,0.217,0.326,2023-24,Regular Season,CatchShoot
203994,Jusuf Nurkić,1610612756,PHX,76,48,28,2078.0,26,95,0.274,74,22.0,85.0,0.259,0.389,2023-24,Regular Season,CatchShoot
1630231,KJ Martin,1610612755,PHI,60,33,27,746.0,8,28,0.286,24,8.0,28.0,0.286,0.429,2023-24,Regular Season,CatchShoot
1629232,Kaiser Gates,1610612740,NOP,1,0,1,7.0,0,2,0.0,0,0.0,2.0,0.0,0.0,2023-24,Regular Season,CatchShoot
1626157,Karl-Anthony Towns,1610612750,MIN,62,42,20,2026.0,122,288,0.424,362,118.0,276.0,0.428,0.628,2023-24,Regular Season,CatchShoot
202695,Kawhi Leonard,1610612746,LAC,68,44,24,2330.0,96,225,0.427,270,78.0,183.0,0.426,0.6,2023-24,Regular Season,CatchShoot
1631099,Keegan Murray,1610612758,SAC,77,43,34,2589.0,166,450,0.369,494,162.0,432.0,0.375,0.549,2023-24,Regular Season,CatchShoot
1628966,Keita Bates-Diop,1610612751,BKN,53,29,24,665.0,20,62,0.323,60,20.0,62.0,0.323,0.484,2023-24,Regular Season,CatchShoot
1629640,Keldon Johnson,1610612759,SAS,69,17,52,2038.0,104,290,0.359,310,102.0,283.0,0.36,0.534,2023-24,Regular Season,CatchShoot
203482,Kelly Olynyk,1610612761,TOR,78,31,47,1759.0,64,148,0.432,183,55.0,130.0,0.423,0.618,2023-24,Regular Season,CatchShoot
1626162,Kelly Oubre Jr.,1610612755,PHI,68,40,28,2055.0,74,236,0.314,220,72.0,231.0,0.312,0.466,2023-24,Regular Season,CatchShoot
1631112,Kendall Brown,1610612754,IND,15,10,5,63.0,0,3,0.0,0,0.0,2.0,0.0,0.0,2023-24,Regular Season,CatchShoot
1631254,Kenneth Lofton Jr.,1610612762,UTA,21,7,14,198.0,9,30,0.3,24,6.0,21.0,0.286,0.4,2023-24,Regular Season,CatchShoot
1629026,Kenrich Williams,1610612760,OKC,69,49,20,1029.0,54,133,0.406,161,53.0,129.0,0.411,0.605,2023-24,Regular Season,CatchShoot
203484,Kentavious Caldwell-Pope,1610612743,DEN,76,54,22,2402.0,104,260,0.4,306,98.0,247.0,0.397,0.588,2023-24,Regular Season,CatchShoot
1631165,Keon Ellis,1610612758,SAC,57,33,24,978.0,51,119,0.429,152,50.0,118.0,0.424,0.639,2023-24,Regular Season,CatchShoot
1630553,Keon Johnson,1610612751,BKN,5,0,5,61.0,4,6,0.667,12,4.0,5.0,0.8,1.0,2023-24,Regular Season,CatchShoot
1630556,Kessler Edwards,1610612758,SAC,54,32,22,275.0,21,51,0.412,61,19.0,47.0,0.404,0.598,2023-24,Regular Season,CatchShoot
201142,Kevin Durant,1610612756,PHX,75,44,31,2791.0,175,364,0.481,469,119.0,271.0,0.439,0.644,2023-24,Regular Season,CatchShoot
1628989,Kevin Huerter,1610612758,SAC,64,37,27,1562.0,91,262,0.347,273,91.0,261.0,0.349,0.521,2023-24,Regular Season,CatchShoot
1628995,Kevin Knox II,1610612757,POR,31,4,27,560.0,30,87,0.345,89,29.0,84.0,0.345,0.511,2023-24,Regular Season,CatchShoot
201567,Kevin Love,1610612748,MIA,55,31,24,924.0,73,216,0.338,217,71.0,211.0,0.336,0.502,2023-24,Regular Season,CatchShoot
1630284,Kevon Harris,1610612753,ORL,2,1,1,6.0,0,0,nan,0,nan,nan,nan,nan,2023-24,Regular Season,CatchShoot
1626172,Kevon Looney,1610612744,GSW,74,43,31,1194.0,6,11,0.545,12,nan,nan,nan,0.545,2023-24,Regular Season,CatchShoot
1641749,Keyontae Johnson,1610612760,OKC,9,7,2,66.0,1,3,0.333,3,1.0,3.0,0.333,0.5,2023-24,Regular Season,CatchShoot
1641718,Keyonte George,1610612762,UTA,75,27,48,2023.0,71,228,0.311,213,71.0,224.0,0.317,0.467,2023-24,Regular Season,CatchShoot
203114,Khris Middleton,1610612749,MIL,55,31,24,1487.0,65,149,0.436,182,52.0,128.0,0.406,0.611,2023-24,Regular Season,CatchShoot
1630165,Killian Hayes,1610612765,DET,42,7,35,1008.0,20,67,0.299,57,17.0,58.0,0.293,0.425,2023-24,Regular Season,CatchShoot
1630184,Kira Lewis Jr.,1610612762,UTA,28,10,18,264.0,3,24,0.125,9,3.0,24.0,0.125,0.188,2023-24,Regular Season,CatchShoot
202691,Klay Thompson,1610612744,GSW,77,41,36,2284.0,228,593,0.384,663,207.0,543.0,0.381,0.559,2023-24,Regular Season,CatchShoot
1641738,Kobe Brown,1610612746,LAC,44,27,17,394.0,12,44,0.273,36,12.0,44.0,0.273,0.409,2023-24,Regular Season,CatchShoot
1641723,Kobe Bufkin,1610612737,ATL,17,8,9,196.0,4,24,0.167,12,4.0,23.0,0.174,0.25,2023-24,Regular Season,CatchShoot
1628424,Kobi Simmons,1610612761,TOR,4,0,4,67.0,1,7,0.143,3,1.0,7.0,0.143,0.214,2023-24,Regular Season,CatchShoot
1627739,Kris Dunn,1610612762,UTA,66,25,41,1249.0,37,97,0.381,111,37.0,96.0,0.385,0.572,2023-24,Regular Season,CatchShoot
1631200,Kris Murray,1610612757,POR,62,12,50,1348.0,44,161,0.273,132,44.0,158.0,0.278,0.41,2023-24,Regular Season,CatchShoot
204001,Kristaps Porziņģis,1610612738,BOS,57,43,14,1690.0,126,303,0.416,358,106.0,273.0,0.388,0.591,2023-24,Regular Season,CatchShoot
203937,Kyle Anderson,1610612750,MIN,79,55,24,1782.0,21,58,0.362,52,10.0,40.0,0.25,0.448,2023-24,Regular Season,CatchShoot
1628398,Kyle Kuzma,1610612764,WAS,70,13,57,2281.0,110,321,0.343,324,104.0,293.0,0.355,0.505,2023-24,Regular Season,CatchShoot
200768,Kyle Lowry,1610612755,PHI,60,32,28,1690.0,64,157,0.408,191,63.0,155.0,0.406,0.608,2023-24,Regular Season,CatchShoot
202681,Kyrie Irving,1610612742,DAL,58,39,19,2030.0,89,203,0.438,257,79.0,188.0,0.42,0.633,2023-24,Regular Season,CatchShoot
1630163,LaMelo Ball,1610612766,CHA,22,7,15,711.0,37,101,0.366,109,35.0,98.0,0.357,0.54,2023-24,Regular Season,CatchShoot
1630205,Lamar Stevens,1610612763,MEM,38,22,16,559.0,20,55,0.364,54,14.0,43.0,0.326,0.491,2023-24,Regular Season,CatchShoot
1629013,Landry Shamet,1610612764,WAS,46,6,40,726.0,47,127,0.37,140,46.0,123.0,0.374,0.551,2023-24,Regular Season,CatchShoot
1626204,Larry Nance Jr.,1610612740,NOP,61,34,27,1216.0,33,75,0.44,92,26.0,61.0,0.426,0.613,2023-24,Regular Season,CatchShoot
1628374,Lauri Markkanen,1610612762,UTA,55,22,33,1820.0,175,421,0.416,518,168.0,406.0,0.414,0.615,2023-24,Regular Season,CatchShoot
2544,LeBron James,1610612747,LAL,71,41,30,2504.0,94,203,0.463,275,87.0,184.0,0.473,0.677,2023-24,Regular Season,CatchShoot
1641778,Leaky Black,1610612766,CHA,26,2,24,284.0,9,20,0.45,27,9.0,20.0,0.45,0.675,2023-24,Regular Season,CatchShoot
1631159,Leonard Miller,1610612750,MIN,17,13,4,52.0,2,6,0.333,6,2.0,5.0,0.4,0.5,2023-24,Regular Season,CatchShoot
1631311,Lester Quinones,1610612744,GSW,37,24,13,394.0,24,62,0.387,71,23.0,61.0,0.377,0.573,2023-24,Regular Season,CatchShoot
1629623,Lindell Wigginton,1610612749,MIL,3,3,0,8.0,0,2,0.0,0,0.0,2.0,0.0,0.0,2023-24,Regular Season,CatchShoot
1630322,Lindy Waters III,1610612760,OKC,38,25,13,280.0,32,67,0.478,93,29.0,64.0,0.453,0.694,2023-24,Regular Season,CatchShoot
1629022,Lonnie Walker IV,1610612751,BKN,58,23,35,1011.0,69,171,0.404,205,67.0,169.0,0.396,0.599,2023-24,Regular Season,CatchShoot
1629652,Luguentz Dort,1610612760,OKC,79,54,25,2246.0,142,360,0.394,425,141.0,353.0,0.399,0.59,2023-24,Regular Season,CatchShoot
1629029,Luka Dončić,1610612742,DAL,70,46,24,2624.0,52,143,0.364,155,51.0,135.0,0.378,0.542,2023-24,Regular Season,CatchShoot
1630568,Luka Garza,1610612750,MIN,25,17,8,122.0,9,31,0.29,26,8.0,30.0,0.267,0.419,2023-24,Regular Season,CatchShoot
1629677,Luka Samanic,1610612762,UTA,43,15,28,404.0,13,59,0.22,39,13.0,58.0,0.224,0.331,2023-24,Regular Season,CatchShoot
1628379,Luke Kennard,1610612763,MEM,39,15,24,999.0,93,192,0.484,278,92.0,189.0,0.487,0.724,2023-24,Regular Season,CatchShoot
1628436,Luke Kornet,1610612738,BOS,63,48,15,983.0,1,1,1.0,3,1.0,1.0,1.0,1.5,2023-24,Regular Season,CatchShoot
1630201,Malachi Flynn,1610612765,DET,69,28,41,877.0,31,93,0.333,93,31.0,93.0,0.333,0.5,2023-24,Regular Season,CatchShoot
1631103,Malaki Branham,1610612759,SAS,75,18,57,1594.0,81,223,0.363,239,77.0,213.0,0.362,0.536,2023-24,Regular Season,CatchShoot
1627763,Malcolm Brogdon,1610612757,POR,39,15,24,1121.0,59,115,0.513,177,59.0,114.0,0.518,0.77,2023-24,Regular Season,CatchShoot
1630608,Malcolm Cazalon,1610612765,DET,1,0,1,3.0,0,0,nan,0,nan,nan,nan,nan,2023-24,Regular Season,CatchShoot
1627736,Malik Beasley,1610612749,MIL,79,46,33,2337.0,179,424,0.422,537,179.0,422.0,0.424,0.633,2023-24,Regular Season,CatchShoot
1628370,Malik Monk,1610612758,SAC,72,42,30,1872.0,91,247,0.368,272,90.0,244.0,0.369,0.551,2023-24,Regular Season,CatchShoot
1642013,Malik Williams,1610612761,TOR,7,2,5,107.0,1,12,0.083,3,1.0,5.0,0.2,0.125,2023-24,Regular Season,CatchShoot
1629603,Mamadi Diakite,1610612752,NYK,6,5,1,24.0,1,2,0.5,2,0.0,1.0,0.0,0.5,2023-24,Regular Season,CatchShoot
1641970,Maozinha Pereira,1610612763,MEM,7,2,5,122.0,5,12,0.417,15,5.0,12.0,0.417,0.625,2023-24,Regular Season,CatchShoot
1630699,MarJon Beauchamp,1610612749,MIL,48,30,18,608.0,25,52,0.481,74,24.0,50.0,0.48,0.712,2023-24,Regular Season,CatchShoot
202694,Marcus Morris Sr.,1610612739,CLE,49,26,23,817.0,47,110,0.427,137,43.0,100.0,0.43,0.623,2023-24,Regular Season,CatchShoot
1631204,Marcus Sasser,1610612765,DET,71,11,60,1351.0,36,99,0.364,106,34.0,94.0,0.362,0.535,2023-24,Regular Season,CatchShoot
203935,Marcus Smart,1610612763,MEM,20,7,13,605.0,36,104,0.346,107,35.0,103.0,0.34,0.514,2023-24,Regular Season,CatchShoot
1631109,Mark Williams,1610612766,CHA,19,7,12,508.0,1,5,0.2,2,nan,nan,nan,0.2,2023-24,Regular Season,CatchShoot
1628365,Markelle Fultz,1610612753,ORL,43,25,18,910.0,7,19,0.368,18,4.0,14.0,0.286,0.474,2023-24,Regular Season,CatchShoot
202693,Markieff Morris,1610612742,DAL,26,15,11,216.0,12,38,0.316,34,10.0,35.0,0.286,0.447,2023-24,Regular Season,CatchShoot
1641806,Markquis Nowell,1610612761,TOR,1,0,1,4.0,0,0,nan,0,nan,nan,nan,nan,2023-24,Regular Season,CatchShoot
1629716,Marques Bolden,1610612766,CHA,11,5,6,121.0,2,4,0.5,4,0.0,1.0,0.0,0.5,2023-24,Regular Season,CatchShoot
1628963,Marvin Bagley III,1610612764,WAS,50,7,43,1053.0,21,49,0.429,51,9.0,22.0,0.409,0.52,2023-24,Regular Season,CatchShoot
1630222,Mason Jones,1610612758,SAC,5,3,2,28.0,2,3,0.667,6,2.0,3.0,0.667,1.0,2023-24,Regular Season,CatchShoot
203486,Mason Plumlee,1610612746,LAC,46,29,17,674.0,0,6,0.0,0,0.0,5.0,0.0,0.0,2023-24,Regular Season,CatchShoot
1629680,Matisse Thybulle,1610612757,POR,65,18,47,1487.0,74,206,0.359,222,74.0,204.0,0.363,0.539,2023-24,Regular Season,CatchShoot
1630562,Matt Hurt,1610612763,MEM,8,2,6,113.0,6,22,0.273,16,4.0,18.0,0.222,0.364,2023-24,Regular Season,CatchShoot
1630346,Matt Ryan,1610612740,NOP,28,14,14,390.0,39,85,0.459,115,37.0,82.0,0.451,0.676,2023-24,Regular Season,CatchShoot
1631108,Max Christie,1610612747,LAL,67,38,29,944.0,38,95,0.4,113,37.0,94.0,0.394,0.595,2023-24,Regular Season,CatchShoot
1629622,Max Strus,1610612739,CLE,70,43,27,2239.0,157,428,0.367,468,154.0,423.0,0.364,0.547,2023-24,Regular Season,CatchShoot
1628467,Maxi Kleber,1610612742,DAL,43,27,16,871.0,33,94,0.351,98,32.0,88.0,0.364,0.521,2023-24,Regular Season,CatchShoot
1641721,Maxwell Lewis,1610612747,LAL,34,18,16,103.0,0,3,0.0,0,0.0,3.0,0.0,0.0,2023-24,Regular Season,CatchShoot
1630695,Micah Potter,1610612762,UTA,16,3,13,186.0,8,19,0.421,24,8.0,19.0,0.421,0.632,2023-24,Regular Season,CatchShoot
1629008,Michael Porter Jr.,1610612743,DEN,81,57,24,2565.0,208,464,0.448,588,172.0,401.0,0.429,0.634,2023-24,Regular Season,CatchShoot
1628969,Mikal Bridges,1610612751,BKN,82,32,50,2854.0,177,457,0.387,525,171.0,444.0,0.385,0.574,2023-24,Regular Season,CatchShoot
201144,Mike Conley,1610612750,MIN,76,53,23,2193.0,86,200,0.43,256,84.0,197.0,0.426,0.64,2023-24,Regular Season,CatchShoot
203488,Mike Muscala,1610612760,OKC,53,17,36,600.0,31,104,0.298,89,27.0,89.0,0.303,0.428,2023-24,Regular Season,CatchShoot
1628970,Miles Bridges,1610612766,CHA,69,17,52,2581.0,115,298,0.386,339,109.0,285.0,0.382,0.569,2023-24,Regular Season,CatchShoot
1630540,Miles McBride,1610612752,NYK,68,42,26,1328.0,80,192,0.417,239,79.0,187.0,0.422,0.622,2023-24,Regular Season,CatchShoot
1629011,Mitchell Robinson,1610612752,NYK,31,19,12,768.0,0,0,nan,0,nan,nan,nan,nan,2023-24,Regular Season,CatchShoot
1628964,Mo Bamba,1610612755,PHI,57,30,27,740.0,27,68,0.397,79,25.0,60.0,0.417,0.581,2023-24,Regular Season,CatchShoot
1628420,Monte Morris,1610612750,MIN,33,21,12,476.0,26,54,0.481,76,24.0,52.0,0.462,0.704,2023-24,Regular Season,CatchShoot
1629021,Moritz Wagner,1610612753,ORL,80,46,34,1415.0,40,117,0.342,116,36.0,111.0,0.324,0.496,2023-24,Regular Season,CatchShoot
1629650,Moses Brown,1610612757,POR,22,4,18,200.0,0,1,0.0,0,nan,nan,nan,0.0,2023-24,Regular Season,CatchShoot
1630541,Moses Moody,1610612744,GSW,66,38,28,1156.0,61,176,0.347,181,59.0,169.0,0.349,0.514,2023-24,Regular Season,CatchShoot
1631338,Mouhamadou Gueye,1610612761,TOR,11,0,11,120.0,0,3,0.0,0,0.0,2.0,0.0,0.0,2023-24,Regular Season,CatchShoot
1631243,Mouhamed Gueye,1610612737,ATL,6,2,4,73.0,3,9,0.333,9,3.0,9.0,0.333,0.5,2023-24,Regular Season,CatchShoot
1631217,Moussa Diabaté,1610612746,LAC,11,7,4,64.0,0,2,0.0,0,nan,nan,nan,0.0,2023-24,Regular Season,CatchShoot
1626167,Myles Turner,1610612754,IND,77,45,32,2076.0,162,380,0.426,438,114.0,304.0,0.375,0.576,2023-24,Regular Season,CatchShoot
1630230,Naji Marshall,1610612740,NOP,66,41,25,1257.0,56,140,0.4,165,53.0,134.0,0.396,0.589,2023-24,Regular Season,CatchShoot
1629642,Nassir Little,1610612756,PHX,45,28,17,458.0,19,62,0.306,57,19.0,62.0,0.306,0.46,2023-24,Regular Season,CatchShoot
1630207,Nate Hinton,1610612745,HOU,15,8,7,75.0,3,9,0.333,9,3.0,9.0,0.333,0.5,2023-24,Regular Season,CatchShoot
1631466,Nate Williams,1610612745,HOU,22,11,11,129.0,2,6,0.333,6,2.0,5.0,0.4,0.5,2023-24,Regular Season,CatchShoot
1641877,Nathan Mensah,1610612766,CHA,25,3,22,307.0,1,1,1.0,2,nan,nan,nan,1.0,2023-24,Regular Season,CatchShoot
1629675,Naz Reid,1610612750,MIN,81,56,25,1964.0,167,394,0.424,499,165.0,392.0,0.421,0.633,2023-24,Regular Season,CatchShoot
1629674,Neemias Queta,1610612738,BOS,28,24,4,333.0,2,2,1.0,4,nan,nan,nan,1.0,2023-24,Regular Season,CatchShoot
1629651,Nic Claxton,1610612751,BKN,71,27,44,2116.0,11,26,0.423,23,1.0,4.0,0.25,0.442,2023-24,Regular Season,CatchShoot
1630208,Nick Richards,1610612766,CHA,67,14,53,1759.0,5,18,0.278,10,0.0,1.0,0.0,0.278,2023-24,Regular Season,CatchShoot
1641733,Nick Smith Jr.,1610612766,CHA,51,9,42,729.0,52,112,0.464,154,50.0,107.0,0.467,0.688,2023-24,Regular Season,CatchShoot
1629638,Nickeil Alexander-Walker,1610612750,MIN,82,56,26,1921.0,110,265,0.415,330,110.0,264.0,0.417,0.623,2023-24,Regular Season,CatchShoot
201587,Nicolas Batum,1610612755,PHI,60,36,24,1530.0,73,177,0.412,213,67.0,167.0,0.401,0.602,2023-24,Regular Season,CatchShoot
203999,Nikola Jokić,1610612743,DEN,79,55,24,2737.0,113,258,0.438,288,62.0,165.0,0.376,0.558,2023-24,Regular Season,CatchShoot
1631107,Nikola Jović,1610612748,MIA,46,24,22,896.0,56,141,0.397,165,53.0,136.0,0.39,0.585,2023-24,Regular Season,CatchShoot
202696,Nikola Vučević,1610612741,CHI,76,36,40,2610.0,177,492,0.36,443,89.0,306.0,0.291,0.45,2023-24,Regular Season,CatchShoot
1641730,Noah Clowney,1610612751,BKN,23,10,13,370.0,11,31,0.355,32,10.0,28.0,0.357,0.516,2023-24,Regular Season,CatchShoot
1626181,Norman Powell,1610612746,LAC,76,48,28,1990.0,132,267,0.494,393,129.0,260.0,0.496,0.736,2023-24,Regular Season,CatchShoot
1628384,OG Anunoby,1610612752,NYK,50,31,19,1702.0,93,232,0.401,278,92.0,229.0,0.402,0.599,2023-24,Regular Season,CatchShoot
1630167,Obi Toppin,1610612754,IND,82,47,35,1731.0,94,228,0.412,280,92.0,225.0,0.409,0.614,2023-24,Regular Season,CatchShoot
1630534,Ochai Agbaji,1610612761,TOR,78,31,47,1642.0,53,183,0.29,158,52.0,180.0,0.289,0.432,2023-24,Regular Season,CatchShoot
1630846,Olivier Sarr,1610612760,OKC,15,8,7,98.0,2,6,0.333,6,2.0,6.0,0.333,0.5,2023-24,Regular Season,CatchShoot
1641765,Olivier-Maxence Prosper,1610612742,DAL,40,24,16,336.0,12,43,0.279,36,12.0,42.0,0.286,0.419,2023-24,Regular Season,CatchShoot
1630209,Omer Yurtseven,1610612762,UTA,48,17,31,545.0,9,31,0.29,23,5.0,23.0,0.217,0.371,2023-24,Regular Season,CatchShoot
1641931,Onuralp Bitim,1610612741,CHI,23,11,12,268.0,9,36,0.25,27,9.0,36.0,0.25,0.375,2023-24,Regular Season,CatchShoot
1630168,Onyeka Okongwu,1610612737,ATL,55,23,32,1405.0,30,79,0.38,83,23.0,69.0,0.333,0.525,2023-24,Regular Season,CatchShoot
1631115,Orlando Robinson,1610612748,MIA,36,20,16,304.0,9,21,0.429,26,8.0,15.0,0.533,0.619,2023-24,Regular Season,CatchShoot
1631131,Oscar Tshiebwe,1610612754,IND,8,2,6,42.0,1,2,0.5,2,nan,nan,nan,0.5,2023-24,Regular Season,CatchShoot
1629052,Oshae Brissett,1610612738,BOS,55,46,9,630.0,15,50,0.3,45,15.0,48.0,0.313,0.45,2023-24,Regular Season,CatchShoot
203490,Otto Porter Jr.,1610612761,TOR,15,6,9,174.0,9,23,0.391,26,8.0,22.0,0.364,0.565,2023-24,Regular Season,CatchShoot
1631172,Ousmane Dieng,1610612760,OKC,33,21,12,365.0,21,59,0.356,62,20.0,58.0,0.345,0.525,2023-24,Regular Season,CatchShoot
200782,P.J. Tucker,1610612746,LAC,31,13,18,486.0,13,36,0.361,38,12.0,34.0,0.353,0.528,2023-24,Regular Season,CatchShoot
1629023,P.J. Washington,1610612742,DAL,73,30,43,2221.0,124,363,0.342,366,118.0,354.0,0.333,0.504,2023-24,Regular Season,CatchShoot
1631094,Paolo Banchero,1610612753,ORL,80,46,34,2799.0,59,157,0.376,169,51.0,140.0,0.364,0.538,2023-24,Regular Season,CatchShoot
1627783,Pascal Siakam,1610612754,IND,80,38,42,2658.0,87,238,0.366,255,81.0,223.0,0.363,0.536,2023-24,Regular Season,CatchShoot
1626192,Pat Connaughton,1610612749,MIL,76,45,31,1676.0,71,213,0.333,213,71.0,213.0,0.333,0.5,2023-24,Regular Season,CatchShoot
1630311,Pat Spencer,1610612744,GSW,6,4,2,26.0,0,2,0.0,0,0.0,2.0,0.0,0.0,2023-24,Regular Season,CatchShoot
1631116,Patrick Baldwin Jr.,1610612764,WAS,38,6,32,494.0,30,87,0.345,90,30.0,85.0,0.353,0.517,2023-24,Regular Season,CatchShoot
201976,Patrick Beverley,1610612749,MIL,73,43,30,1463.0,45,134,0.336,135,45.0,130.0,0.346,0.504,2023-24,Regular Season,CatchShoot
1630172,Patrick Williams,1610612741,CHI,43,19,24,1174.0,52,134,0.388,156,52.0,134.0,0.388,0.582,2023-24,Regular Season,CatchShoot
201988,Patty Mills,1610612748,MIA,32,15,17,415.0,20,72,0.278,59,19.0,70.0,0.271,0.41,2023-24,Regular Season,CatchShoot
202331,Paul George,1610612746,LAC,74,48,26,2502.0,170,367,0.463,488,148.0,326.0,0.454,0.665,2023-24,Regular Season,CatchShoot
1630194,Paul Reed,1610612755,PHI,82,47,35,1590.0,43,98,0.439,103,17.0,49.0,0.347,0.526,2023-24,Regular Season,CatchShoot
1630202,Payton Pritchard,1610612738,BOS,82,64,18,1826.0,115,274,0.42,340,110.0,263.0,0.418,0.62,2023-24,Regular Season,CatchShoot
1631250,Pete Nance,1610612739,CLE,8,3,5,27.0,1,1,1.0,3,1.0,1.0,1.0,1.5,2023-24,Regular Season,CatchShoot
1631212,Peyton Watson,1610612743,DEN,80,56,24,1488.0,46,144,0.319,132,40.0,132.0,0.303,0.458,2023-24,Regular Season,CatchShoot
1630173,Precious Achiuwa,1610612752,NYK,74,40,34,1624.0,27,98,0.276,79,25.0,92.0,0.272,0.403,2023-24,Regular Season,CatchShoot
1629656,Quentin Grimes,1610612765,DET,51,32,19,1025.0,66,187,0.353,197,65.0,185.0,0.351,0.527,2023-24,Regular Season,CatchShoot
1631245,Quenton Jackson,1610612754,IND,3,3,0,11.0,0,0,nan,0,nan,nan,nan,nan,2023-24,Regular Season,CatchShoot
1630181,R.J. Hampton,1610612748,MIA,8,3,5,76.0,1,8,0.125,3,1.0,8.0,0.125,0.188,2023-24,Regular Season,CatchShoot
1629628,RJ Barrett,1610612761,TOR,58,26,32,1838.0,90,237,0.38,266,86.0,231.0,0.372,0.561,2023-24,Regular Season,CatchShoot
1630564,RaiQuan Gray,1610612759,SAS,3,2,1,39.0,3,7,0.429,9,3.0,7.0,0.429,0.643,2023-24,Regular Season,CatchShoot
1641712,Rayan Rupert,1610612757,POR,39,7,32,633.0,21,63,0.333,63,21.0,60.0,0.35,0.5,2023-24,Regular Season,CatchShoot
203493,Reggie Bullock Jr.,1610612745,HOU,44,24,20,417.0,23,61,0.377,68,22.0,58.0,0.379,0.557,2023-24,Regular Season,CatchShoot
202704,Reggie Jackson,1610612743,DEN,82,57,25,1817.0,66,163,0.405,197,65.0,162.0,0.401,0.604,2023-24,Regular Season,CatchShoot
1626158,Richaun Holmes,1610612764,WAS,40,13,27,554.0,3,8,0.375,7,1.0,3.0,0.333,0.438,2023-24,Regular Season,CatchShoot
1641741,Ricky Council IV,1610612755,PHI,32,15,17,289.0,10,26,0.385,30,10.0,26.0,0.385,0.577,2023-24,Regular Season,CatchShoot
203496,Robert Covington,1610612755,PHI,29,20,9,488.0,16,51,0.314,48,16.0,50.0,0.32,0.471,2023-24,Regular Season,CatchShoot
1629057,Robert Williams III,1610612757,POR,6,2,4,119.0,0,1,0.0,0,nan,nan,nan,0.0,2023-24,Regular Season,CatchShoot
201577,Robin Lopez,1610612749,MIL,16,10,6,65.0,2,8,0.25,6,2.0,8.0,0.25,0.375,2023-24,Regular Season,CatchShoot
1631199,Ron Harper Jr.,1610612761,TOR,1,1,0,4.0,0,0,nan,0,nan,nan,nan,nan,2023-24,Regular Season,CatchShoot
1626220,Royce O'Neale,1610612756,PHX,79,38,41,1954.0,123,326,0.377,369,123.0,325.0,0.378,0.566,2023-24,Regular Season,CatchShoot
203497,Rudy Gobert,1610612750,MIN,76,53,23,2593.0,11,30,0.367,22,0.0,3.0,0.0,0.367,2023-24,Regular Season,CatchShoot
1629060,Rui Hachimura,1610612747,LAL,68,40,28,1825.0,109,245,0.445,311,93.0,223.0,0.417,0.635,2023-24,Regular Season,CatchShoot
201566,Russell Westbrook,1610612746,LAC,68,45,23,1529.0,30,117,0.256,88,28.0,113.0,0.248,0.376,2023-24,Regular Season,CatchShoot
1627853,Ryan Arcidiacono,1610612752,NYK,20,15,5,45.0,0,5,0.0,0,0.0,5.0,0.0,0.0,2023-24,Regular Season,CatchShoot
1631157,Ryan Rollins,1610612749,MIL,13,1,12,78.0,2,3,0.667,6,2.0,3.0,0.667,1.0,2023-24,Regular Season,CatchShoot
1630240,Saben Lee,1610612756,PHX,24,15,9,185.0,2,11,0.182,6,2.0,11.0,0.182,0.273,2023-24,Regular Season,CatchShoot
1630180,Saddiq Bey,1610612737,ATL,63,28,35,2062.0,93,286,0.325,276,90.0,281.0,0.32,0.483,2023-24,Regular Season,CatchShoot
1630573,Sam Hauser,1610612738,BOS,79,62,17,1741.0,179,420,0.426,535,177.0,416.0,0.425,0.637,2023-24,Regular Season,CatchShoot
1630241,Sam Merrill,1610612739,CLE,61,36,25,1069.0,120,276,0.435,360,120.0,274.0,0.438,0.652,2023-24,Regular Season,CatchShoot
1630572,Sandro Mamukelashvili,1610612759,SAS,46,12,34,451.0,16,58,0.276,47,15.0,56.0,0.268,0.405,2023-24,Regular Season,CatchShoot
1630583,Santi Aldama,1610612763,MEM,61,23,38,1618.0,97,270,0.359,290,96.0,266.0,0.361,0.537,2023-24,Regular Season,CatchShoot
1628426,Sasha Vezenkov,1610612758,SAC,42,22,20,511.0,42,111,0.378,124,40.0,106.0,0.377,0.559,2023-24,Regular Season,CatchShoot
1630703,Scoot Henderson,1610612757,POR,62,18,44,1765.0,36,120,0.3,108,36.0,118.0,0.305,0.45,2023-24,Regular Season,CatchShoot
1630567,Scottie Barnes,1610612761,TOR,60,22,38,2094.0,99,253,0.391,287,89.0,231.0,0.385,0.567,2023-24,Regular Season,CatchShoot
1630590,Scotty Pippen Jr.,1610612763,MEM,21,5,16,527.0,23,52,0.442,68,22.0,51.0,0.431,0.654,2023-24,Regular Season,CatchShoot
203552,Seth Curry,1610612766,CHA,44,25,19,615.0,34,91,0.374,99,31.0,87.0,0.356,0.544,2023-24,Regular Season,CatchShoot
1641754,Seth Lundy,1610612737,ATL,9,2,7,52.0,3,13,0.231,9,3.0,13.0,0.231,0.346,2023-24,Regular Season,CatchShoot
1631101,Shaedon Sharpe,1610612757,POR,32,8,24,1059.0,29,76,0.382,86,28.0,71.0,0.394,0.566,2023-24,Regular Season,CatchShoot
1628983,Shai Gilgeous-Alexander,1610612760,OKC,75,55,20,2553.0,31,84,0.369,88,26.0,75.0,0.347,0.524,2023-24,Regular Season,CatchShoot
1629003,Shake Milton,1610612752,NYK,48,32,16,581.0,16,50,0.32,46,14.0,47.0,0.298,0.46,2023-24,Regular Season,CatchShoot
1627885,Shaquille Harrison,1610612763,MEM,3,1,2,6.0,0,0,nan,0,nan,nan,nan,nan,2023-24,Regular Season,CatchShoot
1631321,Sidy Cissoko,1610612759,SAS,12,5,7,141.0,1,12,0.083,3,1.0,12.0,0.083,0.125,2023-24,Regular Season,CatchShoot
1631323,Simone Fontecchio,1610612765,DET,66,29,37,1644.0,122,298,0.409,364,120.0,296.0,0.405,0.611,2023-24,Regular Season,CatchShoot
1630219,Skylar Mays,1610612747,LAL,38,14,24,433.0,12,40,0.3,36,12.0,40.0,0.3,0.45,2023-24,Regular Season,CatchShoot
203915,Spencer Dinwiddie,1610612747,LAL,76,38,38,2152.0,84,222,0.378,252,84.0,221.0,0.38,0.568,2023-24,Regular Season,CatchShoot
1630649,Stanley Umude,1610612765,DET,24,4,20,307.0,22,48,0.458,66,22.0,48.0,0.458,0.688,2023-24,Regular Season,CatchShoot
201939,Stephen Curry,1610612744,GSW,74,43,31,2422.0,190,420,0.452,561,181.0,404.0,0.448,0.668,2023-24,Regular Season,CatchShoot
1629004,Svi Mykhailiuk,1610612738,BOS,41,32,9,413.0,29,81,0.358,87,29.0,81.0,0.358,0.537,2023-24,Regular Season,CatchShoot
204456,T.J. McConnell,1610612754,IND,71,40,31,1291.0,24,45,0.533,59,11.0,28.0,0.393,0.656,2023-24,Regular Season,CatchShoot
203933,T.J. Warren,1610612750,MIN,11,7,4,125.0,4,15,0.267,9,1.0,12.0,0.083,0.3,2023-24,Regular Season,CatchShoot
201959,Taj Gibson,1610612765,DET,20,8,12,205.0,6,14,0.429,14,2.0,8.0,0.25,0.5,2023-24,Regular Season,CatchShoot
1629659,Talen Horton-Tucker,1610612762,UTA,51,14,37,1009.0,39,107,0.364,117,39.0,107.0,0.364,0.547,2023-24,Regular Season,CatchShoot
1631106,Tari Eason,1610612745,HOU,22,12,10,480.0,21,58,0.362,60,18.0,48.0,0.375,0.517,2023-24,Regular Season,CatchShoot
1627752,Taurean Prince,1610612747,LAL,78,44,34,2108.0,114,289,0.394,342,114.0,288.0,0.396,0.592,2023-24,Regular Season,CatchShoot
1641707,Taylor Hendricks,1610612762,UTA,40,13,27,856.0,51,132,0.386,153,51.0,131.0,0.389,0.58,2023-24,Regular Season,CatchShoot
1631386,Taze Moore,1610612757,POR,4,1,3,40.0,1,8,0.125,3,1.0,7.0,0.143,0.188,2023-24,Regular Season,CatchShoot
1629611,Terance Mann,1610612746,LAC,75,47,28,1873.0,57,166,0.343,171,57.0,164.0,0.348,0.515,2023-24,Regular Season,CatchShoot
1631173,Terquavion Smith,1610612755,PHI,16,8,8,84.0,11,24,0.458,33,11.0,24.0,0.458,0.688,2023-24,Regular Season,CatchShoot
1626179,Terry Rozier,1610612748,MIA,61,22,39,2040.0,64,185,0.346,191,63.0,181.0,0.348,0.516,2023-24,Regular Season,CatchShoot
1630678,Terry Taylor,1610612741,CHI,31,12,19,188.0,2,8,0.25,6,2.0,8.0,0.25,0.375,2023-24,Regular Season,CatchShoot
201152,Thaddeus Young,1610612756,PHX,33,12,21,440.0,3,10,0.3,7,1.0,7.0,0.143,0.35,2023-24,Regular Season,CatchShoot
203648,Thanasis Antetokounmpo,1610612749,MIL,34,21,13,155.0,0,0,nan,0,0.0,0.0,nan,nan,2023-24,Regular Season,CatchShoot
1630177,Theo Maledon,1610612756,PHX,17,5,12,213.0,4,22,0.182,12,4.0,22.0,0.182,0.273,2023-24,Regular Season,CatchShoot
1628418,Thomas Bryant,1610612748,MIA,38,22,16,441.0,7,26,0.269,18,4.0,17.0,0.235,0.346,2023-24,Regular Season,CatchShoot
203501,Tim Hardaway Jr.,1610612742,DAL,79,49,30,2120.0,151,427,0.354,444,142.0,402.0,0.353,0.52,2023-24,Regular Season,CatchShoot
1641851,Timmy Allen,1610612763,MEM,5,0,5,125.0,0,7,0.0,0,0.0,7.0,0.0,0.0,2023-24,Regular Season,CatchShoot
202699,Tobias Harris,1610612755,PHI,70,41,29,2368.0,80,213,0.376,233,73.0,200.0,0.365,0.547,2023-24,Regular Season,CatchShoot
1628470,Torrey Craig,1610612741,CHI,53,22,31,1049.0,53,140,0.379,156,50.0,134.0,0.373,0.557,2023-24,Regular Season,CatchShoot
1641787,Tosan Evbuomwan,1610612765,DET,17,1,16,367.0,12,32,0.375,36,12.0,32.0,0.375,0.563,2023-24,Regular Season,CatchShoot
1641739,Toumani Camara,1610612757,POR,70,19,51,1739.0,52,156,0.333,156,52.0,156.0,0.333,0.5,2023-24,Regular Season,CatchShoot
1629027,Trae Young,1610612737,ATL,54,22,32,1942.0,45,114,0.395,132,42.0,108.0,0.389,0.579,2023-24,Regular Season,CatchShoot
1631218,Trayce Jackson-Davis,1610612744,GSW,68,39,29,1130.0,1,2,0.5,2,0.0,0.0,nan,0.5,2023-24,Regular Season,CatchShoot
1630200,Tre Jones,1610612759,SAS,77,21,56,2138.0,56,150,0.373,166,54.0,147.0,0.367,0.553,2023-24,Regular Season,CatchShoot
1630544,Tre Mann,1610612766,CHA,41,21,20,987.0,26,64,0.406,78,26.0,64.0,0.406,0.609,2023-24,Regular Season,CatchShoot
1630570,Trendon Watford,1610612751,BKN,63,25,38,857.0,24,61,0.393,71,23.0,58.0,0.397,0.582,2023-24,Regular Season,CatchShoot
1630235,Trent Forrest,1610612737,ATL,38,18,20,414.0,2,6,0.333,6,2.0,6.0,0.333,0.5,2023-24,Regular Season,CatchShoot
1630243,Trevelin Queen,1610612753,ORL,14,5,9,165.0,2,9,0.222,6,2.0,9.0,0.222,0.333,2023-24,Regular Season,CatchShoot
1641998,Trey Jemison III,1610612763,MEM,25,5,20,574.0,2,6,0.333,4,nan,nan,nan,0.333,2023-24,Regular Season,CatchShoot
1626168,Trey Lyles,1610612758,SAC,58,33,25,1158.0,82,207,0.396,246,82.0,205.0,0.4,0.594,2023-24,Regular Season,CatchShoot
1630530,Trey Murphy III,1610612740,NOP,57,35,22,1690.0,131,347,0.378,392,130.0,344.0,0.378,0.565,2023-24,Regular Season,CatchShoot
202684,Tristan Thompson,1610612739,CLE,49,28,21,549.0,0,0,nan,0,0.0,0.0,nan,nan,2023-24,Regular Season,CatchShoot
1641774,Tristan Vukcevic,1610612764,WAS,10,3,7,153.0,10,35,0.286,28,8.0,31.0,0.258,0.4,2023-24,Regular Season,CatchShoot
1628972,Troy Brown Jr.,1610612765,DET,59,30,29,827.0,43,122,0.352,127,41.0,120.0,0.342,0.52,2023-24,Regular Season,CatchShoot
1629660,Ty Jerome,1610612739,CLE,2,1,1,15.0,0,1,0.0,0,0.0,1.0,0.0,0.0,2023-24,Regular Season,CatchShoot
1631102,TyTy Washington Jr.,1610612749,MIL,11,5,6,56.0,2,5,0.4,6,2.0,5.0,0.4,0.6,2023-24,Regular Season,CatchShoot
1629639,Tyler Herro,1610612748,MIA,42,23,19,1407.0,79,189,0.418,232,74.0,172.0,0.43,0.614,2023-24,Regular Season,CatchShoot
1630169,Tyrese Haliburton,1610612754,IND,69,40,29,2224.0,58,136,0.426,172,56.0,134.0,0.418,0.632,2023-24,Regular Season,CatchShoot
1630178,Tyrese Maxey,1610612755,PHI,70,43,27,2626.0,97,222,0.437,289,95.0,214.0,0.444,0.651,2023-24,Regular Season,CatchShoot
1626145,Tyus Jones,1610612764,WAS,66,11,55,1933.0,77,182,0.423,230,76.0,180.0,0.422,0.632,2023-24,Regular Season,CatchShoot
1628962,Udoka Azubuike,1610612756,PHX,16,12,4,113.0,0,0,nan,0,nan,nan,nan,nan,2023-24,Regular Season,CatchShoot
1630586,Usman Garuba,1610612744,GSW,6,5,1,18.0,0,1,0.0,0,0.0,1.0,0.0,0.0,2023-24,Regular Season,CatchShoot
203995,Vasilije Micic,1610612766,CHA,60,34,26,1176.0,20,65,0.308,59,19.0,64.0,0.297,0.454,2023-24,Regular Season,CatchShoot
1641705,Victor Wembanyama,1610612759,SAS,71,19,52,2106.0,89,293,0.304,240,62.0,219.0,0.283,0.41,2023-24,Regular Season,CatchShoot
1631246,Vince Williams Jr.,1610612763,MEM,52,18,34,1437.0,68,177,0.384,203,67.0,173.0,0.387,0.573,2023-24,Regular Season,CatchShoot
1630249,Vít Krejčí,1610612737,ATL,22,9,13,541.0,24,53,0.453,72,24.0,53.0,0.453,0.679,2023-24,Regular Season,CatchShoot
1631117,Walker Kessler,1610612762,UTA,64,26,38,1493.0,4,21,0.19,12,4.0,19.0,0.211,0.286,2023-24,Regular Season,CatchShoot
1628976,Wendell Carter Jr.,1610612753,ORL,55,30,25,1406.0,71,185,0.384,204,62.0,165.0,0.376,0.551,2023-24,Regular Season,CatchShoot
1631111,Wendell Moore Jr.,1610612750,MIN,25,18,7,75.0,1,5,0.2,2,0.0,4.0,0.0,0.2,2023-24,Regular Season,CatchShoot
1629117,Wenyen Gabriel,1610612738,BOS,5,1,4,81.0,1,4,0.25,3,1.0,4.0,0.25,0.375,2023-24,Regular Season,CatchShoot
202083,Wesley Matthews,1610612737,ATL,36,11,25,413.0,19,54,0.352,57,19.0,53.0,0.358,0.528,2023-24,Regular Season,CatchShoot
1629875,Xavier Moon,1610612746,LAC,14,7,7,119.0,1,13,0.077,2,0.0,11.0,0.0,0.077,2023-24,Regular Season,CatchShoot
1630214,Xavier Tillman,1610612738,BOS,54,30,24,975.0,25,89,0.281,70,20.0,76.0,0.263,0.393,2023-24,Regular Season,CatchShoot
1629139,Yuta Watanabe,1610612763,MEM,34,18,16,464.0,25,81,0.309,75,25.0,80.0,0.313,0.463,2023-24,Regular Season,CatchShoot
1628380,Zach Collins,1610612759,SAS,69,19,50,1526.0,71,214,0.332,197,55.0,171.0,0.322,0.46,2023-24,Regular Season,CatchShoot
203897,Zach LaVine,1610612741,CHI,25,10,15,872.0,20,59,0.339,59,19.0,57.0,0.333,0.5,2023-24,Regular Season,CatchShoot
1630285,Zavier Simpson,1610612765,DET,7,1,6,161.0,4,12,0.333,12,4.0,12.0,0.333,0.5,2023-24,Regular Season,CatchShoot
1630192,Zeke Nnaji,1610612743,DEN,58,41,17,576.0,6,24,0.25,18,6.0,22.0,0.273,0.375,2023-24,Regular Season,CatchShoot
1630533,Ziaire Williams,1610612763,MEM,51,20,31,1038.0,52,162,0.321,156,52.0,156.0,0.333,0.481,2023-24,Regular Season,CatchShoot
1629627,Zion Williamson,1610612740,NOP,70,42,28,2207.0,5,14,0.357,15,5.0,13.0,0.385,0.536,2023-24,Regular Season,CatchShoot
