PLAYER_ID,PLAYER_NAME,TEAM_ID,TEAM_ABBREVIATION,GP,W,L,MIN,OREB,OREB_CONTEST,OREB_UNCONTEST,OREB_CONTEST_PCT,OREB_CHANCES,OREB_CHANCE_PCT,OREB_CHANCE_DEFER,OREB_CHANCE_PCT_ADJ,SEASON,SEASON_TYPE,PT_MEASURE_TYPE,REBOUNDING_SCOPE
203932,Aaron Gordon,1610612743,DEN,74,45,29,2348.0,125,80,42,0.64,211,0.592,7,0.613,2021-22,Regular Season,Rebounding,offensive
1630565,Aaron Henry,1610612755,PHI,1,1,0,5.0,0,0,0,0.0,0,0.0,0,0.0,2021-22,Regular Season,Rebounding,offensive
1628988,Aaron Holiday,1610612756,PHX,49,27,22,853.0,24,6,18,0.25,59,0.407,3,0.429,2021-22,Regular Season,Rebounding,offensive
1630174,Aaron Nesmith,1610612738,BOS,32,19,13,440.0,15,4,11,0.267,40,0.375,2,0.395,2021-22,Regular Season,Rebounding,offensive
1630598,Aaron Wiggins,1610612760,OKC,47,12,35,1180.0,51,24,27,0.471,122,0.418,7,0.443,2021-22,Regular Season,Rebounding,offensive
1627846,Abdel Nader,1610612756,PHX,11,9,2,132.0,4,4,0,1.0,18,0.222,1,0.235,2021-22,Regular Season,Rebounding,offensive
1629678,Admiral Schofield,1610612753,ORL,26,6,20,394.0,17,11,6,0.647,47,0.362,3,0.386,2021-22,Regular Season,Rebounding,offensive
201143,Al Horford,1610612738,BOS,68,46,22,1974.0,106,69,36,0.651,215,0.493,13,0.525,2021-22,Regular Season,Rebounding,offensive
202692,Alec Burks,1610612752,NYK,80,36,44,2280.0,45,12,33,0.267,128,0.352,4,0.363,2021-22,Regular Season,Rebounding,offensive
1630758,Aleem Ford,1610612753,ORL,4,2,2,67.0,2,1,1,0.5,3,0.667,0,0.667,2021-22,Regular Season,Rebounding,offensive
1630197,Aleksej Pokusevski,1610612760,OKC,58,18,40,1206.0,73,43,30,0.589,146,0.5,7,0.525,2021-22,Regular Season,Rebounding,offensive
1627936,Alex Caruso,1610612741,CHI,39,23,16,1087.0,33,17,17,0.515,94,0.351,5,0.371,2021-22,Regular Season,Rebounding,offensive
203458,Alex Len,1610612758,SAC,37,16,21,611.0,52,37,15,0.712,124,0.419,3,0.43,2021-22,Regular Season,Rebounding,offensive
1628035,Alfonzo McKinnie,1610612741,CHI,13,6,7,169.0,13,6,7,0.462,25,0.52,1,0.542,2021-22,Regular Season,Rebounding,offensive
1628993,Alize Johnson,1610612740,NOP,16,10,6,142.0,28,20,8,0.714,70,0.4,1,0.406,2021-22,Regular Season,Rebounding,offensive
1630578,Alperen Sengun,1610612745,HOU,71,17,54,1475.0,138,102,34,0.739,323,0.427,9,0.439,2021-22,Regular Season,Rebounding,offensive
1629599,Amir Coffey,1610612746,LAC,57,28,29,1449.0,26,6,19,0.231,75,0.347,1,0.351,2021-22,Regular Season,Rebounding,offensive
203083,Andre Drummond,1610612751,BKN,73,42,31,1437.0,229,174,55,0.76,428,0.535,7,0.544,2021-22,Regular Season,Rebounding,offensive
2738,Andre Iguodala,1610612744,GSW,28,18,10,552.0,21,13,8,0.619,38,0.553,1,0.568,2021-22,Regular Season,Rebounding,offensive
203952,Andrew Wiggins,1610612744,GSW,70,45,25,2235.0,85,50,34,0.588,187,0.455,5,0.467,2021-22,Regular Season,Rebounding,offensive
1629014,Anfernee Simons,1610612757,POR,50,22,28,1498.0,26,8,18,0.308,67,0.388,1,0.394,2021-22,Regular Season,Rebounding,offensive
203076,Anthony Davis,1610612747,LAL,40,17,23,1404.0,106,83,22,0.783,205,0.517,7,0.535,2021-22,Regular Season,Rebounding,offensive
1630162,Anthony Edwards,1610612750,MIN,69,37,32,2396.0,62,18,42,0.29,134,0.463,3,0.473,2021-22,Regular Season,Rebounding,offensive
1630264,Anthony Gill,1610612764,WAS,31,11,20,424.0,33,22,11,0.667,71,0.465,1,0.471,2021-22,Regular Season,Rebounding,offensive
1630237,Anthony Lamb,1610612745,HOU,1,0,1,4.0,0,0,0,0.0,0,0.0,0,0.0,2021-22,Regular Season,Rebounding,offensive
1629717,Armoni Brooks,1610612761,TOR,40,17,23,724.0,20,3,17,0.15,32,0.625,0,0.625,2021-22,Regular Season,Rebounding,offensive
1630559,Austin Reaves,1610612747,LAL,54,25,29,1326.0,45,19,27,0.422,104,0.433,2,0.441,2021-22,Regular Season,Rebounding,offensive
203085,Austin Rivers,1610612743,DEN,54,32,22,1279.0,19,3,15,0.158,47,0.404,3,0.432,2021-22,Regular Season,Rebounding,offensive
202340,Avery Bradley,1610612747,LAL,55,25,30,1303.0,31,10,21,0.323,80,0.388,3,0.403,2021-22,Regular Season,Rebounding,offensive
1630245,Ayo Dosunmu,1610612741,CHI,67,39,28,1874.0,27,10,17,0.37,85,0.318,3,0.329,2021-22,Regular Season,Rebounding,offensive
1629168,BJ Johnson,1610612753,ORL,4,2,2,65.0,6,4,2,0.667,9,0.667,0,0.667,2021-22,Regular Season,Rebounding,offensive
1628389,Bam Adebayo,1610612748,MIA,56,36,20,1825.0,137,88,48,0.642,316,0.434,9,0.446,2021-22,Regular Season,Rebounding,offensive
203463,Ben McLemore,1610612757,POR,52,16,36,1139.0,12,5,7,0.417,60,0.2,2,0.207,2021-22,Regular Season,Rebounding,offensive
202687,Bismack Biyombo,1610612756,PHX,32,26,6,480.0,62,43,18,0.694,129,0.481,3,0.492,2021-22,Regular Season,Rebounding,offensive
201933,Blake Griffin,1610612751,BKN,53,26,27,940.0,60,45,14,0.75,129,0.465,2,0.472,2021-22,Regular Season,Rebounding,offensive
1626246,Boban Marjanovic,1610612742,DAL,14,7,7,97.0,8,7,0,0.875,22,0.364,1,0.381,2021-22,Regular Season,Rebounding,offensive
1626171,Bobby Portis,1610612749,MIL,72,46,26,2028.0,180,137,43,0.761,403,0.447,13,0.462,2021-22,Regular Season,Rebounding,offensive
203992,Bogdan Bogdanović,1610612737,ATL,63,33,30,1849.0,29,17,12,0.586,78,0.372,1,0.377,2021-22,Regular Season,Rebounding,offensive
202711,Bojan Bogdanovic,1610612762,UTA,68,44,24,2104.0,58,24,34,0.414,164,0.354,3,0.36,2021-22,Regular Season,Rebounding,offensive
1629626,Bol Bol,1610612753,ORL,10,3,7,72.0,4,1,3,0.25,6,0.667,0,0.667,2021-22,Regular Season,Rebounding,offensive
1630538,Bones Hyland,1610612743,DEN,64,36,28,1242.0,14,1,13,0.071,74,0.189,4,0.2,2021-22,Regular Season,Rebounding,offensive
202954,Brad Wanamaker,1610612764,WAS,20,8,12,296.0,6,1,4,0.167,22,0.273,0,0.273,2021-22,Regular Season,Rebounding,offensive
203078,Bradley Beal,1610612764,WAS,40,17,23,1439.0,38,14,24,0.368,85,0.447,6,0.481,2021-22,Regular Season,Rebounding,offensive
1630527,Brandon Boston,1610612746,LAC,35,19,16,652.0,16,8,8,0.5,41,0.39,1,0.4,2021-22,Regular Season,Rebounding,offensive
1629634,Brandon Clarke,1610612763,MEM,61,43,18,1209.0,134,103,31,0.769,282,0.475,9,0.491,2021-22,Regular Season,Rebounding,offensive
1629164,Brandon Goodwin,1610612739,CLE,25,14,11,437.0,14,4,10,0.286,33,0.424,0,0.424,2021-22,Regular Season,Rebounding,offensive
1627742,Brandon Ingram,1610612740,NOP,54,28,26,1834.0,33,11,22,0.333,89,0.371,2,0.379,2021-22,Regular Season,Rebounding,offensive
202688,Brandon Knight,1610612742,DAL,4,1,3,58.0,0,0,0,0.0,3,0.0,0,0.0,2021-22,Regular Season,Rebounding,offensive
1630314,Brandon Williams,1610612757,POR,21,2,19,584.0,19,6,13,0.316,56,0.339,4,0.365,2021-22,Regular Season,Rebounding,offensive
1630296,Braxton Key,1610612765,DET,11,5,6,197.0,13,8,5,0.615,24,0.542,0,0.542,2021-22,Regular Season,Rebounding,offensive
1630271,Brodric Thomas,1610612738,BOS,7,6,1,45.0,2,2,0,1.0,4,0.5,0,0.5,2021-22,Regular Season,Rebounding,offensive
201572,Brook Lopez,1610612749,MIL,13,10,3,298.0,19,12,7,0.632,41,0.463,2,0.487,2021-22,Regular Season,Rebounding,offensive
1628971,Bruce Brown,1610612751,BKN,71,37,34,1769.0,100,55,44,0.55,260,0.385,10,0.4,2021-22,Regular Season,Rebounding,offensive
1628981,Bruno Fernando,1610612745,HOU,21,9,12,133.0,18,16,2,0.889,47,0.383,2,0.4,2021-22,Regular Season,Rebounding,offensive
1627854,Bryn Forbes,1610612743,DEN,49,19,30,962.0,10,3,7,0.3,44,0.227,4,0.25,2021-22,Regular Season,Rebounding,offensive
1627741,Buddy Hield,1610612754,IND,79,25,54,2443.0,66,26,40,0.394,179,0.369,8,0.386,2021-22,Regular Season,Rebounding,offensive
1629604,CJ Elleby,1610612757,POR,54,15,39,1146.0,66,34,32,0.515,141,0.468,2,0.475,2021-22,Regular Season,Rebounding,offensive
203468,CJ McCollum,1610612740,NOP,61,28,33,2111.0,53,14,39,0.264,125,0.424,9,0.457,2021-22,Regular Season,Rebounding,offensive
1630595,Cade Cunningham,1610612765,DET,61,19,42,2012.0,57,33,24,0.579,153,0.373,5,0.385,2021-22,Regular Season,Rebounding,offensive
1628997,Caleb Martin,1610612748,MIA,58,35,23,1350.0,70,29,41,0.414,159,0.44,6,0.458,2021-22,Regular Season,Rebounding,offensive
1629629,Cam Reddish,1610612752,NYK,38,17,21,884.0,25,6,19,0.24,52,0.481,0,0.481,2021-22,Regular Season,Rebounding,offensive
1630560,Cam Thomas,1610612751,BKN,54,25,29,1109.0,16,4,12,0.25,58,0.276,1,0.281,2021-22,Regular Season,Rebounding,offensive
1629661,Cameron Johnson,1610612756,PHX,63,47,16,1653.0,41,18,23,0.439,108,0.38,4,0.394,2021-22,Regular Season,Rebounding,offensive
1630787,Cameron McGriff,1610612757,POR,3,0,3,46.0,6,3,3,0.5,10,0.6,0,0.6,2021-22,Regular Season,Rebounding,offensive
1628419,Cameron Oliver,1610612737,ATL,2,1,1,43.0,2,2,0,1.0,5,0.4,0,0.4,2021-22,Regular Season,Rebounding,offensive
1626166,Cameron Payne,1610612756,PHX,56,44,12,1253.0,23,9,15,0.391,68,0.338,3,0.354,2021-22,Regular Season,Rebounding,offensive
1627747,Caris LeVert,1610612739,CLE,54,21,33,1657.0,43,25,17,0.581,123,0.35,5,0.364,2021-22,Regular Season,Rebounding,offensive
1630637,Carlik Jones,1610612743,DEN,2,1,1,15.0,1,1,0,1.0,3,0.333,0,0.333,2021-22,Regular Season,Rebounding,offensive
2546,Carmelo Anthony,1610612747,LAL,69,27,42,1793.0,62,32,30,0.516,128,0.484,4,0.5,2021-22,Regular Season,Rebounding,offensive
1629035,Carsen Edwards,1610612765,DET,3,1,2,70.0,2,1,1,0.5,6,0.333,2,0.5,2021-22,Regular Season,Rebounding,offensive
1630199,Cassius Stanley,1610612765,DET,7,2,5,147.0,5,4,1,0.8,13,0.385,1,0.417,2021-22,Regular Season,Rebounding,offensive
1630216,Cassius Winston,1610612764,WAS,1,0,1,8.0,0,0,0,0.0,0,0.0,0,0.0,2021-22,Regular Season,Rebounding,offensive
1627760,Cat Barber,1610612737,ATL,2,0,2,11.0,1,1,0,1.0,1,1.0,0,1.0,2021-22,Regular Season,Rebounding,offensive
1626224,Cedi Osman,1610612739,CLE,56,30,26,1304.0,25,13,13,0.52,69,0.362,3,0.379,2021-22,Regular Season,Rebounding,offensive
1628990,Chandler Hutchison,1610612756,PHX,4,3,1,12.0,0,0,0,0.0,0,0.0,0,0.0,2021-22,Regular Season,Rebounding,offensive
1629646,Charles Bassey,1610612755,PHI,18,9,9,156.0,22,18,4,0.818,49,0.449,1,0.458,2021-22,Regular Season,Rebounding,offensive
1629718,Charlie Brown Jr.,1610612755,PHI,9,5,4,140.0,14,8,6,0.571,29,0.483,1,0.5,2021-22,Regular Season,Rebounding,offensive
1630602,Chaundee Brown Jr.,1610612737,ATL,5,1,4,104.0,1,0,1,0.0,7,0.143,0,0.143,2021-22,Regular Season,Rebounding,offensive
1627767,Cheick Diallo,1610612765,DET,2,0,2,28.0,4,3,1,0.75,13,0.308,0,0.308,2021-22,Regular Season,Rebounding,offensive
1629002,Chimezie Metu,1610612758,SAC,59,22,37,1276.0,34,16,18,0.471,108,0.315,5,0.33,2021-22,Regular Season,Rebounding,offensive
1628449,Chris Boucher,1610612761,TOR,79,47,32,1683.0,179,122,52,0.682,391,0.458,14,0.475,2021-22,Regular Season,Rebounding,offensive
1629185,Chris Chiozza,1610612744,GSW,16,9,7,281.0,9,4,5,0.444,15,0.6,0,0.6,2021-22,Regular Season,Rebounding,offensive
1630537,Chris Duarte,1610612754,IND,54,21,33,1518.0,41,21,22,0.512,116,0.353,6,0.373,2021-22,Regular Season,Rebounding,offensive
101108,Chris Paul,1610612756,PHX,63,51,12,2085.0,19,5,14,0.263,51,0.373,1,0.38,2021-22,Regular Season,Rebounding,offensive
1629735,Chris Silva,1610612748,MIA,7,4,3,83.0,13,7,6,0.538,34,0.382,0,0.382,2021-22,Regular Season,Rebounding,offensive
1626174,Christian Wood,1610612745,HOU,67,18,49,2084.0,110,72,38,0.655,273,0.403,7,0.414,2021-22,Regular Season,Rebounding,offensive
1629643,Chuma Okeke,1610612753,ORL,70,21,49,1749.0,47,21,26,0.447,118,0.398,4,0.412,2021-22,Regular Season,Rebounding,offensive
203991,Clint Capela,1610612737,ATL,74,40,34,2042.0,279,192,84,0.688,541,0.516,11,0.526,2021-22,Regular Season,Rebounding,offensive
1629632,Coby White,1610612741,CHI,57,30,27,1588.0,17,5,13,0.294,67,0.254,2,0.262,2021-22,Regular Season,Rebounding,offensive
1628998,Cody Martin,1610612766,CHA,65,38,27,1763.0,82,35,46,0.427,170,0.482,5,0.497,2021-22,Regular Season,Rebounding,offensive
203469,Cody Zeller,1610612757,POR,26,12,14,346.0,50,32,17,0.64,112,0.446,5,0.467,2021-22,Regular Season,Rebounding,offensive
1630175,Cole Anthony,1610612753,ORL,64,18,46,2057.0,32,15,17,0.469,105,0.305,7,0.327,2021-22,Regular Season,Rebounding,offensive
1629012,Collin Sexton,1610612739,CLE,11,7,4,316.0,13,7,6,0.538,25,0.52,1,0.542,2021-22,Regular Season,Rebounding,offensive
1630557,Corey Kispert,1610612764,WAS,72,28,44,1752.0,53,18,35,0.34,102,0.52,2,0.53,2021-22,Regular Season,Rebounding,offensive
202709,Cory Joseph,1610612765,DET,59,16,43,1488.0,29,12,18,0.414,85,0.341,3,0.354,2021-22,Regular Season,Rebounding,offensive
1626156,D'Angelo Russell,1610612750,MIN,65,39,26,2077.0,25,6,19,0.24,75,0.333,1,0.338,2021-22,Regular Season,Rebounding,offensive
201571,D.J. Augustin,1610612747,LAL,39,10,29,634.0,11,1,9,0.091,18,0.611,0,0.611,2021-22,Regular Season,Rebounding,offensive
1628391,D.J. Wilson,1610612761,TOR,3,1,2,53.0,1,1,0,1.0,3,0.333,0,0.333,2021-22,Regular Season,Rebounding,offensive
1629610,DaQuan Jeffries,1610612763,MEM,1,1,0,4.0,0,0,0,0.0,0,0.0,0,0.0,2021-22,Regular Season,Rebounding,offensive
1630227,Daishen Nix,1610612745,HOU,15,1,14,206.0,7,3,4,0.429,20,0.35,0,0.35,2021-22,Regular Season,Rebounding,offensive
1630625,Dalano Banton,1610612761,TOR,53,28,25,621.0,38,28,11,0.737,90,0.422,3,0.437,2021-22,Regular Season,Rebounding,offensive
1627745,Damian Jones,1610612758,SAC,51,17,34,997.0,75,44,29,0.587,175,0.429,5,0.441,2021-22,Regular Season,Rebounding,offensive
203081,Damian Lillard,1610612757,POR,27,11,16,981.0,13,5,8,0.385,50,0.26,0,0.26,2021-22,Regular Season,Rebounding,offensive
1627814,Damion Lee,1610612744,GSW,56,37,19,1185.0,26,15,11,0.577,71,0.366,0,0.366,2021-22,Regular Season,Rebounding,offensive
1628422,Damyean Dotson,1610612752,NYK,2,1,1,21.0,0,0,0,0.0,0,0.0,0,0.0,2021-22,Regular Season,Rebounding,offensive
1629655,Daniel Gafford,1610612764,WAS,71,29,42,1436.0,155,107,46,0.69,398,0.389,14,0.404,2021-22,Regular Season,Rebounding,offensive
1630187,Daniel Oturu,1610612761,TOR,3,1,2,27.0,1,1,0,1.0,3,0.333,0,0.333,2021-22,Regular Season,Rebounding,offensive
1628464,Daniel Theis,1610612738,BOS,46,19,27,966.0,59,39,21,0.661,134,0.44,5,0.457,2021-22,Regular Season,Rebounding,offensive
201568,Danilo Gallinari,1610612737,ATL,65,35,30,1649.0,35,16,18,0.457,79,0.443,3,0.461,2021-22,Regular Season,Rebounding,offensive
201980,Danny Green,1610612755,PHI,54,32,22,1195.0,32,13,19,0.406,84,0.381,3,0.395,2021-22,Regular Season,Rebounding,offensive
1627863,Danuel House Jr.,1610612762,UTA,38,17,21,699.0,18,4,14,0.222,52,0.346,2,0.36,2021-22,Regular Season,Rebounding,offensive
1629647,Darius Bazley,1610612760,OKC,69,19,50,1924.0,71,41,30,0.577,201,0.353,7,0.366,2021-22,Regular Season,Rebounding,offensive
1629636,Darius Garland,1610612739,CLE,66,36,30,2353.0,39,15,24,0.385,109,0.358,5,0.375,2021-22,Regular Season,Rebounding,offensive
201954,Darren Collison,1610612747,LAL,2,1,1,27.0,0,0,0,0.0,0,0.0,0,0.0,2021-22,Regular Season,Rebounding,offensive
1630561,David Duke Jr.,1610612751,BKN,18,8,10,318.0,30,22,8,0.733,57,0.526,4,0.566,2021-22,Regular Season,Rebounding,offensive
1628021,David Nwaba,1610612745,HOU,45,6,39,599.0,41,25,16,0.61,98,0.418,4,0.436,2021-22,Regular Season,Rebounding,offensive
1630558,Davion Mitchell,1610612758,SAC,64,24,40,1814.0,31,5,25,0.161,83,0.373,4,0.392,2021-22,Regular Season,Rebounding,offensive
202722,Davis Bertans,1610612742,DAL,45,29,16,708.0,12,5,7,0.417,37,0.324,1,0.333,2021-22,Regular Season,Rebounding,offensive
1628432,Davon Reed,1610612743,DEN,39,24,15,625.0,14,5,9,0.357,41,0.341,1,0.35,2021-22,Regular Season,Rebounding,offensive
1630549,Day'Ron Sharpe,1610612751,BKN,27,10,17,381.0,81,66,14,0.815,144,0.563,2,0.57,2021-22,Regular Season,Rebounding,offensive
1628368,De'Aaron Fox,1610612758,SAC,57,21,36,2023.0,24,5,19,0.208,99,0.242,7,0.261,2021-22,Regular Season,Rebounding,offensive
1629631,De'Andre Hunter,1610612737,ATL,52,28,24,1548.0,26,10,16,0.385,76,0.342,2,0.351,2021-22,Regular Season,Rebounding,offensive
1629001,De'Anthony Melton,1610612763,MEM,69,47,22,1583.0,63,29,34,0.46,146,0.432,2,0.438,2021-22,Regular Season,Rebounding,offensive
201599,DeAndre Jordan,1610612755,PHI,48,26,22,622.0,83,57,25,0.687,153,0.542,4,0.557,2021-22,Regular Season,Rebounding,offensive
1627761,DeAndre' Bembry,1610612749,MIL,48,29,19,962.0,42,28,15,0.667,103,0.408,4,0.424,2021-22,Regular Season,Rebounding,offensive
201942,DeMar DeRozan,1610612741,CHI,75,43,32,2710.0,56,26,30,0.464,151,0.371,7,0.389,2021-22,Regular Season,Rebounding,offensive
202326,DeMarcus Cousins,1610612743,DEN,46,31,15,709.0,74,49,25,0.662,160,0.463,6,0.481,2021-22,Regular Season,Rebounding,offensive
1629731,Dean Wade,1610612739,CLE,46,25,21,945.0,31,12,19,0.387,65,0.477,2,0.492,2021-22,Regular Season,Rebounding,offensive
1629028,Deandre Ayton,1610612756,PHX,57,45,12,1705.0,149,102,44,0.685,292,0.51,5,0.519,2021-22,Regular Season,Rebounding,offensive
1629686,Deividas Sirvydis,1610612765,DET,2,1,1,22.0,0,0,0,0.0,2,0.0,0,0.0,2021-22,Regular Season,Rebounding,offensive
1627749,Dejounte Murray,1610612759,SAS,68,30,38,2366.0,80,38,40,0.475,248,0.323,14,0.342,2021-22,Regular Season,Rebounding,offensive
1626153,Delon Wright,1610612737,ATL,69,38,31,1357.0,50,28,22,0.56,103,0.485,5,0.51,2021-22,Regular Season,Rebounding,offensive
1630166,Deni Avdija,1610612764,WAS,81,34,47,1981.0,52,27,25,0.519,165,0.315,4,0.323,2021-22,Regular Season,Rebounding,offensive
203471,Dennis Schröder,1610612745,HOU,62,32,30,1790.0,33,5,28,0.152,91,0.363,2,0.371,2021-22,Regular Season,Rebounding,offensive
1628372,Dennis Smith Jr.,1610612757,POR,31,13,18,594.0,20,10,10,0.5,55,0.364,3,0.385,2021-22,Regular Season,Rebounding,offensive
1627756,Denzel Valentine,1610612762,UTA,14,7,7,190.0,9,3,6,0.333,19,0.474,0,0.474,2021-22,Regular Season,Rebounding,offensive
202324,Derrick Favors,1610612760,OKC,39,15,24,652.0,58,41,17,0.707,122,0.475,3,0.487,2021-22,Regular Season,Rebounding,offensive
1627884,Derrick Jones Jr.,1610612741,CHI,49,27,22,896.0,60,36,23,0.6,141,0.426,5,0.441,2021-22,Regular Season,Rebounding,offensive
201565,Derrick Rose,1610612752,NYK,25,10,15,612.0,21,10,11,0.476,44,0.477,3,0.512,2021-22,Regular Season,Rebounding,offensive
1628476,Derrick Walton Jr.,1610612765,DET,2,1,1,71.0,2,1,1,0.5,4,0.5,0,0.5,2021-22,Regular Season,Rebounding,offensive
1628401,Derrick White,1610612738,BOS,72,40,32,2123.0,38,17,21,0.447,103,0.369,4,0.384,2021-22,Regular Season,Rebounding,offensive
1630217,Desmond Bane,1610612763,MEM,75,53,22,2245.0,46,19,27,0.413,160,0.288,8,0.303,2021-22,Regular Season,Rebounding,offensive
1626164,Devin Booker,1610612756,PHX,66,55,11,2273.0,42,18,23,0.429,121,0.347,5,0.362,2021-22,Regular Season,Rebounding,offensive
1629962,Devin Cannady,1610612753,ORL,2,1,1,54.0,1,0,1,0.0,3,0.333,0,0.333,2021-22,Regular Season,Rebounding,offensive
1630170,Devin Vassell,1610612759,SAS,69,28,41,1902.0,44,26,18,0.591,91,0.484,5,0.512,2021-22,Regular Season,Rebounding,offensive
1629653,Devon Dotson,1610612741,CHI,6,2,4,44.0,1,0,1,0.0,1,1.0,0,1.0,2021-22,Regular Season,Rebounding,offensive
1629719,Devontae Cacok,1610612759,SAS,14,4,10,114.0,8,8,0,1.0,29,0.276,0,0.276,2021-22,Regular Season,Rebounding,offensive
1628984,Devonte' Graham,1610612740,NOP,69,31,38,1982.0,37,9,28,0.243,85,0.435,4,0.457,2021-22,Regular Season,Rebounding,offensive
203473,Dewayne Dedmon,1610612748,MIA,66,43,23,1056.0,105,68,37,0.648,270,0.389,6,0.398,2021-22,Regular Season,Rebounding,offensive
1629712,Didi Louzada,1610612757,POR,8,0,8,128.0,5,1,4,0.2,12,0.417,0,0.417,2021-22,Regular Season,Rebounding,offensive
1628415,Dillon Brooks,1610612763,MEM,30,20,10,828.0,27,11,15,0.407,70,0.386,3,0.403,2021-22,Regular Season,Rebounding,offensive
1627734,Domantas Sabonis,1610612758,SAC,62,21,41,2136.0,201,137,64,0.682,457,0.44,13,0.453,2021-22,Regular Season,Rebounding,offensive
1628378,Donovan Mitchell,1610612762,UTA,64,39,25,2165.0,55,22,32,0.4,129,0.426,3,0.437,2021-22,Regular Season,Rebounding,offensive
1628978,Donte DiVincenzo,1610612758,SAC,41,21,20,994.0,40,20,20,0.5,87,0.46,2,0.471,2021-22,Regular Season,Rebounding,offensive
1627827,Dorian Finney-Smith,1610612742,DAL,80,51,29,2644.0,122,64,58,0.525,262,0.466,8,0.48,2021-22,Regular Season,Rebounding,offensive
203926,Doug McDermott,1610612759,SAS,43,17,26,1054.0,18,10,8,0.556,49,0.367,3,0.391,2021-22,Regular Season,Rebounding,offensive
203110,Draymond Green,1610612744,GSW,45,33,12,1329.0,45,21,23,0.467,131,0.344,4,0.354,2021-22,Regular Season,Rebounding,offensive
1629234,Drew Eubanks,1610612757,POR,66,17,49,1223.0,130,78,51,0.6,277,0.469,5,0.478,2021-22,Regular Season,Rebounding,offensive
1630613,Duane Washington Jr.,1610612754,IND,33,7,26,758.0,4,2,3,0.5,30,0.133,1,0.138,2021-22,Regular Season,Rebounding,offensive
1629130,Duncan Robinson,1610612748,MIA,69,46,23,1849.0,24,6,18,0.25,53,0.453,0,0.453,2021-22,Regular Season,Rebounding,offensive
2730,Dwight Howard,1610612747,LAL,60,21,39,971.0,118,85,33,0.72,279,0.423,9,0.437,2021-22,Regular Season,Rebounding,offensive
203939,Dwight Powell,1610612742,DAL,82,52,30,1798.0,173,94,81,0.543,413,0.419,11,0.43,2021-22,Regular Season,Rebounding,offensive
1629685,Dylan Windler,1610612739,CLE,31,17,14,386.0,21,10,11,0.476,39,0.538,0,0.538,2021-22,Regular Season,Rebounding,offensive
202334,Ed Davis,1610612739,CLE,18,9,9,161.0,14,4,10,0.286,41,0.341,2,0.359,2021-22,Regular Season,Rebounding,offensive
203901,Elfrid Payton,1610612756,PHX,38,30,8,468.0,21,10,11,0.476,42,0.5,0,0.5,2021-22,Regular Season,Rebounding,offensive
1630190,Elijah Hughes,1610612757,POR,24,8,16,379.0,6,1,5,0.167,12,0.5,0,0.5,2021-22,Regular Season,Rebounding,offensive
1629150,Emanuel Terry,1610612756,PHX,3,2,1,18.0,8,6,1,0.75,13,0.615,0,0.615,2021-22,Regular Season,Rebounding,offensive
202683,Enes Freedom,1610612738,BOS,32,19,13,395.0,61,49,12,0.803,142,0.43,6,0.449,2021-22,Regular Season,Rebounding,offensive
202339,Eric Bledsoe,1610612757,POR,50,26,24,1260.0,28,9,18,0.321,58,0.483,3,0.509,2021-22,Regular Season,Rebounding,offensive
201569,Eric Gordon,1610612745,HOU,48,16,32,1413.0,15,4,11,0.267,56,0.268,1,0.273,2021-22,Regular Season,Rebounding,offensive
1629672,Eric Paschall,1610612762,UTA,46,28,18,663.0,30,19,12,0.633,79,0.38,1,0.385,2021-22,Regular Season,Rebounding,offensive
1630647,Eugene Omoruyi,1610612742,DAL,4,1,3,18.0,2,1,1,0.5,4,0.5,0,0.5,2021-22,Regular Season,Rebounding,offensive
203095,Evan Fournier,1610612752,NYK,71,33,38,2120.0,33,8,25,0.242,76,0.434,5,0.465,2021-22,Regular Season,Rebounding,offensive
1630596,Evan Mobley,1610612739,CLE,69,40,29,2331.0,143,95,49,0.664,310,0.461,7,0.472,2021-22,Regular Season,Rebounding,offensive
1630267,Facundo Campazzo,1610612743,DEN,47,26,21,1042.0,23,6,17,0.261,49,0.469,0,0.469,2021-22,Regular Season,Rebounding,offensive
1630624,Feron Hunt,1610612752,NYK,1,1,0,7.0,1,0,1,0.0,3,0.333,1,0.5,2021-22,Regular Season,Rebounding,offensive
1628402,Frank Jackson,1610612765,DET,43,7,36,1001.0,19,3,16,0.158,52,0.365,3,0.388,2021-22,Regular Season,Rebounding,offensive
1626163,Frank Kaminsky,1610612756,PHX,8,7,1,175.0,11,6,5,0.545,23,0.478,0,0.478,2021-22,Regular Season,Rebounding,offensive
1628373,Frank Ntilikina,1610612742,DAL,38,20,18,584.0,12,5,7,0.417,28,0.429,4,0.5,2021-22,Regular Season,Rebounding,offensive
1630532,Franz Wagner,1610612753,ORL,75,19,56,2371.0,84,33,50,0.393,219,0.384,7,0.396,2021-22,Regular Season,Rebounding,offensive
1627832,Fred VanVleet,1610612761,TOR,63,37,26,2393.0,44,15,29,0.341,129,0.341,3,0.349,2021-22,Regular Season,Rebounding,offensive
1630273,Freddie Gillespie,1610612753,ORL,9,1,8,119.0,13,8,5,0.615,38,0.342,0,0.342,2021-22,Regular Season,Rebounding,offensive
1627788,Furkan Korkmaz,1610612755,PHI,54,35,19,1245.0,22,6,16,0.273,69,0.319,3,0.333,2021-22,Regular Season,Rebounding,offensive
1629216,Gabe Vincent,1610612748,MIA,55,36,19,1412.0,22,8,14,0.364,65,0.338,3,0.355,2021-22,Regular Season,Rebounding,offensive
1628221,Gabe York,1610612754,IND,2,0,2,21.0,0,0,0,0.0,0,0.0,0,0.0,2021-22,Regular Season,Rebounding,offensive
1630466,Gabriel Deck,1610612760,OKC,5,2,3,45.0,1,1,0,1.0,2,0.5,0,0.5,2021-22,Regular Season,Rebounding,offensive
1630994,Gabriel Lundberg,1610612756,PHX,2,0,2,39.0,2,1,1,0.5,6,0.333,2,0.5,2021-22,Regular Season,Rebounding,offensive
202066,Garrett Temple,1610612740,NOP,49,17,32,971.0,29,14,16,0.483,78,0.372,3,0.387,2021-22,Regular Season,Rebounding,offensive
1629726,Garrison Mathews,1610612745,HOU,60,19,41,1595.0,32,10,22,0.313,82,0.39,2,0.4,2021-22,Regular Season,Rebounding,offensive
1629109,Gary Clark,1610612740,NOP,29,14,15,332.0,23,15,8,0.652,43,0.535,0,0.535,2021-22,Regular Season,Rebounding,offensive
203914,Gary Harris,1610612753,ORL,51,14,37,1483.0,36,8,28,0.222,76,0.474,0,0.474,2021-22,Regular Season,Rebounding,offensive
1627780,Gary Payton II,1610612744,GSW,64,42,22,1184.0,72,47,25,0.653,177,0.407,6,0.421,2021-22,Regular Season,Rebounding,offensive
1629018,Gary Trent Jr.,1610612761,TOR,65,40,25,2295.0,26,11,15,0.423,88,0.295,3,0.306,2021-22,Regular Season,Rebounding,offensive
201588,George Hill,1610612749,MIL,50,34,16,1191.0,38,17,21,0.447,91,0.418,4,0.437,2021-22,Regular Season,Rebounding,offensive
1628994,George King,1610612742,DAL,3,1,2,17.0,0,0,0,0.0,2,0.0,0,0.0,2021-22,Regular Season,Rebounding,offensive
1627777,Georges Niang,1610612755,PHI,65,42,23,1553.0,25,12,13,0.48,79,0.316,3,0.329,2021-22,Regular Season,Rebounding,offensive
1630686,Georgios Kalaitzakis,1610612760,OKC,7,3,4,198.0,6,5,1,0.833,14,0.429,2,0.5,2021-22,Regular Season,Rebounding,offensive
203507,Giannis Antetokounmpo,1610612749,MIL,67,45,22,2204.0,134,88,46,0.657,323,0.415,5,0.421,2021-22,Regular Season,Rebounding,offensive
1629048,Goga Bitadze,1610612754,IND,45,16,29,712.0,79,65,15,0.823,181,0.436,5,0.449,2021-22,Regular Season,Rebounding,offensive
201609,Goran Dragic,1610612751,BKN,21,10,11,498.0,13,5,9,0.385,31,0.419,1,0.433,2021-22,Regular Season,Rebounding,offensive
202330,Gordon Hayward,1610612766,CHA,48,26,22,1529.0,38,22,16,0.579,132,0.288,6,0.302,2021-22,Regular Season,Rebounding,offensive
203476,Gorgui Dieng,1610612737,ATL,34,15,19,337.0,32,21,11,0.656,54,0.593,4,0.64,2021-22,Regular Season,Rebounding,offensive
1629684,Grant Williams,1610612738,BOS,74,49,25,1822.0,64,35,29,0.547,202,0.317,9,0.332,2021-22,Regular Season,Rebounding,offensive
1628960,Grayson Allen,1610612749,MIL,65,42,23,1782.0,32,11,20,0.344,90,0.356,5,0.376,2021-22,Regular Season,Rebounding,offensive
1630535,Greg Brown III,1610612757,POR,40,12,28,617.0,38,18,21,0.474,89,0.427,0,0.427,2021-22,Regular Season,Rebounding,offensive
202328,Greg Monroe,1610612750,MIN,14,7,7,195.0,30,21,9,0.7,62,0.484,1,0.492,2021-22,Regular Season,Rebounding,offensive
1628977,Hamidou Diallo,1610612765,DET,55,14,41,1215.0,67,36,31,0.537,143,0.469,3,0.479,2021-22,Regular Season,Rebounding,offensive
203084,Harrison Barnes,1610612758,SAC,76,26,50,2550.0,82,41,39,0.5,216,0.38,5,0.389,2021-22,Regular Season,Rebounding,offensive
202355,Hassan Whiteside,1610612762,UTA,65,40,25,1162.0,166,135,30,0.813,349,0.476,10,0.49,2021-22,Regular Season,Rebounding,offensive
1629755,Hassani Gravett,1610612753,ORL,6,2,4,141.0,1,0,1,0.0,5,0.2,0,0.2,2021-22,Regular Season,Rebounding,offensive
1629312,Haywood Highsmith,1610612748,MIA,13,8,5,143.0,10,8,2,0.8,22,0.455,0,0.455,2021-22,Regular Season,Rebounding,offensive
1630529,Herbert Jones,1610612740,NOP,74,33,41,2236.0,97,38,58,0.392,223,0.435,6,0.447,2021-22,Regular Season,Rebounding,offensive
1629649,Ignas Brazdeikis,1610612753,ORL,31,5,26,479.0,23,11,12,0.478,47,0.489,3,0.523,2021-22,Regular Season,Rebounding,offensive
1630193,Immanuel Quickley,1610612752,NYK,67,28,39,1641.0,31,9,22,0.29,77,0.403,0,0.403,2021-22,Regular Season,Rebounding,offensive
1629067,Isaac Bonga,1610612761,TOR,6,4,2,27.0,4,2,2,0.5,7,0.571,0,0.571,2021-22,Regular Season,Rebounding,offensive
1630171,Isaac Okoro,1610612739,CLE,65,33,32,1927.0,72,30,41,0.417,171,0.421,8,0.442,2021-22,Regular Season,Rebounding,offensive
1628392,Isaiah Hartenstein,1610612746,LAC,65,35,30,1181.0,117,82,33,0.701,262,0.447,7,0.459,2021-22,Regular Season,Rebounding,offensive
1630543,Isaiah Jackson,1610612754,IND,32,7,25,535.0,60,44,16,0.733,118,0.508,5,0.531,2021-22,Regular Season,Rebounding,offensive
1630198,Isaiah Joe,1610612755,PHI,31,22,9,468.0,6,0,6,0.0,11,0.545,0,0.545,2021-22,Regular Season,Rebounding,offensive
1630587,Isaiah Livers,1610612765,DET,17,7,10,374.0,15,8,7,0.533,33,0.455,1,0.469,2021-22,Regular Season,Rebounding,offensive
1629676,Isaiah Roby,1610612760,OKC,42,10,32,922.0,75,51,23,0.68,165,0.455,2,0.46,2021-22,Regular Season,Rebounding,offensive
1630191,Isaiah Stewart,1610612765,DET,70,21,49,1795.0,222,158,63,0.712,549,0.404,20,0.42,2021-22,Regular Season,Rebounding,offensive
202738,Isaiah Thomas,1610612766,CHA,17,9,8,275.0,4,2,2,0.5,15,0.267,1,0.286,2021-22,Regular Season,Rebounding,offensive
1630225,Isaiah Todd,1610612764,WAS,8,1,7,64.0,3,0,3,0.0,9,0.333,0,0.333,2021-22,Regular Season,Rebounding,offensive
202397,Ish Smith,1610612764,WAS,51,20,31,968.0,25,10,14,0.4,52,0.481,4,0.521,2021-22,Regular Season,Rebounding,offensive
1630688,Ish Wainright,1610612756,PHX,21,16,5,245.0,26,15,11,0.577,44,0.591,1,0.605,2021-22,Regular Season,Rebounding,offensive
1627826,Ivica Zubac,1610612746,LAC,75,39,36,1842.0,217,169,45,0.779,503,0.431,8,0.438,2021-22,Regular Season,Rebounding,offensive
1630550,JT Thor,1610612766,CHA,21,12,9,224.0,11,1,10,0.091,28,0.393,1,0.407,2021-22,Regular Season,Rebounding,offensive
1629630,Ja Morant,1610612763,MEM,55,35,20,1838.0,74,40,34,0.541,200,0.37,9,0.387,2021-22,Regular Season,Rebounding,offensive
203210,JaMychal Green,1610612743,DEN,67,36,31,1085.0,81,58,24,0.716,200,0.405,3,0.411,2021-22,Regular Season,Rebounding,offensive
201580,JaVale McGee,1610612756,PHX,74,57,17,1172.0,163,128,35,0.785,333,0.489,5,0.497,2021-22,Regular Season,Rebounding,offensive
203953,Jabari Parker,1610612738,BOS,8,2,6,93.0,5,2,3,0.4,13,0.385,0,0.385,2021-22,Regular Season,Rebounding,offensive
1630183,Jaden McDaniels,1610612750,MIN,69,40,29,1785.0,76,32,43,0.421,188,0.404,4,0.413,2021-22,Regular Season,Rebounding,offensive
1630531,Jaden Springer,1610612755,PHI,1,1,0,4.0,1,1,0,1.0,1,1.0,0,1.0,2021-22,Regular Season,Rebounding,offensive
203109,Jae Crowder,1610612756,PHX,65,52,13,1839.0,30,15,15,0.5,92,0.326,3,0.337,2021-22,Regular Season,Rebounding,offensive
1630256,Jae'Sean Tate,1610612745,HOU,77,19,58,2045.0,135,86,48,0.637,310,0.435,6,0.444,2021-22,Regular Season,Rebounding,offensive
1630186,Jahmi'us Ramsey,1610612758,SAC,6,1,5,69.0,4,1,3,0.25,6,0.667,1,0.8,2021-22,Regular Season,Rebounding,offensive
1627774,Jake Layman,1610612750,MIN,16,5,11,164.0,6,4,2,0.667,17,0.353,3,0.429,2021-22,Regular Season,Rebounding,offensive
1627751,Jakob Poeltl,1610612759,SAS,68,30,38,1970.0,262,195,65,0.744,488,0.537,8,0.546,2021-22,Regular Season,Rebounding,offensive
1628973,Jalen Brunson,1610612742,DAL,77,48,29,2472.0,43,14,27,0.326,131,0.328,16,0.374,2021-22,Regular Season,Rebounding,offensive
1630224,Jalen Green,1610612745,HOU,65,12,53,2077.0,33,16,16,0.485,120,0.275,5,0.287,2021-22,Regular Season,Rebounding,offensive
1630552,Jalen Johnson,1610612737,ATL,12,9,3,92.0,2,1,1,0.5,7,0.286,0,0.286,2021-22,Regular Season,Rebounding,offensive
1629667,Jalen McDaniels,1610612766,CHA,47,30,17,829.0,36,16,20,0.444,82,0.439,4,0.462,2021-22,Regular Season,Rebounding,offensive
1630188,Jalen Smith,1610612754,IND,46,25,21,881.0,93,68,25,0.731,204,0.456,4,0.465,2021-22,Regular Season,Rebounding,offensive
1630591,Jalen Suggs,1610612753,ORL,46,14,32,1273.0,26,17,9,0.654,105,0.248,2,0.252,2021-22,Regular Season,Rebounding,offensive
1630547,James Bouknight,1610612766,CHA,21,9,12,276.0,22,10,12,0.455,48,0.458,1,0.468,2021-22,Regular Season,Rebounding,offensive
203516,James Ennis III,1610612743,DEN,5,3,2,48.0,5,4,1,0.8,12,0.417,0,0.417,2021-22,Regular Season,Rebounding,offensive
201935,James Harden,1610612755,PHI,65,40,25,2420.0,55,29,27,0.527,232,0.237,5,0.242,2021-22,Regular Season,Rebounding,offensive
201949,James Johnson,1610612751,BKN,58,28,30,1144.0,51,33,18,0.647,117,0.436,3,0.447,2021-22,Regular Season,Rebounding,offensive
1630691,Jamorko Pickett,1610612765,DET,9,3,6,163.0,6,3,3,0.5,14,0.429,1,0.462,2021-22,Regular Season,Rebounding,offensive
1630215,Jared Butler,1610612762,UTA,20,13,7,262.0,5,2,3,0.4,12,0.417,0,0.417,2021-22,Regular Season,Rebounding,offensive
1629607,Jared Harper,1610612740,NOP,2,1,1,28.0,2,0,2,0.0,2,1.0,0,1.0,2021-22,Regular Season,Rebounding,offensive
1628991,Jaren Jackson Jr.,1610612763,MEM,77,52,25,2100.0,117,68,48,0.581,295,0.397,18,0.422,2021-22,Regular Season,Rebounding,offensive
1629020,Jarred Vanderbilt,1610612750,MIN,72,41,31,1861.0,215,147,67,0.684,462,0.465,17,0.483,2021-22,Regular Season,Rebounding,offensive
1628386,Jarrett Allen,1610612739,CLE,56,35,21,1810.0,192,137,54,0.714,398,0.482,15,0.501,2021-22,Regular Season,Rebounding,offensive
1629633,Jarrett Culver,1610612763,MEM,22,16,6,271.0,13,10,3,0.769,30,0.433,1,0.448,2021-22,Regular Season,Rebounding,offensive
1629600,Jarron Cumberland,1610612757,POR,1,0,1,6.0,1,0,1,0.0,1,1.0,0,1.0,2021-22,Regular Season,Rebounding,offensive
1629602,Javin DeLaurier,1610612749,MIL,1,1,0,3.0,0,0,0,0.0,0,0.0,0,0.0,2021-22,Regular Season,Rebounding,offensive
1629750,Javonte Green,1610612741,CHI,64,37,27,1502.0,91,59,32,0.648,188,0.484,5,0.497,2021-22,Regular Season,Rebounding,offensive
1630606,Javonte Smart,1610612748,MIA,9,4,5,169.0,5,3,2,0.6,10,0.5,1,0.556,2021-22,Regular Season,Rebounding,offensive
1629637,Jaxson Hayes,1610612740,NOP,67,28,39,1374.0,114,65,49,0.57,210,0.543,11,0.573,2021-22,Regular Season,Rebounding,offensive
1630643,Jay Huff,1610612747,LAL,3,0,3,15.0,1,0,1,0.0,1,1.0,0,1.0,2021-22,Regular Season,Rebounding,offensive
1630206,Jay Scrubb,1610612746,LAC,9,4,5,95.0,2,1,0,0.5,4,0.5,0,0.5,2021-22,Regular Season,Rebounding,offensive
1627759,Jaylen Brown,1610612738,BOS,65,43,22,2186.0,53,25,28,0.472,193,0.275,4,0.28,2021-22,Regular Season,Rebounding,offensive
1629658,Jaylen Hoard,1610612760,OKC,7,2,5,240.0,30,16,14,0.533,55,0.545,0,0.545,2021-22,Regular Season,Rebounding,offensive
1628537,Jaylen Morris,1610612759,SAS,1,0,1,6.0,0,0,0,0.0,1,0.0,0,0.0,2021-22,Regular Season,Rebounding,offensive
1629669,Jaylen Nowell,1610612750,MIN,50,33,17,859.0,22,6,16,0.273,54,0.407,2,0.423,2021-22,Regular Season,Rebounding,offensive
1629873,Jaysean Paige,1610612765,DET,1,1,0,7.0,0,0,0,0.0,1,0.0,0,0.0,2021-22,Regular Season,Rebounding,offensive
1628369,Jayson Tatum,1610612738,BOS,75,49,26,2691.0,84,40,45,0.476,208,0.404,8,0.42,2021-22,Regular Season,Rebounding,offensive
1630288,Jeff Dowtin Jr.,1610612753,ORL,6,2,4,91.0,8,2,6,0.25,10,0.8,0,0.8,2021-22,Regular Season,Rebounding,offensive
201145,Jeff Green,1610612743,DEN,72,42,30,1795.0,41,27,15,0.659,114,0.36,4,0.373,2021-22,Regular Season,Rebounding,offensive
1629203,Jemerrio Jones,1610612747,LAL,2,0,2,15.0,2,1,1,0.5,4,0.5,0,0.5,2021-22,Regular Season,Rebounding,offensive
203924,Jerami Grant,1610612765,DET,47,11,36,1500.0,28,14,13,0.5,98,0.286,7,0.308,2021-22,Regular Season,Rebounding,offensive
1630526,Jeremiah Robinson-Earl,1610612760,OKC,48,14,34,1077.0,75,49,26,0.653,165,0.455,3,0.463,2021-22,Regular Season,Rebounding,offensive
203087,Jeremy Lamb,1610612758,SAC,48,20,28,836.0,26,8,18,0.308,54,0.481,1,0.491,2021-22,Regular Season,Rebounding,offensive
1630579,Jericho Sims,1610612752,NYK,32,16,16,531.0,61,45,16,0.738,135,0.452,5,0.469,2021-22,Regular Season,Rebounding,offensive
1628975,Jevon Carter,1610612749,MIL,51,31,20,806.0,14,1,13,0.071,29,0.483,1,0.5,2021-22,Regular Season,Rebounding,offensive
202710,Jimmy Butler III,1610612748,MIA,56,38,18,1919.0,102,69,34,0.676,213,0.479,5,0.49,2021-22,Regular Season,Rebounding,offensive
1629111,Jock Landale,1610612759,SAS,41,18,23,550.0,63,47,16,0.746,131,0.481,2,0.488,2021-22,Regular Season,Rebounding,offensive
203925,Joe Harris,1610612751,BKN,14,10,4,423.0,5,2,3,0.4,14,0.357,0,0.357,2021-22,Regular Season,Rebounding,offensive
204060,Joe Ingles,1610612757,POR,43,27,16,1091.0,12,3,9,0.25,31,0.387,0,0.387,2021-22,Regular Season,Rebounding,offensive
1630580,Joe Wieskamp,1610612759,SAS,11,5,6,119.0,4,2,2,0.5,7,0.571,0,0.571,2021-22,Regular Season,Rebounding,offensive
1630555,Joel Ayayi,1610612764,WAS,3,0,3,9.0,1,0,1,0.0,3,0.333,0,0.333,2021-22,Regular Season,Rebounding,offensive
203954,Joel Embiid,1610612755,PHI,68,45,23,2296.0,146,110,33,0.753,350,0.417,9,0.428,2021-22,Regular Season,Rebounding,offensive
1628381,John Collins,1610612737,ATL,54,26,28,1663.0,93,65,28,0.699,245,0.38,4,0.386,2021-22,Regular Season,Rebounding,offensive
1629723,John Konchar,1610612763,MEM,68,45,23,1258.0,87,38,47,0.437,162,0.537,4,0.551,2021-22,Regular Season,Rebounding,offensive
1630257,Jon Teske,1610612763,MEM,1,1,0,4.0,0,0,0,0.0,2,0.0,0,0.0,2021-22,Regular Season,Rebounding,offensive
202685,Jonas Valančiūnas,1610612740,NOP,73,33,40,2209.0,224,181,42,0.808,536,0.418,9,0.425,2021-22,Regular Season,Rebounding,offensive
1630228,Jonathan Kuminga,1610612744,GSW,58,37,21,1103.0,51,28,23,0.549,135,0.378,2,0.383,2021-22,Regular Season,Rebounding,offensive
1628395,Jordan Bell,1610612741,CHI,1,1,0,2.0,1,0,1,0.0,2,0.5,1,1.0,2021-22,Regular Season,Rebounding,offensive
203903,Jordan Clarkson,1610612762,UTA,77,46,31,2087.0,67,34,33,0.507,132,0.508,2,0.515,2021-22,Regular Season,Rebounding,offensive
1630692,Jordan Goodwin,1610612764,WAS,1,1,0,3.0,0,0,0,0.0,0,0.0,0,0.0,2021-22,Regular Season,Rebounding,offensive
1629162,Jordan McLaughlin,1610612750,MIN,42,24,18,718.0,22,13,9,0.591,46,0.478,0,0.478,2021-22,Regular Season,Rebounding,offensive
1629670,Jordan Nwora,1610612749,MIL,55,28,27,1149.0,37,9,28,0.243,88,0.42,1,0.425,2021-22,Regular Season,Rebounding,offensive
1629673,Jordan Poole,1610612744,GSW,74,48,26,2223.0,34,6,28,0.176,101,0.337,4,0.351,2021-22,Regular Season,Rebounding,offensive
1630648,Jordan Schakel,1610612764,WAS,4,1,3,30.0,2,1,1,0.5,4,0.5,0,0.5,2021-22,Regular Season,Rebounding,offensive
1630631,Jose Alvarado,1610612740,NOP,42,20,22,726.0,25,10,15,0.4,61,0.41,0,0.41,2021-22,Regular Season,Rebounding,offensive
1630528,Josh Christopher,1610612745,HOU,63,14,49,1231.0,52,31,20,0.596,111,0.468,7,0.5,2021-22,Regular Season,Rebounding,offensive
1630581,Josh Giddey,1610612760,OKC,53,16,37,1670.0,98,51,47,0.52,216,0.454,2,0.458,2021-22,Regular Season,Rebounding,offensive
1630182,Josh Green,1610612742,DAL,54,37,17,943.0,52,20,33,0.385,115,0.452,9,0.491,2021-22,Regular Season,Rebounding,offensive
1628404,Josh Hart,1610612757,POR,53,19,34,1757.0,60,32,27,0.533,163,0.368,9,0.39,2021-22,Regular Season,Rebounding,offensive
1628367,Josh Jackson,1610612758,SAC,43,11,32,779.0,21,12,8,0.571,60,0.35,0,0.35,2021-22,Regular Season,Rebounding,offensive
1629006,Josh Okogie,1610612750,MIN,27,14,13,380.0,29,17,12,0.586,61,0.475,2,0.492,2021-22,Regular Season,Rebounding,offensive
1626196,Josh Richardson,1610612759,SAS,57,35,22,1475.0,42,14,29,0.333,96,0.438,3,0.452,2021-22,Regular Season,Rebounding,offensive
1630563,Joshua Primo,1610612759,SAS,42,16,26,913.0,32,16,16,0.5,66,0.485,4,0.516,2021-22,Regular Season,Rebounding,offensive
201950,Jrue Holiday,1610612749,MIL,64,46,18,2142.0,69,42,28,0.609,174,0.397,5,0.408,2021-22,Regular Season,Rebounding,offensive
1629308,Juan Toscano-Anderson,1610612744,GSW,58,40,18,929.0,28,14,14,0.5,79,0.354,3,0.368,2021-22,Regular Season,Rebounding,offensive
1627823,Juancho Hernangomez,1610612762,UTA,29,14,15,412.0,28,15,13,0.536,58,0.483,2,0.5,2021-22,Regular Season,Rebounding,offensive
203944,Julius Randle,1610612752,NYK,71,31,40,2506.0,123,71,50,0.577,355,0.346,4,0.35,2021-22,Regular Season,Rebounding,offensive
1626147,Justin Anderson,1610612754,IND,12,2,10,293.0,4,2,2,0.5,16,0.25,0,0.25,2021-22,Regular Season,Rebounding,offensive
1630551,Justin Champagnie,1610612761,TOR,26,14,12,243.0,37,27,10,0.73,64,0.578,1,0.587,2021-22,Regular Season,Rebounding,offensive
203200,Justin Holiday,1610612758,SAC,68,22,46,1923.0,29,12,17,0.414,74,0.392,2,0.403,2021-22,Regular Season,Rebounding,offensive
1628382,Justin Jackson,1610612756,PHX,3,2,1,19.0,1,0,1,0.0,4,0.25,1,0.333,2021-22,Regular Season,Rebounding,offensive
1629620,Justin Robinson,1610612765,DET,12,7,5,207.0,4,0,4,0.0,10,0.4,0,0.4,2021-22,Regular Season,Rebounding,offensive
1626159,Justise Winslow,1610612757,POR,39,20,19,713.0,50,29,21,0.58,115,0.435,2,0.442,2021-22,Regular Season,Rebounding,offensive
203994,Jusuf Nurkić,1610612757,POR,56,25,31,1578.0,167,131,37,0.784,408,0.409,14,0.424,2021-22,Regular Season,Rebounding,offensive
1629752,Juwan Morgan,1610612738,BOS,1,0,1,27.0,2,2,0,1.0,2,1.0,0,1.0,2021-22,Regular Season,Rebounding,offensive
1630231,KJ Martin,1610612745,HOU,76,18,58,1619.0,80,54,26,0.675,218,0.367,8,0.381,2021-22,Regular Season,Rebounding,offensive
1629644,KZ Okpala,1610612748,MIA,15,11,4,216.0,11,4,7,0.364,29,0.379,1,0.393,2021-22,Regular Season,Rebounding,offensive
1630539,Kai Jones,1610612766,CHA,9,5,4,39.0,3,4,0,1.333,6,0.5,0,0.5,2021-22,Regular Season,Rebounding,offensive
1626157,Karl-Anthony Towns,1610612750,MIN,74,44,30,2475.0,194,128,65,0.66,450,0.431,11,0.442,2021-22,Regular Season,Rebounding,offensive
1626208,Keifer Sykes,1610612754,IND,20,4,16,444.0,8,1,7,0.125,17,0.471,0,0.471,2021-22,Regular Season,Rebounding,offensive
1628966,Keita Bates-Diop,1610612759,SAS,55,21,34,943.0,62,37,25,0.597,138,0.449,4,0.463,2021-22,Regular Season,Rebounding,offensive
1629103,Kelan Martin,1610612738,BOS,24,9,15,410.0,17,9,8,0.529,38,0.447,1,0.459,2021-22,Regular Season,Rebounding,offensive
1629640,Keldon Johnson,1610612759,SAS,75,33,42,2392.0,80,44,35,0.55,222,0.36,14,0.385,2021-22,Regular Season,Rebounding,offensive
1629833,Keljin Blevins,1610612757,POR,20,1,19,297.0,16,7,9,0.438,34,0.471,0,0.471,2021-22,Regular Season,Rebounding,offensive
203482,Kelly Olynyk,1610612765,DET,40,13,27,764.0,54,36,17,0.667,126,0.429,1,0.432,2021-22,Regular Season,Rebounding,offensive
1626162,Kelly Oubre Jr.,1610612766,CHA,75,39,36,1985.0,78,44,35,0.564,170,0.459,4,0.47,2021-22,Regular Season,Rebounding,offensive
202689,Kemba Walker,1610612752,NYK,32,15,17,849.0,14,4,11,0.286,39,0.359,2,0.378,2021-22,Regular Season,Rebounding,offensive
1629026,Kenrich Williams,1610612760,OKC,48,17,31,1056.0,75,46,29,0.613,176,0.426,6,0.441,2021-22,Regular Season,Rebounding,offensive
203145,Kent Bazemore,1610612747,LAL,31,12,19,498.0,13,9,3,0.692,36,0.361,2,0.382,2021-22,Regular Season,Rebounding,offensive
203484,Kentavious Caldwell-Pope,1610612764,WAS,76,34,42,2295.0,41,17,24,0.415,105,0.39,5,0.41,2021-22,Regular Season,Rebounding,offensive
1630553,Keon Johnson,1610612757,POR,28,4,24,623.0,24,16,8,0.667,56,0.429,2,0.444,2021-22,Regular Season,Rebounding,offensive
1630556,Kessler Edwards,1610612751,BKN,41,16,25,951.0,44,28,16,0.636,91,0.484,2,0.494,2021-22,Regular Season,Rebounding,offensive
201142,Kevin Durant,1610612751,BKN,55,36,19,2047.0,29,8,20,0.276,81,0.358,2,0.367,2021-22,Regular Season,Rebounding,offensive
1628989,Kevin Huerter,1610612737,ATL,73,39,34,2165.0,32,9,23,0.281,80,0.4,4,0.421,2021-22,Regular Season,Rebounding,offensive
1628995,Kevin Knox II,1610612737,ATL,19,12,7,180.0,14,5,9,0.357,24,0.583,0,0.583,2021-22,Regular Season,Rebounding,offensive
201567,Kevin Love,1610612739,CLE,74,38,36,1665.0,87,69,17,0.793,218,0.399,7,0.412,2021-22,Regular Season,Rebounding,offensive
1630698,Kevin Pangos,1610612739,CLE,8,5,3,98.0,2,0,2,0.0,2,1.0,0,1.0,2021-22,Regular Season,Rebounding,offensive
1629645,Kevin Porter Jr.,1610612745,HOU,60,16,44,1891.0,43,20,22,0.465,113,0.381,4,0.394,2021-22,Regular Season,Rebounding,offensive
1626172,Kevon Looney,1610612744,GSW,81,53,28,1713.0,205,133,71,0.649,408,0.502,14,0.52,2021-22,Regular Season,Rebounding,offensive
203920,Khem Birch,1610612761,TOR,54,33,21,986.0,122,80,42,0.656,247,0.494,10,0.515,2021-22,Regular Season,Rebounding,offensive
203114,Khris Middleton,1610612749,MIL,66,44,22,2141.0,41,26,15,0.634,110,0.373,4,0.387,2021-22,Regular Season,Rebounding,offensive
1630165,Killian Hayes,1610612765,DET,61,19,42,1556.0,36,13,23,0.361,93,0.387,4,0.404,2021-22,Regular Season,Rebounding,offensive
1629681,Killian Tillie,1610612763,MEM,26,19,7,370.0,18,8,10,0.444,43,0.419,1,0.429,2021-22,Regular Season,Rebounding,offensive
1630184,Kira Lewis Jr.,1610612740,NOP,16,3,13,259.0,9,1,7,0.111,15,0.6,1,0.643,2021-22,Regular Season,Rebounding,offensive
202691,Klay Thompson,1610612744,GSW,32,17,15,941.0,15,3,12,0.2,49,0.306,3,0.326,2021-22,Regular Season,Rebounding,offensive
1627739,Kris Dunn,1610612757,POR,14,1,13,336.0,9,4,5,0.444,24,0.375,5,0.474,2021-22,Regular Season,Rebounding,offensive
204001,Kristaps Porziņģis,1610612764,WAS,51,26,25,1481.0,102,67,34,0.657,215,0.474,9,0.495,2021-22,Regular Season,Rebounding,offensive
203937,Kyle Anderson,1610612763,MEM,69,46,23,1484.0,69,43,25,0.623,168,0.411,6,0.426,2021-22,Regular Season,Rebounding,offensive
1629657,Kyle Guy,1610612748,MIA,8,5,3,122.0,4,2,2,0.5,11,0.364,0,0.364,2021-22,Regular Season,Rebounding,offensive
1628398,Kyle Kuzma,1610612764,WAS,66,29,37,2204.0,70,45,25,0.643,187,0.374,5,0.385,2021-22,Regular Season,Rebounding,offensive
200768,Kyle Lowry,1610612748,MIA,62,40,22,2097.0,33,13,20,0.394,102,0.324,8,0.351,2021-22,Regular Season,Rebounding,offensive
202681,Kyrie Irving,1610612751,BKN,29,14,15,1092.0,16,9,6,0.563,66,0.242,3,0.254,2021-22,Regular Season,Rebounding,offensive
200746,LaMarcus Aldridge,1610612751,BKN,47,26,21,1050.0,73,44,29,0.603,161,0.453,4,0.465,2021-22,Regular Season,Rebounding,offensive
1630163,LaMelo Ball,1610612766,CHA,73,38,35,2383.0,107,52,55,0.486,248,0.431,13,0.455,2021-22,Regular Season,Rebounding,offensive
1630205,Lamar Stevens,1610612739,CLE,50,27,23,929.0,47,27,20,0.574,105,0.448,5,0.47,2021-22,Regular Season,Rebounding,offensive
202362,Lance Stephenson,1610612754,IND,44,10,34,794.0,12,3,9,0.25,44,0.273,1,0.279,2021-22,Regular Season,Rebounding,offensive
1629013,Landry Shamet,1610612756,PHX,57,43,14,1189.0,16,6,10,0.375,53,0.302,3,0.32,2021-22,Regular Season,Rebounding,offensive
204038,Langston Galloway,1610612749,MIL,7,4,3,107.0,3,3,0,1.0,10,0.3,1,0.333,2021-22,Regular Season,Rebounding,offensive
1626204,Larry Nance Jr.,1610612740,NOP,46,19,27,1040.0,72,48,24,0.667,169,0.426,6,0.442,2021-22,Regular Season,Rebounding,offensive
1628374,Lauri Markkanen,1610612739,CLE,61,32,29,1878.0,59,39,20,0.661,149,0.396,6,0.413,2021-22,Regular Season,Rebounding,offensive
2544,LeBron James,1610612747,LAL,56,25,31,2084.0,63,35,27,0.556,166,0.38,2,0.384,2021-22,Regular Season,Rebounding,offensive
1630195,Leandro Bolmaro,1610612750,MIN,22,10,12,192.0,16,12,4,0.75,25,0.64,0,0.64,2021-22,Regular Season,Rebounding,offensive
1629623,Lindell Wigginton,1610612749,MIL,10,5,5,173.0,3,3,0,1.0,10,0.3,1,0.333,2021-22,Regular Season,Rebounding,offensive
1630322,Lindy Waters III,1610612760,OKC,22,6,16,455.0,6,0,6,0.0,23,0.261,2,0.286,2021-22,Regular Season,Rebounding,offensive
1629022,Lonnie Walker IV,1610612759,SAS,65,26,39,1511.0,18,6,12,0.333,53,0.34,0,0.34,2021-22,Regular Season,Rebounding,offensive
1628366,Lonzo Ball,1610612741,CHI,35,22,13,1212.0,35,24,11,0.686,86,0.407,2,0.417,2021-22,Regular Season,Rebounding,offensive
101150,Lou Williams,1610612737,ATL,45,25,20,659.0,15,6,9,0.4,31,0.484,2,0.517,2021-22,Regular Season,Rebounding,offensive
1629663,Louis King,1610612758,SAC,7,1,6,89.0,0,0,0,0.0,3,0.0,0,0.0,2021-22,Regular Season,Rebounding,offensive
1629652,Luguentz Dort,1610612760,OKC,49,17,32,1601.0,38,18,19,0.474,116,0.328,8,0.352,2021-22,Regular Season,Rebounding,offensive
1629029,Luka Doncic,1610612742,DAL,65,44,21,2301.0,56,30,26,0.536,190,0.295,9,0.309,2021-22,Regular Season,Rebounding,offensive
1630568,Luka Garza,1610612765,DET,26,3,23,349.0,57,34,22,0.596,117,0.487,1,0.491,2021-22,Regular Season,Rebounding,offensive
1628379,Luke Kennard,1610612746,LAC,67,32,35,1839.0,20,6,14,0.3,55,0.364,4,0.392,2021-22,Regular Season,Rebounding,offensive
1628436,Luke Kornet,1610612738,BOS,10,8,2,92.0,13,10,2,0.769,27,0.481,0,0.481,2021-22,Regular Season,Rebounding,offensive
1630640,MJ Walker,1610612756,PHX,1,1,0,8.0,0,0,0,0.0,2,0.0,0,0.0,2021-22,Regular Season,Rebounding,offensive
1630644,Mac McClung,1610612747,LAL,1,1,0,22.0,0,0,0,0.0,2,0.0,0,0.0,2021-22,Regular Season,Rebounding,offensive
1630201,Malachi Flynn,1610612761,TOR,27,14,13,446.0,10,3,7,0.3,27,0.37,1,0.385,2021-22,Regular Season,Rebounding,offensive
1627763,Malcolm Brogdon,1610612754,IND,36,14,22,1206.0,33,16,17,0.485,90,0.367,5,0.388,2021-22,Regular Season,Rebounding,offensive
1630792,Malcolm Hill,1610612741,CHI,12,6,6,194.0,11,4,7,0.364,20,0.55,0,0.55,2021-22,Regular Season,Rebounding,offensive
1627736,Malik Beasley,1610612750,MIN,74,43,31,1871.0,26,7,19,0.269,81,0.321,7,0.351,2021-22,Regular Season,Rebounding,offensive
1630238,Malik Fitts,1610612738,BOS,9,7,2,51.0,2,1,1,0.5,5,0.4,0,0.4,2021-22,Regular Season,Rebounding,offensive
1628370,Malik Monk,1610612747,LAL,71,28,43,2015.0,37,13,24,0.351,86,0.43,3,0.446,2021-22,Regular Season,Rebounding,offensive
1629005,Malik Newman,1610612739,CLE,1,0,1,8.0,0,0,0,0.0,0,0.0,0,0.0,2021-22,Regular Season,Rebounding,offensive
1629603,Mamadi Diakite,1610612760,OKC,12,3,9,178.0,17,13,4,0.765,44,0.386,1,0.395,2021-22,Regular Season,Rebounding,offensive
1630585,Marcus Garrett,1610612748,MIA,8,7,1,117.0,9,7,2,0.778,15,0.6,0,0.6,2021-22,Regular Season,Rebounding,offensive
202694,Marcus Morris Sr.,1610612746,LAC,51,26,25,1467.0,23,10,13,0.435,68,0.338,4,0.359,2021-22,Regular Season,Rebounding,offensive
203935,Marcus Smart,1610612738,BOS,68,46,22,2223.0,41,18,22,0.439,111,0.369,6,0.39,2021-22,Regular Season,Rebounding,offensive
1628365,Markelle Fultz,1610612753,ORL,18,6,12,360.0,4,3,1,0.75,20,0.2,0,0.2,2021-22,Regular Season,Rebounding,offensive
202693,Markieff Morris,1610612748,MIA,17,10,7,298.0,17,9,8,0.529,37,0.459,1,0.472,2021-22,Regular Season,Rebounding,offensive
1630250,Marko Simonovic,1610612741,CHI,5,2,3,27.0,5,3,2,0.6,9,0.556,0,0.556,2021-22,Regular Season,Rebounding,offensive
1630210,Markus Howard,1610612743,DEN,8,3,5,95.0,2,0,2,0.0,5,0.4,0,0.4,2021-22,Regular Season,Rebounding,offensive
1627737,Marquese Chriss,1610612742,DAL,28,20,8,308.0,33,19,14,0.576,79,0.418,1,0.423,2021-22,Regular Season,Rebounding,offensive
1628963,Marvin Bagley III,1610612765,DET,48,17,31,1146.0,105,76,28,0.724,198,0.53,3,0.538,2021-22,Regular Season,Rebounding,offensive
1630222,Mason Jones,1610612747,LAL,4,2,2,51.0,1,0,1,0.0,5,0.2,1,0.25,2021-22,Regular Season,Rebounding,offensive
203486,Mason Plumlee,1610612766,CHA,72,40,32,1771.0,175,111,65,0.634,399,0.439,12,0.452,2021-22,Regular Season,Rebounding,offensive
1629680,Matisse Thybulle,1610612755,PHI,60,39,21,1569.0,42,22,21,0.524,104,0.404,2,0.412,2021-22,Regular Season,Rebounding,offensive
1629744,Matt Thomas,1610612741,CHI,26,14,12,390.0,3,0,3,0.0,8,0.375,0,0.375,2021-22,Regular Season,Rebounding,offensive
203090,Maurice Harkless,1610612758,SAC,39,12,27,774.0,12,7,5,0.583,44,0.273,2,0.286,2021-22,Regular Season,Rebounding,offensive
1629622,Max Strus,1610612748,MIA,62,42,20,1515.0,24,10,14,0.417,67,0.358,6,0.393,2021-22,Regular Season,Rebounding,offensive
1628467,Maxi Kleber,1610612742,DAL,59,36,23,1450.0,70,42,28,0.6,156,0.449,2,0.455,2021-22,Regular Season,Rebounding,offensive
1628982,Melvin Frazier Jr.,1610612760,OKC,3,0,3,120.0,5,1,4,0.2,13,0.385,0,0.385,2021-22,Regular Season,Rebounding,offensive
1630695,Micah Potter,1610612765,DET,3,2,1,31.0,4,2,2,0.5,14,0.286,0,0.286,2021-22,Regular Season,Rebounding,offensive
1629008,Michael Porter Jr.,1610612743,DEN,9,5,4,265.0,9,2,7,0.222,27,0.333,0,0.333,2021-22,Regular Season,Rebounding,offensive
1628969,Mikal Bridges,1610612756,PHX,79,62,17,2744.0,72,34,38,0.472,152,0.474,7,0.497,2021-22,Regular Season,Rebounding,offensive
201144,Mike Conley,1610612762,UTA,69,42,27,1981.0,47,9,37,0.191,97,0.485,7,0.522,2021-22,Regular Season,Rebounding,offensive
203488,Mike Muscala,1610612760,OKC,38,13,25,526.0,21,11,9,0.524,54,0.389,1,0.396,2021-22,Regular Season,Rebounding,offensive
1628970,Miles Bridges,1610612766,CHA,79,41,38,2800.0,89,36,51,0.404,239,0.372,11,0.39,2021-22,Regular Season,Rebounding,offensive
1630540,Miles McBride,1610612752,NYK,20,12,8,285.0,4,0,5,0.0,17,0.235,1,0.25,2021-22,Regular Season,Rebounding,offensive
1629011,Mitchell Robinson,1610612752,NYK,69,30,39,1805.0,292,230,61,0.788,541,0.54,13,0.553,2021-22,Regular Season,Rebounding,offensive
1629671,Miye Oni,1610612762,UTA,7,6,1,23.0,1,1,0,1.0,2,0.5,0,0.5,2021-22,Regular Season,Rebounding,offensive
1628964,Mo Bamba,1610612753,ORL,71,19,52,1824.0,148,104,43,0.703,331,0.447,7,0.457,2021-22,Regular Season,Rebounding,offensive
1628420,Monte Morris,1610612743,DEN,70,42,28,2096.0,27,7,20,0.259,69,0.391,3,0.409,2021-22,Regular Season,Rebounding,offensive
1626149,Montrezl Harrell,1610612766,CHA,70,35,35,1623.0,149,105,43,0.705,323,0.461,7,0.472,2021-22,Regular Season,Rebounding,offensive
1629021,Moritz Wagner,1610612753,ORL,57,16,41,915.0,42,25,16,0.595,133,0.316,0,0.316,2021-22,Regular Season,Rebounding,offensive
1629650,Moses Brown,1610612739,CLE,31,15,16,324.0,39,32,7,0.821,96,0.406,3,0.419,2021-22,Regular Season,Rebounding,offensive
1630541,Moses Moody,1610612744,GSW,30,20,10,487.0,16,9,7,0.563,40,0.4,0,0.4,2021-22,Regular Season,Rebounding,offensive
1630589,Moses Wright,1610612742,DAL,2,2,0,11.0,1,0,1,0.0,1,1.0,0,1.0,2021-22,Regular Season,Rebounding,offensive
1628539,Mychal Mulder,1610612748,MIA,13,2,11,192.0,2,0,2,0.0,8,0.25,1,0.286,2021-22,Regular Season,Rebounding,offensive
1629619,Myles Powell,1610612755,PHI,3,3,0,25.0,1,0,1,0.0,1,1.0,0,1.0,2021-22,Regular Season,Rebounding,offensive
1626167,Myles Turner,1610612754,IND,42,15,27,1235.0,65,35,29,0.538,154,0.422,2,0.428,2021-22,Regular Season,Rebounding,offensive
1630230,Naji Marshall,1610612740,NOP,48,19,29,714.0,38,25,13,0.658,90,0.422,7,0.458,2021-22,Regular Season,Rebounding,offensive
1629642,Nassir Little,1610612757,POR,41,19,22,1077.0,58,40,18,0.69,111,0.523,1,0.527,2021-22,Regular Season,Rebounding,offensive
1630233,Nathan Knight,1610612750,MIN,26,15,11,239.0,32,28,4,0.875,66,0.485,2,0.5,2021-22,Regular Season,Rebounding,offensive
1629675,Naz Reid,1610612750,MIN,71,40,31,1146.0,101,69,33,0.683,219,0.461,4,0.47,2021-22,Regular Season,Rebounding,offensive
1629674,Neemias Queta,1610612758,SAC,9,2,7,112.0,14,8,5,0.571,27,0.519,1,0.538,2021-22,Regular Season,Rebounding,offensive
202357,Nemanja Bjelica,1610612744,GSW,67,45,22,1090.0,62,48,15,0.774,139,0.446,2,0.453,2021-22,Regular Season,Rebounding,offensive
203457,Nerlens Noel,1610612752,NYK,25,10,15,562.0,48,35,12,0.729,103,0.466,3,0.48,2021-22,Regular Season,Rebounding,offensive
1629651,Nic Claxton,1610612751,BKN,46,23,23,971.0,91,66,25,0.725,240,0.379,6,0.389,2021-22,Regular Season,Rebounding,offensive
1630208,Nick Richards,1610612766,CHA,36,18,18,320.0,32,26,6,0.813,83,0.386,2,0.395,2021-22,Regular Season,Rebounding,offensive
1629638,Nickeil Alexander-Walker,1610612762,UTA,56,24,32,1387.0,37,17,19,0.459,91,0.407,5,0.43,2021-22,Regular Season,Rebounding,offensive
201587,Nicolas Batum,1610612746,LAC,57,31,26,1428.0,29,12,17,0.414,56,0.518,2,0.537,2021-22,Regular Season,Rebounding,offensive
203917,Nik Stauskas,1610612738,BOS,2,1,1,24.0,1,0,1,0.0,1,1.0,0,1.0,2021-22,Regular Season,Rebounding,offensive
203999,Nikola Jokić,1610612743,DEN,74,46,28,2476.0,206,165,38,0.801,477,0.432,13,0.444,2021-22,Regular Season,Rebounding,offensive
202696,Nikola Vucevic,1610612741,CHI,73,41,32,2418.0,142,100,41,0.704,327,0.434,7,0.444,2021-22,Regular Season,Rebounding,offensive
1626181,Norman Powell,1610612746,LAC,43,15,28,1388.0,20,7,13,0.35,70,0.286,3,0.299,2021-22,Regular Season,Rebounding,offensive
203658,Norvel Pelle,1610612762,UTA,3,0,3,19.0,3,2,1,0.667,6,0.5,0,0.5,2021-22,Regular Season,Rebounding,offensive
1628384,OG Anunoby,1610612761,TOR,48,31,17,1728.0,74,38,37,0.514,168,0.44,9,0.465,2021-22,Regular Season,Rebounding,offensive
1630167,Obi Toppin,1610612752,NYK,67,28,39,1178.0,69,34,34,0.493,152,0.454,2,0.46,2021-22,Regular Season,Rebounding,offensive
1630846,Olivier Sarr,1610612760,OKC,19,6,13,407.0,34,21,13,0.618,90,0.378,2,0.386,2021-22,Regular Season,Rebounding,offensive
1630209,Omer Yurtseven,1610612748,MIA,45,30,15,679.0,85,60,22,0.706,191,0.445,4,0.455,2021-22,Regular Season,Rebounding,offensive
1630168,Onyeka Okongwu,1610612737,ATL,47,26,21,985.0,115,75,40,0.652,210,0.548,3,0.556,2021-22,Regular Season,Rebounding,offensive
1629052,Oshae Brissett,1610612754,IND,63,18,45,1541.0,108,63,45,0.583,241,0.448,13,0.474,2021-22,Regular Season,Rebounding,offensive
203490,Otto Porter Jr.,1610612744,GSW,61,40,21,1356.0,86,50,37,0.581,178,0.483,3,0.491,2021-22,Regular Season,Rebounding,offensive
200782,P.J. Tucker,1610612748,MIA,71,45,26,1981.0,100,60,40,0.6,265,0.377,7,0.388,2021-22,Regular Season,Rebounding,offensive
1629023,P.J. Washington,1610612766,CHA,64,33,31,1764.0,82,47,37,0.573,171,0.48,4,0.491,2021-22,Regular Season,Rebounding,offensive
1628408,PJ Dozier,1610612743,DEN,17,9,8,322.0,14,6,7,0.429,32,0.438,1,0.452,2021-22,Regular Season,Rebounding,offensive
1628238,Paris Bass,1610612756,PHX,1,1,0,5.0,1,1,0,1.0,3,0.333,0,0.333,2021-22,Regular Season,Rebounding,offensive
1627783,Pascal Siakam,1610612761,TOR,68,40,28,2578.0,128,81,48,0.633,294,0.435,15,0.459,2021-22,Regular Season,Rebounding,offensive
1626192,Pat Connaughton,1610612749,MIL,64,41,23,1671.0,45,19,26,0.422,104,0.433,3,0.446,2021-22,Regular Season,Rebounding,offensive
201976,Patrick Beverley,1610612750,MIN,56,32,24,1466.0,62,21,39,0.339,123,0.504,2,0.512,2021-22,Regular Season,Rebounding,offensive
1630172,Patrick Williams,1610612741,CHI,16,8,8,397.0,17,10,7,0.588,36,0.472,0,0.472,2021-22,Regular Season,Rebounding,offensive
201988,Patty Mills,1610612751,BKN,65,33,32,1942.0,18,3,15,0.167,57,0.316,0,0.316,2021-22,Regular Season,Rebounding,offensive
202331,Paul George,1610612746,LAC,30,17,13,1051.0,12,4,8,0.333,63,0.19,2,0.197,2021-22,Regular Season,Rebounding,offensive
200794,Paul Millsap,1610612755,PHI,31,21,10,360.0,41,29,11,0.707,83,0.494,1,0.5,2021-22,Regular Season,Rebounding,offensive
1630194,Paul Reed,1610612755,PHI,26,13,13,273.0,44,32,12,0.727,103,0.427,5,0.449,2021-22,Regular Season,Rebounding,offensive
1628778,Paul Watson,1610612760,OKC,8,2,6,152.0,3,1,2,0.333,9,0.333,0,0.333,2021-22,Regular Season,Rebounding,offensive
1630202,Payton Pritchard,1610612738,BOS,53,32,21,878.0,32,12,19,0.375,69,0.464,3,0.485,2021-22,Regular Season,Rebounding,offensive
1627822,Petr Cornelie,1610612743,DEN,9,2,7,30.0,7,6,1,0.857,11,0.636,0,0.636,2021-22,Regular Season,Rebounding,offensive
1630173,Precious Achiuwa,1610612761,TOR,73,46,27,1725.0,146,93,52,0.637,356,0.41,9,0.421,2021-22,Regular Season,Rebounding,offensive
1629656,Quentin Grimes,1610612752,NYK,38,16,22,771.0,23,10,13,0.435,40,0.575,1,0.59,2021-22,Regular Season,Rebounding,offensive
1629683,Quinndary Weatherspoon,1610612744,GSW,6,4,2,65.0,2,2,0,1.0,7,0.286,0,0.286,2021-22,Regular Season,Rebounding,offensive
1630181,R.J. Hampton,1610612753,ORL,58,15,43,1309.0,23,13,10,0.565,60,0.383,3,0.404,2021-22,Regular Season,Rebounding,offensive
1629628,RJ Barrett,1610612752,NYK,69,32,37,2384.0,66,24,42,0.364,188,0.351,7,0.365,2021-22,Regular Season,Rebounding,offensive
200765,Rajon Rondo,1610612739,CLE,37,16,21,668.0,15,5,11,0.333,41,0.366,1,0.375,2021-22,Regular Season,Rebounding,offensive
203526,Raul Neto,1610612764,WAS,58,26,32,1217.0,13,4,9,0.308,65,0.2,6,0.22,2021-22,Regular Season,Rebounding,offensive
1629730,Rayjon Tucker,1610612749,MIL,3,1,2,65.0,3,1,2,0.333,6,0.5,0,0.5,2021-22,Regular Season,Rebounding,offensive
203493,Reggie Bullock Jr.,1610612742,DAL,67,44,23,1868.0,33,11,21,0.333,79,0.418,2,0.429,2021-22,Regular Season,Rebounding,offensive
202704,Reggie Jackson,1610612746,LAC,73,38,35,2281.0,39,15,24,0.385,109,0.358,8,0.386,2021-22,Regular Season,Rebounding,offensive
1629617,Reggie Perry,1610612757,POR,10,0,10,187.0,15,11,4,0.733,40,0.375,1,0.385,2021-22,Regular Season,Rebounding,offensive
1626158,Richaun Holmes,1610612758,SAC,41,13,28,997.0,88,74,15,0.841,214,0.411,4,0.419,2021-22,Regular Season,Rebounding,offensive
201937,Ricky Rubio,1610612754,IND,33,20,13,933.0,15,3,12,0.2,59,0.254,5,0.278,2021-22,Regular Season,Rebounding,offensive
1630306,Rob Edwards,1610612760,OKC,1,0,1,9.0,0,0,0,0.0,0,0.0,0,0.0,2021-22,Regular Season,Rebounding,offensive
203496,Robert Covington,1610612746,LAC,70,34,36,1924.0,59,31,28,0.525,185,0.319,7,0.331,2021-22,Regular Season,Rebounding,offensive
1629057,Robert Williams III,1610612738,BOS,60,40,20,1770.0,235,173,61,0.736,393,0.598,11,0.615,2021-22,Regular Season,Rebounding,offensive
1630218,Robert Woodard II,1610612759,SAS,6,0,6,29.0,5,3,2,0.6,6,0.833,0,0.833,2021-22,Regular Season,Rebounding,offensive
201577,Robin Lopez,1610612753,ORL,33,9,24,579.0,68,55,14,0.809,141,0.482,4,0.496,2021-22,Regular Season,Rebounding,offensive
203918,Rodney Hood,1610612746,LAC,36,18,18,569.0,15,7,8,0.467,33,0.455,3,0.5,2021-22,Regular Season,Rebounding,offensive
203585,Rodney McGruder,1610612765,DET,38,12,26,647.0,30,14,16,0.467,79,0.38,7,0.417,2021-22,Regular Season,Rebounding,offensive
1629641,Romeo Langford,1610612759,SAS,38,15,23,704.0,30,13,16,0.433,56,0.536,7,0.612,2021-22,Regular Season,Rebounding,offensive
1626220,Royce O'Neale,1610612762,UTA,75,44,31,2345.0,64,31,33,0.484,158,0.405,4,0.416,2021-22,Regular Season,Rebounding,offensive
1630612,Ruben Nembhard Jr.,1610612739,CLE,6,2,4,25.0,3,1,2,0.333,6,0.5,0,0.5,2021-22,Regular Season,Rebounding,offensive
200752,Rudy Gay,1610612762,UTA,55,34,21,1038.0,55,31,24,0.564,114,0.482,4,0.5,2021-22,Regular Season,Rebounding,offensive
203497,Rudy Gobert,1610612762,UTA,66,42,24,2120.0,241,176,65,0.73,559,0.431,22,0.449,2021-22,Regular Season,Rebounding,offensive
1629060,Rui Hachimura,1610612764,WAS,42,16,26,944.0,25,11,13,0.44,62,0.403,2,0.417,2021-22,Regular Season,Rebounding,offensive
201566,Russell Westbrook,1610612747,LAL,78,31,47,2678.0,110,59,49,0.536,342,0.322,6,0.327,2021-22,Regular Season,Rebounding,offensive
1627853,Ryan Arcidiacono,1610612752,NYK,5,4,1,63.0,0,0,0,0.0,0,0.0,0,0.0,2021-22,Regular Season,Rebounding,offensive
1630240,Saben Lee,1610612765,DET,30,7,23,544.0,18,10,8,0.556,49,0.367,1,0.375,2021-22,Regular Season,Rebounding,offensive
1630180,Saddiq Bey,1610612765,DET,80,22,58,2666.0,107,44,63,0.411,226,0.473,8,0.491,2021-22,Regular Season,Rebounding,offensive
1630573,Sam Hauser,1610612738,BOS,16,11,5,131.0,5,2,3,0.4,11,0.455,0,0.455,2021-22,Regular Season,Rebounding,offensive
1630241,Sam Merrill,1610612763,MEM,4,2,2,30.0,1,1,0,1.0,2,0.5,0,0.5,2021-22,Regular Season,Rebounding,offensive
1630572,Sandro Mamukelashvili,1610612749,MIL,24,10,14,348.0,35,20,14,0.571,75,0.467,4,0.493,2021-22,Regular Season,Rebounding,offensive
1630583,Santi Aldama,1610612763,MEM,28,17,11,322.0,32,21,11,0.656,54,0.593,4,0.64,2021-22,Regular Season,Rebounding,offensive
1630567,Scottie Barnes,1610612761,TOR,74,43,31,2617.0,195,115,78,0.59,347,0.562,9,0.577,2021-22,Regular Season,Rebounding,offensive
203816,Scotty Hopson,1610612760,OKC,1,0,1,18.0,0,0,0,0.0,1,0.0,0,0.0,2021-22,Regular Season,Rebounding,offensive
1629635,Sekou Doumbouya,1610612747,LAL,2,0,2,16.0,2,1,1,0.5,2,1.0,0,1.0,2021-22,Regular Season,Rebounding,offensive
1628400,Semi Ojeleye,1610612746,LAC,19,6,13,331.0,27,15,12,0.556,65,0.415,1,0.422,2021-22,Regular Season,Rebounding,offensive
201586,Serge Ibaka,1610612749,MIL,51,28,23,847.0,60,38,22,0.633,140,0.429,4,0.441,2021-22,Regular Season,Rebounding,offensive
203552,Seth Curry,1610612751,BKN,58,34,24,1970.0,21,7,14,0.333,51,0.412,1,0.42,2021-22,Regular Season,Rebounding,offensive
1628983,Shai Gilgeous-Alexander,1610612760,OKC,56,16,40,1942.0,37,17,20,0.459,112,0.33,5,0.346,2021-22,Regular Season,Rebounding,offensive
1629003,Shake Milton,1610612755,PHI,49,31,18,1096.0,29,9,19,0.31,65,0.446,3,0.468,2021-22,Regular Season,Rebounding,offensive
1629783,Shaq Buchanan,1610612763,MEM,1,1,0,7.0,1,1,0,1.0,2,0.5,0,0.5,2021-22,Regular Season,Rebounding,offensive
1627885,Shaquille Harrison,1610612751,BKN,1,0,1,21.0,1,0,1,0.0,1,1.0,0,1.0,2021-22,Regular Season,Rebounding,offensive
1630536,Sharife Cooper,1610612737,ATL,3,0,3,19.0,0,0,0,0.0,2,0.0,0,0.0,2021-22,Regular Season,Rebounding,offensive
1630219,Skylar Mays,1610612737,ATL,10,6,4,145.0,5,4,1,0.8,10,0.5,0,0.5,2021-22,Regular Season,Rebounding,offensive
203524,Solomon Hill,1610612737,ATL,11,5,6,135.0,6,4,3,0.667,15,0.4,1,0.429,2021-22,Regular Season,Rebounding,offensive
203915,Spencer Dinwiddie,1610612742,DAL,66,37,29,1960.0,45,24,21,0.533,106,0.425,5,0.446,2021-22,Regular Season,Rebounding,offensive
1626169,Stanley Johnson,1610612747,LAL,45,16,29,1053.0,34,22,12,0.647,92,0.37,3,0.382,2021-22,Regular Season,Rebounding,offensive
201939,Stephen Curry,1610612744,GSW,64,45,19,2211.0,34,16,18,0.471,103,0.33,5,0.347,2021-22,Regular Season,Rebounding,offensive
1628425,Sterling Brown,1610612742,DAL,42,25,17,572.0,26,14,12,0.538,60,0.433,2,0.448,2021-22,Regular Season,Rebounding,offensive
203500,Steven Adams,1610612763,MEM,75,50,25,1977.0,344,254,88,0.738,667,0.516,16,0.528,2021-22,Regular Season,Rebounding,offensive
1629004,Svi Mykhailiuk,1610612761,TOR,34,18,16,554.0,20,9,11,0.45,45,0.444,3,0.476,2021-22,Regular Season,Rebounding,offensive
204456,T.J. McConnell,1610612754,IND,24,8,16,605.0,20,7,13,0.35,43,0.465,0,0.465,2021-22,Regular Season,Rebounding,offensive
1629605,Tacko Fall,1610612739,CLE,6,2,4,48.0,7,7,0,1.0,17,0.412,0,0.412,2021-22,Regular Season,Rebounding,offensive
201959,Taj Gibson,1610612752,NYK,47,22,25,889.0,86,63,23,0.733,160,0.538,5,0.555,2021-22,Regular Season,Rebounding,offensive
1629659,Talen Horton-Tucker,1610612747,LAL,56,22,34,1434.0,37,14,23,0.378,95,0.389,0,0.389,2021-22,Regular Season,Rebounding,offensive
1627752,Taurean Prince,1610612750,MIN,60,38,22,1044.0,26,15,12,0.577,68,0.382,1,0.388,2021-22,Regular Season,Rebounding,offensive
1629611,Terance Mann,1610612746,LAC,79,40,39,2257.0,104,53,49,0.51,228,0.456,5,0.466,2021-22,Regular Season,Rebounding,offensive
1629056,Terence Davis,1610612758,SAC,24,7,17,464.0,11,7,4,0.636,36,0.306,1,0.314,2021-22,Regular Season,Rebounding,offensive
203082,Terrence Ross,1610612753,ORL,57,13,44,1336.0,20,6,14,0.3,53,0.377,2,0.392,2021-22,Regular Season,Rebounding,offensive
1626179,Terry Rozier,1610612766,CHA,71,37,34,2395.0,56,21,34,0.375,143,0.392,12,0.427,2021-22,Regular Season,Rebounding,offensive
1630678,Terry Taylor,1610612754,IND,30,6,24,692.0,95,61,34,0.642,159,0.597,4,0.613,2021-22,Regular Season,Rebounding,offensive
201152,Thaddeus Young,1610612761,TOR,48,25,23,810.0,80,54,25,0.675,154,0.519,4,0.533,2021-22,Regular Season,Rebounding,offensive
203648,Thanasis Antetokounmpo,1610612749,MIL,30,14,16,422.0,40,27,13,0.675,97,0.412,2,0.421,2021-22,Regular Season,Rebounding,offensive
1630177,Theo Maledon,1610612760,OKC,43,12,31,818.0,20,8,12,0.4,47,0.426,1,0.435,2021-22,Regular Season,Rebounding,offensive
1629033,Theo Pinson,1610612742,DAL,9,5,4,117.0,2,0,2,0.0,7,0.286,1,0.333,2021-22,Regular Season,Rebounding,offensive
1628418,Thomas Bryant,1610612764,WAS,26,7,19,436.0,26,21,5,0.808,57,0.456,1,0.464,2021-22,Regular Season,Rebounding,offensive
204025,Tim Frazier,1610612739,CLE,8,1,7,173.0,5,0,5,0.0,14,0.357,0,0.357,2021-22,Regular Season,Rebounding,offensive
203501,Tim Hardaway Jr.,1610612742,DAL,41,24,17,1235.0,13,4,9,0.308,43,0.302,2,0.317,2021-22,Regular Season,Rebounding,offensive
1627789,Timothe Luwawu-Cabarrot,1610612737,ATL,34,17,17,618.0,17,2,15,0.118,42,0.405,1,0.415,2021-22,Regular Season,Rebounding,offensive
202699,Tobias Harris,1610612755,PHI,73,45,28,2543.0,77,48,28,0.623,236,0.326,5,0.333,2021-22,Regular Season,Rebounding,offensive
203107,Tomas Satoransky,1610612764,WAS,45,19,26,779.0,27,12,15,0.444,75,0.36,6,0.391,2021-22,Regular Season,Rebounding,offensive
1628396,Tony Bradley,1610612741,CHI,48,26,22,508.0,67,40,26,0.597,144,0.465,3,0.475,2021-22,Regular Season,Rebounding,offensive
203503,Tony Snell,1610612740,NOP,39,14,25,701.0,16,9,7,0.563,49,0.327,2,0.34,2021-22,Regular Season,Rebounding,offensive
1628470,Torrey Craig,1610612756,PHX,69,35,34,1503.0,86,48,35,0.558,202,0.426,8,0.443,2021-22,Regular Season,Rebounding,offensive
1629027,Trae Young,1610612737,ATL,73,38,35,2546.0,50,15,35,0.3,152,0.329,8,0.347,2021-22,Regular Season,Rebounding,offensive
1629309,Trayvon Palmer,1610612765,DET,1,0,1,17.0,0,0,0,0.0,0,0.0,0,0.0,2021-22,Regular Season,Rebounding,offensive
1630200,Tre Jones,1610612759,SAS,53,24,29,1012.0,29,7,22,0.241,79,0.367,1,0.372,2021-22,Regular Season,Rebounding,offensive
1630544,Tre Mann,1610612760,OKC,53,15,38,1233.0,25,7,18,0.28,76,0.329,5,0.352,2021-22,Regular Season,Rebounding,offensive
1629682,Tremont Waters,1610612764,WAS,2,0,2,42.0,0,0,0,0.0,0,0.0,0,0.0,2021-22,Regular Season,Rebounding,offensive
1630570,Trendon Watford,1610612757,POR,44,16,28,849.0,57,30,27,0.526,130,0.438,6,0.46,2021-22,Regular Season,Rebounding,offensive
1630235,Trent Forrest,1610612762,UTA,45,27,18,664.0,23,11,12,0.478,50,0.46,1,0.469,2021-22,Regular Season,Rebounding,offensive
1630243,Trevelin Queen,1610612745,HOU,7,0,7,63.0,7,6,1,0.857,9,0.778,1,0.875,2021-22,Regular Season,Rebounding,offensive
1630286,Trevon Scott,1610612739,CLE,1,1,0,9.0,1,1,0,1.0,3,0.333,0,0.333,2021-22,Regular Season,Rebounding,offensive
2772,Trevor Ariza,1610612747,LAL,23,8,15,451.0,10,5,5,0.5,19,0.526,0,0.526,2021-22,Regular Season,Rebounding,offensive
203504,Trey Burke,1610612742,DAL,22,12,10,328.0,4,0,4,0.0,9,0.444,0,0.444,2021-22,Regular Season,Rebounding,offensive
1626168,Trey Lyles,1610612758,SAC,72,19,53,1485.0,88,60,28,0.682,214,0.411,4,0.419,2021-22,Regular Season,Rebounding,offensive
1630530,Trey Murphy III,1610612740,NOP,51,25,26,810.0,47,24,23,0.511,109,0.431,4,0.448,2021-22,Regular Season,Rebounding,offensive
202684,Tristan Thompson,1610612741,CHI,52,17,35,857.0,116,96,20,0.828,299,0.388,12,0.404,2021-22,Regular Season,Rebounding,offensive
1628972,Troy Brown Jr.,1610612741,CHI,53,30,23,983.0,39,22,17,0.564,95,0.411,5,0.433,2021-22,Regular Season,Rebounding,offensive
1629660,Ty Jerome,1610612760,OKC,37,13,24,659.0,19,8,11,0.421,43,0.442,2,0.463,2021-22,Regular Season,Rebounding,offensive
1629076,Tyler Cook,1610612741,CHI,16,11,5,188.0,16,10,6,0.625,49,0.327,0,0.327,2021-22,Regular Season,Rebounding,offensive
1629639,Tyler Herro,1610612748,MIA,66,44,22,2151.0,32,8,24,0.25,127,0.252,7,0.267,2021-22,Regular Season,Rebounding,offensive
204020,Tyler Johnson,1610612759,SAS,5,1,4,80.0,3,0,3,0.0,6,0.5,0,0.5,2021-22,Regular Season,Rebounding,offensive
1630169,Tyrese Haliburton,1610612754,IND,76,25,51,2664.0,60,18,42,0.3,148,0.405,8,0.429,2021-22,Regular Season,Rebounding,offensive
1630178,Tyrese Maxey,1610612755,PHI,70,42,28,2490.0,26,8,18,0.308,92,0.283,6,0.302,2021-22,Regular Season,Rebounding,offensive
1627820,Tyrone Wallace,1610612740,NOP,5,4,1,66.0,0,0,0,0.0,0,0.0,0,0.0,2021-22,Regular Season,Rebounding,offensive
1626145,Tyus Jones,1610612763,MEM,62,47,15,1336.0,17,2,15,0.118,48,0.354,3,0.378,2021-22,Regular Season,Rebounding,offensive
1628962,Udoka Azubuike,1610612762,UTA,13,10,3,188.0,18,11,7,0.611,43,0.419,0,0.419,2021-22,Regular Season,Rebounding,offensive
2617,Udonis Haslem,1610612748,MIA,10,8,2,74.0,4,4,0,1.0,12,0.333,0,0.333,2021-22,Regular Season,Rebounding,offensive
1630586,Usman Garuba,1610612745,HOU,21,1,20,229.0,21,13,8,0.619,52,0.404,2,0.42,2021-22,Regular Season,Rebounding,offensive
1630176,Vernon Carey Jr.,1610612764,WAS,4,2,2,33.0,8,5,3,0.625,13,0.615,1,0.667,2021-22,Regular Season,Rebounding,offensive
203506,Victor Oladipo,1610612748,MIA,7,3,4,157.0,3,1,2,0.333,6,0.5,0,0.5,2021-22,Regular Season,Rebounding,offensive
1628427,Vlatko Čančar,1610612743,DEN,8,3,5,127.0,8,3,5,0.375,13,0.615,0,0.615,2021-22,Regular Season,Rebounding,offensive
1630249,Vít Krejčí,1610612760,OKC,28,8,20,653.0,18,7,11,0.389,45,0.4,4,0.439,2021-22,Regular Season,Rebounding,offensive
201961,Wayne Ellington,1610612747,LAL,35,13,22,656.0,10,2,8,0.2,22,0.455,2,0.5,2021-22,Regular Season,Rebounding,offensive
1627782,Wayne Selden,1610612752,NYK,1,1,0,9.0,0,0,0,0.0,0,0.0,0,0.0,2021-22,Regular Season,Rebounding,offensive
1628976,Wendell Carter Jr.,1610612753,ORL,62,16,46,1852.0,139,101,37,0.727,340,0.409,11,0.422,2021-22,Regular Season,Rebounding,offensive
1629117,Wenyen Gabriel,1610612747,LAL,24,8,16,351.0,37,27,11,0.73,83,0.446,4,0.468,2021-22,Regular Season,Rebounding,offensive
1628411,Wes Iwundu,1610612737,ATL,3,2,1,82.0,3,2,1,0.667,7,0.429,0,0.429,2021-22,Regular Season,Rebounding,offensive
202083,Wesley Matthews,1610612749,MIL,42,30,12,910.0,30,13,18,0.433,63,0.476,2,0.492,2021-22,Regular Season,Rebounding,offensive
203115,Will Barton,1610612743,DEN,71,41,30,2276.0,44,26,18,0.591,118,0.373,4,0.386,2021-22,Regular Season,Rebounding,offensive
1626161,Willie Cauley-Stein,1610612755,PHI,17,9,8,170.0,13,7,6,0.538,29,0.448,2,0.481,2021-22,Regular Season,Rebounding,offensive
1626195,Willy Hernangomez,1610612740,NOP,49,22,27,839.0,143,95,47,0.664,274,0.522,6,0.534,2021-22,Regular Season,Rebounding,offensive
1629875,Xavier Moon,1610612746,LAC,6,4,2,112.0,2,0,2,0.0,8,0.25,0,0.25,2021-22,Regular Season,Rebounding,offensive
1630270,Xavier Sneed,1610612762,UTA,5,4,1,23.0,2,1,1,0.5,2,1.0,0,1.0,2021-22,Regular Season,Rebounding,offensive
1630214,Xavier Tillman,1610612763,MEM,40,24,16,610.0,66,40,26,0.606,143,0.462,4,0.475,2021-22,Regular Season,Rebounding,offensive
1629139,Yuta Watanabe,1610612761,TOR,28,14,14,416.0,18,9,9,0.5,47,0.383,1,0.391,2021-22,Regular Season,Rebounding,offensive
1630582,Yves Pons,1610612763,MEM,7,4,3,62.0,5,1,4,0.2,10,0.5,0,0.5,2021-22,Regular Season,Rebounding,offensive
1628380,Zach Collins,1610612759,SAS,27,14,13,492.0,46,30,16,0.652,128,0.359,2,0.365,2021-22,Regular Season,Rebounding,offensive
203897,Zach LaVine,1610612741,CHI,67,37,30,2328.0,22,8,14,0.364,110,0.2,6,0.212,2021-22,Regular Season,Rebounding,offensive
1630285,Zavier Simpson,1610612760,OKC,4,1,3,174.0,2,0,2,0.0,13,0.154,2,0.182,2021-22,Regular Season,Rebounding,offensive
1630192,Zeke Nnaji,1610612743,DEN,35,21,14,647.0,56,39,16,0.696,126,0.444,7,0.471,2021-22,Regular Season,Rebounding,offensive
1630533,Ziaire Williams,1610612763,MEM,50,34,16,1127.0,26,8,18,0.308,62,0.419,6,0.464,2021-22,Regular Season,Rebounding,offensive
