CLOSE_DEF_PERSON_ID,PLAYER_NAME,PLAYER_LAST_TEAM_ID,PLAYER_LAST_TEAM_ABBREVIATION,PLAYER_POSITION,AGE,GP,G,FREQ,FG3M,FG3A,FG3_PCT,NS_FG3_PCT,PLUSMINUS,SEASON,SEASON_TYPE,DEFENSE_CATEGORY
1642270,Donovan Clingan,1610612757,POR,C,22.0,73,71,0.339,191,506,0.377,0.359,0.018,2025-26,Regular Season,3 Pointers
1627750,Jamal Murray,1610612743,DEN,G,29.0,72,72,0.429,147,434,0.339,0.361,-0.023,2025-26,Regular Season,3 Pointers
1628401,Derrick White,1610612738,BOS,G,31.0,73,71,0.406,143,429,0.333,0.362,-0.028,2025-26,Regular Season,3 Pointers
1629029,Luka Dončić,1610612747,LAL,F-G,27.0,64,64,0.392,130,413,0.315,0.365,-0.05,2025-26,Regular Season,3 Pointers
1641705,Victor Wembanyama,1610612759,SAS,F-C,22.0,61,61,0.378,126,412,0.306,0.353,-0.047,2025-26,Regular Season,3 Pointers
1628973,Jalen Brunson,1610612752,NYK,G,29.0,69,69,0.456,141,409,0.345,0.363,-0.018,2025-26,Regular Season,3 Pointers
1630578,Alperen Sengun,1610612745,HOU,C,23.0,67,67,0.327,158,397,0.398,0.356,0.042,2025-26,Regular Season,3 Pointers
1631157,Ryan Rollins,1610612749,MIL,G,23.0,72,72,0.419,138,397,0.348,0.362,-0.015,2025-26,Regular Season,3 Pointers
1627759,Jaylen Brown,1610612738,BOS,G-F,29.0,68,68,0.512,135,392,0.344,0.36,-0.016,2025-26,Regular Season,3 Pointers
1630700,Dyson Daniels,1610612737,ATL,G,23.0,73,73,0.381,138,390,0.354,0.362,-0.008,2025-26,Regular Season,3 Pointers
1642852,Derik Queen,1610612740,NOP,C,21.0,77,75,0.335,125,388,0.322,0.357,-0.034,2025-26,Regular Season,3 Pointers
1641717,Cason Wallace,1610612760,OKC,G,22.0,74,74,0.441,133,387,0.344,0.359,-0.015,2025-26,Regular Season,3 Pointers
203468,CJ McCollum,1610612737,ATL,G,34.0,73,73,0.426,131,379,0.346,0.366,-0.02,2025-26,Regular Season,3 Pointers
1630530,Trey Murphy III,1610612740,NOP,F,25.0,66,66,0.41,138,376,0.367,0.365,0.002,2025-26,Regular Season,3 Pointers
201142,Kevin Durant,1610612745,HOU,F,37.0,74,74,0.427,134,375,0.357,0.359,-0.002,2025-26,Regular Season,3 Pointers
203952,Andrew Wiggins,1610612748,MIA,F,31.0,63,63,0.425,129,374,0.345,0.363,-0.019,2025-26,Regular Season,3 Pointers
1641824,Matas Buzelis,1610612741,CHI,F,21.0,75,75,0.35,138,373,0.37,0.365,0.005,2025-26,Regular Season,3 Pointers
1642847,Jeremiah Fears,1610612740,NOP,G,19.0,78,75,0.421,140,373,0.375,0.364,0.012,2025-26,Regular Season,3 Pointers
1630183,Jaden McDaniels,1610612750,MIN,F,25.0,71,71,0.362,126,371,0.34,0.365,-0.025,2025-26,Regular Season,3 Pointers
1641739,Toumani Camara,1610612757,POR,F,25.0,78,78,0.348,127,370,0.343,0.366,-0.022,2025-26,Regular Season,3 Pointers
1631260,AJ Green,1610612749,MIL,G,26.0,73,72,0.426,144,369,0.39,0.362,0.028,2025-26,Regular Season,3 Pointers
1630178,Tyrese Maxey,1610612755,PHI,G,25.0,65,65,0.442,130,366,0.355,0.365,-0.01,2025-26,Regular Season,3 Pointers
1627739,Kris Dunn,1610612746,LAC,G,32.0,77,77,0.448,130,364,0.357,0.364,-0.007,2025-26,Regular Season,3 Pointers
1642843,Cooper Flagg,1610612742,DAL,F,19.0,65,65,0.372,126,363,0.347,0.36,-0.013,2025-26,Regular Season,3 Pointers
1630567,Scottie Barnes,1610612761,TOR,F-G,24.0,74,74,0.335,124,363,0.342,0.357,-0.016,2025-26,Regular Season,3 Pointers
1628389,Bam Adebayo,1610612748,MIA,C-F,28.0,68,68,0.356,127,362,0.351,0.358,-0.007,2025-26,Regular Season,3 Pointers
1630168,Onyeka Okongwu,1610612737,ATL,F-C,25.0,71,70,0.346,118,358,0.33,0.357,-0.028,2025-26,Regular Season,3 Pointers
1628404,Josh Hart,1610612752,NYK,G,31.0,63,62,0.4,123,355,0.346,0.353,-0.007,2025-26,Regular Season,3 Pointers
1630595,Cade Cunningham,1610612765,DET,G,24.0,61,60,0.415,112,353,0.317,0.368,-0.051,2025-26,Regular Season,3 Pointers
1630217,Desmond Bane,1610612753,ORL,G,27.0,77,77,0.427,100,350,0.286,0.365,-0.079,2025-26,Regular Season,3 Pointers
1628970,Miles Bridges,1610612766,CHA,F,28.0,73,73,0.411,122,349,0.35,0.359,-0.009,2025-26,Regular Season,3 Pointers
1642271,Kyle Filipowski,1610612762,UTA,C,22.0,74,71,0.391,127,348,0.365,0.362,0.003,2025-26,Regular Season,3 Pointers
1631094,Paolo Banchero,1610612753,ORL,F,23.0,67,66,0.373,128,346,0.37,0.361,0.009,2025-26,Regular Season,3 Pointers
1631095,Jabari Smith Jr.,1610612745,HOU,F,22.0,73,72,0.36,120,346,0.347,0.357,-0.01,2025-26,Regular Season,3 Pointers
1628384,OG Anunoby,1610612752,NYK,F-G,28.0,63,62,0.426,116,345,0.336,0.356,-0.019,2025-26,Regular Season,3 Pointers
1631170,Jaime Jaquez Jr.,1610612748,MIA,G,25.0,70,67,0.392,124,344,0.36,0.363,-0.002,2025-26,Regular Season,3 Pointers
203497,Rudy Gobert,1610612750,MIN,C,33.0,74,73,0.272,121,343,0.353,0.363,-0.01,2025-26,Regular Season,3 Pointers
1628368,De'Aaron Fox,1610612759,SAS,G,28.0,67,67,0.45,126,340,0.371,0.363,0.008,2025-26,Regular Season,3 Pointers
1642845,VJ Edgecombe,1610612755,PHI,G,20.0,69,68,0.382,112,337,0.332,0.365,-0.033,2025-26,Regular Season,3 Pointers
1630596,Evan Mobley,1610612739,CLE,C,24.0,62,62,0.33,108,336,0.321,0.357,-0.036,2025-26,Regular Season,3 Pointers
1626157,Karl-Anthony Towns,1610612752,NYK,C-F,30.0,71,71,0.348,134,336,0.399,0.359,0.04,2025-26,Regular Season,3 Pointers
203501,Tim Hardaway Jr.,1610612743,DEN,G-F,34.0,76,75,0.461,113,333,0.339,0.357,-0.018,2025-26,Regular Season,3 Pointers
1629638,Nickeil Alexander-Walker,1610612737,ATL,G,27.0,75,73,0.353,135,330,0.409,0.366,0.043,2025-26,Regular Season,3 Pointers
1642875,Maxime Raynaud,1610612758,SAC,C,22.0,70,68,0.318,114,330,0.345,0.348,-0.002,2025-26,Regular Season,3 Pointers
1642263,Reed Sheppard,1610612745,HOU,G,21.0,77,74,0.349,112,330,0.339,0.357,-0.018,2025-26,Regular Season,3 Pointers
1627742,Brandon Ingram,1610612761,TOR,F,28.0,71,69,0.434,110,326,0.337,0.365,-0.028,2025-26,Regular Season,3 Pointers
1642851,Kon Knueppel,1610612766,CHA,G-F,20.0,77,76,0.321,108,326,0.331,0.361,-0.03,2025-26,Regular Season,3 Pointers
203944,Julius Randle,1610612750,MIN,F-C,31.0,77,75,0.359,124,321,0.386,0.364,0.022,2025-26,Regular Season,3 Pointers
201935,James Harden,1610612739,CLE,G,36.0,67,66,0.384,109,321,0.34,0.355,-0.015,2025-26,Regular Season,3 Pointers
1630558,Davion Mitchell,1610612748,MIA,G,27.0,66,65,0.436,113,321,0.352,0.367,-0.015,2025-26,Regular Season,3 Pointers
1628381,John Collins,1610612746,LAC,F-C,28.0,64,64,0.448,112,321,0.349,0.359,-0.01,2025-26,Regular Season,3 Pointers
1628971,Bruce Brown,1610612743,DEN,G-F,29.0,77,75,0.414,98,318,0.308,0.355,-0.047,2025-26,Regular Season,3 Pointers
1628969,Mikal Bridges,1610612752,NYK,G-F,29.0,77,77,0.353,105,318,0.33,0.363,-0.033,2025-26,Regular Season,3 Pointers
1629674,Neemias Queta,1610612738,BOS,C,26.0,71,70,0.333,113,315,0.359,0.353,0.006,2025-26,Regular Season,3 Pointers
1641709,Ausar Thompson,1610612765,DET,G-F,23.0,67,67,0.449,108,315,0.343,0.367,-0.025,2025-26,Regular Season,3 Pointers
1630202,Payton Pritchard,1610612738,BOS,G,28.0,75,71,0.417,115,314,0.366,0.364,0.003,2025-26,Regular Season,3 Pointers
1642846,Ace Bailey,1610612762,UTA,F,19.0,68,68,0.448,123,313,0.393,0.36,0.033,2025-26,Regular Season,3 Pointers
1627783,Pascal Siakam,1610612754,IND,F,32.0,62,61,0.364,110,313,0.351,0.361,-0.009,2025-26,Regular Season,3 Pointers
1642273,Kyshawn George,1610612764,WAS,F,22.0,48,48,0.411,120,311,0.386,0.363,0.023,2025-26,Regular Season,3 Pointers
203999,Nikola Jokić,1610612743,DEN,C,31.0,61,61,0.274,123,310,0.397,0.349,0.048,2025-26,Regular Season,3 Pointers
1631217,Moussa Diabaté,1610612766,CHA,F,24.0,69,68,0.33,116,309,0.375,0.356,0.02,2025-26,Regular Season,3 Pointers
1628983,Shai Gilgeous-Alexander,1610612760,OKC,G,27.0,65,65,0.393,99,309,0.32,0.356,-0.036,2025-26,Regular Season,3 Pointers
1630552,Jalen Johnson,1610612737,ATL,F,24.0,69,68,0.345,105,307,0.342,0.362,-0.02,2025-26,Regular Season,3 Pointers
1628378,Donovan Mitchell,1610612739,CLE,G,29.0,68,68,0.467,117,307,0.381,0.361,0.02,2025-26,Regular Season,3 Pointers
1631105,Jalen Duren,1610612765,DET,C,22.0,66,63,0.357,111,305,0.364,0.36,0.004,2025-26,Regular Season,3 Pointers
1631221,Collin Gillespie,1610612756,PHX,G,26.0,76,76,0.355,98,303,0.323,0.361,-0.038,2025-26,Regular Season,3 Pointers
1629652,Luguentz Dort,1610612760,OKC,G,26.0,64,63,0.453,110,302,0.364,0.365,0.0,2025-26,Regular Season,3 Pointers
1630230,Naji Marshall,1610612742,DAL,F,28.0,72,71,0.389,100,302,0.331,0.357,-0.026,2025-26,Regular Season,3 Pointers
1630573,Sam Hauser,1610612738,BOS,F,28.0,74,72,0.418,109,300,0.363,0.365,-0.002,2025-26,Regular Season,3 Pointers
1630581,Josh Giddey,1610612741,CHI,G,23.0,53,53,0.409,113,300,0.377,0.361,0.016,2025-26,Regular Season,3 Pointers
202696,Nikola Vučević,1610612738,BOS,C,35.0,59,58,0.311,121,299,0.405,0.356,0.048,2025-26,Regular Season,3 Pointers
1631222,Jake LaRavia,1610612747,LAL,F,24.0,77,74,0.343,106,298,0.356,0.365,-0.009,2025-26,Regular Season,3 Pointers
1628978,Donte DiVincenzo,1610612750,MIN,G,29.0,77,77,0.355,100,297,0.337,0.368,-0.031,2025-26,Regular Season,3 Pointers
1629627,Zion Williamson,1610612740,NOP,F,25.0,61,60,0.464,99,297,0.333,0.355,-0.022,2025-26,Regular Season,3 Pointers
1641730,Noah Clowney,1610612751,BKN,F-C,21.0,65,64,0.339,120,296,0.405,0.359,0.046,2025-26,Regular Season,3 Pointers
1642377,Jaylen Wells,1610612763,MEM,F,22.0,69,67,0.407,97,296,0.328,0.362,-0.034,2025-26,Regular Season,3 Pointers
1631108,Max Christie,1610612742,DAL,G,23.0,72,71,0.345,101,294,0.344,0.368,-0.024,2025-26,Regular Season,3 Pointers
1628991,Jaren Jackson Jr.,1610612762,UTA,F-C,26.0,48,47,0.407,98,292,0.336,0.355,-0.019,2025-26,Regular Season,3 Pointers
1641729,Brice Sensabaugh,1610612762,UTA,F,22.0,70,68,0.461,104,291,0.357,0.361,-0.004,2025-26,Regular Season,3 Pointers
1626220,Royce O'Neale,1610612756,PHX,F,32.0,74,71,0.361,100,291,0.344,0.36,-0.017,2025-26,Regular Season,3 Pointers
1630162,Anthony Edwards,1610612750,MIN,G,24.0,60,59,0.419,101,289,0.349,0.359,-0.009,2025-26,Regular Season,3 Pointers
1631096,Chet Holmgren,1610612760,OKC,C-F,23.0,66,64,0.312,94,288,0.326,0.364,-0.038,2025-26,Regular Season,3 Pointers
1642281,Jaylon Tyson,1610612739,CLE,G-F,23.0,64,62,0.406,103,286,0.36,0.364,-0.004,2025-26,Regular Season,3 Pointers
202695,Kawhi Leonard,1610612746,LAC,F,34.0,61,61,0.45,108,284,0.38,0.356,0.024,2025-26,Regular Season,3 Pointers
1626167,Myles Turner,1610612749,MIL,C-F,30.0,69,66,0.286,106,284,0.373,0.354,0.019,2025-26,Regular Season,3 Pointers
1642907,Cedric Coward,1610612763,MEM,G,22.0,58,57,0.426,101,284,0.356,0.356,-0.001,2025-26,Regular Season,3 Pointers
203935,Marcus Smart,1610612747,LAL,G,32.0,60,60,0.484,97,282,0.344,0.362,-0.018,2025-26,Regular Season,3 Pointers
1629023,P.J. Washington,1610612742,DAL,F,27.0,55,55,0.351,102,282,0.362,0.358,0.004,2025-26,Regular Season,3 Pointers
203084,Harrison Barnes,1610612759,SAS,F,33.0,72,66,0.441,89,280,0.318,0.355,-0.037,2025-26,Regular Season,3 Pointers
203110,Draymond Green,1610612744,GSW,F,36.0,64,63,0.347,92,280,0.329,0.354,-0.026,2025-26,Regular Season,3 Pointers
1630193,Immanuel Quickley,1610612761,TOR,G,26.0,67,66,0.38,95,279,0.341,0.362,-0.022,2025-26,Regular Season,3 Pointers
1641708,Amen Thompson,1610612745,HOU,G-F,23.0,75,71,0.374,87,279,0.312,0.357,-0.046,2025-26,Regular Season,3 Pointers
1641706,Brandon Miller,1610612766,CHA,F,23.0,61,61,0.377,94,278,0.338,0.365,-0.027,2025-26,Regular Season,3 Pointers
1630173,Precious Achiuwa,1610612758,SAC,F,26.0,68,65,0.36,89,277,0.321,0.355,-0.034,2025-26,Regular Season,3 Pointers
1641718,Keyonte George,1610612762,UTA,G,22.0,53,53,0.409,95,277,0.343,0.364,-0.021,2025-26,Regular Season,3 Pointers
1641710,Anthony Black,1610612753,ORL,G,22.0,59,57,0.348,100,274,0.365,0.368,-0.003,2025-26,Regular Season,3 Pointers
1630180,Saddiq Bey,1610612740,NOP,G-F,26.0,71,69,0.429,90,273,0.33,0.361,-0.031,2025-26,Regular Season,3 Pointers
1629656,Quentin Grimes,1610612755,PHI,G,25.0,69,69,0.397,80,273,0.293,0.359,-0.066,2025-26,Regular Season,3 Pointers
1630577,Julian Champagnie,1610612759,SAS,F,24.0,77,75,0.351,102,272,0.375,0.364,0.011,2025-26,Regular Season,3 Pointers
1641783,Tristan da Silva,1610612753,ORL,F,24.0,72,69,0.391,95,272,0.349,0.362,-0.013,2025-26,Regular Season,3 Pointers
1626164,Devin Booker,1610612756,PHX,G,29.0,61,58,0.397,86,270,0.319,0.353,-0.034,2025-26,Regular Season,3 Pointers
1642363,Nique Clifford,1610612758,SAC,G,24.0,71,67,0.382,102,268,0.381,0.36,0.021,2025-26,Regular Season,3 Pointers
1629130,Duncan Robinson,1610612765,DET,F,31.0,73,71,0.372,100,268,0.373,0.361,0.012,2025-26,Regular Season,3 Pointers
1626171,Bobby Portis,1610612749,MIL,F,31.0,67,65,0.382,91,267,0.341,0.357,-0.016,2025-26,Regular Season,3 Pointers
1628436,Luke Kornet,1610612759,SAS,C-F,30.0,64,60,0.284,85,267,0.318,0.351,-0.032,2025-26,Regular Season,3 Pointers
1642383,Walter Clayton Jr.,1610612763,MEM,G,23.0,65,61,0.454,96,266,0.361,0.358,0.003,2025-26,Regular Season,3 Pointers
1631230,Dominick Barlow,1610612755,PHI,F,22.0,65,63,0.352,98,264,0.371,0.358,0.013,2025-26,Regular Season,3 Pointers
1630171,Isaac Okoro,1610612741,CHI,F-G,25.0,59,57,0.403,102,264,0.386,0.363,0.023,2025-26,Regular Season,3 Pointers
1641796,Pelle Larsson,1610612748,MIA,G,25.0,65,62,0.397,91,263,0.346,0.368,-0.022,2025-26,Regular Season,3 Pointers
1642347,Jamal Shead,1610612761,TOR,G,23.0,76,73,0.462,89,262,0.34,0.362,-0.022,2025-26,Regular Season,3 Pointers
1629651,Nic Claxton,1610612751,BKN,C,26.0,69,68,0.303,94,262,0.359,0.362,-0.003,2025-26,Regular Season,3 Pointers
1629675,Naz Reid,1610612750,MIN,C-F,26.0,74,70,0.344,92,261,0.352,0.361,-0.009,2025-26,Regular Season,3 Pointers
1642274,Yves Missi,1610612740,NOP,C,21.0,65,61,0.38,92,261,0.352,0.364,-0.012,2025-26,Regular Season,3 Pointers
1630572,Sandro Mamukelashvili,1610612761,TOR,F-C,26.0,74,72,0.331,96,261,0.368,0.358,0.01,2025-26,Regular Season,3 Pointers
1628415,Dillon Brooks,1610612756,PHX,G-F,30.0,52,51,0.423,91,259,0.351,0.36,-0.008,2025-26,Regular Season,3 Pointers
1642264,Stephon Castle,1610612759,SAS,G,21.0,65,63,0.355,96,258,0.372,0.36,0.012,2025-26,Regular Season,3 Pointers
1642267,Bub Carrington,1610612764,WAS,G,20.0,76,72,0.376,89,255,0.349,0.367,-0.018,2025-26,Regular Season,3 Pointers
201942,DeMar DeRozan,1610612758,SAC,G-F,36.0,76,74,0.358,105,255,0.412,0.366,0.046,2025-26,Regular Season,3 Pointers
1642276,Kel'el Ware,1610612748,MIA,C,21.0,72,62,0.296,77,254,0.303,0.359,-0.056,2025-26,Regular Season,3 Pointers
1631212,Peyton Watson,1610612743,DEN,G,23.0,54,53,0.358,84,252,0.333,0.362,-0.029,2025-26,Regular Season,3 Pointers
1629028,Deandre Ayton,1610612747,LAL,C,27.0,67,65,0.268,87,252,0.345,0.353,-0.008,2025-26,Regular Season,3 Pointers
1630643,Jay Huff,1610612754,IND,C,28.0,76,73,0.284,74,251,0.295,0.355,-0.061,2025-26,Regular Season,3 Pointers
1642268,Isaiah Collier,1610612762,UTA,G,21.0,58,57,0.453,112,250,0.448,0.364,0.084,2025-26,Regular Season,3 Pointers
1642883,Sion James,1610612766,CHA,G,23.0,78,74,0.351,88,248,0.355,0.362,-0.008,2025-26,Regular Season,3 Pointers
1631109,Mark Williams,1610612756,PHX,C,24.0,57,51,0.308,80,247,0.324,0.356,-0.032,2025-26,Regular Season,3 Pointers
1629628,RJ Barrett,1610612761,TOR,F-G,25.0,52,51,0.391,88,247,0.356,0.356,0.001,2025-26,Regular Season,3 Pointers
1641764,Brandin Podziemski,1610612744,GSW,G,23.0,77,72,0.338,87,247,0.352,0.362,-0.009,2025-26,Regular Season,3 Pointers
1631165,Keon Ellis,1610612739,CLE,G,26.0,68,65,0.398,86,241,0.357,0.365,-0.008,2025-26,Regular Season,3 Pointers
1630198,Isaiah Joe,1610612760,OKC,G,26.0,68,65,0.475,77,241,0.32,0.359,-0.039,2025-26,Regular Season,3 Pointers
1628398,Kyle Kuzma,1610612749,MIL,F,30.0,67,66,0.377,87,237,0.367,0.362,0.005,2025-26,Regular Season,3 Pointers
1628976,Wendell Carter Jr.,1610612753,ORL,C-F,26.0,73,71,0.25,75,235,0.319,0.358,-0.039,2025-26,Regular Season,3 Pointers
203471,Dennis Schröder,1610612739,CLE,G,32.0,66,64,0.402,81,235,0.345,0.368,-0.023,2025-26,Regular Season,3 Pointers
1642345,Oso Ighodaro,1610612756,PHX,F,23.0,77,67,0.3,77,234,0.329,0.357,-0.028,2025-26,Regular Season,3 Pointers
1641750,Ryan Kalkbrenner,1610612766,CHA,C,24.0,65,61,0.29,77,233,0.33,0.34,-0.01,2025-26,Regular Season,3 Pointers
1631119,Jaylin Williams,1610612760,OKC,F,23.0,62,54,0.347,70,232,0.302,0.357,-0.055,2025-26,Regular Season,3 Pointers
1629645,Kevin Porter Jr.,1610612749,MIL,G-F,25.0,38,38,0.433,90,231,0.39,0.36,0.03,2025-26,Regular Season,3 Pointers
1642259,Alex Sarr,1610612764,WAS,C,20.0,48,48,0.268,87,230,0.378,0.36,0.018,2025-26,Regular Season,3 Pointers
1629012,Collin Sexton,1610612741,CHI,G,27.0,62,62,0.451,76,229,0.332,0.362,-0.03,2025-26,Regular Season,3 Pointers
1630191,Isaiah Stewart,1610612765,DET,F-C,24.0,55,54,0.367,87,229,0.38,0.357,0.023,2025-26,Regular Season,3 Pointers
1642258,Zaccharie Risacher,1610612737,ATL,F,20.0,64,59,0.373,79,228,0.346,0.359,-0.012,2025-26,Regular Season,3 Pointers
1630541,Moses Moody,1610612744,GSW,G,23.0,60,60,0.365,84,228,0.368,0.364,0.004,2025-26,Regular Season,3 Pointers
1626162,Kelly Oubre Jr.,1610612755,PHI,F-G,30.0,45,44,0.403,77,227,0.339,0.36,-0.021,2025-26,Regular Season,3 Pointers
1630559,Austin Reaves,1610612747,LAL,G,27.0,51,51,0.323,75,227,0.33,0.365,-0.034,2025-26,Regular Season,3 Pointers
2544,LeBron James,1610612747,LAL,F,41.0,56,54,0.423,79,227,0.348,0.362,-0.014,2025-26,Regular Season,3 Pointers
1630166,Deni Avdija,1610612757,POR,F,25.0,62,60,0.31,92,226,0.407,0.363,0.044,2025-26,Regular Season,3 Pointers
201566,Russell Westbrook,1610612758,SAC,G,37.0,64,58,0.385,78,225,0.347,0.359,-0.012,2025-26,Regular Season,3 Pointers
1630598,Aaron Wiggins,1610612760,OKC,G,27.0,60,58,0.403,97,225,0.431,0.36,0.071,2025-26,Regular Season,3 Pointers
1630533,Ziaire Williams,1610612751,BKN,F,24.0,55,54,0.434,79,224,0.353,0.364,-0.011,2025-26,Regular Season,3 Pointers
1629060,Rui Hachimura,1610612747,LAL,F,28.0,63,62,0.375,77,223,0.345,0.358,-0.012,2025-26,Regular Season,3 Pointers
1629661,Cameron Johnson,1610612743,DEN,F,30.0,51,50,0.414,86,223,0.386,0.355,0.031,2025-26,Regular Season,3 Pointers
203114,Khris Middleton,1610612742,DAL,F,34.0,58,56,0.429,79,222,0.356,0.363,-0.007,2025-26,Regular Season,3 Pointers
201950,Jrue Holiday,1610612757,POR,G,35.0,49,49,0.431,76,221,0.344,0.364,-0.02,2025-26,Regular Season,3 Pointers
1628989,Kevin Huerter,1610612765,DET,G-F,27.0,65,63,0.367,74,220,0.336,0.356,-0.02,2025-26,Regular Season,3 Pointers
1630583,Santi Aldama,1610612763,MEM,F-C,25.0,43,43,0.362,78,219,0.356,0.352,0.004,2025-26,Regular Season,3 Pointers
203924,Jerami Grant,1610612757,POR,F,32.0,57,56,0.428,77,219,0.352,0.364,-0.012,2025-26,Regular Season,3 Pointers
201572,Brook Lopez,1610612746,LAC,C,38.0,70,60,0.28,71,217,0.327,0.357,-0.029,2025-26,Regular Season,3 Pointers
1642285,Cam Spencer,1610612763,MEM,G,25.0,71,65,0.359,81,217,0.373,0.359,0.014,2025-26,Regular Season,3 Pointers
1629614,Andrew Nembhard,1610612754,IND,G-F,26.0,57,56,0.336,77,216,0.356,0.361,-0.005,2025-26,Regular Season,3 Pointers
1630314,Brandon Williams,1610612742,DAL,G,26.0,65,61,0.376,78,216,0.361,0.354,0.007,2025-26,Regular Season,3 Pointers
1641716,Jarace Walker,1610612754,IND,F,22.0,73,67,0.339,73,214,0.341,0.359,-0.018,2025-26,Regular Season,3 Pointers
1628960,Grayson Allen,1610612756,PHX,G,30.0,48,48,0.393,86,213,0.404,0.369,0.035,2025-26,Regular Season,3 Pointers
1630591,Jalen Suggs,1610612753,ORL,G,24.0,52,51,0.362,74,213,0.347,0.363,-0.015,2025-26,Regular Season,3 Pointers
1642954,Will Richard,1610612744,GSW,G,23.0,64,58,0.401,75,213,0.352,0.372,-0.02,2025-26,Regular Season,3 Pointers
1629637,Jaxson Hayes,1610612747,LAL,C-F,25.0,65,62,0.389,70,212,0.33,0.361,-0.031,2025-26,Regular Season,3 Pointers
1642366,Quinten Post,1610612744,GSW,C,26.0,67,62,0.313,63,211,0.299,0.357,-0.058,2025-26,Regular Season,3 Pointers
1630163,LaMelo Ball,1610612766,CHA,G,24.0,68,64,0.388,84,211,0.398,0.363,0.035,2025-26,Regular Season,3 Pointers
1630245,Ayo Dosunmu,1610612750,MIN,G,26.0,66,62,0.366,62,210,0.295,0.355,-0.06,2025-26,Regular Season,3 Pointers
1630696,Dru Smith,1610612748,MIA,G,28.0,69,67,0.403,67,209,0.321,0.363,-0.042,2025-26,Regular Season,3 Pointers
202699,Tobias Harris,1610612765,DET,F,33.0,59,55,0.349,69,209,0.33,0.355,-0.025,2025-26,Regular Season,3 Pointers
1630551,Justin Champagnie,1610612764,WAS,G-F,24.0,63,59,0.347,72,208,0.346,0.362,-0.016,2025-26,Regular Season,3 Pointers
1629655,Daniel Gafford,1610612742,DAL,F-C,27.0,54,49,0.302,69,207,0.333,0.358,-0.025,2025-26,Regular Season,3 Pointers
1629611,Terance Mann,1610612751,BKN,G-F,29.0,62,56,0.369,71,206,0.345,0.367,-0.023,2025-26,Regular Season,3 Pointers
1628386,Jarrett Allen,1610612739,CLE,C,27.0,54,49,0.299,72,206,0.35,0.36,-0.01,2025-26,Regular Season,3 Pointers
1631323,Simone Fontecchio,1610612748,MIA,F,30.0,66,60,0.465,72,206,0.35,0.362,-0.012,2025-26,Regular Season,3 Pointers
1630692,Jordan Goodwin,1610612756,PHX,G,27.0,67,61,0.408,80,205,0.39,0.362,0.029,2025-26,Regular Season,3 Pointers
203994,Jusuf Nurkić,1610612762,UTA,C,31.0,41,39,0.368,72,205,0.351,0.356,-0.005,2025-26,Regular Season,3 Pointers
1630174,Aaron Nesmith,1610612754,IND,G-F,26.0,45,44,0.37,66,204,0.324,0.367,-0.044,2025-26,Regular Season,3 Pointers
1630611,Gui Santos,1610612744,GSW,F,23.0,62,54,0.336,76,204,0.373,0.365,0.007,2025-26,Regular Season,3 Pointers
1629640,Keldon Johnson,1610612759,SAS,F-G,26.0,77,70,0.354,71,203,0.35,0.354,-0.005,2025-26,Regular Season,3 Pointers
203897,Zach LaVine,1610612758,SAC,G,31.0,39,38,0.467,79,202,0.391,0.362,0.029,2025-26,Regular Season,3 Pointers
1641842,Ronald Holland II,1610612765,DET,F,20.0,73,70,0.396,73,200,0.365,0.361,0.004,2025-26,Regular Season,3 Pointers
1627826,Ivica Zubac,1610612754,IND,C,29.0,48,46,0.271,73,200,0.365,0.356,0.009,2025-26,Regular Season,3 Pointers
1631128,Christian Braun,1610612743,DEN,G,24.0,41,40,0.384,61,199,0.307,0.363,-0.056,2025-26,Regular Season,3 Pointers
1630172,Patrick Williams,1610612741,CHI,F,24.0,66,59,0.385,75,198,0.379,0.357,0.022,2025-26,Regular Season,3 Pointers
1630631,Jose Alvarado,1610612752,NYK,G,27.0,66,60,0.438,68,196,0.347,0.358,-0.011,2025-26,Regular Season,3 Pointers
1628963,Marvin Bagley III,1610612742,DAL,F,27.0,56,50,0.345,66,195,0.338,0.359,-0.021,2025-26,Regular Season,3 Pointers
1642867,Collin Murray-Boyles,1610612761,TOR,F,20.0,52,51,0.367,70,194,0.361,0.364,-0.003,2025-26,Regular Season,3 Pointers
1631106,Tari Eason,1610612745,HOU,F,24.0,55,55,0.386,72,194,0.371,0.355,0.016,2025-26,Regular Season,3 Pointers
1641737,Adem Bona,1610612755,PHI,F,23.0,66,60,0.361,75,193,0.389,0.363,0.026,2025-26,Regular Season,3 Pointers
1630568,Luka Garza,1610612738,BOS,C,27.0,65,59,0.353,75,193,0.389,0.353,0.035,2025-26,Regular Season,3 Pointers
1642346,Ryan Dunn,1610612756,PHX,F,23.0,66,57,0.388,67,193,0.347,0.362,-0.015,2025-26,Regular Season,3 Pointers
1629004,Svi Mykhailiuk,1610612762,UTA,G-F,28.0,49,48,0.435,73,192,0.38,0.367,0.014,2025-26,Regular Season,3 Pointers
1641757,Jordan Miller,1610612746,LAC,G,26.0,54,51,0.381,66,192,0.344,0.359,-0.016,2025-26,Regular Season,3 Pointers
1629636,Darius Garland,1610612746,LAC,G,26.0,41,40,0.404,72,192,0.375,0.37,0.005,2025-26,Regular Season,3 Pointers
1642266,Ja'Kobe Walter,1610612761,TOR,G,21.0,66,63,0.344,62,192,0.323,0.359,-0.036,2025-26,Regular Season,3 Pointers
1630529,Herbert Jones,1610612740,NOP,F,27.0,55,52,0.379,63,192,0.328,0.36,-0.032,2025-26,Regular Season,3 Pointers
1642461,Spencer Jones,1610612743,DEN,F,24.0,62,56,0.378,62,191,0.325,0.354,-0.029,2025-26,Regular Season,3 Pointers
1630249,Vít Krejčí,1610612757,POR,G,25.0,64,60,0.347,78,190,0.411,0.363,0.048,2025-26,Regular Season,3 Pointers
1629011,Mitchell Robinson,1610612752,NYK,C-F,28.0,56,50,0.368,60,190,0.316,0.355,-0.039,2025-26,Regular Season,3 Pointers
1628374,Lauri Markkanen,1610612762,UTA,F-C,28.0,42,42,0.367,57,187,0.305,0.357,-0.052,2025-26,Regular Season,3 Pointers
1630200,Tre Jones,1610612741,CHI,G,26.0,59,57,0.336,63,187,0.337,0.361,-0.025,2025-26,Regular Season,3 Pointers
1629631,De'Andre Hunter,1610612758,SAC,F-G,28.0,45,45,0.428,78,184,0.424,0.368,0.055,2025-26,Regular Season,3 Pointers
1642848,Tre Johnson,1610612764,WAS,G,20.0,58,55,0.378,61,184,0.332,0.37,-0.039,2025-26,Regular Season,3 Pointers
1630170,Devin Vassell,1610612759,SAS,G-F,25.0,62,59,0.318,64,184,0.348,0.363,-0.015,2025-26,Regular Season,3 Pointers
1628379,Luke Kennard,1610612747,LAL,G,29.0,72,68,0.329,76,184,0.413,0.355,0.058,2025-26,Regular Season,3 Pointers
1629750,Javonte Green,1610612765,DET,G,32.0,76,68,0.38,65,181,0.359,0.362,-0.003,2025-26,Regular Season,3 Pointers
1642262,Cody Williams,1610612762,UTA,F,21.0,60,53,0.35,77,181,0.425,0.369,0.056,2025-26,Regular Season,3 Pointers
203954,Joel Embiid,1610612755,PHI,C-F,32.0,37,37,0.298,57,181,0.315,0.356,-0.042,2025-26,Regular Season,3 Pointers
1630579,Jericho Sims,1610612749,MIL,C,27.0,59,52,0.432,58,179,0.324,0.358,-0.034,2025-26,Regular Season,3 Pointers
1631097,Bennedict Mathurin,1610612746,LAC,G-F,23.0,49,48,0.374,70,179,0.391,0.366,0.025,2025-26,Regular Season,3 Pointers
1631101,Shaedon Sharpe,1610612757,POR,G,22.0,48,47,0.356,62,178,0.348,0.36,-0.012,2025-26,Regular Season,3 Pointers
1631243,Mouhamed Gueye,1610612737,ATL,F,23.0,72,64,0.378,57,178,0.32,0.349,-0.029,2025-26,Regular Season,3 Pointers
1629111,Jock Landale,1610612737,ATL,C,30.0,68,59,0.277,73,178,0.41,0.357,0.053,2025-26,Regular Season,3 Pointers
1642450,Daniss Jenkins,1610612765,DET,G,24.0,64,59,0.384,57,178,0.32,0.358,-0.038,2025-26,Regular Season,3 Pointers
1626181,Norman Powell,1610612748,MIA,G,32.0,54,52,0.376,75,177,0.424,0.365,0.059,2025-26,Regular Season,3 Pointers
1642864,Hugo González,1610612738,BOS,G,20.0,69,63,0.413,63,176,0.358,0.36,-0.002,2025-26,Regular Season,3 Pointers
1631248,Baylor Scheierman,1610612738,BOS,G,25.0,69,63,0.353,68,176,0.386,0.356,0.03,2025-26,Regular Season,3 Pointers
1629014,Anfernee Simons,1610612741,CHI,G,26.0,55,52,0.358,59,175,0.337,0.359,-0.021,2025-26,Regular Season,3 Pointers
1629632,Coby White,1610612766,CHA,G,26.0,47,46,0.419,63,175,0.36,0.361,-0.001,2025-26,Regular Season,3 Pointers
1642349,Ajay Mitchell,1610612760,OKC,G,23.0,54,51,0.389,67,175,0.383,0.364,0.018,2025-26,Regular Season,3 Pointers
1627747,Caris LeVert,1610612765,DET,G,31.0,56,52,0.399,65,174,0.374,0.368,0.005,2025-26,Regular Season,3 Pointers
1642272,Jared McCain,1610612760,OKC,G,22.0,61,55,0.399,63,173,0.364,0.359,0.005,2025-26,Regular Season,3 Pointers
1629008,Michael Porter Jr.,1610612751,BKN,F,27.0,52,50,0.316,68,172,0.395,0.366,0.03,2025-26,Regular Season,3 Pointers
1627884,Derrick Jones Jr.,1610612746,LAC,F,29.0,45,44,0.393,60,171,0.351,0.367,-0.016,2025-26,Regular Season,3 Pointers
1641854,Craig Porter Jr.,1610612739,CLE,G,26.0,59,57,0.343,61,170,0.359,0.35,0.009,2025-26,Regular Season,3 Pointers
1629731,Dean Wade,1610612739,CLE,F-C,29.0,56,53,0.309,55,170,0.324,0.363,-0.039,2025-26,Regular Season,3 Pointers
203083,Andre Drummond,1610612755,PHI,C,32.0,57,52,0.302,58,170,0.341,0.349,-0.007,2025-26,Regular Season,3 Pointers
1641713,GG Jackson,1610612763,MEM,F,21.0,48,44,0.353,63,170,0.371,0.365,0.005,2025-26,Regular Season,3 Pointers
1628370,Malik Monk,1610612758,SAC,G,28.0,59,55,0.39,65,168,0.387,0.361,0.026,2025-26,Regular Season,3 Pointers
1630540,Miles McBride,1610612752,NYK,G,25.0,38,37,0.42,56,166,0.337,0.359,-0.022,2025-26,Regular Season,3 Pointers
1641711,Gradey Dick,1610612761,TOR,G-F,22.0,65,56,0.438,53,166,0.319,0.362,-0.043,2025-26,Regular Season,3 Pointers
1641707,Taylor Hendricks,1610612763,MEM,F,22.0,54,50,0.362,68,166,0.41,0.355,0.054,2025-26,Regular Season,3 Pointers
1630570,Trendon Watford,1610612755,PHI,G-F,25.0,49,43,0.461,67,166,0.404,0.358,0.046,2025-26,Regular Season,3 Pointers
1631255,Karlo Matković,1610612740,NOP,F-C,25.0,61,53,0.363,51,165,0.309,0.355,-0.046,2025-26,Regular Season,3 Pointers
1641775,Jordan Walsh,1610612738,BOS,G,22.0,60,58,0.377,59,164,0.36,0.358,0.002,2025-26,Regular Season,3 Pointers
202710,Jimmy Butler III,1610612744,GSW,F,36.0,38,38,0.437,57,164,0.348,0.363,-0.016,2025-26,Regular Season,3 Pointers
1628392,Isaiah Hartenstein,1610612760,OKC,C-F,27.0,44,42,0.306,63,163,0.387,0.357,0.029,2025-26,Regular Season,3 Pointers
1627936,Alex Caruso,1610612760,OKC,G,32.0,53,47,0.426,61,163,0.374,0.36,0.014,2025-26,Regular Season,3 Pointers
1629013,Landry Shamet,1610612752,NYK,G,29.0,46,46,0.409,72,163,0.442,0.365,0.077,2025-26,Regular Season,3 Pointers
201143,Al Horford,1610612744,GSW,C-F,39.0,43,43,0.33,45,163,0.276,0.358,-0.082,2025-26,Regular Season,3 Pointers
1642874,Danny Wolf,1610612751,BKN,F,21.0,55,53,0.325,50,161,0.311,0.369,-0.058,2025-26,Regular Season,3 Pointers
1630241,Sam Merrill,1610612739,CLE,G,29.0,50,47,0.346,54,161,0.335,0.364,-0.028,2025-26,Regular Season,3 Pointers
1631321,Sidy Cissoko,1610612757,POR,G,22.0,68,59,0.379,60,159,0.377,0.352,0.025,2025-26,Regular Season,3 Pointers
1629018,Gary Trent Jr.,1610612749,MIL,G,27.0,57,53,0.442,64,159,0.403,0.358,0.044,2025-26,Regular Season,3 Pointers
1630549,Day'Ron Sharpe,1610612751,BKN,C,24.0,62,51,0.322,57,159,0.358,0.358,0.001,2025-26,Regular Season,3 Pointers
1630188,Jalen Smith,1610612741,CHI,F-C,26.0,52,47,0.327,65,159,0.409,0.36,0.048,2025-26,Regular Season,3 Pointers
1629057,Robert Williams III,1610612757,POR,C-F,28.0,55,51,0.311,51,159,0.321,0.355,-0.034,2025-26,Regular Season,3 Pointers
1630538,Bones Hyland,1610612750,MIN,G,25.0,66,53,0.349,59,159,0.371,0.36,0.011,2025-26,Regular Season,3 Pointers
1642860,Will Riley,1610612764,WAS,F,20.0,65,54,0.334,51,158,0.323,0.36,-0.037,2025-26,Regular Season,3 Pointers
1641767,Ben Sheppard,1610612754,IND,G,24.0,65,56,0.344,58,157,0.369,0.369,0.0,2025-26,Regular Season,3 Pointers
1630543,Isaiah Jackson,1610612746,LAC,F,24.0,55,50,0.315,46,156,0.295,0.362,-0.067,2025-26,Regular Season,3 Pointers
1642856,Egor Dëmin,1610612751,BKN,G,20.0,52,49,0.309,59,155,0.381,0.37,0.011,2025-26,Regular Season,3 Pointers
1630532,Franz Wagner,1610612753,ORL,F,24.0,30,30,0.412,67,155,0.432,0.361,0.071,2025-26,Regular Season,3 Pointers
1641772,Nae'Qwan Tomlin,1610612739,CLE,F,25.0,57,50,0.449,54,154,0.351,0.359,-0.008,2025-26,Regular Season,3 Pointers
1642920,Kobe Sanders,1610612746,LAC,G,23.0,62,57,0.363,59,153,0.386,0.361,0.024,2025-26,Regular Season,3 Pointers
1630557,Corey Kispert,1610612737,ATL,F,27.0,55,50,0.368,49,153,0.32,0.356,-0.036,2025-26,Regular Season,3 Pointers
203903,Jordan Clarkson,1610612752,NYK,G,33.0,65,60,0.376,69,152,0.454,0.354,0.1,2025-26,Regular Season,3 Pointers
201587,Nicolas Batum,1610612746,LAC,G-F,37.0,69,58,0.363,64,152,0.421,0.36,0.061,2025-26,Regular Season,3 Pointers
1631172,Ousmane Dieng,1610612749,MIL,F,22.0,52,44,0.384,48,152,0.316,0.357,-0.041,2025-26,Regular Season,3 Pointers
202691,Klay Thompson,1610612742,DAL,G,36.0,66,63,0.351,53,151,0.351,0.36,-0.009,2025-26,Regular Season,3 Pointers
1631246,Vince Williams Jr.,1610612762,UTA,G,25.0,40,39,0.423,51,151,0.338,0.359,-0.022,2025-26,Regular Season,3 Pointers
1642857,Kasparas Jakučionis,1610612748,MIA,G,19.0,45,43,0.398,58,151,0.384,0.359,0.025,2025-26,Regular Season,3 Pointers
1642948,Ryan Nembhard,1610612742,DAL,G,23.0,56,46,0.382,52,149,0.349,0.362,-0.013,2025-26,Regular Season,3 Pointers
1627780,Gary Payton II,1610612744,GSW,G,33.0,66,54,0.394,55,149,0.369,0.363,0.007,2025-26,Regular Season,3 Pointers
1642844,Dylan Harper,1610612759,SAS,G,20.0,64,56,0.34,48,148,0.324,0.362,-0.038,2025-26,Regular Season,3 Pointers
201939,Stephen Curry,1610612744,GSW,G,38.0,39,39,0.375,57,146,0.39,0.374,0.017,2025-26,Regular Season,3 Pointers
1629006,Josh Okogie,1610612745,HOU,G,27.0,70,57,0.35,55,145,0.379,0.352,0.028,2025-26,Regular Season,3 Pointers
1629216,Gabe Vincent,1610612737,ATL,G,29.0,50,48,0.46,60,144,0.417,0.365,0.052,2025-26,Regular Season,3 Pointers
1641731,Bilal Coulibaly,1610612764,WAS,G,21.0,53,46,0.326,50,142,0.352,0.363,-0.011,2025-26,Regular Season,3 Pointers
1630534,Ochai Agbaji,1610612751,BKN,G,25.0,59,49,0.378,51,141,0.362,0.365,-0.003,2025-26,Regular Season,3 Pointers
1629723,John Konchar,1610612762,UTA,G,30.0,50,46,0.323,36,141,0.255,0.364,-0.109,2025-26,Regular Season,3 Pointers
1629673,Jordan Poole,1610612740,NOP,G,26.0,37,34,0.435,45,140,0.321,0.365,-0.044,2025-26,Regular Season,3 Pointers
1627751,Jakob Poeltl,1610612761,TOR,C,30.0,40,37,0.264,52,140,0.371,0.362,0.01,2025-26,Regular Season,3 Pointers
1642849,Nolan Traore,1610612751,BKN,G,19.0,52,47,0.317,57,139,0.41,0.369,0.041,2025-26,Regular Season,3 Pointers
203507,Giannis Antetokounmpo,1610612749,MIL,F,31.0,36,35,0.408,55,139,0.396,0.352,0.043,2025-26,Regular Season,3 Pointers
1641765,Olivier-Maxence Prosper,1610612763,MEM,F,23.0,45,39,0.305,57,139,0.41,0.354,0.056,2025-26,Regular Season,3 Pointers
203932,Aaron Gordon,1610612743,DEN,F,30.0,33,31,0.383,34,138,0.246,0.358,-0.112,2025-26,Regular Season,3 Pointers
1631121,Bryce McGowens,1610612740,NOP,G,23.0,40,38,0.373,43,138,0.312,0.36,-0.048,2025-26,Regular Season,3 Pointers
1631245,Quenton Jackson,1610612754,IND,G,27.0,41,41,0.402,46,137,0.336,0.369,-0.034,2025-26,Regular Season,3 Pointers
1630194,Paul Reed,1610612765,DET,F,26.0,58,50,0.312,36,135,0.267,0.363,-0.097,2025-26,Regular Season,3 Pointers
1642868,Carter Bryant,1610612759,SAS,F,20.0,63,51,0.4,50,134,0.373,0.342,0.032,2025-26,Regular Season,3 Pointers
1631169,Josh Minott,1610612751,BKN,F,23.0,46,43,0.383,55,134,0.41,0.356,0.054,2025-26,Regular Season,3 Pointers
203914,Gary Harris,1610612749,MIL,G,31.0,45,43,0.498,49,134,0.366,0.359,0.006,2025-26,Regular Season,3 Pointers
1629048,Goga Bitadze,1610612753,ORL,C-F,26.0,58,50,0.306,48,133,0.361,0.359,0.002,2025-26,Regular Season,3 Pointers
204001,Kristaps Porziņģis,1610612744,GSW,F-C,30.0,29,26,0.332,45,133,0.338,0.354,-0.016,2025-26,Regular Season,3 Pointers
1631107,Nikola Jović,1610612748,MIA,F,22.0,44,40,0.32,38,131,0.29,0.352,-0.062,2025-26,Regular Season,3 Pointers
1630264,Anthony Gill,1610612764,WAS,F,33.0,41,35,0.361,50,131,0.382,0.356,0.026,2025-26,Regular Season,3 Pointers
1627741,Buddy Hield,1610612737,ATL,G,33.0,50,49,0.353,53,130,0.408,0.361,0.047,2025-26,Regular Season,3 Pointers
1630695,Micah Potter,1610612754,IND,C,27.0,40,35,0.301,47,129,0.364,0.349,0.015,2025-26,Regular Season,3 Pointers
203991,Clint Capela,1610612745,HOU,C,31.0,69,60,0.299,35,129,0.271,0.351,-0.079,2025-26,Regular Season,3 Pointers
1641774,Tristan Vukcevic,1610612764,WAS,F,23.0,48,41,0.313,50,129,0.388,0.352,0.035,2025-26,Regular Season,3 Pointers
1627824,Guerschon Yabusele,1610612741,CHI,F,30.0,63,52,0.323,43,129,0.333,0.356,-0.022,2025-26,Regular Season,3 Pointers
1629020,Jarred Vanderbilt,1610612747,LAL,F,27.0,59,52,0.372,38,129,0.295,0.364,-0.07,2025-26,Regular Season,3 Pointers
1628366,Lonzo Ball,1610612739,CLE,G,28.0,35,33,0.449,44,128,0.344,0.369,-0.025,2025-26,Regular Season,3 Pointers
202331,Paul George,1610612755,PHI,F,35.0,32,32,0.356,47,128,0.367,0.367,0.0,2025-26,Regular Season,3 Pointers
1630311,Pat Spencer,1610612744,GSW,G,29.0,55,46,0.305,42,127,0.331,0.367,-0.036,2025-26,Regular Season,3 Pointers
201144,Mike Conley,1610612750,MIN,G,38.0,50,46,0.353,50,127,0.394,0.368,0.025,2025-26,Regular Season,3 Pointers
1641712,Rayan Rupert,1610612763,MEM,G-F,21.0,55,45,0.392,40,125,0.32,0.353,-0.033,2025-26,Regular Season,3 Pointers
1628975,Jevon Carter,1610612753,ORL,G,30.0,44,38,0.422,35,124,0.282,0.361,-0.079,2025-26,Regular Season,3 Pointers
1642348,Justin Edwards,1610612755,PHI,F,22.0,50,47,0.406,55,123,0.447,0.358,0.089,2025-26,Regular Season,3 Pointers
1641738,Kobe Brown,1610612754,IND,F,26.0,53,42,0.403,57,123,0.463,0.356,0.108,2025-26,Regular Season,3 Pointers
1629001,De'Anthony Melton,1610612744,GSW,G,27.0,44,42,0.314,46,121,0.38,0.37,0.01,2025-26,Regular Season,3 Pointers
1629684,Grant Williams,1610612766,CHA,F,27.0,32,32,0.453,33,120,0.275,0.363,-0.088,2025-26,Regular Season,3 Pointers
203500,Steven Adams,1610612745,HOU,C,32.0,32,30,0.302,36,119,0.303,0.335,-0.032,2025-26,Regular Season,3 Pointers
1631200,Kris Murray,1610612757,POR,F,25.0,53,48,0.298,39,118,0.331,0.353,-0.022,2025-26,Regular Season,3 Pointers
1642364,Jamir Watkins,1610612764,WAS,F,24.0,41,37,0.304,44,118,0.373,0.364,0.009,2025-26,Regular Season,3 Pointers
1630228,Jonathan Kuminga,1610612737,ATL,F,23.0,33,32,0.435,41,118,0.347,0.359,-0.011,2025-26,Regular Season,3 Pointers
204456,T.J. McConnell,1610612754,IND,G,34.0,56,45,0.381,49,118,0.415,0.372,0.043,2025-26,Regular Season,3 Pointers
1642869,Noah Penda,1610612753,ORL,G-F,21.0,54,46,0.34,44,117,0.376,0.356,0.02,2025-26,Regular Season,3 Pointers
1642914,Javon Small,1610612763,MEM,G,23.0,36,33,0.419,37,117,0.316,0.345,-0.029,2025-26,Regular Season,3 Pointers
203484,Kentavious Caldwell-Pope,1610612763,MEM,G,33.0,50,46,0.409,49,117,0.419,0.361,0.057,2025-26,Regular Season,3 Pointers
1642265,Rob Dillingham,1610612741,CHI,G,21.0,56,40,0.367,36,116,0.31,0.358,-0.048,2025-26,Regular Season,3 Pointers
203937,Kyle Anderson,1610612750,MIN,F-G,32.0,39,38,0.396,36,116,0.31,0.346,-0.035,2025-26,Regular Season,3 Pointers
1629639,Tyler Herro,1610612748,MIA,G,26.0,30,30,0.335,41,116,0.353,0.365,-0.012,2025-26,Regular Season,3 Pointers
1642962,Drake Powell,1610612751,BKN,G-F,20.0,57,43,0.339,46,115,0.4,0.368,0.032,2025-26,Regular Season,3 Pointers
1631213,Tyrese Martin,1610612755,PHI,F,27.0,44,36,0.423,42,113,0.372,0.37,0.001,2025-26,Regular Season,3 Pointers
1630208,Nick Richards,1610612741,CHI,C,28.0,47,42,0.284,45,112,0.402,0.368,0.034,2025-26,Regular Season,3 Pointers
1641740,Jaylen Clark,1610612750,MIN,G,24.0,59,50,0.362,35,111,0.315,0.363,-0.048,2025-26,Regular Season,3 Pointers
1630182,Josh Green,1610612766,CHA,G,25.0,53,50,0.422,24,111,0.216,0.365,-0.149,2025-26,Regular Season,3 Pointers
1631250,Pete Nance,1610612749,MIL,F,26.0,36,34,0.378,40,111,0.36,0.358,0.002,2025-26,Regular Season,3 Pointers
1630592,Jalen Wilson,1610612751,BKN,F,25.0,46,43,0.413,47,111,0.423,0.355,0.069,2025-26,Regular Season,3 Pointers
1628997,Caleb Martin,1610612742,DAL,F,30.0,57,47,0.297,34,110,0.309,0.365,-0.056,2025-26,Regular Season,3 Pointers
1631126,Caleb Love,1610612757,POR,G,24.0,44,40,0.388,33,109,0.303,0.36,-0.057,2025-26,Regular Season,3 Pointers
1631124,Julian Strawther,1610612743,DEN,G,23.0,46,41,0.44,47,107,0.439,0.361,0.078,2025-26,Regular Season,3 Pointers
203939,Dwight Powell,1610612742,DAL,F-C,34.0,52,40,0.252,40,107,0.374,0.365,0.009,2025-26,Regular Season,3 Pointers
1626145,Tyus Jones,1610612743,DEN,G,29.0,63,50,0.351,40,107,0.374,0.364,0.01,2025-26,Regular Season,3 Pointers
1642269,Devin Carter,1610612758,SAC,G,24.0,33,29,0.473,51,107,0.477,0.359,0.118,2025-26,Regular Season,3 Pointers
1642879,Ben Saraf,1610612751,BKN,G,19.0,39,33,0.355,43,106,0.406,0.368,0.038,2025-26,Regular Season,3 Pointers
1630560,Cam Thomas,1610612749,MIL,G,24.0,42,38,0.365,44,105,0.419,0.355,0.064,2025-26,Regular Season,3 Pointers
203482,Kelly Olynyk,1610612759,SAS,F-C,34.0,40,36,0.482,32,105,0.305,0.344,-0.039,2025-26,Regular Season,3 Pointers
1642278,Tyler Kolek,1610612752,NYK,G,25.0,52,48,0.4,38,104,0.365,0.36,0.006,2025-26,Regular Season,3 Pointers
1630175,Cole Anthony,1610612749,MIL,G,25.0,33,32,0.477,43,103,0.417,0.361,0.056,2025-26,Regular Season,3 Pointers
1631159,Leonard Miller,1610612741,CHI,F,22.0,31,28,0.437,35,101,0.347,0.367,-0.021,2025-26,Regular Season,3 Pointers
1641722,Jordan Hawkins,1610612740,NOP,G,23.0,46,37,0.409,33,101,0.327,0.355,-0.028,2025-26,Regular Season,3 Pointers
1630192,Zeke Nnaji,1610612743,DEN,F-C,25.0,43,36,0.345,35,101,0.347,0.356,-0.009,2025-26,Regular Season,3 Pointers
1628988,Aaron Holiday,1610612745,HOU,G,29.0,47,41,0.398,27,101,0.267,0.352,-0.084,2025-26,Regular Season,3 Pointers
1629618,Jalen Pickett,1610612743,DEN,G,26.0,39,32,0.42,34,100,0.34,0.359,-0.019,2025-26,Regular Season,3 Pointers
1628418,Thomas Bryant,1610612739,CLE,C-F,28.0,55,44,0.273,52,100,0.52,0.362,0.158,2025-26,Regular Season,3 Pointers
1631342,Daeqwon Plowden,1610612758,SAC,G-F,27.0,28,27,0.388,41,99,0.414,0.346,0.068,2025-26,Regular Season,3 Pointers
1630224,Jalen Green,1610612756,PHX,G,24.0,29,27,0.387,31,99,0.313,0.372,-0.059,2025-26,Regular Season,3 Pointers
1642928,Dylan Cardwell,1610612758,SAC,C,24.0,40,36,0.253,34,99,0.343,0.351,-0.008,2025-26,Regular Season,3 Pointers
1642277,Johnny Furphy,1610612754,IND,G,21.0,34,30,0.318,38,98,0.388,0.372,0.016,2025-26,Regular Season,3 Pointers
1642877,Micah Peavy,1610612740,NOP,G-F,24.0,53,42,0.406,32,97,0.33,0.358,-0.028,2025-26,Regular Season,3 Pointers
203076,Anthony Davis,1610612764,WAS,F-C,33.0,20,19,0.31,38,97,0.392,0.358,0.034,2025-26,Regular Season,3 Pointers
1629630,Ja Morant,1610612763,MEM,G,26.0,20,20,0.438,41,95,0.432,0.362,0.07,2025-26,Regular Season,3 Pointers
1631114,Jalen Williams,1610612760,OKC,G-F,24.0,31,31,0.366,36,94,0.383,0.368,0.015,2025-26,Regular Season,3 Pointers
1631093,Jaden Ivey,1610612741,CHI,G,24.0,37,32,0.376,36,94,0.383,0.366,0.017,2025-26,Regular Season,3 Pointers
1631133,Jabari Walker,1610612755,PHI,F,23.0,59,46,0.343,31,94,0.33,0.349,-0.02,2025-26,Regular Season,3 Pointers
1629026,Kenrich Williams,1610612760,OKC,G-F,31.0,50,42,0.375,40,93,0.43,0.354,0.076,2025-26,Regular Season,3 Pointers
1630544,Tre Mann,1610612766,CHA,G,25.0,46,33,0.357,47,90,0.522,0.359,0.163,2025-26,Regular Season,3 Pointers
1630702,Jaden Hardy,1610612764,WAS,G,23.0,48,38,0.333,30,89,0.337,0.362,-0.025,2025-26,Regular Season,3 Pointers
202685,Jonas Valančiūnas,1610612743,DEN,C,33.0,58,45,0.228,42,89,0.472,0.347,0.125,2025-26,Regular Season,3 Pointers
1629234,Drew Eubanks,1610612758,SAC,F-C,29.0,41,34,0.304,32,89,0.36,0.358,0.001,2025-26,Regular Season,3 Pointers
1642275,Tidjane Salaün,1610612766,CHA,F,20.0,34,31,0.369,42,89,0.472,0.355,0.117,2025-26,Regular Season,3 Pointers
1630811,Keaton Wallace,1610612737,ATL,G,27.0,42,33,0.453,32,86,0.372,0.343,0.029,2025-26,Regular Season,3 Pointers
1626156,D'Angelo Russell,1610612764,WAS,G,30.0,26,26,0.379,29,86,0.337,0.366,-0.029,2025-26,Regular Season,3 Pointers
1627827,Dorian Finney-Smith,1610612745,HOU,F,32.0,36,33,0.378,30,85,0.353,0.355,-0.002,2025-26,Regular Season,3 Pointers
1642353,Cam Christie,1610612746,LAC,G,20.0,45,34,0.443,32,85,0.376,0.365,0.012,2025-26,Regular Season,3 Pointers
201567,Kevin Love,1610612762,UTA,F-C,37.0,35,33,0.305,25,84,0.298,0.366,-0.068,2025-26,Regular Season,3 Pointers
1642885,Mohamed Diawara,1610612752,NYK,F,20.0,56,43,0.441,28,83,0.337,0.356,-0.018,2025-26,Regular Season,3 Pointers
1642382,Branden Carlson,1610612760,OKC,C,26.0,34,30,0.361,36,82,0.439,0.324,0.115,2025-26,Regular Season,3 Pointers
1631131,Oscar Tshiebwe,1610612762,UTA,F-C,26.0,22,21,0.453,29,82,0.354,0.368,-0.015,2025-26,Regular Season,3 Pointers
1631099,Keegan Murray,1610612758,SAC,F,25.0,23,22,0.256,28,82,0.341,0.37,-0.029,2025-26,Regular Season,3 Pointers
1642853,Rasheer Fleming,1610612756,PHX,F,21.0,45,37,0.386,23,81,0.284,0.354,-0.07,2025-26,Regular Season,3 Pointers
1631207,Dalen Terry,1610612755,PHI,F,23.0,40,32,0.36,30,80,0.375,0.356,0.019,2025-26,Regular Season,3 Pointers
1641989,Elijah Harkless,1610612762,UTA,G,26.0,24,23,0.372,28,80,0.35,0.361,-0.011,2025-26,Regular Season,3 Pointers
1630574,Ariel Hukporti,1610612752,NYK,C,23.0,48,37,0.335,23,77,0.299,0.343,-0.045,2025-26,Regular Season,3 Pointers
1630703,Scoot Henderson,1610612757,POR,G,22.0,26,24,0.342,37,77,0.481,0.37,0.11,2025-26,Regular Season,3 Pointers
1630536,Sharife Cooper,1610612764,WAS,G,24.0,33,27,0.382,30,76,0.395,0.366,0.029,2025-26,Regular Season,3 Pointers
1628467,Maxi Kleber,1610612747,LAL,F,34.0,35,27,0.325,31,75,0.413,0.361,0.052,2025-26,Regular Season,3 Pointers
1630619,Moussa Cisse,1610612742,DAL,C,23.0,33,26,0.311,20,75,0.267,0.364,-0.097,2025-26,Regular Season,3 Pointers
1630679,Ethan Thompson,1610612754,IND,G,26.0,24,21,0.43,25,74,0.338,0.362,-0.024,2025-26,Regular Season,3 Pointers
1641724,Jett Howard,1610612753,ORL,G,22.0,51,36,0.347,29,74,0.392,0.36,0.032,2025-26,Regular Season,3 Pointers
1642854,Asa Newell,1610612737,ATL,F,20.0,37,29,0.358,27,73,0.37,0.353,0.017,2025-26,Regular Season,3 Pointers
1631218,Trayce Jackson-Davis,1610612761,TOR,F,26.0,45,30,0.267,23,72,0.319,0.347,-0.027,2025-26,Regular Season,3 Pointers
1642905,Yang Hansen,1610612757,POR,C,20.0,40,26,0.355,25,72,0.347,0.354,-0.007,2025-26,Regular Season,3 Pointers
1631123,Jamaree Bouyea,1610612756,PHX,G,26.0,38,26,0.353,24,71,0.338,0.364,-0.026,2025-26,Regular Season,3 Pointers
1631288,Jamal Cain,1610612753,ORL,F,27.0,30,27,0.383,23,70,0.329,0.373,-0.044,2025-26,Regular Season,3 Pointers
1628396,Tony Bradley,1610612754,IND,C-F,28.0,32,26,0.399,28,69,0.406,0.358,0.048,2025-26,Regular Season,3 Pointers
1642942,Jahmai Mashack,1610612763,MEM,G,23.0,24,22,0.305,22,69,0.319,0.334,-0.015,2025-26,Regular Season,3 Pointers
203992,Bogdan Bogdanović,1610612746,LAC,G,33.0,20,19,0.37,28,68,0.412,0.365,0.047,2025-26,Regular Season,3 Pointers
1629021,Moritz Wagner,1610612753,ORL,F-C,28.0,33,28,0.376,33,68,0.485,0.358,0.127,2025-26,Regular Season,3 Pointers
1627734,Domantas Sabonis,1610612758,SAC,F-C,29.0,19,19,0.239,29,68,0.426,0.364,0.063,2025-26,Regular Season,3 Pointers
1642261,Dalton Knecht,1610612747,LAL,F,24.0,41,28,0.36,26,67,0.388,0.365,0.023,2025-26,Regular Season,3 Pointers
1629660,Ty Jerome,1610612763,MEM,G-F,28.0,15,15,0.466,21,62,0.339,0.355,-0.016,2025-26,Regular Season,3 Pointers
1626172,Kevon Looney,1610612740,NOP,F,30.0,19,16,0.434,20,62,0.323,0.353,-0.031,2025-26,Regular Season,3 Pointers
1641763,Julian Phillips,1610612750,MIN,F,22.0,34,25,0.488,22,61,0.361,0.36,0.001,2025-26,Regular Season,3 Pointers
1642878,Tyrese Proctor,1610612739,CLE,G,22.0,40,30,0.37,21,60,0.35,0.344,0.006,2025-26,Regular Season,3 Pointers
1630526,Jeremiah Robinson-Earl,1610612742,DAL,F,25.0,21,19,0.417,25,60,0.417,0.352,0.065,2025-26,Regular Season,3 Pointers
1642863,Khaman Maluach,1610612756,PHX,C,19.0,39,28,0.337,20,60,0.333,0.364,-0.031,2025-26,Regular Season,3 Pointers
1629599,Amir Coffey,1610612756,PHX,G-F,28.0,37,24,0.45,22,59,0.373,0.352,0.021,2025-26,Regular Season,3 Pointers
203926,Doug McDermott,1610612758,SAC,F,34.0,24,19,0.444,17,59,0.288,0.354,-0.066,2025-26,Regular Season,3 Pointers
1627752,Taurean Prince,1610612749,MIL,F,32.0,21,21,0.41,25,59,0.424,0.354,0.07,2025-26,Regular Season,3 Pointers
1630165,Killian Hayes,1610612758,SAC,G,24.0,18,15,0.504,26,58,0.448,0.355,0.093,2025-26,Regular Season,3 Pointers
1629027,Trae Young,1610612764,WAS,G,27.0,15,15,0.401,21,57,0.368,0.352,0.017,2025-26,Regular Season,3 Pointers
1642066,Myron Gardner,1610612748,MIA,F,24.0,34,25,0.385,17,57,0.298,0.367,-0.069,2025-26,Regular Season,3 Pointers
1643007,Taelon Peter,1610612754,IND,G,24.0,29,20,0.316,19,56,0.339,0.359,-0.02,2025-26,Regular Season,3 Pointers
1631110,Jeremy Sochan,1610612752,NYK,F,22.0,35,28,0.304,24,56,0.429,0.342,0.087,2025-26,Regular Season,3 Pointers
1626204,Larry Nance Jr.,1610612739,CLE,F-C,33.0,28,25,0.394,24,56,0.429,0.362,0.067,2025-26,Regular Season,3 Pointers
1643016,Bez Mbeng,1610612762,UTA,G,22.0,12,11,0.389,20,56,0.357,0.367,-0.01,2025-26,Regular Season,3 Pointers
1642949,Yanic Konan Niederhäuser,1610612746,LAC,C,23.0,34,23,0.252,20,54,0.37,0.358,0.013,2025-26,Regular Season,3 Pointers
1641871,Duop Reath,1610612757,POR,C,29.0,28,26,0.4,16,54,0.296,0.351,-0.055,2025-26,Regular Season,3 Pointers
1628369,Jayson Tatum,1610612738,BOS,F-G,28.0,13,13,0.473,15,53,0.283,0.361,-0.078,2025-26,Regular Season,3 Pointers
1642358,AJ Johnson,1610612742,DAL,G,21.0,36,26,0.384,21,53,0.396,0.368,0.028,2025-26,Regular Season,3 Pointers
1628371,Jonathan Isaac,1610612753,ORL,F,28.0,45,32,0.299,15,52,0.288,0.361,-0.072,2025-26,Regular Season,3 Pointers
1629622,Max Strus,1610612739,CLE,G-F,30.0,8,8,0.432,23,51,0.451,0.355,0.096,2025-26,Regular Season,3 Pointers
1626192,Pat Connaughton,1610612766,CHA,G,33.0,31,23,0.4,17,50,0.34,0.357,-0.017,2025-26,Regular Season,3 Pointers
1630545,Terrence Shannon Jr.,1610612750,MIN,G-F,25.0,38,25,0.36,14,50,0.28,0.36,-0.08,2025-26,Regular Season,3 Pointers
1631204,Marcus Sasser,1610612765,DET,G,25.0,28,25,0.388,17,50,0.34,0.345,-0.005,2025-26,Regular Season,3 Pointers
1631132,Christian Koloko,1610612737,ATL,C,25.0,26,21,0.251,15,50,0.3,0.34,-0.04,2025-26,Regular Season,3 Pointers
1641733,Nick Smith Jr.,1610612747,LAL,G,21.0,22,19,0.442,18,50,0.36,0.358,0.002,2025-26,Regular Season,3 Pointers
1629680,Matisse Thybulle,1610612757,POR,G-F,29.0,26,20,0.383,10,49,0.204,0.362,-0.158,2025-26,Regular Season,3 Pointers
1641748,Andre Jackson Jr.,1610612749,MIL,G,24.0,36,23,0.366,15,49,0.306,0.345,-0.039,2025-26,Regular Season,3 Pointers
1641790,PJ Hall,1610612766,CHA,C,24.0,16,13,0.366,16,49,0.327,0.374,-0.047,2025-26,Regular Season,3 Pointers
1642419,Jamison Battle,1610612761,TOR,F,24.0,46,30,0.296,18,47,0.383,0.339,0.044,2025-26,Regular Season,3 Pointers
1642880,Kam Jones,1610612754,IND,G,24.0,27,24,0.313,19,47,0.404,0.361,0.043,2025-26,Regular Season,3 Pointers
1630590,Scotty Pippen Jr.,1610612763,MEM,G,25.0,10,10,0.412,20,47,0.426,0.353,0.073,2025-26,Regular Season,3 Pointers
1630167,Obi Toppin,1610612754,IND,F,28.0,18,15,0.416,17,47,0.362,0.366,-0.004,2025-26,Regular Season,3 Pointers
1630587,Isaiah Livers,1610612756,PHX,F,27.0,33,24,0.348,13,46,0.283,0.36,-0.078,2025-26,Regular Season,3 Pointers
1630322,Lindy Waters III,1610612759,SAS,F,28.0,33,25,0.506,14,45,0.311,0.351,-0.04,2025-26,Regular Season,3 Pointers
1630214,Xavier Tillman,1610612766,CHA,F,27.0,25,14,0.446,16,45,0.356,0.355,0.001,2025-26,Regular Season,3 Pointers
1642862,Liam McNeeley,1610612766,CHA,F,20.0,28,21,0.364,20,44,0.455,0.351,0.103,2025-26,Regular Season,3 Pointers
1642859,Jase Richardson,1610612753,ORL,G,20.0,43,22,0.263,13,44,0.295,0.364,-0.068,2025-26,Regular Season,3 Pointers
1626166,Cameron Payne,1610612755,PHI,G,31.0,19,15,0.393,15,44,0.341,0.37,-0.029,2025-26,Regular Season,3 Pointers
1630256,Jae'Sean Tate,1610612745,HOU,F,30.0,35,26,0.307,12,43,0.279,0.364,-0.085,2025-26,Regular Season,3 Pointers
1627749,Dejounte Murray,1610612740,NOP,G,29.0,14,13,0.301,17,43,0.395,0.365,0.031,2025-26,Regular Season,3 Pointers
1641715,Cam Whitmore,1610612764,WAS,F,21.0,21,19,0.372,15,42,0.357,0.36,-0.003,2025-26,Regular Season,3 Pointers
1642355,Bronny James,1610612747,LAL,G,21.0,31,23,0.406,12,41,0.293,0.35,-0.057,2025-26,Regular Season,3 Pointers
1643018,LJ Cryer,1610612744,GSW,G,24.0,15,13,0.482,19,40,0.475,0.378,0.097,2025-26,Regular Season,3 Pointers
1642964,Brooks Barnhizer,1610612760,OKC,G,24.0,32,20,0.345,20,39,0.513,0.344,0.169,2025-26,Regular Season,3 Pointers
1642866,Joan Beringer,1610612750,MIN,F,19.0,32,23,0.29,11,38,0.289,0.337,-0.048,2025-26,Regular Season,3 Pointers
1631174,Tyler Burton,1610612763,MEM,F,26.0,11,11,0.327,18,37,0.486,0.372,0.114,2025-26,Regular Season,3 Pointers
1641747,DaRon Holmes II,1610612743,DEN,F,23.0,19,14,0.324,13,36,0.361,0.342,0.019,2025-26,Regular Season,3 Pointers
1629162,Jordan McLaughlin,1610612759,SAS,G,29.0,31,21,0.4,15,36,0.417,0.358,0.058,2025-26,Regular Season,3 Pointers
1631104,Blake Wesley,1610612757,POR,G,23.0,25,18,0.387,11,36,0.306,0.38,-0.074,2025-26,Regular Season,3 Pointers
1641778,Leaky Black,1610612764,WAS,F,26.0,9,8,0.302,17,35,0.486,0.352,0.134,2025-26,Regular Season,3 Pointers
1642354,KJ Simpson,1610612743,DEN,G,23.0,15,14,0.337,11,35,0.314,0.344,-0.03,2025-26,Regular Season,3 Pointers
201599,DeAndre Jordan,1610612740,NOP,C,37.0,12,12,0.321,7,34,0.206,0.356,-0.15,2025-26,Regular Season,3 Pointers
1631103,Malaki Branham,1610612764,WAS,F,22.0,25,14,0.358,10,34,0.294,0.361,-0.066,2025-26,Regular Season,3 Pointers
1631166,Drew Timme,1610612747,LAL,F,25.0,19,14,0.366,12,34,0.353,0.356,-0.003,2025-26,Regular Season,3 Pointers
1642950,Lachlan Olbrich,1610612741,CHI,C,22.0,24,18,0.388,12,33,0.364,0.352,0.012,2025-26,Regular Season,3 Pointers
1630610,DeJon Jarreau,1610612763,MEM,G,28.0,10,10,0.375,7,33,0.212,0.373,-0.16,2025-26,Regular Season,3 Pointers
1631113,Kennedy Chandler,1610612762,UTA,G,23.0,8,8,0.418,13,33,0.394,0.388,0.006,2025-26,Regular Season,3 Pointers
1642882,Julian Reese,1610612764,WAS,F,22.0,7,6,0.347,10,33,0.303,0.341,-0.038,2025-26,Regular Season,3 Pointers
1641744,Zach Edey,1610612763,MEM,C,23.0,11,10,0.241,15,32,0.469,0.358,0.11,2025-26,Regular Season,3 Pointers
1643052,Chaney Johnson,1610612751,BKN,G-F,23.0,13,12,0.356,10,32,0.313,0.359,-0.046,2025-26,Regular Season,3 Pointers
1631466,Nate Williams,1610612744,GSW,G,27.0,12,12,0.444,11,32,0.344,0.358,-0.014,2025-26,Regular Season,3 Pointers
1631199,Ron Harper Jr.,1610612738,BOS,G-F,25.0,21,14,0.4,6,30,0.2,0.349,-0.149,2025-26,Regular Season,3 Pointers
203486,Mason Plumlee,1610612759,SAS,F-C,36.0,18,14,0.303,14,30,0.467,0.346,0.12,2025-26,Regular Season,3 Pointers
1642396,Blake Hinson,1610612762,UTA,F,26.0,11,11,0.5,12,29,0.414,0.372,0.042,2025-26,Regular Season,3 Pointers
201145,Jeff Green,1610612745,HOU,F,39.0,22,15,0.439,5,29,0.172,0.351,-0.179,2025-26,Regular Season,3 Pointers
1642367,Jonathan Mogbo,1610612761,TOR,F,24.0,27,12,0.293,12,29,0.414,0.365,0.049,2025-26,Regular Season,3 Pointers
1642502,Malevy Leons,1610612744,GSW,F,26.0,20,12,0.341,13,29,0.448,0.367,0.082,2025-26,Regular Season,3 Pointers
101108,Chris Paul,1610612746,LAC,G,40.0,16,13,0.358,9,29,0.31,0.353,-0.043,2025-26,Regular Season,3 Pointers
1630699,MarJon Beauchamp,1610612755,PHI,F,25.0,11,10,0.35,6,28,0.214,0.327,-0.113,2025-26,Regular Season,3 Pointers
1642959,Chris Youngblood,1610612757,POR,G,24.0,22,17,0.415,13,27,0.481,0.352,0.129,2025-26,Regular Season,3 Pointers
1642967,John Poulakidas,1610612742,DAL,G,23.0,8,7,0.481,10,26,0.385,0.396,-0.012,2025-26,Regular Season,3 Pointers
1642352,Keshad Johnson,1610612748,MIA,F,24.0,20,16,0.325,9,26,0.346,0.353,-0.006,2025-26,Regular Season,3 Pointers
1631120,JD Davison,1610612745,HOU,G,23.0,22,12,0.329,9,25,0.36,0.353,0.007,2025-26,Regular Season,3 Pointers
202687,Bismack Biyombo,1610612759,SAS,C,33.0,21,11,0.357,7,25,0.28,0.317,-0.037,2025-26,Regular Season,3 Pointers
1629726,Garrison Mathews,1610612754,IND,G,29.0,14,11,0.342,7,25,0.28,0.356,-0.076,2025-26,Regular Season,3 Pointers
1641771,Jalen Slawson,1610612754,IND,F,26.0,8,7,0.301,4,25,0.16,0.345,-0.185,2025-26,Regular Season,3 Pointers
1628380,Zach Collins,1610612741,CHI,F-C,28.0,10,9,0.298,9,25,0.36,0.362,-0.002,2025-26,Regular Season,3 Pointers
1642873,Amari Williams,1610612738,BOS,F-C,24.0,14,13,0.407,7,24,0.292,0.334,-0.042,2025-26,Regular Season,3 Pointers
1630604,E.J. Liddell,1610612751,BKN,F,25.0,18,10,0.32,9,24,0.375,0.356,0.019,2025-26,Regular Season,3 Pointers
1641816,Hunter Tyson,1610612743,DEN,F,25.0,20,12,0.371,5,23,0.217,0.357,-0.139,2025-26,Regular Season,3 Pointers
1641755,Kevin McCullar Jr.,1610612752,NYK,G,25.0,14,11,0.426,9,23,0.391,0.36,0.031,2025-26,Regular Season,3 Pointers
1642530,Yuki Kawamura,1610612741,CHI,G,24.0,11,9,0.44,10,22,0.455,0.352,0.103,2025-26,Regular Season,3 Pointers
1631117,Walker Kessler,1610612762,UTA,C,24.0,5,5,0.286,5,22,0.227,0.364,-0.137,2025-26,Regular Season,3 Pointers
203078,Bradley Beal,1610612746,LAC,G,32.0,6,6,0.595,9,22,0.409,0.368,0.041,2025-26,Regular Season,3 Pointers
1641726,Dereck Lively II,1610612742,DAL,C,22.0,7,7,0.309,9,21,0.429,0.362,0.066,2025-26,Regular Season,3 Pointers
1642918,Alijah Martin,1610612761,TOR,G,24.0,13,8,0.356,5,21,0.238,0.344,-0.106,2025-26,Regular Season,3 Pointers
1641869,Malachi Smith,1610612751,BKN,G,26.0,9,7,0.333,8,20,0.4,0.369,0.031,2025-26,Regular Season,3 Pointers
1642484,RayJ Dennis,1610612737,ATL,G,25.0,13,11,0.351,9,20,0.45,0.372,0.078,2025-26,Regular Season,3 Pointers
1630623,Tyson Etienne,1610612751,BKN,G,26.0,14,10,0.328,7,19,0.368,0.35,0.018,2025-26,Regular Season,3 Pointers
1631214,Alondes Williams,1610612764,WAS,G,26.0,4,4,0.5,8,19,0.421,0.372,0.049,2025-26,Regular Season,3 Pointers
1642449,Tolu Smith,1610612765,DET,F,25.0,10,8,0.375,6,18,0.333,0.366,-0.032,2025-26,Regular Season,3 Pointers
1641752,Bobi Klintman,1610612765,DET,F,23.0,10,7,0.567,7,17,0.412,0.32,0.092,2025-26,Regular Season,3 Pointers
1630639,A.J. Lawson,1610612761,TOR,G,25.0,15,11,0.356,8,16,0.5,0.358,0.142,2025-26,Regular Season,3 Pointers
1630548,Johnny Juzang,1610612750,MIN,G,25.0,16,12,0.469,6,15,0.4,0.366,0.034,2025-26,Regular Season,3 Pointers
200768,Kyle Lowry,1610612755,PHI,G,40.0,10,7,0.405,6,15,0.4,0.357,0.043,2025-26,Regular Season,3 Pointers
1628449,Chris Boucher,1610612738,BOS,F,33.0,8,7,0.306,4,15,0.267,0.339,-0.072,2025-26,Regular Season,3 Pointers
1642504,Cormac Ryan,1610612749,MIL,G,27.0,6,4,0.519,7,14,0.5,0.375,0.125,2025-26,Regular Season,3 Pointers
203648,Thanasis Antetokounmpo,1610612749,MIL,F,33.0,18,11,0.424,2,14,0.143,0.343,-0.201,2025-26,Regular Season,3 Pointers
1643158,Andersson Garcia,1610612762,UTA,F,25.0,4,4,0.264,6,14,0.429,0.393,0.036,2025-26,Regular Season,3 Pointers
1642404,Chaz Lanier,1610612765,DET,G,24.0,18,8,0.275,3,14,0.214,0.36,-0.146,2025-26,Regular Season,3 Pointers
1628964,Mo Bamba,1610612762,UTA,C,27.0,4,4,0.519,6,14,0.429,0.34,0.089,2025-26,Regular Season,3 Pointers
1642876,Adou Thiero,1610612747,LAL,G,21.0,18,9,0.289,7,13,0.538,0.354,0.184,2025-26,Regular Season,3 Pointers
201569,Eric Gordon,1610612755,PHI,G,37.0,6,5,0.565,6,13,0.462,0.34,0.122,2025-26,Regular Season,3 Pointers
1629312,Haywood Highsmith,1610612756,PHX,F,29.0,5,5,0.394,4,13,0.308,0.367,-0.059,2025-26,Regular Season,3 Pointers
1642955,Kadary Richmond,1610612764,WAS,G,24.0,3,3,0.65,3,13,0.231,0.343,-0.112,2025-26,Regular Season,3 Pointers
203552,Seth Curry,1610612744,GSW,G,35.0,6,5,0.565,6,13,0.462,0.404,0.058,2025-26,Regular Season,3 Pointers
204060,Joe Ingles,1610612750,MIN,F-G,38.0,14,7,0.429,5,12,0.417,0.33,0.087,2025-26,Regular Season,3 Pointers
1628420,Monte Morris,1610612754,IND,G,30.0,5,4,0.429,1,12,0.083,0.356,-0.273,2025-26,Regular Season,3 Pointers
1641890,Tyler Smith,1610612742,DAL,F,21.0,8,6,0.387,5,12,0.417,0.371,0.046,2025-26,Regular Season,3 Pointers
1628502,Nigel Hayes-Davis,1610612756,PHX,F,31.0,18,8,0.212,3,11,0.273,0.352,-0.08,2025-26,Regular Season,3 Pointers
201959,Taj Gibson,1610612763,MEM,F,40.0,7,5,0.333,5,11,0.455,0.354,0.101,2025-26,Regular Season,3 Pointers
1642939,Miles Kelly,1610612742,DAL,G,23.0,9,7,0.289,4,11,0.364,0.352,0.012,2025-26,Regular Season,3 Pointers
1629610,DaQuan Jeffries,1610612758,SAC,G-F,28.0,3,3,0.579,5,11,0.455,0.373,0.081,2025-26,Regular Season,3 Pointers
1631116,Patrick Baldwin Jr.,1610612758,SAC,F,23.0,8,6,0.313,4,10,0.4,0.352,0.048,2025-26,Regular Season,3 Pointers
202066,Garrett Temple,1610612761,TOR,G-F,39.0,12,6,0.417,2,10,0.2,0.333,-0.133,2025-26,Regular Season,3 Pointers
1631451,Javonte Cooke,1610612757,POR,G,26.0,17,7,0.263,3,10,0.3,0.36,-0.06,2025-26,Regular Season,3 Pointers
1630209,Omer Yurtseven,1610612744,GSW,C,27.0,8,6,0.204,4,10,0.4,0.359,0.042,2025-26,Regular Season,3 Pointers
1631247,Luke Travers,1610612739,CLE,F,24.0,11,7,0.273,5,9,0.556,0.362,0.193,2025-26,Regular Season,3 Pointers
1642443,Jahmir Young,1610612748,MIA,G,25.0,9,6,0.474,3,9,0.333,0.331,0.002,2025-26,Regular Season,3 Pointers
203967,Dario Saric,1610612758,SAC,F-C,31.0,5,5,0.375,2,9,0.222,0.317,-0.095,2025-26,Regular Season,3 Pointers
1642359,Pacôme Dadiet,1610612752,NYK,F,20.0,17,5,0.265,4,9,0.444,0.33,0.114,2025-26,Regular Season,3 Pointers
1631111,Wendell Moore Jr.,1610612765,DET,G,24.0,5,3,0.375,0,9,0.0,0.347,-0.347,2025-26,Regular Season,3 Pointers
1642357,David Jones Garcia,1610612759,SAS,G,24.0,8,4,0.29,4,9,0.444,0.375,0.069,2025-26,Regular Season,3 Pointers
1641780,Johni Broome,1610612755,PHI,F,23.0,7,5,0.29,2,9,0.222,0.303,-0.081,2025-26,Regular Season,3 Pointers
1641998,Trey Jemison III,1610612752,NYK,C,26.0,7,5,0.32,1,8,0.125,0.312,-0.187,2025-26,Regular Season,3 Pointers
1642380,Adama Bal,1610612763,MEM,G,22.0,2,2,0.4,2,8,0.25,0.369,-0.119,2025-26,Regular Season,3 Pointers
1641810,Antonio Reeves,1610612766,CHA,G,25.0,7,4,0.471,3,8,0.375,0.366,0.009,2025-26,Regular Season,3 Pointers
1630644,Mac McClung,1610612741,CHI,G,27.0,4,3,0.333,2,8,0.25,0.36,-0.11,2025-26,Regular Season,3 Pointers
1628365,Markelle Fultz,1610612761,TOR,G,27.0,4,4,0.5,3,8,0.375,0.354,0.021,2025-26,Regular Season,3 Pointers
1628998,Cody Martin,1610612754,IND,F,30.0,4,3,0.333,1,7,0.143,0.368,-0.225,2025-26,Regular Season,3 Pointers
1642434,Riley Minix,1610612739,CLE,F,25.0,6,5,0.583,2,7,0.286,0.357,-0.071,2025-26,Regular Season,3 Pointers
1642933,Keshon Gilbert,1610612737,ATL,G,22.0,3,2,0.368,4,7,0.571,0.349,0.223,2025-26,Regular Season,3 Pointers
1641725,Trey Alexander,1610612740,NOP,G,22.0,4,4,0.368,3,7,0.429,0.379,0.05,2025-26,Regular Season,3 Pointers
1642384,Isaiah Crawford,1610612745,HOU,F,24.0,6,3,0.438,1,7,0.143,0.33,-0.187,2025-26,Regular Season,3 Pointers
1629646,Charles Bassey,1610612738,BOS,C-F,25.0,5,3,0.316,2,6,0.333,0.299,0.034,2025-26,Regular Season,3 Pointers
1642282,Hunter Sallis,1610612755,PHI,G,23.0,4,4,0.5,1,6,0.167,0.342,-0.176,2025-26,Regular Season,3 Pointers
1630164,James Wiseman,1610612754,IND,C,25.0,4,3,0.24,1,6,0.167,0.377,-0.211,2025-26,Regular Season,3 Pointers
1631102,TyTy Washington Jr.,1610612746,LAC,G,24.0,10,4,0.261,3,6,0.5,0.354,0.146,2025-26,Regular Season,3 Pointers
1642886,Koby Brea,1610612756,PHX,G,23.0,5,3,0.429,2,6,0.333,0.349,-0.016,2025-26,Regular Season,3 Pointers
1641723,Kobe Bufkin,1610612747,LAL,G,22.0,9,6,0.231,3,6,0.5,0.36,0.141,2025-26,Regular Season,3 Pointers
1642938,Curtis Jones,1610612743,DEN,G,24.0,6,4,0.5,2,6,0.333,0.323,0.011,2025-26,Regular Season,3 Pointers
1642260,Nikola Topić,1610612760,OKC,G,20.0,4,3,0.278,1,5,0.2,0.391,-0.191,2025-26,Regular Season,3 Pointers
1630621,Hunter Dickinson,1610612740,NOP,C,25.0,1,1,0.625,2,5,0.4,0.341,0.059,2025-26,Regular Season,3 Pointers
1641809,Drew Peterson,1610612766,CHA,F,26.0,6,3,0.25,1,5,0.2,0.329,-0.129,2025-26,Regular Season,3 Pointers
1641761,Grant Nelson,1610612751,BKN,F,24.0,4,1,0.238,1,5,0.2,0.343,-0.143,2025-26,Regular Season,3 Pointers
1641815,Isaiah Stevens,1610612758,SAC,G,25.0,2,2,0.5,4,5,0.8,0.347,0.453,2025-26,Regular Season,3 Pointers
1643024,Chris Mañon,1610612747,LAL,G,24.0,5,4,0.417,1,5,0.2,0.343,-0.143,2025-26,Regular Season,3 Pointers
1642917,Max Shulga,1610612738,BOS,G,23.0,4,3,0.8,0,4,0.0,0.378,-0.378,2025-26,Regular Season,3 Pointers
1631457,Alex Morales,1610612753,ORL,G,28.0,1,1,1.0,3,4,0.75,0.369,0.381,2025-26,Regular Season,3 Pointers
1642911,Rocco Zikarsky,1610612750,MIN,C,19.0,4,2,0.235,2,4,0.5,0.344,0.156,2025-26,Regular Season,3 Pointers
1642403,Isaac Jones,1610612765,DET,F,25.0,5,2,0.364,1,4,0.25,0.361,-0.111,2025-26,Regular Season,3 Pointers
1631216,Caleb Houstan,1610612737,ATL,G,23.0,7,3,0.364,2,4,0.5,0.36,0.14,2025-26,Regular Season,3 Pointers
1641813,Mark Sears,1610612749,MIL,G,24.0,5,3,0.4,2,4,0.5,0.368,0.132,2025-26,Regular Season,3 Pointers
1631115,Orlando Robinson,1610612753,ORL,C,25.0,4,2,0.176,2,3,0.667,0.421,0.245,2025-26,Regular Season,3 Pointers
1641801,Emanuel Miller,1610612759,SAS,F,25.0,5,2,0.273,2,3,0.667,0.346,0.321,2025-26,Regular Season,3 Pointers
1627746,Skal Labissiere,1610612764,WAS,F-C,30.0,3,2,0.15,0,3,0.0,0.275,-0.275,2025-26,Regular Season,3 Pointers
1642400,Tristan Enaruna,1610612739,CLE,F,24.0,5,3,0.5,1,3,0.333,0.29,0.043,2025-26,Regular Season,3 Pointers
1631205,Buddy Boeheim,1610612760,OKC,F,26.0,2,2,0.25,1,3,0.333,0.38,-0.046,2025-26,Regular Season,3 Pointers
1642362,Payton Sandfort,1610612760,OKC,F,23.0,2,2,1.0,2,3,0.667,0.259,0.408,2025-26,Regular Season,3 Pointers
1642910,John Tonje,1610612738,BOS,G,24.0,2,2,0.6,2,3,0.667,0.328,0.339,2025-26,Regular Season,3 Pointers
1643257,Jayson Kent,1610612757,POR,F,24.0,3,2,0.286,2,2,1.0,0.403,0.597,2025-26,Regular Season,3 Pointers
1643133,Lawson Lovering,1610612763,MEM,C,22.0,2,1,0.074,0,2,0.0,0.305,-0.305,2025-26,Regular Season,3 Pointers
1643141,Jahmyl Telfort,1610612746,LAC,G,24.0,3,2,0.286,0,2,0.0,0.454,-0.454,2025-26,Regular Season,3 Pointers
1631223,David Roddy,1610612743,DEN,F,25.0,2,2,0.4,0,2,0.0,0.314,-0.314,2025-26,Regular Season,3 Pointers
1642935,Chucky Hepburn,1610612761,TOR,G,23.0,2,1,0.333,2,2,1.0,0.367,0.633,2025-26,Regular Season,3 Pointers
1642951,Sean Pedulla,1610612746,LAC,G,23.0,4,2,0.286,2,2,1.0,0.342,0.659,2025-26,Regular Season,3 Pointers
1642884,Vladislav Goldin,1610612748,MIA,C,24.0,3,1,0.222,1,2,0.5,0.167,0.333,2025-26,Regular Season,3 Pointers
1641787,Tosan Evbuomwan,1610612766,CHA,F,25.0,2,1,0.5,0,2,0.0,0.355,-0.355,2025-26,Regular Season,3 Pointers
1642368,N'Faly Dante,1610612737,ATL,C,24.0,3,1,0.125,0,1,0.0,0.345,-0.345,2025-26,Regular Season,3 Pointers
1642402,Enrique Freeman,1610612750,MIN,F,25.0,2,1,0.167,0,1,0.0,0.13,-0.13,2025-26,Regular Season,3 Pointers
1630625,Dalano Banton,1610612738,BOS,F,26.0,3,1,0.2,1,1,1.0,0.258,0.742,2025-26,Regular Season,3 Pointers
1641794,Dillon Jones,1610612752,NYK,F,24.0,5,1,0.125,1,1,1.0,0.332,0.668,2025-26,Regular Season,3 Pointers
1641807,Norchad Omier,1610612746,LAC,F,24.0,3,1,0.333,0,1,0.0,0.336,-0.336,2025-26,Regular Season,3 Pointers
1641753,Chris Livingston,1610612739,CLE,F,22.0,1,1,0.333,0,1,0.0,0.398,-0.398,2025-26,Regular Season,3 Pointers
1631211,Trevor Keels,1610612748,MIA,G,22.0,1,1,1.0,0,1,0.0,0.276,-0.276,2025-26,Regular Season,3 Pointers
1630828,Alex Antetokounmpo,1610612749,MIL,F,24.0,2,1,0.5,0,1,0.0,0.386,-0.386,2025-26,Regular Season,3 Pointers
1631210,Jacob Toppin,1610612737,ATL,F,25.0,2,1,0.5,0,1,0.0,0.332,-0.332,2025-26,Regular Season,3 Pointers
1630649,Stanley Umude,1610612759,SAS,G,26.0,1,1,1.0,1,1,1.0,0.398,0.602,2025-26,Regular Season,3 Pointers
1631351,Lucas Williamson,1610612763,MEM,G,27.0,1,1,0.5,1,1,1.0,0.393,0.607,2025-26,Regular Season,3 Pointers
