PLAYER_ID,PLAYER_NAME,TEAM_ID,TEAM_ABBREVIATION,GP,W,L,MIN,TOUCHES,ELBOW_TOUCHES,ELBOW_TOUCH_FGM,ELBOW_TOUCH_FGA,ELBOW_TOUCH_FG_PCT,ELBOW_TOUCH_FTM,ELBOW_TOUCH_FTA,ELBOW_TOUCH_FT_PCT,ELBOW_TOUCH_PTS,ELBOW_TOUCH_PTS_PCT,ELBOW_TOUCH_PASSES,ELBOW_TOUCH_PASSES_PCT,ELBOW_TOUCH_AST,ELBOW_TOUCH_AST_PCT,ELBOW_TOUCH_TOV,ELBOW_TOUCH_TOV_PCT,ELBOW_TOUCH_FOULS,ELBOW_TOUCH_FOULS_PCT,SEASON,SEASON_TYPE,PT_MEASURE_TYPE
1630639,A.J. Lawson,1610612761,TOR,19,9,10,182.0,217,5,2,3,0.667,0,0,0.0,4,0.8,1,0.2,0,0.0,1,0.2,0,0.0,2025-26,Regular Season,ElbowTouch
1631260,AJ Green,1610612749,MIL,73,29,44,2097.0,3157,21,1,5,0.2,0,0,0.0,2,0.095,15,0.714,4,0.267,0,0.0,0,0.0,2025-26,Regular Season,ElbowTouch
1642358,AJ Johnson,1610612742,DAL,44,8,36,386.0,593,6,0,0,0.0,1,2,0.5,1,0.167,4,0.667,1,0.25,1,0.167,1,0.167,2025-26,Regular Season,ElbowTouch
203932,Aaron Gordon,1610612743,DEN,33,24,9,910.0,1571,56,13,21,0.619,8,10,0.8,35,0.625,28,0.5,8,0.286,2,0.036,5,0.089,2025-26,Regular Season,ElbowTouch
1628988,Aaron Holiday,1610612745,HOU,52,34,18,698.0,1033,4,1,3,0.333,0,0,0.0,2,0.5,1,0.25,1,1.0,0,0.0,0,0.0,2025-26,Regular Season,ElbowTouch
1630174,Aaron Nesmith,1610612754,IND,45,10,35,1335.0,2246,21,7,12,0.583,0,0,0.0,14,0.667,9,0.429,0,0.0,0,0.0,0,0.0,2025-26,Regular Season,ElbowTouch
1630598,Aaron Wiggins,1610612760,OKC,60,47,13,1330.0,2037,22,9,15,0.6,0,0,0.0,19,0.864,6,0.273,0,0.0,0,0.0,0,0.0,2025-26,Regular Season,ElbowTouch
1642846,Ace Bailey,1610612762,UTA,69,18,51,1896.0,2285,53,16,25,0.64,4,6,0.667,36,0.679,23,0.434,4,0.174,2,0.038,3,0.057,2025-26,Regular Season,ElbowTouch
1642380,Adama Bal,1610612763,MEM,4,1,3,102.0,114,2,0,0,0.0,0,0,0.0,0,0.0,1,0.5,0,0.0,0,0.0,0,0.0,2025-26,Regular Season,ElbowTouch
1641737,Adem Bona,1610612755,PHI,67,39,28,1160.0,1130,48,10,16,0.625,6,8,0.75,26,0.542,23,0.479,2,0.087,5,0.104,4,0.083,2025-26,Regular Season,ElbowTouch
1642876,Adou Thiero,1610612747,LAL,21,12,9,108.0,133,2,1,1,1.0,0,0,0.0,2,1.0,1,0.5,1,1.0,0,0.0,0,0.0,2025-26,Regular Season,ElbowTouch
1642349,Ajay Mitchell,1610612760,OKC,54,47,7,1408.0,2468,32,11,14,0.786,0,0,0.0,22,0.688,15,0.469,1,0.067,2,0.063,0,0.0,2025-26,Regular Season,ElbowTouch
201143,Al Horford,1610612744,GSW,43,22,21,933.0,1889,58,13,16,0.813,1,2,0.5,28,0.483,38,0.655,12,0.316,3,0.052,1,0.017,2025-26,Regular Season,ElbowTouch
1630828,Alex Antetokounmpo,1610612749,MIL,3,1,2,11.0,9,0,0,0,0.0,0,0,0.0,0,0.0,0,0.0,0,0.0,0,0.0,0,0.0,2025-26,Regular Season,ElbowTouch
1627936,Alex Caruso,1610612760,OKC,53,44,9,984.0,1600,44,10,14,0.714,0,0,0.0,20,0.455,24,0.545,4,0.167,3,0.068,0,0.0,2025-26,Regular Season,ElbowTouch
1631457,Alex Morales,1610612753,ORL,1,0,1,12.0,16,0,0,0,0.0,0,0,0.0,0,0.0,0,0.0,0,0.0,0,0.0,0,0.0,2025-26,Regular Season,ElbowTouch
1642259,Alex Sarr,1610612764,WAS,48,11,37,1305.0,2729,232,60,117,0.513,28,36,0.778,151,0.651,70,0.302,13,0.186,20,0.086,17,0.073,2025-26,Regular Season,ElbowTouch
1642918,Alijah Martin,1610612761,TOR,20,9,11,130.0,184,3,1,1,1.0,0,0,0.0,2,0.667,2,0.667,0,0.0,0,0.0,0,0.0,2025-26,Regular Season,ElbowTouch
1631214,Alondes Williams,1610612764,WAS,4,2,2,101.0,116,0,0,0,0.0,0,0,0.0,0,0.0,0,0.0,0,0.0,0,0.0,0,0.0,2025-26,Regular Season,ElbowTouch
1630578,Alperen Sengun,1610612745,HOU,68,43,25,2271.0,4851,366,77,136,0.566,29,40,0.725,185,0.505,189,0.516,58,0.307,12,0.033,17,0.046,2025-26,Regular Season,ElbowTouch
1642873,Amari Williams,1610612738,BOS,21,14,7,136.0,164,10,2,5,0.4,2,2,1.0,6,0.6,3,0.3,0,0.0,0,0.0,1,0.1,2025-26,Regular Season,ElbowTouch
1641708,Amen Thompson,1610612745,HOU,75,46,29,2795.0,5432,132,28,51,0.549,11,14,0.786,73,0.553,64,0.485,12,0.188,6,0.045,6,0.045,2025-26,Regular Season,ElbowTouch
1629599,Amir Coffey,1610612756,PHX,43,18,25,437.0,405,3,1,1,1.0,0,0,0.0,3,1.0,1,0.333,0,0.0,1,0.333,0,0.0,2025-26,Regular Season,ElbowTouch
1643158,Andersson Garcia,1610612762,UTA,5,1,4,169.0,209,3,2,2,1.0,0,0,0.0,4,1.333,1,0.333,0,0.0,0,0.0,0,0.0,2025-26,Regular Season,ElbowTouch
203083,Andre Drummond,1610612755,PHI,58,31,27,1123.0,1288,58,10,18,0.556,3,4,0.75,23,0.397,33,0.569,11,0.333,3,0.052,2,0.034,2025-26,Regular Season,ElbowTouch
1641748,Andre Jackson Jr.,1610612749,MIL,44,11,33,342.0,717,22,3,10,0.3,2,2,1.0,8,0.364,11,0.5,2,0.182,0,0.0,1,0.045,2025-26,Regular Season,ElbowTouch
1629614,Andrew Nembhard,1610612754,IND,57,13,44,1786.0,4984,21,6,12,0.5,0,0,0.0,12,0.571,7,0.333,0,0.0,1,0.048,0,0.0,2025-26,Regular Season,ElbowTouch
203952,Andrew Wiggins,1610612748,MIA,63,32,31,1934.0,2783,23,12,18,0.667,1,2,0.5,26,1.13,3,0.13,0,0.0,1,0.043,1,0.043,2025-26,Regular Season,ElbowTouch
1629014,Anfernee Simons,1610612741,CHI,55,31,24,1372.0,2456,12,5,5,1.0,0,0,0.0,11,0.917,7,0.583,2,0.286,0,0.0,0,0.0,2025-26,Regular Season,ElbowTouch
1641710,Anthony Black,1610612753,ORL,60,33,27,1841.0,3507,36,12,17,0.706,2,2,1.0,27,0.75,15,0.417,3,0.2,2,0.056,1,0.028,2025-26,Regular Season,ElbowTouch
203076,Anthony Davis,1610612764,WAS,20,10,10,626.0,1187,85,22,47,0.468,11,12,0.917,58,0.682,23,0.271,9,0.391,6,0.071,6,0.071,2025-26,Regular Season,ElbowTouch
1630162,Anthony Edwards,1610612750,MIN,60,36,24,2109.0,4373,32,13,23,0.565,7,8,0.875,33,1.031,3,0.094,0,0.0,2,0.063,4,0.125,2025-26,Regular Season,ElbowTouch
1630264,Anthony Gill,1610612764,WAS,49,6,43,769.0,972,60,14,22,0.636,3,4,0.75,32,0.533,32,0.533,5,0.156,3,0.05,1,0.017,2025-26,Regular Season,ElbowTouch
1641810,Antonio Reeves,1610612766,CHA,10,4,6,68.0,70,0,0,0,0.0,0,0,0.0,0,0.0,0,0.0,0,0.0,0,0.0,0,0.0,2025-26,Regular Season,ElbowTouch
1630574,Ariel Hukporti,1610612752,NYK,52,34,18,455.0,461,53,4,10,0.4,1,2,0.5,10,0.189,41,0.774,6,0.146,0,0.0,1,0.019,2025-26,Regular Season,ElbowTouch
1642854,Asa Newell,1610612737,ATL,42,22,20,453.0,583,25,13,14,0.929,0,0,0.0,26,1.04,7,0.28,1,0.143,2,0.08,0,0.0,2025-26,Regular Season,ElbowTouch
1641709,Ausar Thompson,1610612765,DET,68,49,19,1769.0,2791,101,27,44,0.614,6,20,0.3,63,0.624,44,0.436,12,0.273,3,0.03,9,0.089,2025-26,Regular Season,ElbowTouch
1630559,Austin Reaves,1610612747,LAL,51,36,15,1762.0,3705,30,8,11,0.727,5,6,0.833,21,0.7,13,0.433,3,0.231,2,0.067,3,0.1,2025-26,Regular Season,ElbowTouch
1630245,Ayo Dosunmu,1610612750,MIN,66,34,32,1787.0,3500,37,13,23,0.565,2,2,1.0,28,0.757,10,0.27,1,0.1,1,0.027,0,0.0,2025-26,Regular Season,ElbowTouch
1628389,Bam Adebayo,1610612748,MIA,68,34,34,2199.0,3927,145,45,84,0.536,19,24,0.792,112,0.772,40,0.276,12,0.3,4,0.028,12,0.083,2025-26,Regular Season,ElbowTouch
1631248,Baylor Scheierman,1610612738,BOS,72,50,22,1309.0,1510,21,4,4,1.0,0,0,0.0,9,0.429,16,0.762,3,0.188,1,0.048,0,0.0,2025-26,Regular Season,ElbowTouch
1642879,Ben Saraf,1610612751,BKN,40,9,31,785.0,1805,12,4,5,0.8,0,0,0.0,8,0.667,5,0.417,0,0.0,0,0.0,0,0.0,2025-26,Regular Season,ElbowTouch
1641767,Ben Sheppard,1610612754,IND,65,16,49,1390.0,2203,17,2,7,0.286,2,2,1.0,7,0.412,9,0.529,0,0.0,0,0.0,1,0.059,2025-26,Regular Season,ElbowTouch
1631097,Bennedict Mathurin,1610612746,LAC,49,19,30,1504.0,2571,69,18,32,0.563,16,19,0.842,53,0.768,23,0.333,2,0.087,3,0.043,9,0.13,2025-26,Regular Season,ElbowTouch
1643016,Bez Mbeng,1610612762,UTA,12,1,11,358.0,436,8,2,2,1.0,0,0,0.0,4,0.5,6,0.75,2,0.333,0,0.0,0,0.0,2025-26,Regular Season,ElbowTouch
1641731,Bilal Coulibaly,1610612764,WAS,53,14,39,1397.0,2398,25,8,11,0.727,6,8,0.75,23,0.92,9,0.36,0,0.0,1,0.04,4,0.16,2025-26,Regular Season,ElbowTouch
202687,Bismack Biyombo,1610612759,SAS,24,20,4,136.0,159,9,0,2,0.0,0,0,0.0,0,0.0,7,0.778,1,0.143,0,0.0,0,0.0,2025-26,Regular Season,ElbowTouch
1642396,Blake Hinson,1610612762,UTA,11,3,8,214.0,255,5,1,4,0.25,0,0,0.0,2,0.4,0,0.0,0,0.0,1,0.2,0,0.0,2025-26,Regular Season,ElbowTouch
1631104,Blake Wesley,1610612757,POR,28,18,10,353.0,758,5,1,3,0.333,0,0,0.0,2,0.4,1,0.2,0,0.0,1,0.2,0,0.0,2025-26,Regular Season,ElbowTouch
1626171,Bobby Portis,1610612749,MIL,67,26,41,1619.0,3093,71,22,33,0.667,1,2,0.5,46,0.648,33,0.465,6,0.182,4,0.056,1,0.014,2025-26,Regular Season,ElbowTouch
1641752,Bobi Klintman,1610612765,DET,12,8,4,71.0,101,3,0,2,0.0,0,0,0.0,0,0.0,1,0.333,0,0.0,0,0.0,0,0.0,2025-26,Regular Season,ElbowTouch
203992,Bogdan Bogdanović,1610612746,LAC,21,6,15,429.0,755,5,0,1,0.0,0,0,0.0,0,0.0,3,0.6,1,0.333,0,0.0,0,0.0,2025-26,Regular Season,ElbowTouch
1630538,Bones Hyland,1610612750,MIN,68,41,27,1105.0,2595,8,3,3,1.0,0,0,0.0,6,0.75,4,0.5,1,0.25,0,0.0,0,0.0,2025-26,Regular Season,ElbowTouch
203078,Bradley Beal,1610612746,LAC,6,2,4,121.0,177,1,0,1,0.0,0,0,0.0,0,0.0,0,0.0,0,0.0,0,0.0,0,0.0,2025-26,Regular Season,ElbowTouch
1642382,Branden Carlson,1610612760,OKC,38,30,8,393.0,550,21,7,11,0.636,2,2,1.0,16,0.762,8,0.381,4,0.5,1,0.048,1,0.048,2025-26,Regular Season,ElbowTouch
1641764,Brandin Podziemski,1610612744,GSW,77,36,41,2189.0,4696,60,13,20,0.65,3,4,0.75,31,0.517,31,0.517,5,0.161,6,0.1,2,0.033,2025-26,Regular Season,ElbowTouch
1629634,Brandon Clarke,1610612763,MEM,2,1,1,20.0,27,4,1,2,0.5,0,0,0.0,2,0.5,2,0.5,0,0.0,0,0.0,0,0.0,2025-26,Regular Season,ElbowTouch
1627742,Brandon Ingram,1610612761,TOR,72,40,32,2437.0,3951,72,16,40,0.4,8,10,0.8,40,0.556,19,0.264,2,0.105,5,0.069,5,0.069,2025-26,Regular Season,ElbowTouch
1641706,Brandon Miller,1610612766,CHA,61,39,22,1842.0,3614,77,20,38,0.526,4,4,1.0,46,0.597,35,0.455,6,0.171,2,0.026,2,0.026,2025-26,Regular Season,ElbowTouch
1630314,Brandon Williams,1610612742,DAL,65,22,43,1438.0,3148,19,4,8,0.5,4,4,1.0,12,0.632,6,0.316,1,0.167,2,0.105,2,0.105,2025-26,Regular Season,ElbowTouch
1641729,Brice Sensabaugh,1610612762,UTA,72,18,54,1679.0,2595,42,13,21,0.619,4,6,0.667,30,0.714,9,0.214,2,0.222,3,0.071,3,0.071,2025-26,Regular Season,ElbowTouch
1642355,Bronny James,1610612747,LAL,37,21,16,292.0,559,0,0,0,0.0,0,0,0.0,0,0.0,0,0.0,0,0.0,0,0.0,0,0.0,2025-26,Regular Season,ElbowTouch
201572,Brook Lopez,1610612746,LAC,70,38,32,1502.0,1773,64,13,26,0.5,5,8,0.625,31,0.484,30,0.469,8,0.267,2,0.031,4,0.063,2025-26,Regular Season,ElbowTouch
1642964,Brooks Barnhizer,1610612760,OKC,37,28,9,283.0,303,7,0,1,0.0,0,0,0.0,0,0.0,5,0.714,1,0.2,1,0.143,0,0.0,2025-26,Regular Season,ElbowTouch
1628971,Bruce Brown,1610612743,DEN,77,49,28,1883.0,2839,63,18,36,0.5,4,6,0.667,43,0.683,20,0.317,6,0.3,3,0.048,4,0.063,2025-26,Regular Season,ElbowTouch
1631121,Bryce McGowens,1610612740,NOP,42,14,28,880.0,1147,7,2,3,0.667,1,2,0.5,5,0.714,3,0.429,0,0.0,0,0.0,1,0.143,2025-26,Regular Season,ElbowTouch
1642267,Bub Carrington,1610612764,WAS,76,17,59,2100.0,4475,14,3,4,0.75,0,0,0.0,6,0.429,10,0.714,5,0.5,0,0.0,0,0.0,2025-26,Regular Season,ElbowTouch
1631205,Buddy Boeheim,1610612760,OKC,4,2,2,15.0,12,0,0,0,0.0,0,0,0.0,0,0.0,0,0.0,0,0.0,0,0.0,0,0.0,2025-26,Regular Season,ElbowTouch
1627741,Buddy Hield,1610612737,ATL,50,25,25,798.0,1450,26,12,14,0.857,2,4,0.5,26,1.0,10,0.385,2,0.2,0,0.0,2,0.077,2025-26,Regular Season,ElbowTouch
1643047,CJ Huntley,1610612756,PHX,2,2,0,7.0,5,0,0,0,0.0,0,0,0.0,0,0.0,0,0.0,0,0.0,0,0.0,0,0.0,2025-26,Regular Season,ElbowTouch
203468,CJ McCollum,1610612737,ATL,73,36,37,2173.0,4183,43,11,15,0.733,5,7,0.714,31,0.721,22,0.512,7,0.318,1,0.023,3,0.07,2025-26,Regular Season,ElbowTouch
1630595,Cade Cunningham,1610612765,DET,61,44,17,2096.0,5502,60,17,26,0.654,6,8,0.75,41,0.683,24,0.4,7,0.292,5,0.083,4,0.067,2025-26,Regular Season,ElbowTouch
1631216,Caleb Houstan,1610612737,ATL,18,12,6,75.0,94,2,1,2,0.5,0,0,0.0,2,1.0,0,0.0,0,0.0,0,0.0,0,0.0,2025-26,Regular Season,ElbowTouch
1631126,Caleb Love,1610612757,POR,47,23,24,1009.0,1842,11,5,6,0.833,0,0,0.0,10,0.909,5,0.455,0,0.0,0,0.0,0,0.0,2025-26,Regular Season,ElbowTouch
1628997,Caleb Martin,1610612742,DAL,58,20,38,856.0,1040,16,1,4,0.25,0,1,0.0,3,0.188,10,0.625,1,0.1,1,0.063,1,0.063,2025-26,Regular Season,ElbowTouch
1642353,Cam Christie,1610612746,LAC,51,24,27,461.0,689,6,1,1,1.0,2,2,1.0,4,0.667,3,0.5,0,0.0,0,0.0,1,0.167,2025-26,Regular Season,ElbowTouch
1642285,Cam Spencer,1610612763,MEM,71,23,48,1694.0,3760,25,5,8,0.625,0,0,0.0,10,0.4,17,0.68,2,0.118,0,0.0,0,0.0,2025-26,Regular Season,ElbowTouch
1630560,Cam Thomas,1610612749,MIL,42,12,30,881.0,1721,12,3,6,0.5,0,0,0.0,7,0.583,4,0.333,1,0.25,1,0.083,0,0.0,2025-26,Regular Season,ElbowTouch
1641715,Cam Whitmore,1610612764,WAS,21,3,18,354.0,432,8,4,8,0.5,0,0,0.0,10,1.25,0,0.0,0,0.0,0,0.0,0,0.0,2025-26,Regular Season,ElbowTouch
1629661,Cameron Johnson,1610612743,DEN,51,34,17,1541.0,1903,29,10,15,0.667,1,2,0.5,22,0.759,11,0.379,0,0.0,0,0.0,1,0.034,2025-26,Regular Season,ElbowTouch
1626166,Cameron Payne,1610612755,PHI,21,12,9,366.0,872,1,0,0,0.0,0,0,0.0,0,0.0,1,1.0,0,0.0,0,0.0,0,0.0,2025-26,Regular Season,ElbowTouch
1627747,Caris LeVert,1610612765,DET,56,40,16,1085.0,1956,20,5,8,0.625,2,2,1.0,12,0.6,7,0.35,2,0.286,3,0.15,1,0.05,2025-26,Regular Season,ElbowTouch
1642868,Carter Bryant,1610612759,SAS,66,53,13,720.0,872,22,3,7,0.429,0,2,0.0,6,0.273,13,0.591,3,0.231,0,0.0,1,0.045,2025-26,Regular Season,ElbowTouch
1641717,Cason Wallace,1610612760,OKC,74,58,16,1980.0,2751,39,8,10,0.8,2,4,0.5,18,0.462,24,0.615,6,0.25,2,0.051,1,0.026,2025-26,Regular Season,ElbowTouch
1642907,Cedric Coward,1610612763,MEM,60,20,40,1559.0,3319,32,8,13,0.615,8,10,0.8,25,0.781,13,0.406,2,0.154,0,0.0,5,0.156,2025-26,Regular Season,ElbowTouch
1643052,Chaney Johnson,1610612751,BKN,14,2,12,282.0,412,25,3,6,0.5,6,6,1.0,12,0.48,12,0.48,3,0.25,3,0.12,2,0.08,2025-26,Regular Season,ElbowTouch
1629646,Charles Bassey,1610612738,BOS,8,3,5,52.0,58,3,0,2,0.0,1,2,0.5,1,0.333,0,0.0,0,0.0,0,0.0,1,0.333,2025-26,Regular Season,ElbowTouch
1642404,Chaz Lanier,1610612765,DET,29,24,5,230.0,221,2,1,1,1.0,0,0,0.0,2,1.0,1,0.5,0,0.0,0,0.0,0,0.0,2025-26,Regular Season,ElbowTouch
1631096,Chet Holmgren,1610612760,OKC,66,53,13,1922.0,2982,113,31,55,0.564,10,14,0.714,74,0.655,36,0.319,9,0.25,11,0.097,6,0.053,2025-26,Regular Season,ElbowTouch
1628449,Chris Boucher,1610612738,BOS,9,4,5,94.0,113,2,1,1,1.0,0,0,0.0,2,1.0,1,0.5,0,0.0,0,0.0,0,0.0,2025-26,Regular Season,ElbowTouch
1641753,Chris Livingston,1610612739,CLE,3,2,1,17.0,21,0,0,0,0.0,0,0,0.0,0,0.0,0,0.0,0,0.0,0,0.0,0,0.0,2025-26,Regular Season,ElbowTouch
1643024,Chris Mañon,1610612747,LAL,6,2,4,25.0,31,2,0,0,0.0,0,0,0.0,0,0.0,2,1.0,0,0.0,0,0.0,0,0.0,2025-26,Regular Season,ElbowTouch
101108,Chris Paul,1610612746,LAC,16,4,12,228.0,510,6,0,0,0.0,0,0,0.0,0,0.0,6,1.0,1,0.167,0,0.0,0,0.0,2025-26,Regular Season,ElbowTouch
1642959,Chris Youngblood,1610612757,POR,33,28,5,183.0,183,1,1,1,1.0,0,0,0.0,3,3.0,0,0.0,0,0.0,0,0.0,0,0.0,2025-26,Regular Season,ElbowTouch
1631128,Christian Braun,1610612743,DEN,41,26,15,1294.0,1938,74,19,32,0.594,13,14,0.929,52,0.703,25,0.338,5,0.2,6,0.081,5,0.068,2025-26,Regular Season,ElbowTouch
1631132,Christian Koloko,1610612737,ATL,26,16,10,335.0,383,20,1,6,0.167,1,2,0.5,3,0.15,11,0.55,1,0.091,2,0.1,1,0.05,2025-26,Regular Season,ElbowTouch
1642935,Chucky Hepburn,1610612761,TOR,2,0,2,13.0,31,0,0,0,0.0,0,0,0.0,0,0.0,0,0.0,0,0.0,0,0.0,0,0.0,2025-26,Regular Season,ElbowTouch
203991,Clint Capela,1610612745,HOU,70,43,27,868.0,1090,86,14,25,0.56,10,18,0.556,38,0.442,48,0.558,13,0.271,3,0.035,8,0.093,2025-26,Regular Season,ElbowTouch
1629632,Coby White,1610612766,CHA,47,27,20,1198.0,2505,13,2,4,0.5,2,2,1.0,7,0.538,6,0.462,1,0.167,1,0.077,2,0.154,2025-26,Regular Season,ElbowTouch
1628998,Cody Martin,1610612754,IND,4,0,4,55.0,73,1,0,0,0.0,0,0,0.0,0,0.0,1,1.0,0,0.0,0,0.0,0,0.0,2025-26,Regular Season,ElbowTouch
1642262,Cody Williams,1610612762,UTA,63,15,48,1487.0,1929,55,19,32,0.594,5,8,0.625,43,0.782,17,0.309,1,0.059,2,0.036,4,0.073,2025-26,Regular Season,ElbowTouch
1641732,Colby Jones,1610612765,DET,1,0,1,7.0,11,0,0,0,0.0,0,0,0.0,0,0.0,0,0.0,0,0.0,0,0.0,0,0.0,2025-26,Regular Season,ElbowTouch
1630175,Cole Anthony,1610612749,MIL,35,12,23,527.0,1285,2,0,0,0.0,0,0,0.0,0,0.0,1,0.5,0,0.0,1,0.5,0,0.0,2025-26,Regular Season,ElbowTouch
1630658,Colin Castleton,1610612753,ORL,1,0,1,10.0,15,1,0,1,0.0,0,0,0.0,0,0.0,0,0.0,0,0.0,0,0.0,0,0.0,2025-26,Regular Season,ElbowTouch
1631221,Collin Gillespie,1610612756,PHX,76,41,35,2191.0,4612,38,4,5,0.8,1,2,0.5,11,0.289,31,0.816,10,0.323,1,0.026,1,0.026,2025-26,Regular Season,ElbowTouch
1642867,Collin Murray-Boyles,1610612761,TOR,53,28,25,1164.0,1771,119,25,38,0.658,5,10,0.5,59,0.496,63,0.529,13,0.206,6,0.05,6,0.05,2025-26,Regular Season,ElbowTouch
1629012,Collin Sexton,1610612741,CHI,63,23,40,1463.0,2984,33,7,16,0.438,7,10,0.7,20,0.606,8,0.242,1,0.125,1,0.03,4,0.121,2025-26,Regular Season,ElbowTouch
1642843,Cooper Flagg,1610612742,DAL,65,20,45,2197.0,4462,74,28,39,0.718,12,12,1.0,70,0.946,25,0.338,3,0.12,3,0.041,6,0.081,2025-26,Regular Season,ElbowTouch
1630557,Corey Kispert,1610612737,ATL,55,26,29,1035.0,1385,19,6,12,0.5,4,4,1.0,16,0.842,5,0.263,1,0.2,0,0.0,2,0.105,2025-26,Regular Season,ElbowTouch
1642504,Cormac Ryan,1610612749,MIL,6,0,6,111.0,134,2,0,1,0.0,2,2,1.0,2,1.0,0,0.0,0,0.0,0,0.0,1,0.5,2025-26,Regular Season,ElbowTouch
1641854,Craig Porter Jr.,1610612739,CLE,60,40,20,1054.0,2049,42,8,13,0.615,2,2,1.0,18,0.429,24,0.571,8,0.333,2,0.048,1,0.024,2025-26,Regular Season,ElbowTouch
1642938,Curtis Jones,1610612743,DEN,7,5,2,33.0,49,1,1,1,1.0,0,0,0.0,2,2.0,0,0.0,0,0.0,0,0.0,0,0.0,2025-26,Regular Season,ElbowTouch
1626156,D'Angelo Russell,1610612764,WAS,26,9,17,495.0,1209,2,0,1,0.0,0,0,0.0,0,0.0,1,0.5,0,0.0,0,0.0,0,0.0,2025-26,Regular Season,ElbowTouch
1629610,DaQuan Jeffries,1610612758,SAC,3,0,3,60.0,52,1,0,0,0.0,0,0,0.0,0,0.0,1,1.0,0,0.0,0,0.0,0,0.0,2025-26,Regular Season,ElbowTouch
1641747,DaRon Holmes II,1610612743,DEN,22,14,8,200.0,258,15,0,1,0.0,0,0,0.0,0,0.0,14,0.933,3,0.214,0,0.0,0,0.0,2025-26,Regular Season,ElbowTouch
1631342,Daeqwon Plowden,1610612758,SAC,28,8,20,723.0,944,19,7,9,0.778,8,8,1.0,22,1.158,5,0.263,0,0.0,0,0.0,4,0.211,2025-26,Regular Season,ElbowTouch
1630625,Dalano Banton,1610612738,BOS,5,3,2,25.0,51,0,0,0,0.0,0,0,0.0,0,0.0,0,0.0,0,0.0,0,0.0,0,0.0,2025-26,Regular Season,ElbowTouch
1631207,Dalen Terry,1610612755,PHI,47,21,26,547.0,929,9,3,3,1.0,0,0,0.0,7,0.778,6,0.667,2,0.333,0,0.0,0,0.0,2025-26,Regular Season,ElbowTouch
1642261,Dalton Knecht,1610612747,LAL,50,31,19,515.0,651,13,4,5,0.8,0,0,0.0,8,0.615,6,0.462,1,0.167,2,0.154,0,0.0,2025-26,Regular Season,ElbowTouch
1629655,Daniel Gafford,1610612742,DAL,54,11,43,1175.0,1540,103,32,49,0.653,11,16,0.688,77,0.748,37,0.359,8,0.216,4,0.039,8,0.078,2025-26,Regular Season,ElbowTouch
1642450,Daniss Jenkins,1610612765,DET,67,50,17,1333.0,2943,23,5,9,0.556,4,4,1.0,14,0.609,11,0.478,4,0.364,1,0.043,2,0.087,2025-26,Regular Season,ElbowTouch
1642874,Danny Wolf,1610612751,BKN,57,14,43,1187.0,2023,38,6,13,0.462,8,10,0.8,20,0.526,16,0.421,5,0.313,3,0.079,5,0.132,2025-26,Regular Season,ElbowTouch
203967,Dario Saric,1610612758,SAC,5,1,4,41.0,40,0,0,0,0.0,0,0,0.0,0,0.0,0,0.0,0,0.0,0,0.0,0,0.0,2025-26,Regular Season,ElbowTouch
1641727,Dariq Whitehead,1610612763,MEM,1,0,1,22.0,37,0,0,0,0.0,0,0,0.0,0,0.0,0,0.0,0,0.0,0,0.0,0,0.0,2025-26,Regular Season,ElbowTouch
1642468,Darius Brown,1610612739,CLE,1,1,0,3.0,5,0,0,0,0.0,0,0,0.0,0,0.0,0,0.0,0,0.0,0,0.0,0,0.0,2025-26,Regular Season,ElbowTouch
1629636,Darius Garland,1610612746,LAC,41,23,18,1224.0,2734,9,3,4,0.75,0,0,0.0,6,0.667,3,0.333,2,0.667,2,0.222,0,0.0,2025-26,Regular Season,ElbowTouch
1642357,David Jones Garcia,1610612759,SAS,11,7,4,68.0,132,1,0,0,0.0,0,0,0.0,0,0.0,1,1.0,0,0.0,0,0.0,0,0.0,2025-26,Regular Season,ElbowTouch
1631223,David Roddy,1610612743,DEN,3,2,1,14.0,36,0,0,0,0.0,0,0,0.0,0,0.0,0,0.0,0,0.0,0,0.0,0,0.0,2025-26,Regular Season,ElbowTouch
1630558,Davion Mitchell,1610612748,MIA,66,35,31,1888.0,4322,13,2,3,0.667,0,0,0.0,4,0.308,9,0.692,3,0.333,0,0.0,0,0.0,2025-26,Regular Season,ElbowTouch
1630549,Day'Ron Sharpe,1610612751,BKN,62,17,45,1160.0,2177,177,31,47,0.66,4,14,0.286,70,0.395,108,0.61,21,0.194,7,0.04,7,0.04,2025-26,Regular Season,ElbowTouch
1628368,De'Aaron Fox,1610612759,SAS,67,52,15,2069.0,4382,38,13,18,0.722,0,0,0.0,27,0.711,18,0.474,4,0.222,2,0.053,0,0.0,2025-26,Regular Season,ElbowTouch
1629631,De'Andre Hunter,1610612758,SAC,45,24,21,1175.0,1836,37,14,19,0.737,7,10,0.7,35,0.946,9,0.243,1,0.111,3,0.081,5,0.135,2025-26,Regular Season,ElbowTouch
1629001,De'Anthony Melton,1610612744,GSW,44,21,23,1012.0,2242,36,5,10,0.5,0,0,0.0,10,0.278,21,0.583,3,0.143,3,0.083,0,0.0,2025-26,Regular Season,ElbowTouch
201599,DeAndre Jordan,1610612740,NOP,12,6,6,199.0,241,14,3,3,1.0,1,2,0.5,8,0.571,8,0.571,2,0.25,2,0.143,0,0.0,2025-26,Regular Season,ElbowTouch
1630610,DeJon Jarreau,1610612763,MEM,11,2,9,231.0,522,11,3,4,0.75,0,0,0.0,6,0.545,6,0.545,1,0.167,0,0.0,0,0.0,2025-26,Regular Season,ElbowTouch
201942,DeMar DeRozan,1610612758,SAC,76,20,56,2395.0,3313,107,22,45,0.489,14,16,0.875,59,0.551,50,0.467,8,0.16,2,0.019,8,0.075,2025-26,Regular Season,ElbowTouch
1629731,Dean Wade,1610612739,CLE,57,35,22,1279.0,1632,36,10,14,0.714,7,8,0.875,27,0.75,15,0.417,2,0.133,1,0.028,4,0.111,2025-26,Regular Season,ElbowTouch
1629028,Deandre Ayton,1610612747,LAL,67,43,24,1830.0,2504,253,69,129,0.535,13,28,0.464,152,0.601,91,0.36,16,0.176,11,0.043,14,0.055,2025-26,Regular Season,ElbowTouch
1627749,Dejounte Murray,1610612740,NOP,14,5,9,389.0,932,1,1,1,1.0,0,0,0.0,2,2.0,0,0.0,0,0.0,0,0.0,0,0.0,2025-26,Regular Season,ElbowTouch
1630166,Deni Avdija,1610612757,POR,62,33,29,2054.0,5138,66,14,25,0.56,10,12,0.833,41,0.621,28,0.424,4,0.143,4,0.061,6,0.091,2025-26,Regular Season,ElbowTouch
203471,Dennis Schröder,1610612739,CLE,66,26,40,1617.0,3779,8,2,3,0.667,0,0,0.0,4,0.5,5,0.625,1,0.2,0,0.0,0,0.0,2025-26,Regular Season,ElbowTouch
1641726,Dereck Lively II,1610612742,DAL,7,3,4,115.0,170,14,1,4,0.25,0,2,0.0,2,0.143,8,0.571,4,0.5,1,0.071,1,0.071,2025-26,Regular Season,ElbowTouch
1642852,Derik Queen,1610612740,NOP,77,25,52,1888.0,3752,108,29,48,0.604,13,16,0.813,74,0.685,41,0.38,7,0.171,8,0.074,8,0.074,2025-26,Regular Season,ElbowTouch
1627884,Derrick Jones Jr.,1610612746,LAC,45,23,22,1226.0,1518,32,13,18,0.722,6,6,1.0,34,1.063,10,0.313,4,0.4,0,0.0,3,0.094,2025-26,Regular Season,ElbowTouch
1628401,Derrick White,1610612738,BOS,73,49,24,2500.0,5776,16,5,6,0.833,2,2,1.0,12,0.75,8,0.5,2,0.25,1,0.063,1,0.063,2025-26,Regular Season,ElbowTouch
1630217,Desmond Bane,1610612753,ORL,77,41,36,2625.0,4651,37,14,24,0.583,0,0,0.0,30,0.811,9,0.243,0,0.0,3,0.081,0,0.0,2025-26,Regular Season,ElbowTouch
1626164,Devin Booker,1610612756,PHX,61,35,26,2035.0,3910,47,15,25,0.6,0,0,0.0,32,0.681,19,0.404,5,0.263,2,0.043,0,0.0,2025-26,Regular Season,ElbowTouch
1642269,Devin Carter,1610612758,SAC,34,7,27,574.0,1206,9,3,4,0.75,0,0,0.0,6,0.667,4,0.444,2,0.5,0,0.0,0,0.0,2025-26,Regular Season,ElbowTouch
1630170,Devin Vassell,1610612759,SAS,62,49,13,1883.0,2630,30,3,6,0.5,4,6,0.667,11,0.367,20,0.667,8,0.4,1,0.033,3,0.1,2025-26,Regular Season,ElbowTouch
1628415,Dillon Brooks,1610612756,PHX,52,30,22,1581.0,2212,18,7,10,0.7,0,0,0.0,15,0.833,4,0.222,0,0.0,2,0.111,1,0.056,2025-26,Regular Season,ElbowTouch
1641794,Dillon Jones,1610612752,NYK,6,5,1,27.0,48,0,0,0,0.0,0,0,0.0,0,0.0,0,0.0,0,0.0,0,0.0,0,0.0,2025-26,Regular Season,ElbowTouch
1627734,Domantas Sabonis,1610612758,SAC,19,3,16,564.0,1212,137,42,61,0.689,14,18,0.778,99,0.723,54,0.394,7,0.13,9,0.066,9,0.066,2025-26,Regular Season,ElbowTouch
1631230,Dominick Barlow,1610612755,PHI,66,38,28,1581.0,1837,53,12,21,0.571,4,8,0.5,28,0.528,27,0.509,4,0.148,1,0.019,4,0.075,2025-26,Regular Season,ElbowTouch
1642270,Donovan Clingan,1610612757,POR,73,39,34,1983.0,3052,119,19,38,0.5,17,28,0.607,58,0.487,57,0.479,20,0.351,7,0.059,13,0.109,2025-26,Regular Season,ElbowTouch
1628378,Donovan Mitchell,1610612739,CLE,68,43,25,2275.0,4787,30,13,15,0.867,1,2,0.5,28,0.933,12,0.4,3,0.25,0,0.0,1,0.033,2025-26,Regular Season,ElbowTouch
1628978,Donte DiVincenzo,1610612750,MIN,77,46,31,2379.0,4267,18,4,4,1.0,0,0,0.0,8,0.444,13,0.722,1,0.077,1,0.056,0,0.0,2025-26,Regular Season,ElbowTouch
1627827,Dorian Finney-Smith,1610612745,HOU,36,22,14,599.0,717,10,0,1,0.0,0,0,0.0,0,0.0,9,0.9,1,0.111,0,0.0,0,0.0,2025-26,Regular Season,ElbowTouch
203926,Doug McDermott,1610612758,SAC,25,7,18,360.0,468,4,1,2,0.5,0,0,0.0,2,0.5,2,0.5,0,0.0,0,0.0,0,0.0,2025-26,Regular Season,ElbowTouch
1642962,Drake Powell,1610612751,BKN,59,14,45,1204.0,1644,19,5,7,0.714,0,0,0.0,10,0.526,12,0.632,1,0.083,0,0.0,0,0.0,2025-26,Regular Season,ElbowTouch
203110,Draymond Green,1610612744,GSW,64,30,34,1762.0,4447,124,9,23,0.391,4,10,0.4,22,0.177,82,0.661,16,0.195,10,0.081,5,0.04,2025-26,Regular Season,ElbowTouch
1629234,Drew Eubanks,1610612758,SAC,42,10,32,552.0,666,80,21,43,0.488,3,6,0.5,47,0.588,26,0.325,0,0.0,8,0.1,3,0.038,2025-26,Regular Season,ElbowTouch
1641809,Drew Peterson,1610612766,CHA,6,1,5,64.0,78,2,0,0,0.0,0,0,0.0,0,0.0,2,1.0,0,0.0,0,0.0,0,0.0,2025-26,Regular Season,ElbowTouch
1631166,Drew Timme,1610612747,LAL,23,15,8,186.0,273,7,2,3,0.667,0,0,0.0,4,0.571,4,0.571,0,0.0,0,0.0,0,0.0,2025-26,Regular Season,ElbowTouch
1630696,Dru Smith,1610612748,MIA,69,37,32,1129.0,2299,31,9,14,0.643,0,0,0.0,19,0.613,16,0.516,2,0.125,0,0.0,0,0.0,2025-26,Regular Season,ElbowTouch
1629130,Duncan Robinson,1610612765,DET,73,54,19,2018.0,2396,9,5,7,0.714,1,2,0.5,11,1.222,1,0.111,0,0.0,0,0.0,1,0.111,2025-26,Regular Season,ElbowTouch
1641871,Duop Reath,1610612757,POR,32,16,16,258.0,305,9,3,5,0.6,0,0,0.0,6,0.667,4,0.444,1,0.25,0,0.0,0,0.0,2025-26,Regular Season,ElbowTouch
203939,Dwight Powell,1610612742,DAL,58,17,41,813.0,983,81,14,22,0.636,15,24,0.625,46,0.568,45,0.556,4,0.089,1,0.012,12,0.148,2025-26,Regular Season,ElbowTouch
1642928,Dylan Cardwell,1610612758,SAC,40,12,28,809.0,942,83,11,26,0.423,0,4,0.0,24,0.289,48,0.578,14,0.292,2,0.024,3,0.036,2025-26,Regular Season,ElbowTouch
1642844,Dylan Harper,1610612759,SAS,64,50,14,1433.0,3024,40,8,17,0.471,3,4,0.75,19,0.475,20,0.5,2,0.1,0,0.0,2,0.05,2025-26,Regular Season,ElbowTouch
1630700,Dyson Daniels,1610612737,ATL,73,43,30,2419.0,4719,143,45,66,0.682,1,2,0.5,92,0.643,61,0.427,13,0.213,9,0.063,1,0.007,2025-26,Regular Season,ElbowTouch
1630604,E.J. Liddell,1610612751,BKN,21,3,18,203.0,282,7,1,1,1.0,1,2,0.5,3,0.429,5,0.714,0,0.0,0,0.0,0,0.0,2025-26,Regular Season,ElbowTouch
1642856,Egor Dëmin,1610612751,BKN,52,14,38,1308.0,2810,20,6,8,0.75,0,0,0.0,13,0.65,11,0.55,2,0.182,0,0.0,0,0.0,2025-26,Regular Season,ElbowTouch
1641989,Elijah Harkless,1610612762,UTA,26,5,21,545.0,914,5,1,2,0.5,0,0,0.0,2,0.4,3,0.6,0,0.0,0,0.0,0,0.0,2025-26,Regular Season,ElbowTouch
1641801,Emanuel Miller,1610612759,SAS,5,0,5,33.0,44,1,1,1,1.0,0,0,0.0,2,2.0,0,0.0,0,0.0,0,0.0,0,0.0,2025-26,Regular Season,ElbowTouch
1642402,Enrique Freeman,1610612750,MIN,2,1,1,8.0,8,0,0,0,0.0,0,0,0.0,0,0.0,0,0.0,0,0.0,0,0.0,0,0.0,2025-26,Regular Season,ElbowTouch
201569,Eric Gordon,1610612755,PHI,6,3,3,74.0,103,0,0,0,0.0,0,0,0.0,0,0.0,0,0.0,0,0.0,0,0.0,0,0.0,2025-26,Regular Season,ElbowTouch
1630679,Ethan Thompson,1610612754,IND,27,7,20,488.0,717,6,2,3,0.667,1,2,0.5,5,0.833,1,0.167,0,0.0,1,0.167,0,0.0,2025-26,Regular Season,ElbowTouch
1630596,Evan Mobley,1610612739,CLE,62,38,24,1991.0,4026,211,43,77,0.558,25,38,0.658,113,0.536,92,0.436,25,0.272,12,0.057,19,0.09,2025-26,Regular Season,ElbowTouch
1630532,Franz Wagner,1610612753,ORL,30,17,13,928.0,1675,57,11,30,0.367,6,8,0.75,28,0.491,20,0.351,4,0.2,0,0.0,3,0.053,2025-26,Regular Season,ElbowTouch
1641713,GG Jackson,1610612763,MEM,54,16,38,1160.0,2066,19,9,10,0.9,0,0,0.0,18,0.947,8,0.421,1,0.125,1,0.053,0,0.0,2025-26,Regular Season,ElbowTouch
1629216,Gabe Vincent,1610612737,ATL,50,35,15,840.0,1152,6,1,1,1.0,2,2,1.0,4,0.667,4,0.667,2,0.5,0,0.0,1,0.167,2025-26,Regular Season,ElbowTouch
202066,Garrett Temple,1610612761,TOR,21,9,12,69.0,137,0,0,0,0.0,0,0,0.0,0,0.0,0,0.0,0,0.0,0,0.0,0,0.0,2025-26,Regular Season,ElbowTouch
1629726,Garrison Mathews,1610612754,IND,15,4,11,196.0,255,3,1,1,1.0,2,2,1.0,4,1.333,0,0.0,0,0.0,1,0.333,1,0.333,2025-26,Regular Season,ElbowTouch
203914,Gary Harris,1610612749,MIL,46,15,31,632.0,680,4,0,1,0.0,0,0,0.0,0,0.0,2,0.5,1,0.5,1,0.25,0,0.0,2025-26,Regular Season,ElbowTouch
1627780,Gary Payton II,1610612744,GSW,68,32,36,1051.0,1947,71,25,29,0.862,2,6,0.333,54,0.761,36,0.507,10,0.278,1,0.014,3,0.042,2025-26,Regular Season,ElbowTouch
1629018,Gary Trent Jr.,1610612749,MIL,64,24,40,1358.0,1307,3,1,2,0.5,0,0,0.0,2,0.667,1,0.333,0,0.0,0,0.0,0,0.0,2025-26,Regular Season,ElbowTouch
203507,Giannis Antetokounmpo,1610612749,MIL,36,17,19,1039.0,2553,168,40,67,0.597,19,26,0.731,98,0.583,75,0.446,20,0.267,8,0.048,12,0.071,2025-26,Regular Season,ElbowTouch
1629048,Goga Bitadze,1610612753,ORL,59,30,29,877.0,1272,64,11,16,0.688,5,10,0.5,28,0.438,41,0.641,2,0.049,2,0.031,3,0.047,2025-26,Regular Season,ElbowTouch
1641711,Gradey Dick,1610612761,TOR,71,40,31,1042.0,1194,26,12,17,0.706,4,4,1.0,28,1.077,4,0.154,0,0.0,1,0.038,2,0.077,2025-26,Regular Season,ElbowTouch
1641761,Grant Nelson,1610612751,BKN,4,0,4,35.0,59,15,0,3,0.0,1,2,0.5,1,0.067,9,0.6,3,0.333,1,0.067,1,0.067,2025-26,Regular Season,ElbowTouch
1629684,Grant Williams,1610612766,CHA,32,23,9,624.0,853,14,3,3,1.0,0,0,0.0,6,0.429,7,0.5,2,0.286,2,0.143,0,0.0,2025-26,Regular Season,ElbowTouch
1628960,Grayson Allen,1610612756,PHX,48,25,23,1413.0,2653,20,4,5,0.8,1,2,0.5,10,0.5,13,0.65,3,0.231,1,0.05,1,0.05,2025-26,Regular Season,ElbowTouch
1627824,Guerschon Yabusele,1610612741,CHI,64,30,34,932.0,1318,40,8,16,0.5,0,2,0.0,16,0.4,21,0.525,2,0.095,1,0.025,1,0.025,2025-26,Regular Season,ElbowTouch
1630611,Gui Santos,1610612744,GSW,65,29,36,1320.0,2473,49,9,14,0.643,4,4,1.0,22,0.449,30,0.612,11,0.367,1,0.02,2,0.041,2025-26,Regular Season,ElbowTouch
203084,Harrison Barnes,1610612759,SAS,72,54,18,1873.0,2304,47,6,13,0.462,3,4,0.75,16,0.34,26,0.553,3,0.115,4,0.085,2,0.043,2025-26,Regular Season,ElbowTouch
1631127,Harrison Ingram,1610612759,SAS,6,5,1,20.0,31,1,1,1,1.0,0,0,0.0,2,2.0,0,0.0,0,0.0,0,0.0,0,0.0,2025-26,Regular Season,ElbowTouch
1629312,Haywood Highsmith,1610612756,PHX,6,3,3,80.0,92,1,0,0,0.0,0,0,0.0,0,0.0,1,1.0,0,0.0,0,0.0,0,0.0,2025-26,Regular Season,ElbowTouch
1630529,Herbert Jones,1610612740,NOP,55,22,33,1580.0,2488,23,3,10,0.3,2,2,1.0,9,0.391,10,0.435,3,0.3,2,0.087,1,0.043,2025-26,Regular Season,ElbowTouch
1642864,Hugo González,1610612738,BOS,72,49,23,1057.0,1243,18,7,8,0.875,0,0,0.0,14,0.778,10,0.556,2,0.2,0,0.0,0,0.0,2025-26,Regular Season,ElbowTouch
1630621,Hunter Dickinson,1610612740,NOP,1,0,1,5.0,7,1,0,1,0.0,0,0,0.0,0,0.0,0,0.0,0,0.0,0,0.0,0,0.0,2025-26,Regular Season,ElbowTouch
1642282,Hunter Sallis,1610612755,PHI,7,3,4,26.0,62,0,0,0,0.0,0,0,0.0,0,0.0,0,0.0,0,0.0,0,0.0,0,0.0,2025-26,Regular Season,ElbowTouch
1641816,Hunter Tyson,1610612743,DEN,21,15,6,162.0,212,2,0,1,0.0,0,0,0.0,0,0.0,1,0.5,1,1.0,0,0.0,0,0.0,2025-26,Regular Season,ElbowTouch
1630193,Immanuel Quickley,1610612761,TOR,67,38,29,2174.0,4921,38,10,17,0.588,4,4,1.0,25,0.658,18,0.474,7,0.389,1,0.026,2,0.053,2025-26,Regular Season,ElbowTouch
1642403,Isaac Jones,1610612765,DET,6,4,2,26.0,18,0,0,0,0.0,0,0,0.0,0,0.0,0,0.0,0,0.0,0,0.0,0,0.0,2025-26,Regular Season,ElbowTouch
1630171,Isaac Okoro,1610612741,CHI,61,25,36,1642.0,1786,36,8,16,0.5,4,4,1.0,20,0.556,15,0.417,2,0.133,1,0.028,2,0.056,2025-26,Regular Season,ElbowTouch
1642268,Isaiah Collier,1610612762,UTA,59,16,43,1517.0,4024,16,7,8,0.875,0,0,0.0,14,0.875,8,0.5,3,0.375,0,0.0,0,0.0,2025-26,Regular Season,ElbowTouch
1642384,Isaiah Crawford,1610612745,HOU,13,7,6,76.0,67,0,0,0,0.0,0,0,0.0,0,0.0,0,0.0,0,0.0,0,0.0,0,0.0,2025-26,Regular Season,ElbowTouch
1628392,Isaiah Hartenstein,1610612760,OKC,44,36,8,1089.0,2066,149,31,56,0.554,12,22,0.545,78,0.523,71,0.477,16,0.225,5,0.034,12,0.081,2025-26,Regular Season,ElbowTouch
1630543,Isaiah Jackson,1610612746,LAC,55,20,35,908.0,1176,76,17,27,0.63,4,4,1.0,40,0.526,39,0.513,7,0.179,6,0.079,2,0.026,2025-26,Regular Season,ElbowTouch
1630198,Isaiah Joe,1610612760,OKC,68,53,15,1452.0,1907,20,4,6,0.667,2,2,1.0,10,0.5,11,0.55,3,0.273,2,0.1,1,0.05,2025-26,Regular Season,ElbowTouch
1630587,Isaiah Livers,1610612756,PHX,36,21,15,347.0,379,6,1,1,1.0,0,0,0.0,2,0.333,5,0.833,2,0.4,0,0.0,0,0.0,2025-26,Regular Season,ElbowTouch
1641815,Isaiah Stevens,1610612758,SAC,3,0,3,43.0,94,2,1,1,1.0,0,0,0.0,2,1.0,0,0.0,0,0.0,1,0.5,0,0.0,2025-26,Regular Season,ElbowTouch
1630191,Isaiah Stewart,1610612765,DET,55,39,16,1273.0,1434,123,28,49,0.571,8,12,0.667,64,0.52,62,0.504,16,0.258,4,0.033,5,0.041,2025-26,Regular Season,ElbowTouch
1627826,Ivica Zubac,1610612754,IND,48,17,31,1447.0,2304,227,57,99,0.576,4,8,0.5,123,0.542,103,0.454,11,0.107,14,0.062,4,0.018,2025-26,Regular Season,ElbowTouch
1631120,JD Davison,1610612745,HOU,27,22,5,192.0,359,2,0,0,0.0,0,0,0.0,0,0.0,1,0.5,0,0.0,0,0.0,0,0.0,2025-26,Regular Season,ElbowTouch
1629630,Ja Morant,1610612763,MEM,20,7,13,568.0,1431,6,2,2,1.0,0,0,0.0,4,0.667,3,0.5,1,0.333,1,0.167,0,0.0,2025-26,Regular Season,ElbowTouch
1642266,Ja'Kobe Walter,1610612761,TOR,67,38,29,1337.0,1625,25,9,10,0.9,5,6,0.833,24,0.96,12,0.48,4,0.333,0,0.0,3,0.12,2025-26,Regular Season,ElbowTouch
1631095,Jabari Smith Jr.,1610612745,HOU,73,45,28,2561.0,3778,88,22,45,0.489,7,10,0.7,53,0.602,29,0.33,5,0.172,6,0.068,5,0.057,2025-26,Regular Season,ElbowTouch
1631133,Jabari Walker,1610612755,PHI,61,35,26,745.0,892,25,4,9,0.444,6,6,1.0,14,0.56,12,0.48,2,0.167,0,0.0,3,0.12,2025-26,Regular Season,ElbowTouch
1631210,Jacob Toppin,1610612737,ATL,5,3,2,17.0,35,1,0,0,0.0,0,0,0.0,0,0.0,1,1.0,0,0.0,0,0.0,0,0.0,2025-26,Regular Season,ElbowTouch
1630702,Jaden Hardy,1610612764,WAS,54,13,41,843.0,1229,3,1,2,0.5,0,0,0.0,2,0.667,0,0.0,0,0.0,1,0.333,0,0.0,2025-26,Regular Season,ElbowTouch
1631093,Jaden Ivey,1610612741,CHI,37,23,14,670.0,1119,11,4,5,0.8,0,0,0.0,9,0.818,5,0.455,0,0.0,0,0.0,0,0.0,2025-26,Regular Season,ElbowTouch
1630183,Jaden McDaniels,1610612750,MIN,71,43,28,2262.0,3322,33,15,20,0.75,0,0,0.0,30,0.909,11,0.333,4,0.364,1,0.03,0,0.0,2025-26,Regular Season,ElbowTouch
1630256,Jae'Sean Tate,1610612745,HOU,42,30,12,353.0,454,10,7,8,0.875,0,0,0.0,15,1.5,1,0.1,0,0.0,0,0.0,0,0.0,2025-26,Regular Season,ElbowTouch
1642942,Jahmai Mashack,1610612763,MEM,28,10,18,554.0,804,22,7,16,0.438,2,2,1.0,16,0.727,3,0.136,1,0.333,1,0.045,1,0.045,2025-26,Regular Season,ElbowTouch
1642443,Jahmir Young,1610612748,MIA,11,8,3,51.0,113,1,0,1,0.0,0,0,0.0,0,0.0,0,0.0,0,0.0,0,0.0,0,0.0,2025-26,Regular Season,ElbowTouch
1643141,Jahmyl Telfort,1610612746,LAC,8,2,6,32.0,30,0,0,0,0.0,0,0,0.0,0,0.0,0,0.0,0,0.0,0,0.0,0,0.0,2025-26,Regular Season,ElbowTouch
1631170,Jaime Jaquez Jr.,1610612748,MIA,70,38,32,1977.0,4621,54,17,25,0.68,4,4,1.0,39,0.722,25,0.463,9,0.36,2,0.037,2,0.037,2025-26,Regular Season,ElbowTouch
1631222,Jake LaRavia,1610612747,LAL,77,50,27,1920.0,2817,42,19,26,0.731,3,6,0.5,43,1.024,11,0.262,1,0.091,1,0.024,3,0.071,2025-26,Regular Season,ElbowTouch
1627751,Jakob Poeltl,1610612761,TOR,41,23,18,1047.0,1551,150,53,76,0.697,9,14,0.643,118,0.787,53,0.353,10,0.189,10,0.067,7,0.047,2025-26,Regular Season,ElbowTouch
1628973,Jalen Brunson,1610612752,NYK,71,47,24,2482.0,6495,28,8,10,0.8,0,0,0.0,16,0.571,15,0.536,6,0.4,3,0.107,0,0.0,2025-26,Regular Season,ElbowTouch
1631105,Jalen Duren,1610612765,DET,66,47,19,1864.0,3280,260,75,123,0.61,36,48,0.75,192,0.738,89,0.342,15,0.169,11,0.042,23,0.088,2025-26,Regular Season,ElbowTouch
1630224,Jalen Green,1610612756,PHX,29,15,14,757.0,1399,8,6,6,1.0,0,0,0.0,12,1.5,2,0.25,0,0.0,0,0.0,0,0.0,2025-26,Regular Season,ElbowTouch
1630552,Jalen Johnson,1610612737,ATL,69,41,28,2432.0,6192,155,55,82,0.671,15,18,0.833,128,0.826,55,0.355,24,0.436,6,0.039,9,0.058,2025-26,Regular Season,ElbowTouch
1629618,Jalen Pickett,1610612743,DEN,47,31,16,741.0,1321,16,3,6,0.5,0,0,0.0,6,0.375,10,0.625,0,0.0,0,0.0,0,0.0,2025-26,Regular Season,ElbowTouch
1641771,Jalen Slawson,1610612754,IND,8,2,6,172.0,301,3,2,2,1.0,0,0,0.0,4,1.333,0,0.0,0,0.0,1,0.333,0,0.0,2025-26,Regular Season,ElbowTouch
1630188,Jalen Smith,1610612741,CHI,53,26,27,1095.0,1827,83,18,31,0.581,10,14,0.714,47,0.566,35,0.422,5,0.143,6,0.072,7,0.084,2025-26,Regular Season,ElbowTouch
1630591,Jalen Suggs,1610612753,ORL,52,30,22,1423.0,3328,10,1,3,0.333,0,0,0.0,2,0.2,6,0.6,1,0.167,1,0.1,0,0.0,2025-26,Regular Season,ElbowTouch
1631114,Jalen Williams,1610612760,OKC,31,23,8,878.0,1695,25,8,9,0.889,2,2,1.0,18,0.72,14,0.56,5,0.357,0,0.0,1,0.04,2025-26,Regular Season,ElbowTouch
1630592,Jalen Wilson,1610612751,BKN,49,8,41,716.0,992,7,1,2,0.5,0,0,0.0,2,0.286,4,0.571,0,0.0,0,0.0,0,0.0,2025-26,Regular Season,ElbowTouch
1631288,Jamal Cain,1610612753,ORL,35,18,17,390.0,460,8,1,3,0.333,2,2,1.0,4,0.5,4,0.5,1,0.25,0,0.0,1,0.125,2025-26,Regular Season,ElbowTouch
1627750,Jamal Murray,1610612743,DEN,72,45,27,2533.0,5485,72,21,30,0.7,18,19,0.947,62,0.861,30,0.417,10,0.333,3,0.042,8,0.111,2025-26,Regular Season,ElbowTouch
1642347,Jamal Shead,1610612761,TOR,77,43,34,1734.0,3781,25,3,9,0.333,0,0,0.0,6,0.24,14,0.56,3,0.214,0,0.0,0,0.0,2025-26,Regular Season,ElbowTouch
1631123,Jamaree Bouyea,1610612756,PHX,42,21,21,573.0,1101,6,2,2,1.0,0,0,0.0,4,0.667,2,0.333,0,0.0,1,0.167,0,0.0,2025-26,Regular Season,ElbowTouch
201935,James Harden,1610612739,CLE,67,38,29,2345.0,5143,26,4,7,0.571,6,6,1.0,14,0.538,14,0.538,2,0.143,1,0.038,1,0.038,2025-26,Regular Season,ElbowTouch
1630164,James Wiseman,1610612754,IND,4,0,4,58.0,61,1,0,0,0.0,1,2,0.5,1,1.0,0,0.0,0,0.0,0,0.0,1,1.0,2025-26,Regular Season,ElbowTouch
1642364,Jamir Watkins,1610612764,WAS,44,10,34,854.0,1023,28,7,9,0.778,3,8,0.375,17,0.607,15,0.536,2,0.133,0,0.0,4,0.143,2025-26,Regular Season,ElbowTouch
1642419,Jamison Battle,1610612761,TOR,56,32,24,498.0,553,10,4,5,0.8,0,0,0.0,8,0.8,5,0.5,1,0.2,0,0.0,0,0.0,2025-26,Regular Season,ElbowTouch
1641716,Jarace Walker,1610612754,IND,73,15,58,1866.0,3063,53,11,20,0.55,7,10,0.7,30,0.566,25,0.472,4,0.16,0,0.0,5,0.094,2025-26,Regular Season,ElbowTouch
1642272,Jared McCain,1610612760,OKC,62,43,19,1075.0,1802,11,1,4,0.25,2,2,1.0,4,0.364,5,0.455,0,0.0,1,0.091,1,0.091,2025-26,Regular Season,ElbowTouch
1628991,Jaren Jackson Jr.,1610612762,UTA,48,19,29,1455.0,2340,44,7,21,0.333,12,14,0.857,27,0.614,11,0.25,2,0.182,0,0.0,5,0.114,2025-26,Regular Season,ElbowTouch
1629020,Jarred Vanderbilt,1610612747,LAL,60,36,24,1051.0,1346,27,4,7,0.571,3,6,0.5,11,0.407,14,0.519,4,0.286,1,0.037,3,0.111,2025-26,Regular Season,ElbowTouch
1628386,Jarrett Allen,1610612739,CLE,54,35,19,1465.0,2062,223,70,126,0.556,30,42,0.714,171,0.767,58,0.26,9,0.155,11,0.049,21,0.094,2025-26,Regular Season,ElbowTouch
1642859,Jase Richardson,1610612753,ORL,51,23,28,571.0,890,7,2,3,0.667,0,0,0.0,4,0.571,3,0.429,0,0.0,1,0.143,0,0.0,2025-26,Regular Season,ElbowTouch
1642914,Javon Small,1610612763,MEM,40,13,27,804.0,1561,15,3,7,0.429,2,2,1.0,9,0.6,7,0.467,4,0.571,0,0.0,0,0.0,2025-26,Regular Season,ElbowTouch
1631451,Javonte Cooke,1610612757,POR,19,6,13,94.0,175,2,0,1,0.0,0,0,0.0,0,0.0,0,0.0,0,0.0,1,0.5,0,0.0,2025-26,Regular Season,ElbowTouch
1629750,Javonte Green,1610612765,DET,77,56,21,1370.0,1892,46,12,21,0.571,7,8,0.875,31,0.674,15,0.326,5,0.333,3,0.065,4,0.087,2025-26,Regular Season,ElbowTouch
1629637,Jaxson Hayes,1610612747,LAL,65,43,22,1179.0,1306,113,28,38,0.737,18,32,0.563,75,0.664,50,0.442,6,0.12,5,0.044,16,0.142,2025-26,Regular Season,ElbowTouch
1630643,Jay Huff,1610612754,IND,77,18,59,1603.0,2211,51,7,17,0.412,12,12,1.0,26,0.51,26,0.51,4,0.154,2,0.039,6,0.118,2025-26,Regular Season,ElbowTouch
1627759,Jaylen Brown,1610612738,BOS,68,44,24,2335.0,4670,54,12,24,0.5,5,6,0.833,29,0.537,18,0.333,9,0.5,3,0.056,3,0.056,2025-26,Regular Season,ElbowTouch
1641740,Jaylen Clark,1610612750,MIN,63,37,26,784.0,691,10,1,1,1.0,0,0,0.0,2,0.2,9,0.9,4,0.444,0,0.0,0,0.0,2025-26,Regular Season,ElbowTouch
1642377,Jaylen Wells,1610612763,MEM,69,24,45,1821.0,2167,30,14,18,0.778,3,6,0.5,32,1.067,6,0.2,1,0.167,1,0.033,3,0.1,2025-26,Regular Season,ElbowTouch
1631119,Jaylin Williams,1610612760,OKC,62,51,11,1237.0,2602,54,12,19,0.632,6,8,0.75,32,0.593,25,0.463,7,0.28,4,0.074,4,0.074,2025-26,Regular Season,ElbowTouch
1642281,Jaylon Tyson,1610612739,CLE,64,40,24,1727.0,2578,98,29,54,0.537,5,6,0.833,65,0.663,34,0.347,10,0.294,7,0.071,3,0.031,2025-26,Regular Season,ElbowTouch
1643257,Jayson Kent,1610612757,POR,3,2,1,19.0,17,1,1,1,1.0,0,0,0.0,3,3.0,0,0.0,0,0.0,0,0.0,0,0.0,2025-26,Regular Season,ElbowTouch
1628369,Jayson Tatum,1610612738,BOS,13,11,2,409.0,955,13,4,5,0.8,0,0,0.0,8,0.615,8,0.615,3,0.375,0,0.0,0,0.0,2025-26,Regular Season,ElbowTouch
201145,Jeff Green,1610612745,HOU,29,21,8,151.0,153,3,1,2,0.5,0,0,0.0,2,0.667,1,0.333,0,0.0,0,0.0,0,0.0,2025-26,Regular Season,ElbowTouch
203924,Jerami Grant,1610612757,POR,57,27,30,1695.0,2637,39,6,12,0.5,4,4,1.0,16,0.41,19,0.487,2,0.105,4,0.103,2,0.051,2025-26,Regular Season,ElbowTouch
1642847,Jeremiah Fears,1610612740,NOP,78,25,53,1952.0,4244,26,11,16,0.688,0,0,0.0,23,0.885,8,0.308,0,0.0,2,0.077,0,0.0,2025-26,Regular Season,ElbowTouch
1630526,Jeremiah Robinson-Earl,1610612742,DAL,22,8,14,361.0,477,4,1,2,0.5,2,2,1.0,4,1.0,1,0.25,0,0.0,0,0.0,1,0.25,2025-26,Regular Season,ElbowTouch
1631110,Jeremy Sochan,1610612752,NYK,42,29,13,443.0,650,39,14,19,0.737,2,4,0.5,31,0.795,17,0.436,3,0.176,1,0.026,2,0.051,2025-26,Regular Season,ElbowTouch
1630579,Jericho Sims,1610612749,MIL,62,23,39,1155.0,1663,108,13,16,0.813,4,4,1.0,30,0.278,82,0.759,7,0.085,5,0.046,2,0.019,2025-26,Regular Season,ElbowTouch
1641724,Jett Howard,1610612753,ORL,55,28,27,695.0,755,8,3,4,0.75,0,0,0.0,6,0.75,3,0.375,2,0.667,1,0.125,0,0.0,2025-26,Regular Season,ElbowTouch
1628975,Jevon Carter,1610612753,ORL,48,22,26,776.0,1480,5,0,0,0.0,2,2,1.0,2,0.4,3,0.6,1,0.333,1,0.2,1,0.2,2025-26,Regular Season,ElbowTouch
202710,Jimmy Butler III,1610612744,GSW,38,23,15,1182.0,2441,64,12,21,0.571,16,16,1.0,45,0.703,30,0.469,11,0.367,1,0.016,9,0.141,2025-26,Regular Season,ElbowTouch
1642866,Joan Beringer,1610612750,MIN,35,19,16,228.0,272,13,5,9,0.556,0,0,0.0,10,0.769,3,0.231,1,0.333,0,0.0,0,0.0,2025-26,Regular Season,ElbowTouch
1629111,Jock Landale,1610612737,ATL,68,36,32,1506.0,2182,110,29,48,0.604,7,10,0.7,66,0.6,53,0.482,4,0.075,3,0.027,5,0.045,2025-26,Regular Season,ElbowTouch
204060,Joe Ingles,1610612750,MIN,25,12,13,102.0,172,1,1,1,1.0,0,0,0.0,2,2.0,0,0.0,0,0.0,0,0.0,0,0.0,2025-26,Regular Season,ElbowTouch
203954,Joel Embiid,1610612755,PHI,37,24,13,1162.0,2550,120,39,63,0.619,27,34,0.794,109,0.908,30,0.25,8,0.267,7,0.058,17,0.142,2025-26,Regular Season,ElbowTouch
1628381,John Collins,1610612746,LAC,64,29,35,1758.0,2336,60,27,35,0.771,7,8,0.875,64,1.067,16,0.267,5,0.313,2,0.033,4,0.067,2025-26,Regular Season,ElbowTouch
1629723,John Konchar,1610612762,UTA,52,17,35,988.0,1420,36,7,9,0.778,1,2,0.5,15,0.417,24,0.667,3,0.125,1,0.028,1,0.028,2025-26,Regular Season,ElbowTouch
1642967,John Poulakidas,1610612742,DAL,8,1,7,133.0,146,3,0,1,0.0,0,0,0.0,0,0.0,1,0.333,1,1.0,0,0.0,0,0.0,2025-26,Regular Season,ElbowTouch
1642910,John Tonje,1610612738,BOS,5,4,1,12.0,18,0,0,0,0.0,0,0,0.0,0,0.0,0,0.0,0,0.0,0,0.0,0,0.0,2025-26,Regular Season,ElbowTouch
1641780,Johni Broome,1610612755,PHI,11,5,6,55.0,99,8,0,2,0.0,0,0,0.0,0,0.0,5,0.625,0,0.0,0,0.0,0,0.0,2025-26,Regular Season,ElbowTouch
1642277,Johnny Furphy,1610612754,IND,35,10,25,643.0,958,10,1,1,1.0,0,0,0.0,2,0.2,8,0.8,1,0.125,1,0.1,0,0.0,2025-26,Regular Season,ElbowTouch
1630548,Johnny Juzang,1610612750,MIN,21,13,8,88.0,121,2,2,2,1.0,0,0,0.0,4,2.0,0,0.0,0,0.0,0,0.0,0,0.0,2025-26,Regular Season,ElbowTouch
202685,Jonas Valančiūnas,1610612743,DEN,60,37,23,792.0,1599,132,33,58,0.569,15,18,0.833,82,0.621,55,0.417,14,0.255,5,0.038,9,0.068,2025-26,Regular Season,ElbowTouch
1628371,Jonathan Isaac,1610612753,ORL,52,29,23,521.0,613,34,3,7,0.429,2,2,1.0,9,0.265,21,0.618,4,0.19,1,0.029,1,0.029,2025-26,Regular Season,ElbowTouch
1630228,Jonathan Kuminga,1610612737,ATL,33,21,12,754.0,1373,35,6,11,0.545,5,6,0.833,17,0.486,16,0.457,5,0.313,3,0.086,3,0.086,2025-26,Regular Season,ElbowTouch
1642367,Jonathan Mogbo,1610612761,TOR,35,17,18,220.0,302,20,6,7,0.857,0,0,0.0,12,0.6,11,0.55,2,0.182,1,0.05,0,0.0,2025-26,Regular Season,ElbowTouch
203903,Jordan Clarkson,1610612752,NYK,68,42,26,1223.0,1564,30,10,16,0.625,2,2,1.0,22,0.733,10,0.333,4,0.4,1,0.033,1,0.033,2025-26,Regular Season,ElbowTouch
1630692,Jordan Goodwin,1610612756,PHX,67,37,30,1509.0,2642,22,2,8,0.25,2,2,1.0,6,0.273,12,0.545,5,0.417,1,0.045,0,0.0,2025-26,Regular Season,ElbowTouch
1641722,Jordan Hawkins,1610612740,NOP,47,12,35,587.0,719,9,1,5,0.2,0,0,0.0,2,0.222,2,0.222,1,0.5,2,0.222,0,0.0,2025-26,Regular Season,ElbowTouch
1629162,Jordan McLaughlin,1610612759,SAS,41,35,6,266.0,577,4,0,0,0.0,0,0,0.0,0,0.0,2,0.5,1,0.5,2,0.5,0,0.0,2025-26,Regular Season,ElbowTouch
1641757,Jordan Miller,1610612746,LAC,55,33,22,1194.0,1822,33,11,16,0.688,3,6,0.5,25,0.758,12,0.364,3,0.25,0,0.0,3,0.091,2025-26,Regular Season,ElbowTouch
1629673,Jordan Poole,1610612740,NOP,37,15,22,873.0,1646,3,2,2,1.0,0,0,0.0,4,1.333,1,0.333,0,0.0,0,0.0,0,0.0,2025-26,Regular Season,ElbowTouch
1641775,Jordan Walsh,1610612738,BOS,63,42,21,1108.0,1140,21,2,4,0.5,2,2,1.0,6,0.286,16,0.762,3,0.188,0,0.0,1,0.048,2025-26,Regular Season,ElbowTouch
1630631,Jose Alvarado,1610612752,NYK,67,27,40,1318.0,2778,15,6,7,0.857,0,0,0.0,12,0.8,7,0.467,1,0.143,1,0.067,0,0.0,2025-26,Regular Season,ElbowTouch
1630581,Josh Giddey,1610612741,CHI,54,21,33,1731.0,5079,48,8,17,0.471,5,6,0.833,22,0.458,23,0.479,2,0.087,4,0.083,3,0.063,2025-26,Regular Season,ElbowTouch
1630182,Josh Green,1610612766,CHA,54,35,19,877.0,777,19,3,3,1.0,0,0,0.0,6,0.316,13,0.684,1,0.077,2,0.105,0,0.0,2025-26,Regular Season,ElbowTouch
1628404,Josh Hart,1610612752,NYK,63,41,22,1899.0,3755,70,12,18,0.667,0,0,0.0,24,0.343,46,0.657,5,0.109,4,0.057,0,0.0,2025-26,Regular Season,ElbowTouch
1631169,Josh Minott,1610612751,BKN,48,22,26,815.0,907,13,2,2,1.0,1,2,0.5,5,0.385,7,0.538,1,0.143,2,0.154,0,0.0,2025-26,Regular Season,ElbowTouch
1629006,Josh Okogie,1610612745,HOU,73,45,28,1259.0,1297,38,1,4,0.25,4,6,0.667,6,0.158,30,0.789,3,0.1,1,0.026,3,0.079,2025-26,Regular Season,ElbowTouch
201950,Jrue Holiday,1610612757,POR,49,26,23,1426.0,3307,60,8,17,0.471,4,4,1.0,22,0.367,36,0.6,10,0.278,5,0.083,2,0.033,2025-26,Regular Season,ElbowTouch
1630577,Julian Champagnie,1610612759,SAS,77,59,18,2127.0,2905,24,7,9,0.778,4,4,1.0,19,0.792,10,0.417,0,0.0,2,0.083,2,0.083,2025-26,Regular Season,ElbowTouch
1641763,Julian Phillips,1610612750,MIN,44,17,27,370.0,324,3,1,2,0.5,0,0,0.0,2,0.667,0,0.0,0,0.0,1,0.333,0,0.0,2025-26,Regular Season,ElbowTouch
1642882,Julian Reese,1610612764,WAS,7,1,6,217.0,312,39,7,14,0.5,5,8,0.625,19,0.487,15,0.385,1,0.067,3,0.077,4,0.103,2025-26,Regular Season,ElbowTouch
1631124,Julian Strawther,1610612743,DEN,52,33,19,748.0,1043,10,2,4,0.5,1,2,0.5,5,0.5,3,0.3,0,0.0,1,0.1,1,0.1,2025-26,Regular Season,ElbowTouch
203944,Julius Randle,1610612750,MIN,77,46,31,2550.0,4687,148,35,57,0.614,16,20,0.8,93,0.628,67,0.453,17,0.254,8,0.054,10,0.068,2025-26,Regular Season,ElbowTouch
1630551,Justin Champagnie,1610612764,WAS,65,13,52,1278.0,1896,35,10,18,0.556,3,4,0.75,25,0.714,12,0.343,3,0.25,3,0.086,2,0.057,2025-26,Regular Season,ElbowTouch
1642348,Justin Edwards,1610612755,PHI,59,35,24,910.0,1317,9,1,5,0.2,1,2,0.5,3,0.333,3,0.333,0,0.0,0,0.0,1,0.111,2025-26,Regular Season,ElbowTouch
203994,Jusuf Nurkić,1610612762,UTA,41,14,27,1083.0,2372,123,42,71,0.592,7,16,0.438,92,0.748,36,0.293,11,0.306,6,0.049,8,0.065,2025-26,Regular Season,ElbowTouch
1642354,KJ Simpson,1610612743,DEN,18,8,10,248.0,544,4,1,1,1.0,0,0,0.0,2,0.5,2,0.5,0,0.0,0,0.0,0,0.0,2025-26,Regular Season,ElbowTouch
1642955,Kadary Richmond,1610612764,WAS,3,2,1,67.0,85,1,1,1,1.0,0,0,0.0,2,2.0,0,0.0,0,0.0,0,0.0,0,0.0,2025-26,Regular Season,ElbowTouch
1642880,Kam Jones,1610612754,IND,32,5,27,511.0,1020,10,2,2,1.0,0,0,0.0,4,0.4,8,0.8,1,0.125,0,0.0,0,0.0,2025-26,Regular Season,ElbowTouch
1626157,Karl-Anthony Towns,1610612752,NYK,72,46,26,2230.0,3749,147,36,58,0.621,24,27,0.889,103,0.701,56,0.381,13,0.232,10,0.068,15,0.102,2025-26,Regular Season,ElbowTouch
1631255,Karlo Matković,1610612740,NOP,62,24,38,912.0,1031,38,6,9,0.667,3,4,0.75,15,0.395,26,0.684,5,0.192,1,0.026,2,0.053,2025-26,Regular Season,ElbowTouch
1642857,Kasparas Jakučionis,1610612748,MIA,48,25,23,846.0,1549,7,0,3,0.0,0,0,0.0,0,0.0,4,0.571,2,0.5,0,0.0,0,0.0,2025-26,Regular Season,ElbowTouch
202695,Kawhi Leonard,1610612746,LAC,61,35,26,1957.0,3494,86,31,50,0.62,17,17,1.0,85,0.988,23,0.267,7,0.304,3,0.035,9,0.105,2025-26,Regular Season,ElbowTouch
1630811,Keaton Wallace,1610612737,ATL,51,30,21,496.0,1145,3,1,1,1.0,0,0,0.0,2,0.667,2,0.667,0,0.0,0,0.0,0,0.0,2025-26,Regular Season,ElbowTouch
1631099,Keegan Murray,1610612758,SAC,23,5,18,793.0,1055,23,6,16,0.375,2,2,1.0,14,0.609,5,0.217,1,0.2,1,0.043,1,0.043,2025-26,Regular Season,ElbowTouch
1642276,Kel'el Ware,1610612748,MIA,72,36,36,1589.0,2196,36,9,17,0.529,1,2,0.5,19,0.528,17,0.472,1,0.059,1,0.028,1,0.028,2025-26,Regular Season,ElbowTouch
1629640,Keldon Johnson,1610612759,SAS,77,59,18,1794.0,2807,45,14,19,0.737,5,6,0.833,33,0.733,21,0.467,4,0.19,1,0.022,2,0.044,2025-26,Regular Season,ElbowTouch
203482,Kelly Olynyk,1610612759,SAS,42,33,9,360.0,668,29,2,4,0.5,2,2,1.0,6,0.207,20,0.69,2,0.1,2,0.069,0,0.0,2025-26,Regular Season,ElbowTouch
1626162,Kelly Oubre Jr.,1610612755,PHI,45,25,20,1439.0,2105,14,5,5,1.0,0,0,0.0,10,0.714,7,0.5,1,0.143,1,0.071,0,0.0,2025-26,Regular Season,ElbowTouch
1631113,Kennedy Chandler,1610612762,UTA,8,0,8,251.0,566,5,1,1,1.0,0,0,0.0,2,0.4,2,0.4,0,0.0,1,0.2,0,0.0,2025-26,Regular Season,ElbowTouch
1629026,Kenrich Williams,1610612760,OKC,51,38,13,767.0,1080,25,6,7,0.857,3,6,0.5,15,0.6,13,0.52,5,0.385,1,0.04,3,0.12,2025-26,Regular Season,ElbowTouch
203484,Kentavious Caldwell-Pope,1610612763,MEM,51,20,31,1088.0,2061,11,2,5,0.4,0,0,0.0,4,0.364,6,0.545,2,0.333,0,0.0,0,0.0,2025-26,Regular Season,ElbowTouch
1631165,Keon Ellis,1610612739,CLE,68,28,40,1377.0,1645,35,9,16,0.563,2,2,1.0,21,0.6,13,0.371,2,0.154,4,0.114,1,0.029,2025-26,Regular Season,ElbowTouch
1642352,Keshad Johnson,1610612748,MIA,27,13,14,210.0,379,10,1,3,0.333,1,2,0.5,3,0.3,5,0.5,1,0.2,0,0.0,1,0.1,2025-26,Regular Season,ElbowTouch
1642933,Keshon Gilbert,1610612737,ATL,3,0,3,48.0,52,1,0,1,0.0,0,0,0.0,0,0.0,0,0.0,0,0.0,0,0.0,0,0.0,2025-26,Regular Season,ElbowTouch
201142,Kevin Durant,1610612745,HOU,74,45,29,2690.0,4758,132,53,78,0.679,8,8,1.0,119,0.902,41,0.311,10,0.244,6,0.045,4,0.03,2025-26,Regular Season,ElbowTouch
1628989,Kevin Huerter,1610612765,DET,65,37,28,1456.0,2427,32,17,23,0.739,0,0,0.0,34,1.063,8,0.25,2,0.25,0,0.0,0,0.0,2025-26,Regular Season,ElbowTouch
201567,Kevin Love,1610612762,UTA,37,10,27,613.0,1129,12,1,4,0.25,1,2,0.5,3,0.25,7,0.583,1,0.143,0,0.0,1,0.083,2025-26,Regular Season,ElbowTouch
1641755,Kevin McCullar Jr.,1610612752,NYK,20,11,9,130.0,216,2,0,0,0.0,0,0,0.0,0,0.0,1,0.5,1,1.0,1,0.5,0,0.0,2025-26,Regular Season,ElbowTouch
1629645,Kevin Porter Jr.,1610612749,MIL,38,18,20,1261.0,3025,18,3,8,0.375,2,2,1.0,8,0.444,6,0.333,2,0.333,2,0.111,1,0.056,2025-26,Regular Season,ElbowTouch
1626172,Kevon Looney,1610612740,NOP,19,2,17,254.0,412,21,2,7,0.286,0,0,0.0,4,0.19,14,0.667,3,0.214,0,0.0,0,0.0,2025-26,Regular Season,ElbowTouch
1641718,Keyonte George,1610612762,UTA,54,16,38,1786.0,4252,28,9,11,0.818,11,12,0.917,33,1.179,6,0.214,1,0.167,2,0.071,5,0.179,2025-26,Regular Season,ElbowTouch
1642863,Khaman Maluach,1610612756,PHX,42,20,22,343.0,428,17,7,10,0.7,2,2,1.0,16,0.941,4,0.235,0,0.0,2,0.118,1,0.059,2025-26,Regular Season,ElbowTouch
203114,Khris Middleton,1610612742,DAL,58,16,42,1353.0,1887,25,4,8,0.5,2,2,1.0,11,0.44,13,0.52,2,0.154,3,0.12,1,0.04,2025-26,Regular Season,ElbowTouch
1630165,Killian Hayes,1610612758,SAC,19,9,10,315.0,679,3,1,2,0.5,0,0,0.0,2,0.667,1,0.333,1,1.0,0,0.0,0,0.0,2025-26,Regular Season,ElbowTouch
202691,Klay Thompson,1610612742,DAL,66,19,47,1442.0,1659,17,3,8,0.375,0,2,0.0,7,0.412,6,0.353,0,0.0,2,0.118,1,0.059,2025-26,Regular Season,ElbowTouch
1641738,Kobe Brown,1610612754,IND,57,17,40,845.0,1234,15,3,5,0.6,2,2,1.0,8,0.533,7,0.467,0,0.0,2,0.133,1,0.067,2025-26,Regular Season,ElbowTouch
1641723,Kobe Bufkin,1610612747,LAL,13,9,4,94.0,158,1,1,1,1.0,0,0,0.0,2,2.0,0,0.0,0,0.0,0,0.0,0,0.0,2025-26,Regular Season,ElbowTouch
1642920,Kobe Sanders,1610612746,LAC,63,33,30,1249.0,1725,22,3,6,0.5,6,6,1.0,12,0.545,10,0.455,4,0.4,2,0.091,3,0.136,2025-26,Regular Season,ElbowTouch
1642886,Koby Brea,1610612756,PHX,9,4,5,40.0,70,1,0,1,0.0,0,0,0.0,0,0.0,0,0.0,0,0.0,0,0.0,0,0.0,2025-26,Regular Season,ElbowTouch
1642851,Kon Knueppel,1610612766,CHA,77,42,35,2424.0,3959,60,18,30,0.6,2,2,1.0,40,0.667,23,0.383,5,0.217,4,0.067,1,0.017,2025-26,Regular Season,ElbowTouch
1627739,Kris Dunn,1610612746,LAC,77,39,38,2101.0,3967,72,13,26,0.5,0,0,0.0,27,0.375,42,0.583,10,0.238,1,0.014,0,0.0,2025-26,Regular Season,ElbowTouch
1631200,Kris Murray,1610612757,POR,53,26,27,1249.0,1094,30,4,5,0.8,3,4,0.75,11,0.367,18,0.6,4,0.222,4,0.133,2,0.067,2025-26,Regular Season,ElbowTouch
204001,Kristaps Porziņģis,1610612744,GSW,29,13,16,696.0,1182,86,23,42,0.548,14,22,0.636,65,0.756,25,0.291,9,0.36,2,0.023,12,0.14,2025-26,Regular Season,ElbowTouch
203937,Kyle Anderson,1610612750,MIN,39,13,26,763.0,1288,50,10,15,0.667,2,4,0.5,22,0.44,26,0.52,8,0.308,5,0.1,2,0.04,2025-26,Regular Season,ElbowTouch
1642271,Kyle Filipowski,1610612762,UTA,75,21,54,1745.0,3078,124,35,61,0.574,9,16,0.563,81,0.653,43,0.347,12,0.279,7,0.056,9,0.073,2025-26,Regular Season,ElbowTouch
1628398,Kyle Kuzma,1610612749,MIL,67,29,38,1763.0,2943,85,24,46,0.522,7,10,0.7,57,0.671,30,0.353,9,0.3,3,0.035,4,0.047,2025-26,Regular Season,ElbowTouch
200768,Kyle Lowry,1610612755,PHI,13,8,5,113.0,166,1,0,0,0.0,0,0,0.0,0,0.0,1,1.0,0,0.0,0,0.0,0,0.0,2025-26,Regular Season,ElbowTouch
1642273,Kyshawn George,1610612764,WAS,48,10,38,1391.0,2798,27,5,7,0.714,0,0,0.0,10,0.37,16,0.593,4,0.25,4,0.148,0,0.0,2025-26,Regular Season,ElbowTouch
1643018,LJ Cryer,1610612744,GSW,17,6,11,277.0,504,4,0,0,0.0,0,0,0.0,0,0.0,4,1.0,1,0.25,0,0.0,0,0.0,2025-26,Regular Season,ElbowTouch
1630163,LaMelo Ball,1610612766,CHA,68,39,29,1888.0,4936,22,3,6,0.5,0,0,0.0,6,0.273,14,0.636,4,0.286,1,0.045,0,0.0,2025-26,Regular Season,ElbowTouch
1642950,Lachlan Olbrich,1610612741,CHI,32,7,25,227.0,361,20,5,9,0.556,0,0,0.0,10,0.5,11,0.55,2,0.182,0,0.0,0,0.0,2025-26,Regular Season,ElbowTouch
1629013,Landry Shamet,1610612752,NYK,48,32,16,1102.0,1353,12,5,7,0.714,2,2,1.0,13,1.083,4,0.333,1,0.25,0,0.0,0,0.0,2025-26,Regular Season,ElbowTouch
1626204,Larry Nance Jr.,1610612739,CLE,31,22,9,369.0,476,19,2,6,0.333,0,0,0.0,4,0.211,12,0.632,3,0.25,0,0.0,0,0.0,2025-26,Regular Season,ElbowTouch
1628374,Lauri Markkanen,1610612762,UTA,42,17,25,1443.0,2223,99,34,53,0.642,16,18,0.889,89,0.899,32,0.323,5,0.156,1,0.01,7,0.071,2025-26,Regular Season,ElbowTouch
1643133,Lawson Lovering,1610612763,MEM,2,1,1,49.0,43,4,1,2,0.5,0,0,0.0,2,0.5,2,0.5,0,0.0,0,0.0,0,0.0,2025-26,Regular Season,ElbowTouch
2544,LeBron James,1610612747,LAL,56,36,20,1870.0,3870,139,38,61,0.623,23,26,0.885,102,0.734,48,0.345,14,0.292,9,0.065,12,0.086,2025-26,Regular Season,ElbowTouch
1641778,Leaky Black,1610612764,WAS,9,1,8,281.0,313,6,3,5,0.6,0,0,0.0,6,1.0,1,0.167,0,0.0,0,0.0,0,0.0,2025-26,Regular Season,ElbowTouch
1631159,Leonard Miller,1610612741,CHI,41,16,25,548.0,892,19,6,10,0.6,3,4,0.75,15,0.789,7,0.368,2,0.286,0,0.0,2,0.105,2025-26,Regular Season,ElbowTouch
1642862,Liam McNeeley,1610612766,CHA,30,11,19,363.0,467,6,1,2,0.5,0,0,0.0,2,0.333,3,0.5,1,0.333,1,0.167,0,0.0,2025-26,Regular Season,ElbowTouch
1630322,Lindy Waters III,1610612759,SAS,39,30,9,280.0,393,1,0,0,0.0,0,0,0.0,0,0.0,1,1.0,0,0.0,0,0.0,0,0.0,2025-26,Regular Season,ElbowTouch
1628366,Lonzo Ball,1610612739,CLE,35,19,16,728.0,1621,15,1,3,0.333,0,0,0.0,2,0.133,11,0.733,0,0.0,1,0.067,0,0.0,2025-26,Regular Season,ElbowTouch
1631351,Lucas Williamson,1610612763,MEM,2,0,2,28.0,46,2,1,1,1.0,0,0,0.0,2,1.0,1,0.5,1,1.0,0,0.0,0,0.0,2025-26,Regular Season,ElbowTouch
1629652,Luguentz Dort,1610612760,OKC,64,50,14,1744.0,1835,31,6,8,0.75,0,0,0.0,15,0.484,22,0.71,4,0.182,1,0.032,0,0.0,2025-26,Regular Season,ElbowTouch
1629029,Luka Dončić,1610612747,LAL,64,43,21,2289.0,5621,48,19,25,0.76,5,10,0.5,45,0.938,15,0.313,5,0.333,2,0.042,5,0.104,2025-26,Regular Season,ElbowTouch
1630568,Luka Garza,1610612738,BOS,67,45,22,1064.0,1505,54,22,27,0.815,8,12,0.667,54,1.0,17,0.315,2,0.118,1,0.019,6,0.111,2025-26,Regular Season,ElbowTouch
1628379,Luke Kennard,1610612747,LAL,73,42,31,1545.0,1965,28,9,11,0.818,2,2,1.0,20,0.714,16,0.571,6,0.375,0,0.0,1,0.036,2025-26,Regular Season,ElbowTouch
1628436,Luke Kornet,1610612759,SAS,64,49,15,1350.0,1707,122,14,19,0.737,13,16,0.813,41,0.336,88,0.721,12,0.136,4,0.033,7,0.057,2025-26,Regular Season,ElbowTouch
1631247,Luke Travers,1610612739,CLE,12,6,6,103.0,158,5,0,0,0.0,4,4,1.0,4,0.8,3,0.6,0,0.0,0,0.0,2,0.4,2025-26,Regular Season,ElbowTouch
1630644,Mac McClung,1610612741,CHI,6,0,6,63.0,125,2,1,2,0.5,0,0,0.0,4,2.0,0,0.0,0,0.0,0,0.0,0,0.0,2025-26,Regular Season,ElbowTouch
1641869,Malachi Smith,1610612751,BKN,10,1,9,182.0,351,2,0,0,0.0,0,0,0.0,0,0.0,2,1.0,0,0.0,0,0.0,0,0.0,2025-26,Regular Season,ElbowTouch
1631103,Malaki Branham,1610612764,WAS,28,7,21,275.0,446,3,1,1,1.0,2,2,1.0,4,1.333,1,0.333,1,1.0,0,0.0,1,0.333,2025-26,Regular Season,ElbowTouch
1642502,Malevy Leons,1610612744,GSW,21,6,15,203.0,276,2,0,1,0.0,0,0,0.0,0,0.0,1,0.5,0,0.0,0,0.0,0,0.0,2025-26,Regular Season,ElbowTouch
1628370,Malik Monk,1610612758,SAC,59,17,42,1329.0,2308,13,6,10,0.6,0,0,0.0,13,1.0,2,0.154,0,0.0,1,0.077,0,0.0,2025-26,Regular Season,ElbowTouch
1630699,MarJon Beauchamp,1610612755,PHI,12,6,6,190.0,266,7,2,3,0.667,0,0,0.0,4,0.571,4,0.571,3,0.75,0,0.0,0,0.0,2025-26,Regular Season,ElbowTouch
1631204,Marcus Sasser,1610612765,DET,33,24,9,413.0,756,4,2,3,0.667,0,0,0.0,4,1.0,1,0.25,0,0.0,0,0.0,0,0.0,2025-26,Regular Season,ElbowTouch
203935,Marcus Smart,1610612747,LAL,60,39,21,1725.0,2640,20,2,5,0.4,0,0,0.0,4,0.2,13,0.65,3,0.231,2,0.1,0,0.0,2025-26,Regular Season,ElbowTouch
1641813,Mark Sears,1610612749,MIL,7,1,6,26.0,54,0,0,0,0.0,0,0,0.0,0,0.0,0,0.0,0,0.0,0,0.0,0,0.0,2025-26,Regular Season,ElbowTouch
1631109,Mark Williams,1610612756,PHX,57,33,24,1342.0,1983,130,53,75,0.707,31,42,0.738,143,1.1,25,0.192,3,0.12,3,0.023,21,0.162,2025-26,Regular Season,ElbowTouch
1628365,Markelle Fultz,1610612761,TOR,5,3,2,36.0,64,3,1,3,0.333,0,0,0.0,2,0.667,0,0.0,0,0.0,0,0.0,0,0.0,2025-26,Regular Season,ElbowTouch
1628963,Marvin Bagley III,1610612742,DAL,56,15,41,1119.0,1727,140,28,48,0.583,18,28,0.643,75,0.536,65,0.464,11,0.169,10,0.071,13,0.093,2025-26,Regular Season,ElbowTouch
203486,Mason Plumlee,1610612759,SAS,19,10,9,156.0,226,11,1,2,0.5,0,0,0.0,2,0.182,9,0.818,2,0.222,0,0.0,0,0.0,2025-26,Regular Season,ElbowTouch
1641824,Matas Buzelis,1610612741,CHI,76,28,48,2222.0,3973,62,24,34,0.706,16,22,0.727,65,1.048,12,0.194,2,0.167,2,0.032,11,0.177,2025-26,Regular Season,ElbowTouch
1629680,Matisse Thybulle,1610612757,POR,26,15,11,397.0,545,8,2,2,1.0,0,0,0.0,5,0.625,4,0.5,0,0.0,0,0.0,0,0.0,2025-26,Regular Season,ElbowTouch
1631108,Max Christie,1610612742,DAL,72,22,50,2114.0,2859,16,6,9,0.667,0,0,0.0,12,0.75,6,0.375,2,0.333,0,0.0,0,0.0,2025-26,Regular Season,ElbowTouch
1642917,Max Shulga,1610612738,BOS,9,6,3,13.0,24,0,0,0,0.0,0,0,0.0,0,0.0,0,0.0,0,0.0,0,0.0,0,0.0,2025-26,Regular Season,ElbowTouch
1629622,Max Strus,1610612739,CLE,8,6,2,195.0,321,1,0,0,0.0,2,2,1.0,2,2.0,0,0.0,0,0.0,0,0.0,1,1.0,2025-26,Regular Season,ElbowTouch
1628467,Maxi Kleber,1610612747,LAL,38,17,21,403.0,453,24,5,7,0.714,5,10,0.5,15,0.625,9,0.375,2,0.222,0,0.0,5,0.208,2025-26,Regular Season,ElbowTouch
1642875,Maxime Raynaud,1610612758,SAC,70,20,50,1828.0,3048,242,65,131,0.496,19,26,0.731,150,0.62,85,0.351,13,0.153,10,0.041,12,0.05,2025-26,Regular Season,ElbowTouch
1642877,Micah Peavy,1610612740,NOP,57,16,41,772.0,824,10,1,5,0.2,0,0,0.0,2,0.2,5,0.5,0,0.0,0,0.0,0,0.0,2025-26,Regular Season,ElbowTouch
1630695,Micah Potter,1610612754,IND,42,10,32,774.0,1201,47,12,19,0.632,14,16,0.875,38,0.809,15,0.319,5,0.333,5,0.106,8,0.17,2025-26,Regular Season,ElbowTouch
1629008,Michael Porter Jr.,1610612751,BKN,52,14,38,1689.0,3063,59,24,35,0.686,14,16,0.875,65,1.102,7,0.119,1,0.143,5,0.085,7,0.119,2025-26,Regular Season,ElbowTouch
1628969,Mikal Bridges,1610612752,NYK,78,50,28,2596.0,4381,101,36,52,0.692,10,10,1.0,82,0.812,38,0.376,9,0.237,4,0.04,4,0.04,2025-26,Regular Season,ElbowTouch
201144,Mike Conley,1610612750,MIN,51,31,20,925.0,1916,5,0,0,0.0,0,0,0.0,0,0.0,4,0.8,1,0.25,1,0.2,0,0.0,2025-26,Regular Season,ElbowTouch
1628970,Miles Bridges,1610612766,CHA,73,40,33,2274.0,3795,56,14,21,0.667,6,6,1.0,37,0.661,21,0.375,2,0.095,8,0.143,4,0.071,2025-26,Regular Season,ElbowTouch
1642939,Miles Kelly,1610612742,DAL,14,7,7,134.0,155,2,0,0,0.0,0,0,0.0,0,0.0,1,0.5,0,0.0,1,0.5,0,0.0,2025-26,Regular Season,ElbowTouch
1630540,Miles McBride,1610612752,NYK,38,23,15,1017.0,1803,11,4,6,0.667,2,2,1.0,10,0.909,3,0.273,1,0.333,1,0.091,1,0.091,2025-26,Regular Season,ElbowTouch
1629011,Mitchell Robinson,1610612752,NYK,58,38,20,1136.0,1132,44,5,9,0.556,2,2,1.0,12,0.273,32,0.727,3,0.094,0,0.0,1,0.023,2025-26,Regular Season,ElbowTouch
1628964,Mo Bamba,1610612762,UTA,4,3,1,44.0,63,3,2,2,1.0,0,0,0.0,4,1.333,0,0.0,0,0.0,1,0.333,0,0.0,2025-26,Regular Season,ElbowTouch
1642885,Mohamed Diawara,1610612752,NYK,67,41,26,590.0,924,8,1,2,0.5,0,0,0.0,2,0.25,5,0.625,1,0.2,0,0.0,0,0.0,2025-26,Regular Season,ElbowTouch
1628420,Monte Morris,1610612754,IND,6,0,6,65.0,152,3,1,2,0.5,0,0,0.0,2,0.667,1,0.333,1,1.0,0,0.0,0,0.0,2025-26,Regular Season,ElbowTouch
1629021,Moritz Wagner,1610612753,ORL,34,19,15,416.0,707,32,11,19,0.579,7,8,0.875,30,0.938,7,0.219,1,0.143,2,0.063,4,0.125,2025-26,Regular Season,ElbowTouch
1630541,Moses Moody,1610612744,GSW,60,30,30,1540.0,1871,25,8,10,0.8,4,4,1.0,20,0.8,10,0.4,1,0.1,2,0.08,2,0.08,2025-26,Regular Season,ElbowTouch
1631243,Mouhamed Gueye,1610612737,ATL,74,43,31,1143.0,1400,49,8,17,0.471,6,6,1.0,23,0.469,25,0.51,4,0.16,4,0.082,3,0.061,2025-26,Regular Season,ElbowTouch
1630619,Moussa Cisse,1610612742,DAL,35,10,25,448.0,482,32,3,4,0.75,1,4,0.25,7,0.219,21,0.656,0,0.0,2,0.063,3,0.094,2025-26,Regular Season,ElbowTouch
1631217,Moussa Diabaté,1610612766,CHA,69,38,31,1791.0,2510,188,32,68,0.471,16,23,0.696,81,0.431,93,0.495,13,0.14,7,0.037,11,0.059,2025-26,Regular Season,ElbowTouch
1626167,Myles Turner,1610612749,MIL,69,28,41,1863.0,2205,99,18,30,0.6,19,24,0.792,57,0.576,45,0.455,8,0.178,5,0.051,11,0.111,2025-26,Regular Season,ElbowTouch
1642066,Myron Gardner,1610612748,MIA,41,22,19,395.0,673,8,2,3,0.667,0,0,0.0,5,0.625,5,0.625,0,0.0,0,0.0,0,0.0,2025-26,Regular Season,ElbowTouch
1642368,N'Faly Dante,1610612737,ATL,4,3,1,15.0,20,4,0,0,0.0,0,0,0.0,0,0.0,3,0.75,0,0.0,1,0.25,0,0.0,2025-26,Regular Season,ElbowTouch
1641772,Nae'Qwan Tomlin,1610612739,CLE,60,39,21,913.0,1011,35,8,16,0.5,2,2,1.0,18,0.514,14,0.4,3,0.214,1,0.029,1,0.029,2025-26,Regular Season,ElbowTouch
1630230,Naji Marshall,1610612742,DAL,72,24,48,2132.0,3490,75,23,36,0.639,6,8,0.75,55,0.733,33,0.44,10,0.303,0,0.0,5,0.067,2025-26,Regular Season,ElbowTouch
1631466,Nate Williams,1610612744,GSW,12,2,10,192.0,211,9,2,4,0.5,2,2,1.0,6,0.667,2,0.222,0,0.0,1,0.111,1,0.111,2025-26,Regular Season,ElbowTouch
1629675,Naz Reid,1610612750,MIN,74,45,29,1935.0,3702,54,14,24,0.583,4,6,0.667,32,0.593,25,0.463,8,0.32,1,0.019,3,0.056,2025-26,Regular Season,ElbowTouch
1629674,Neemias Queta,1610612738,BOS,72,49,23,1830.0,2533,180,51,79,0.646,15,20,0.75,122,0.678,78,0.433,10,0.128,8,0.044,10,0.056,2025-26,Regular Season,ElbowTouch
1629651,Nic Claxton,1610612751,BKN,69,17,52,1920.0,3348,308,57,95,0.6,18,27,0.667,134,0.435,183,0.594,40,0.219,9,0.029,14,0.045,2025-26,Regular Season,ElbowTouch
1630208,Nick Richards,1610612741,CHI,48,20,28,701.0,973,62,16,31,0.516,16,22,0.727,50,0.806,18,0.29,1,0.056,1,0.016,10,0.161,2025-26,Regular Season,ElbowTouch
1641733,Nick Smith Jr.,1610612747,LAL,25,12,13,318.0,593,4,2,3,0.667,0,0,0.0,4,1.0,1,0.25,0,0.0,0,0.0,0,0.0,2025-26,Regular Season,ElbowTouch
1629638,Nickeil Alexander-Walker,1610612737,ATL,75,42,33,2493.0,4460,36,12,18,0.667,3,4,0.75,27,0.75,16,0.444,4,0.25,0,0.0,2,0.056,2025-26,Regular Season,ElbowTouch
201587,Nicolas Batum,1610612746,LAC,71,38,33,1262.0,1668,15,1,3,0.333,0,0,0.0,2,0.133,11,0.733,2,0.182,1,0.067,0,0.0,2025-26,Regular Season,ElbowTouch
1628502,Nigel Hayes-Davis,1610612756,PHX,27,15,12,195.0,230,12,2,8,0.25,0,0,0.0,4,0.333,3,0.25,1,0.333,1,0.083,0,0.0,2025-26,Regular Season,ElbowTouch
203999,Nikola Jokić,1610612743,DEN,61,39,22,2128.0,6136,553,127,194,0.655,59,70,0.843,326,0.59,273,0.494,83,0.304,26,0.047,29,0.052,2025-26,Regular Season,ElbowTouch
1631107,Nikola Jović,1610612748,MIA,46,23,23,795.0,1542,22,8,9,0.889,2,4,0.5,18,0.818,10,0.455,1,0.1,1,0.045,2,0.091,2025-26,Regular Season,ElbowTouch
1642260,Nikola Topić,1610612760,OKC,6,4,2,65.0,149,3,0,1,0.0,0,0,0.0,0,0.0,2,0.667,0,0.0,0,0.0,0,0.0,2025-26,Regular Season,ElbowTouch
202696,Nikola Vučević,1610612738,BOS,60,32,28,1740.0,3653,237,62,114,0.544,2,2,1.0,128,0.54,107,0.451,15,0.14,10,0.042,2,0.008,2025-26,Regular Season,ElbowTouch
1642363,Nique Clifford,1610612758,SAC,71,20,51,1732.0,2688,27,11,18,0.611,1,2,0.5,23,0.852,8,0.296,2,0.25,0,0.0,1,0.037,2025-26,Regular Season,ElbowTouch
1642855,Noa Essengue,1610612741,CHI,2,1,1,6.0,9,0,0,0,0.0,0,0,0.0,0,0.0,0,0.0,0,0.0,0,0.0,0,0.0,2025-26,Regular Season,ElbowTouch
1641730,Noah Clowney,1610612751,BKN,66,17,49,1780.0,2507,46,1,6,0.167,6,6,1.0,8,0.174,29,0.63,6,0.207,2,0.043,3,0.065,2025-26,Regular Season,ElbowTouch
1642869,Noah Penda,1610612753,ORL,56,27,29,741.0,1253,21,1,1,1.0,0,0,0.0,2,0.095,18,0.857,3,0.167,1,0.048,0,0.0,2025-26,Regular Season,ElbowTouch
1642849,Nolan Traore,1610612751,BKN,53,12,41,1190.0,2874,9,2,5,0.4,2,2,1.0,7,0.778,2,0.222,1,0.5,1,0.111,1,0.111,2025-26,Regular Season,ElbowTouch
1641807,Norchad Omier,1610612746,LAC,3,3,0,14.0,26,1,1,1,1.0,0,0,0.0,2,2.0,0,0.0,0,0.0,0,0.0,0,0.0,2025-26,Regular Season,ElbowTouch
1626181,Norman Powell,1610612748,MIA,55,28,27,1654.0,2523,30,7,17,0.412,4,4,1.0,19,0.633,11,0.367,2,0.182,0,0.0,2,0.067,2025-26,Regular Season,ElbowTouch
1628384,OG Anunoby,1610612752,NYK,64,42,22,2135.0,2832,73,24,36,0.667,6,8,0.75,54,0.74,30,0.411,5,0.167,2,0.027,4,0.055,2025-26,Regular Season,ElbowTouch
1630167,Obi Toppin,1610612754,IND,19,3,16,322.0,690,12,4,6,0.667,2,2,1.0,10,0.833,5,0.417,1,0.2,0,0.0,1,0.083,2025-26,Regular Season,ElbowTouch
1630534,Ochai Agbaji,1610612751,BKN,61,27,34,955.0,1184,30,5,9,0.556,4,4,1.0,14,0.467,15,0.5,3,0.2,3,0.1,2,0.067,2025-26,Regular Season,ElbowTouch
1630846,Olivier Sarr,1610612739,CLE,1,1,0,4.0,6,0,0,0,0.0,0,0,0.0,0,0.0,0,0.0,0,0.0,0,0.0,0,0.0,2025-26,Regular Season,ElbowTouch
1641765,Olivier-Maxence Prosper,1610612763,MEM,51,16,35,950.0,1310,54,16,24,0.667,15,16,0.938,48,0.889,15,0.278,1,0.067,5,0.093,7,0.13,2025-26,Regular Season,ElbowTouch
1630209,Omer Yurtseven,1610612744,GSW,9,3,6,104.0,190,8,1,1,1.0,1,2,0.5,3,0.375,5,0.625,2,0.4,1,0.125,1,0.125,2025-26,Regular Season,ElbowTouch
1630168,Onyeka Okongwu,1610612737,ATL,71,40,31,2201.0,3698,155,46,79,0.582,10,12,0.833,104,0.671,62,0.4,10,0.161,5,0.032,6,0.039,2025-26,Regular Season,ElbowTouch
1631115,Orlando Robinson,1610612753,ORL,4,2,2,25.0,45,0,0,0,0.0,0,0,0.0,0,0.0,0,0.0,0,0.0,0,0.0,0,0.0,2025-26,Regular Season,ElbowTouch
1631131,Oscar Tshiebwe,1610612762,UTA,23,2,21,347.0,430,39,12,23,0.522,3,6,0.5,27,0.692,12,0.308,2,0.167,1,0.026,2,0.051,2025-26,Regular Season,ElbowTouch
1642345,Oso Ighodaro,1610612756,PHX,77,42,35,1715.0,2585,174,45,77,0.584,11,18,0.611,101,0.58,77,0.443,13,0.169,6,0.034,8,0.046,2025-26,Regular Season,ElbowTouch
1631172,Ousmane Dieng,1610612749,MIL,52,31,21,932.0,1565,14,2,6,0.333,2,2,1.0,6,0.429,5,0.357,1,0.2,1,0.071,1,0.071,2025-26,Regular Season,ElbowTouch
1629023,P.J. Washington,1610612742,DAL,55,15,40,1706.0,2711,105,35,56,0.625,7,12,0.583,79,0.752,31,0.295,4,0.129,6,0.057,5,0.048,2025-26,Regular Season,ElbowTouch
1641790,PJ Hall,1610612766,CHA,19,7,12,213.0,298,17,4,6,0.667,3,4,0.75,11,0.647,7,0.412,1,0.143,1,0.059,2,0.118,2025-26,Regular Season,ElbowTouch
1642359,Pacôme Dadiet,1610612752,NYK,27,17,10,105.0,157,4,3,3,1.0,0,0,0.0,6,1.5,1,0.25,0,0.0,0,0.0,0,0.0,2025-26,Regular Season,ElbowTouch
1631094,Paolo Banchero,1610612753,ORL,67,34,33,2332.0,5099,123,30,50,0.6,15,21,0.714,77,0.626,52,0.423,12,0.231,8,0.065,10,0.081,2025-26,Regular Season,ElbowTouch
1627783,Pascal Siakam,1610612754,IND,62,17,45,2057.0,4308,118,30,64,0.469,13,16,0.813,78,0.661,37,0.314,9,0.243,4,0.034,9,0.076,2025-26,Regular Season,ElbowTouch
1626192,Pat Connaughton,1610612766,CHA,39,24,15,287.0,451,11,3,4,0.75,0,0,0.0,6,0.545,6,0.545,3,0.5,1,0.091,0,0.0,2025-26,Regular Season,ElbowTouch
1630311,Pat Spencer,1610612744,GSW,61,29,32,1105.0,2717,36,9,14,0.643,6,6,1.0,25,0.694,18,0.5,6,0.333,1,0.028,3,0.083,2025-26,Regular Season,ElbowTouch
1631116,Patrick Baldwin Jr.,1610612758,SAC,9,3,6,102.0,111,1,0,0,0.0,1,2,0.5,1,1.0,0,0.0,0,0.0,0,0.0,1,1.0,2025-26,Regular Season,ElbowTouch
1630172,Patrick Williams,1610612741,CHI,67,22,45,1316.0,1972,22,1,5,0.2,3,4,0.75,5,0.227,11,0.5,2,0.182,2,0.091,2,0.091,2025-26,Regular Season,ElbowTouch
202331,Paul George,1610612755,PHI,32,20,12,990.0,2037,25,6,10,0.6,4,4,1.0,17,0.68,12,0.48,1,0.083,0,0.0,0,0.0,2025-26,Regular Season,ElbowTouch
1630194,Paul Reed,1610612765,DET,60,43,17,823.0,1337,140,39,74,0.527,5,10,0.5,85,0.607,47,0.336,8,0.17,9,0.064,6,0.043,2025-26,Regular Season,ElbowTouch
1630202,Payton Pritchard,1610612738,BOS,75,51,24,2431.0,5181,29,7,12,0.583,0,0,0.0,16,0.552,14,0.483,2,0.143,1,0.034,0,0.0,2025-26,Regular Season,ElbowTouch
1642362,Payton Sandfort,1610612760,OKC,2,2,0,7.0,11,0,0,0,0.0,0,0,0.0,0,0.0,0,0.0,0,0.0,0,0.0,0,0.0,2025-26,Regular Season,ElbowTouch
1641796,Pelle Larsson,1610612748,MIA,66,36,30,1740.0,2522,30,8,15,0.533,8,8,1.0,25,0.833,8,0.267,0,0.0,1,0.033,4,0.133,2025-26,Regular Season,ElbowTouch
1631250,Pete Nance,1610612749,MIL,44,13,31,669.0,1024,23,2,6,0.333,0,0,0.0,4,0.174,17,0.739,2,0.118,0,0.0,0,0.0,2025-26,Regular Season,ElbowTouch
1631212,Peyton Watson,1610612743,DEN,54,36,18,1598.0,2777,96,30,48,0.625,9,14,0.643,69,0.719,30,0.313,8,0.267,8,0.083,6,0.063,2025-26,Regular Season,ElbowTouch
1630173,Precious Achiuwa,1610612758,SAC,69,19,50,1631.0,2064,97,32,55,0.582,4,8,0.5,71,0.732,29,0.299,6,0.207,6,0.062,4,0.041,2025-26,Regular Season,ElbowTouch
1629656,Quentin Grimes,1610612755,PHI,70,40,30,2095.0,3409,32,10,14,0.714,0,0,0.0,20,0.625,13,0.406,4,0.308,2,0.063,0,0.0,2025-26,Regular Season,ElbowTouch
1631245,Quenton Jackson,1610612754,IND,44,9,35,761.0,1621,12,5,5,1.0,1,2,0.5,11,0.917,6,0.5,0,0.0,0,0.0,1,0.083,2025-26,Regular Season,ElbowTouch
1642366,Quinten Post,1610612744,GSW,67,32,35,1159.0,2144,52,8,16,0.5,2,2,1.0,18,0.346,31,0.596,11,0.355,3,0.058,1,0.019,2025-26,Regular Season,ElbowTouch
1629628,RJ Barrett,1610612761,TOR,53,31,22,1595.0,2863,64,25,42,0.595,5,6,0.833,57,0.891,13,0.203,2,0.154,2,0.031,4,0.063,2025-26,Regular Season,ElbowTouch
1642853,Rasheer Fleming,1610612756,PHX,51,27,24,597.0,518,17,7,9,0.778,2,4,0.5,16,0.941,5,0.294,1,0.2,0,0.0,2,0.118,2025-26,Regular Season,ElbowTouch
1642484,RayJ Dennis,1610612737,ATL,16,3,13,180.0,479,4,1,2,0.5,0,0,0.0,2,0.5,2,0.5,0,0.0,0,0.0,0,0.0,2025-26,Regular Season,ElbowTouch
1641712,Rayan Rupert,1610612763,MEM,61,29,32,952.0,1217,14,1,5,0.2,0,0,0.0,2,0.143,7,0.5,3,0.429,1,0.071,0,0.0,2025-26,Regular Season,ElbowTouch
1642263,Reed Sheppard,1610612745,HOU,77,48,29,2037.0,4228,19,6,12,0.5,0,0,0.0,13,0.684,5,0.263,2,0.4,2,0.105,0,0.0,2025-26,Regular Season,ElbowTouch
1642434,Riley Minix,1610612739,CLE,6,5,1,24.0,50,0,0,0,0.0,0,0,0.0,0,0.0,0,0.0,0,0.0,0,0.0,0,0.0,2025-26,Regular Season,ElbowTouch
1642265,Rob Dillingham,1610612741,CHI,60,27,33,838.0,1690,9,2,4,0.5,0,0,0.0,4,0.444,5,0.556,2,0.4,0,0.0,0,0.0,2025-26,Regular Season,ElbowTouch
1629057,Robert Williams III,1610612757,POR,55,28,27,932.0,1299,45,15,20,0.75,0,0,0.0,30,0.667,23,0.511,4,0.174,1,0.022,0,0.0,2025-26,Regular Season,ElbowTouch
1642911,Rocco Zikarsky,1610612750,MIN,4,0,4,16.0,25,1,0,0,0.0,0,0,0.0,0,0.0,1,1.0,0,0.0,0,0.0,0,0.0,2025-26,Regular Season,ElbowTouch
1631199,Ron Harper Jr.,1610612738,BOS,26,19,7,268.0,358,4,1,1,1.0,0,0,0.0,2,0.5,3,0.75,1,0.333,0,0.0,0,0.0,2025-26,Regular Season,ElbowTouch
1641842,Ronald Holland II,1610612765,DET,73,52,21,1448.0,2290,26,6,12,0.5,5,6,0.833,19,0.731,7,0.269,0,0.0,4,0.154,3,0.115,2025-26,Regular Season,ElbowTouch
1626220,Royce O'Neale,1610612756,PHX,74,41,33,2129.0,3986,25,3,4,0.75,0,0,0.0,6,0.24,21,0.84,3,0.143,0,0.0,0,0.0,2025-26,Regular Season,ElbowTouch
203497,Rudy Gobert,1610612750,MIN,74,45,29,2317.0,3298,164,43,68,0.632,16,36,0.444,106,0.646,59,0.36,10,0.169,12,0.073,18,0.11,2025-26,Regular Season,ElbowTouch
1629060,Rui Hachimura,1610612747,LAL,63,44,19,1773.0,1862,48,22,30,0.733,9,10,0.9,54,1.125,12,0.25,1,0.083,0,0.0,5,0.104,2025-26,Regular Season,ElbowTouch
201566,Russell Westbrook,1610612758,SAC,64,16,48,1853.0,4416,18,7,8,0.875,0,0,0.0,17,0.944,8,0.444,2,0.25,1,0.056,0,0.0,2025-26,Regular Season,ElbowTouch
1642346,Ryan Dunn,1610612756,PHX,66,38,28,1277.0,1655,42,12,18,0.667,4,6,0.667,28,0.667,20,0.476,3,0.15,1,0.024,3,0.071,2025-26,Regular Season,ElbowTouch
1641750,Ryan Kalkbrenner,1610612766,CHA,65,37,28,1404.0,1517,87,23,28,0.821,7,10,0.7,54,0.621,45,0.517,5,0.111,7,0.08,5,0.057,2025-26,Regular Season,ElbowTouch
1642948,Ryan Nembhard,1610612742,DAL,56,19,37,1045.0,2301,4,0,1,0.0,0,0,0.0,0,0.0,3,0.75,1,0.333,0,0.0,0,0.0,2025-26,Regular Season,ElbowTouch
1631157,Ryan Rollins,1610612749,MIL,72,28,44,2310.0,5125,14,5,6,0.833,0,0,0.0,10,0.714,6,0.429,0,0.0,1,0.071,0,0.0,2025-26,Regular Season,ElbowTouch
1630180,Saddiq Bey,1610612740,NOP,71,24,47,2207.0,3038,50,13,24,0.542,6,6,1.0,32,0.64,19,0.38,8,0.421,3,0.06,3,0.06,2025-26,Regular Season,ElbowTouch
1630573,Sam Hauser,1610612738,BOS,74,51,23,1832.0,2642,25,5,7,0.714,2,2,1.0,14,0.56,15,0.6,3,0.2,1,0.04,1,0.04,2025-26,Regular Season,ElbowTouch
1630241,Sam Merrill,1610612739,CLE,50,35,15,1322.0,2040,36,8,13,0.615,3,4,0.75,19,0.528,21,0.583,2,0.095,0,0.0,2,0.056,2025-26,Regular Season,ElbowTouch
1630572,Sandro Mamukelashvili,1610612761,TOR,75,41,34,1643.0,2625,115,27,41,0.659,19,28,0.679,78,0.678,55,0.478,7,0.127,5,0.043,13,0.113,2025-26,Regular Season,ElbowTouch
1630583,Santi Aldama,1610612763,MEM,43,19,24,1198.0,2326,56,15,25,0.6,1,2,0.5,32,0.571,24,0.429,5,0.208,4,0.071,1,0.018,2025-26,Regular Season,ElbowTouch
1630703,Scoot Henderson,1610612757,POR,26,16,10,616.0,1407,9,2,5,0.4,0,0,0.0,4,0.444,4,0.444,1,0.25,0,0.0,0,0.0,2025-26,Regular Season,ElbowTouch
1630567,Scottie Barnes,1610612761,TOR,75,42,33,2528.0,5282,214,59,96,0.615,17,18,0.944,137,0.64,97,0.453,27,0.278,6,0.028,6,0.028,2025-26,Regular Season,ElbowTouch
1630590,Scotty Pippen Jr.,1610612763,MEM,10,2,8,212.0,497,5,1,2,0.5,2,4,0.5,4,0.8,1,0.2,0,0.0,0,0.0,1,0.2,2025-26,Regular Season,ElbowTouch
1642951,Sean Pedulla,1610612746,LAC,5,3,2,26.0,46,0,0,0,0.0,0,0,0.0,0,0.0,0,0.0,0,0.0,0,0.0,0,0.0,2025-26,Regular Season,ElbowTouch
203552,Seth Curry,1610612744,GSW,6,0,6,69.0,91,0,0,0,0.0,0,0,0.0,0,0.0,0,0.0,0,0.0,0,0.0,0,0.0,2025-26,Regular Season,ElbowTouch
1631101,Shaedon Sharpe,1610612757,POR,48,22,26,1439.0,2672,60,21,36,0.583,7,12,0.583,52,0.867,15,0.25,5,0.333,2,0.033,6,0.1,2025-26,Regular Season,ElbowTouch
1628983,Shai Gilgeous-Alexander,1610612760,OKC,65,53,12,2177.0,4367,68,23,36,0.639,6,8,0.75,52,0.765,26,0.382,7,0.269,1,0.015,4,0.059,2025-26,Regular Season,ElbowTouch
1630536,Sharife Cooper,1610612764,WAS,35,6,29,582.0,1245,3,0,1,0.0,0,0,0.0,0,0.0,2,0.667,0,0.0,0,0.0,0,0.0,2025-26,Regular Season,ElbowTouch
1631321,Sidy Cissoko,1610612757,POR,71,37,34,1414.0,1751,33,8,10,0.8,1,4,0.25,19,0.576,20,0.606,5,0.25,0,0.0,2,0.061,2025-26,Regular Season,ElbowTouch
1631323,Simone Fontecchio,1610612748,MIA,68,34,34,1127.0,1705,35,11,18,0.611,2,2,1.0,25,0.714,15,0.429,0,0.0,0,0.0,1,0.029,2025-26,Regular Season,ElbowTouch
1642883,Sion James,1610612766,CHA,78,42,36,1764.0,2651,43,8,12,0.667,4,4,1.0,20,0.465,27,0.628,9,0.333,1,0.023,2,0.047,2025-26,Regular Season,ElbowTouch
1627746,Skal Labissiere,1610612764,WAS,3,2,1,38.0,67,7,3,3,1.0,0,0,0.0,6,0.857,3,0.429,0,0.0,1,0.143,0,0.0,2025-26,Regular Season,ElbowTouch
1642461,Spencer Jones,1610612743,DEN,64,41,23,1417.0,1087,39,8,17,0.471,1,2,0.5,17,0.436,19,0.487,4,0.211,1,0.026,1,0.026,2025-26,Regular Season,ElbowTouch
1630649,Stanley Umude,1610612759,SAS,2,2,0,7.0,8,0,0,0,0.0,0,0,0.0,0,0.0,0,0.0,0,0.0,0,0.0,0,0.0,2025-26,Regular Season,ElbowTouch
201939,Stephen Curry,1610612744,GSW,39,23,16,1222.0,2591,37,12,20,0.6,4,4,1.0,31,0.838,11,0.297,2,0.182,2,0.054,2,0.054,2025-26,Regular Season,ElbowTouch
1642264,Stephon Castle,1610612759,SAS,65,50,15,1937.0,4386,82,23,34,0.676,4,8,0.5,54,0.659,42,0.512,14,0.333,0,0.0,4,0.049,2025-26,Regular Season,ElbowTouch
203500,Steven Adams,1610612745,HOU,32,21,11,730.0,901,80,11,23,0.478,5,6,0.833,28,0.35,47,0.588,5,0.106,4,0.05,2,0.025,2025-26,Regular Season,ElbowTouch
1629004,Svi Mykhailiuk,1610612762,UTA,49,14,35,1132.0,1404,13,2,2,1.0,2,2,1.0,6,0.462,10,0.769,2,0.2,0,0.0,1,0.077,2025-26,Regular Season,ElbowTouch
204456,T.J. McConnell,1610612754,IND,56,15,41,963.0,2800,24,12,14,0.857,2,2,1.0,26,1.083,7,0.292,2,0.286,1,0.042,1,0.042,2025-26,Regular Season,ElbowTouch
1643007,Taelon Peter,1610612754,IND,33,5,28,394.0,652,7,2,3,0.667,0,0,0.0,4,0.571,3,0.429,0,0.0,0,0.0,0,0.0,2025-26,Regular Season,ElbowTouch
201959,Taj Gibson,1610612763,MEM,7,1,6,65.0,66,8,3,4,0.75,0,0,0.0,6,0.75,4,0.5,0,0.0,0,0.0,0,0.0,2025-26,Regular Season,ElbowTouch
1631106,Tari Eason,1610612745,HOU,55,34,21,1424.0,2162,38,10,20,0.5,0,0,0.0,21,0.553,16,0.421,3,0.188,1,0.026,0,0.0,2025-26,Regular Season,ElbowTouch
1627752,Taurean Prince,1610612749,MIL,21,8,13,456.0,591,3,0,1,0.0,0,0,0.0,0,0.0,2,0.667,1,0.5,0,0.0,0,0.0,2025-26,Regular Season,ElbowTouch
1641707,Taylor Hendricks,1610612763,MEM,57,12,45,1084.0,1210,41,10,17,0.588,2,6,0.333,27,0.659,13,0.317,2,0.154,3,0.073,3,0.073,2025-26,Regular Season,ElbowTouch
1629611,Terance Mann,1610612751,BKN,63,15,48,1529.0,2586,32,7,11,0.636,5,6,0.833,19,0.594,16,0.5,4,0.25,2,0.063,3,0.094,2025-26,Regular Season,ElbowTouch
1630545,Terrence Shannon Jr.,1610612750,MIN,38,21,17,436.0,533,3,2,2,1.0,0,0,0.0,4,1.333,1,0.333,0,0.0,0,0.0,0,0.0,2025-26,Regular Season,ElbowTouch
203648,Thanasis Antetokounmpo,1610612749,MIL,31,8,23,115.0,176,3,1,1,1.0,0,0,0.0,2,0.667,2,0.667,0,0.0,0,0.0,0,0.0,2025-26,Regular Season,ElbowTouch
1628418,Thomas Bryant,1610612739,CLE,59,36,23,706.0,1148,55,13,21,0.619,10,10,1.0,37,0.673,20,0.364,1,0.05,4,0.073,4,0.073,2025-26,Regular Season,ElbowTouch
1642275,Tidjane Salaün,1610612766,CHA,36,18,18,571.0,824,15,2,5,0.4,4,4,1.0,8,0.533,6,0.4,1,0.167,0,0.0,2,0.133,2025-26,Regular Season,ElbowTouch
203501,Tim Hardaway Jr.,1610612743,DEN,76,48,28,2031.0,2387,31,15,18,0.833,7,8,0.875,38,1.226,8,0.258,2,0.25,1,0.032,3,0.097,2025-26,Regular Season,ElbowTouch
202699,Tobias Harris,1610612765,DET,59,42,17,1649.0,2514,51,17,26,0.654,6,7,0.857,44,0.863,21,0.412,5,0.238,0,0.0,4,0.078,2025-26,Regular Season,ElbowTouch
1643253,Toby Okani,1610612763,MEM,1,0,1,28.0,28,0,0,0,0.0,0,0,0.0,0,0.0,0,0.0,0,0.0,0,0.0,0,0.0,2025-26,Regular Season,ElbowTouch
1642449,Tolu Smith,1610612765,DET,12,9,3,118.0,173,17,3,6,0.5,2,4,0.5,8,0.471,9,0.529,1,0.111,0,0.0,2,0.118,2025-26,Regular Season,ElbowTouch
1628396,Tony Bradley,1610612754,IND,38,9,29,416.0,449,31,10,13,0.769,5,6,0.833,26,0.839,13,0.419,3,0.231,1,0.032,3,0.097,2025-26,Regular Season,ElbowTouch
1641787,Tosan Evbuomwan,1610612766,CHA,5,4,1,8.0,8,0,0,0,0.0,0,0,0.0,0,0.0,0,0.0,0,0.0,0,0.0,0,0.0,2025-26,Regular Season,ElbowTouch
1641739,Toumani Camara,1610612757,POR,78,40,38,2590.0,4334,76,26,36,0.722,6,6,1.0,59,0.776,33,0.434,6,0.182,4,0.053,3,0.039,2025-26,Regular Season,ElbowTouch
1629027,Trae Young,1610612764,WAS,15,2,13,384.0,935,1,0,0,0.0,0,0,0.0,0,0.0,1,1.0,0,0.0,0,0.0,0,0.0,2025-26,Regular Season,ElbowTouch
1631218,Trayce Jackson-Davis,1610612761,TOR,50,27,23,487.0,817,49,10,18,0.556,7,16,0.438,27,0.551,21,0.429,3,0.143,1,0.02,8,0.163,2025-26,Regular Season,ElbowTouch
1642848,Tre Johnson,1610612764,WAS,59,12,47,1418.0,1957,16,4,8,0.5,2,2,1.0,10,0.625,7,0.438,0,0.0,0,0.0,1,0.063,2025-26,Regular Season,ElbowTouch
1630200,Tre Jones,1610612741,CHI,60,25,35,1619.0,3628,26,8,10,0.8,5,6,0.833,22,0.846,9,0.346,0,0.0,2,0.077,3,0.115,2025-26,Regular Season,ElbowTouch
1630544,Tre Mann,1610612766,CHA,51,29,22,661.0,1389,6,0,1,0.0,0,0,0.0,0,0.0,5,0.833,0,0.0,0,0.0,0,0.0,2025-26,Regular Season,ElbowTouch
1630570,Trendon Watford,1610612755,PHI,51,26,25,852.0,2025,50,7,16,0.438,0,0,0.0,15,0.3,30,0.6,6,0.2,3,0.06,0,0.0,2025-26,Regular Season,ElbowTouch
1642280,Trentyn Flowers,1610612741,CHI,2,0,2,6.0,8,0,0,0,0.0,0,0,0.0,0,0.0,0,0.0,0,0.0,0,0.0,0,0.0,2025-26,Regular Season,ElbowTouch
1630286,Trevon Scott,1610612751,BKN,1,0,1,8.0,10,0,0,0,0.0,0,0,0.0,0,0.0,0,0.0,0,0.0,0,0.0,0,0.0,2025-26,Regular Season,ElbowTouch
1631211,Trevor Keels,1610612748,MIA,4,4,0,5.0,12,0,0,0,0.0,0,0,0.0,0,0.0,0,0.0,0,0.0,0,0.0,0,0.0,2025-26,Regular Season,ElbowTouch
1641725,Trey Alexander,1610612740,NOP,5,1,4,42.0,51,0,0,0,0.0,0,0,0.0,0,0.0,0,0.0,0,0.0,0,0.0,0,0.0,2025-26,Regular Season,ElbowTouch
1641998,Trey Jemison III,1610612752,NYK,11,9,2,61.0,54,4,0,0,0.0,0,0,0.0,0,0.0,3,0.75,0,0.0,0,0.0,0,0.0,2025-26,Regular Season,ElbowTouch
1630530,Trey Murphy III,1610612740,NOP,66,21,45,2341.0,4040,42,16,21,0.762,9,10,0.9,41,0.976,12,0.286,2,0.167,2,0.048,5,0.119,2025-26,Regular Season,ElbowTouch
1642400,Tristan Enaruna,1610612739,CLE,6,6,0,34.0,50,1,0,0,0.0,0,0,0.0,0,0.0,1,1.0,0,0.0,0,0.0,0,0.0,2025-26,Regular Season,ElbowTouch
1641774,Tristan Vukcevic,1610612764,WAS,49,8,41,671.0,1160,86,23,47,0.489,14,16,0.875,62,0.721,25,0.291,3,0.12,3,0.035,7,0.081,2025-26,Regular Season,ElbowTouch
1641783,Tristan da Silva,1610612753,ORL,72,39,33,1784.0,2240,54,12,25,0.48,0,0,0.0,25,0.463,26,0.481,7,0.269,2,0.037,0,0.0,2025-26,Regular Season,ElbowTouch
1629660,Ty Jerome,1610612763,MEM,15,3,12,339.0,784,4,2,2,1.0,0,0,0.0,4,1.0,2,0.5,0,0.0,0,0.0,0,0.0,2025-26,Regular Season,ElbowTouch
1631102,TyTy Washington Jr.,1610612746,LAC,12,6,6,72.0,126,1,0,0,0.0,0,0,0.0,0,0.0,1,1.0,0,0.0,0,0.0,0,0.0,2025-26,Regular Season,ElbowTouch
1631174,Tyler Burton,1610612763,MEM,12,2,10,307.0,403,5,3,4,0.75,2,2,1.0,9,1.8,0,0.0,0,0.0,0,0.0,1,0.2,2025-26,Regular Season,ElbowTouch
1629639,Tyler Herro,1610612748,MIA,30,13,17,952.0,1826,13,3,6,0.5,4,4,1.0,10,0.769,5,0.385,2,0.4,0,0.0,2,0.154,2025-26,Regular Season,ElbowTouch
1642278,Tyler Kolek,1610612752,NYK,62,39,23,727.0,1809,12,1,4,0.25,0,0,0.0,2,0.167,8,0.667,1,0.125,0,0.0,0,0.0,2025-26,Regular Season,ElbowTouch
1641890,Tyler Smith,1610612742,DAL,8,1,7,77.0,94,3,0,1,0.0,0,0,0.0,0,0.0,1,0.333,0,0.0,1,0.333,0,0.0,2025-26,Regular Season,ElbowTouch
1631213,Tyrese Martin,1610612755,PHI,45,11,34,775.0,1508,15,7,9,0.778,0,0,0.0,15,1.0,5,0.333,0,0.0,1,0.067,0,0.0,2025-26,Regular Season,ElbowTouch
1630178,Tyrese Maxey,1610612755,PHI,65,36,29,2490.0,6283,13,5,5,1.0,0,0,0.0,10,0.769,6,0.462,1,0.167,2,0.154,0,0.0,2025-26,Regular Season,ElbowTouch
1642878,Tyrese Proctor,1610612739,CLE,46,30,16,472.0,847,6,3,4,0.75,0,0,0.0,7,1.167,1,0.167,1,1.0,1,0.167,0,0.0,2025-26,Regular Season,ElbowTouch
1630623,Tyson Etienne,1610612751,BKN,19,3,16,223.0,329,0,0,0,0.0,0,0,0.0,0,0.0,0,0.0,0,0.0,0,0.0,0,0.0,2025-26,Regular Season,ElbowTouch
1626145,Tyus Jones,1610612743,DEN,64,34,30,932.0,2025,4,0,2,0.0,0,0,0.0,0,0.0,2,0.5,0,0.0,0,0.0,0,0.0,2025-26,Regular Season,ElbowTouch
1642845,VJ Edgecombe,1610612755,PHI,70,41,29,2436.0,4911,46,13,21,0.619,8,8,1.0,34,0.739,18,0.391,5,0.278,3,0.065,3,0.065,2025-26,Regular Season,ElbowTouch
1641705,Victor Wembanyama,1610612759,SAS,61,48,13,1784.0,3561,274,61,116,0.526,47,56,0.839,172,0.628,103,0.376,26,0.252,11,0.04,25,0.091,2025-26,Regular Season,ElbowTouch
1631246,Vince Williams Jr.,1610612762,UTA,40,16,24,819.0,1976,18,4,9,0.444,0,0,0.0,8,0.444,8,0.444,3,0.375,1,0.056,0,0.0,2025-26,Regular Season,ElbowTouch
1642884,Vladislav Goldin,1610612748,MIA,5,3,2,14.0,14,0,0,0,0.0,0,0,0.0,0,0.0,0,0.0,0,0.0,0,0.0,0,0.0,2025-26,Regular Season,ElbowTouch
1630249,Vít Krejčí,1610612757,POR,64,31,33,1387.0,1957,18,4,6,0.667,3,4,0.75,11,0.611,10,0.556,1,0.1,0,0.0,2,0.111,2025-26,Regular Season,ElbowTouch
1631117,Walker Kessler,1610612762,UTA,5,2,3,154.0,265,13,1,2,0.5,4,6,0.667,6,0.462,7,0.538,3,0.429,1,0.077,3,0.231,2025-26,Regular Season,ElbowTouch
1642383,Walter Clayton Jr.,1610612763,MEM,66,17,49,1338.0,2965,15,7,8,0.875,0,0,0.0,15,1.0,7,0.467,0,0.0,0,0.0,0,0.0,2025-26,Regular Season,ElbowTouch
1628976,Wendell Carter Jr.,1610612753,ORL,73,39,34,2162.0,2895,228,38,76,0.5,29,34,0.853,107,0.469,122,0.535,25,0.205,6,0.026,16,0.07,2025-26,Regular Season,ElbowTouch
1631111,Wendell Moore Jr.,1610612765,DET,5,4,1,54.0,59,2,2,2,1.0,0,0,0.0,4,2.0,0,0.0,0,0.0,0,0.0,0,0.0,2025-26,Regular Season,ElbowTouch
1642954,Will Richard,1610612744,GSW,66,34,32,1348.0,1636,33,11,15,0.733,3,4,0.75,25,0.758,13,0.394,5,0.385,2,0.061,2,0.061,2025-26,Regular Season,ElbowTouch
1642860,Will Riley,1610612764,WAS,68,16,52,1429.0,2182,34,16,23,0.696,7,10,0.7,40,1.176,5,0.147,1,0.2,1,0.029,5,0.147,2025-26,Regular Season,ElbowTouch
1630214,Xavier Tillman,1610612766,CHA,28,20,8,178.0,238,6,0,1,0.0,0,2,0.0,0,0.0,4,0.667,1,0.25,0,0.0,1,0.167,2025-26,Regular Season,ElbowTouch
1642905,Yang Hansen,1610612757,POR,41,22,19,296.0,390,22,5,11,0.455,6,6,1.0,17,0.773,6,0.273,1,0.167,2,0.091,3,0.136,2025-26,Regular Season,ElbowTouch
1642949,Yanic Konan Niederhäuser,1610612746,LAC,41,22,19,424.0,473,40,9,11,0.818,9,10,0.9,27,0.675,20,0.5,4,0.2,3,0.075,5,0.125,2025-26,Regular Season,ElbowTouch
1642530,Yuki Kawamura,1610612741,CHI,13,4,9,142.0,300,2,0,0,0.0,0,0,0.0,0,0.0,2,1.0,1,0.5,0,0.0,0,0.0,2025-26,Regular Season,ElbowTouch
1642274,Yves Missi,1610612740,NOP,65,19,46,1257.0,1560,102,16,40,0.4,5,10,0.5,40,0.392,48,0.471,11,0.229,5,0.049,5,0.049,2025-26,Regular Season,ElbowTouch
1642258,Zaccharie Risacher,1610612737,ATL,64,38,26,1453.0,1689,35,15,23,0.652,5,6,0.833,39,1.114,9,0.257,1,0.111,0,0.0,3,0.086,2025-26,Regular Season,ElbowTouch
1628380,Zach Collins,1610612741,CHI,10,6,4,184.0,300,25,6,9,0.667,7,10,0.7,20,0.8,11,0.44,2,0.182,0,0.0,4,0.16,2025-26,Regular Season,ElbowTouch
1641744,Zach Edey,1610612763,MEM,11,7,4,284.0,401,28,2,6,0.333,3,4,0.75,7,0.25,18,0.643,1,0.056,1,0.036,2,0.071,2025-26,Regular Season,ElbowTouch
203897,Zach LaVine,1610612758,SAC,39,9,30,1224.0,1999,11,6,9,0.667,0,0,0.0,12,1.091,2,0.182,0,0.0,0,0.0,0,0.0,2025-26,Regular Season,ElbowTouch
1630192,Zeke Nnaji,1610612743,DEN,49,35,14,585.0,691,53,8,15,0.533,11,12,0.917,28,0.528,27,0.509,3,0.111,4,0.075,6,0.113,2025-26,Regular Season,ElbowTouch
1630533,Ziaire Williams,1610612751,BKN,56,13,43,1281.0,1493,17,4,8,0.5,2,2,1.0,10,0.588,7,0.412,3,0.429,0,0.0,1,0.059,2025-26,Regular Season,ElbowTouch
1629627,Zion Williamson,1610612740,NOP,61,22,39,1813.0,2991,111,35,53,0.66,11,20,0.55,85,0.766,40,0.36,9,0.225,4,0.036,10,0.09,2025-26,Regular Season,ElbowTouch
1642389,Zyon Pullin,1610612750,MIN,2,2,0,6.0,16,0,0,0,0.0,0,0,0.0,0,0.0,0,0.0,0,0.0,0,0.0,0,0.0,2025-26,Regular Season,ElbowTouch
