SEASON,SEASON_TYPE,PLAYER_ID,PLAYER_NAME,TEAM_ID,TEAM_ABBREVIATION,AGE,NICKNAME,restricted_area_fgm,restricted_area_fga,restricted_area_fg_pct,in_the_paint_non_ra_fgm,in_the_paint_non_ra_fga,in_the_paint_non_ra_fg_pct,mid_range_fgm,mid_range_fga,mid_range_fg_pct,left_corner_3_fgm,left_corner_3_fga,left_corner_3_fg_pct,right_corner_3_fgm,right_corner_3_fga,right_corner_3_fg_pct,above_the_break_3_fgm,above_the_break_3_fga,above_the_break_3_fg_pct,backcourt_fgm,backcourt_fga,backcourt_fg_pct,corner_3_fgm,corner_3_fga,corner_3_fg_pct
2025-26,Regular Season,1630639,A.J. Lawson,1610612761,TOR,25.0,A.J.,12,22,0.545,1,5,0.2,0,0,0.0,9,16,0.563,3,9,0.333,4,10,0.4,0,0,0.0,12,25,0.48
2025-26,Regular Season,1631260,AJ Green,1610612749,MIL,26.0,AJ,10,16,0.625,10,19,0.526,8,23,0.348,36,75,0.48,32,65,0.492,136,357,0.381,0,0,0.0,68,140,0.486
2025-26,Regular Season,1642358,AJ Johnson,1610612742,DAL,21.0,AJ,25,58,0.431,10,33,0.303,0,3,0.0,1,2,0.5,2,7,0.286,8,39,0.205,0,0,0.0,3,9,0.333
2025-26,Regular Season,203932,Aaron Gordon,1610612743,DEN,30.0,Aaron,88,118,0.746,20,60,0.333,17,46,0.37,7,21,0.333,9,17,0.529,40,104,0.385,0,0,0.0,16,38,0.421
2025-26,Regular Season,1628988,Aaron Holiday,1610612745,HOU,29.0,Aaron,10,19,0.526,20,43,0.465,4,16,0.25,13,25,0.52,8,20,0.4,39,111,0.351,0,0,0.0,21,45,0.467
2025-26,Regular Season,1630174,Aaron Nesmith,1610612754,IND,26.0,Aaron,50,95,0.526,33,83,0.398,24,57,0.421,10,21,0.476,25,59,0.424,70,197,0.355,0,0,0.0,35,80,0.438
2025-26,Regular Season,1630598,Aaron Wiggins,1610612760,OKC,27.0,Aaron,89,149,0.597,32,80,0.4,8,23,0.348,14,49,0.286,15,31,0.484,62,175,0.354,0,0,0.0,29,80,0.363
2025-26,Regular Season,1642846,Ace Bailey,1610612762,UTA,19.0,Ace,115,169,0.68,60,105,0.571,66,188,0.351,19,53,0.358,14,55,0.255,98,268,0.366,0,0,0.0,33,108,0.306
2025-26,Regular Season,1642380,Adama Bal,1610612763,MEM,22.0,Adama,3,5,0.6,1,3,0.333,0,2,0.0,3,7,0.429,0,1,0.0,2,7,0.286,0,0,0.0,3,8,0.375
2025-26,Regular Season,1641737,Adem Bona,1610612755,PHI,23.0,Adem,112,175,0.64,9,26,0.346,0,1,0.0,1,5,0.2,0,0,0.0,1,1,1.0,0,0,0.0,1,5,0.2
2025-26,Regular Season,1642876,Adou Thiero,1610612747,LAL,21.0,Adou,8,15,0.533,2,6,0.333,0,0,0.0,0,0,0.0,0,0,0.0,0,1,0.0,0,0,0.0,0,0,0.0
2025-26,Regular Season,1642349,Ajay Mitchell,1610612760,OKC,23.0,Ajay,109,164,0.665,96,187,0.513,13,47,0.277,16,37,0.432,5,11,0.455,38,120,0.317,0,0,0.0,21,48,0.438
2025-26,Regular Season,201143,Al Horford,1610612744,GSW,39.0,Al,27,44,0.614,27,54,0.5,7,16,0.438,7,20,0.35,10,26,0.385,54,151,0.358,0,0,0.0,17,46,0.37
2025-26,Regular Season,1630828,Alex Antetokounmpo,1610612749,MIL,24.0,Alex,0,0,0.0,0,0,0.0,0,0,0.0,0,1,0.0,0,1,0.0,0,1,0.0,0,0,0.0,0,2,0.0
2025-26,Regular Season,1627936,Alex Caruso,1610612760,OKC,32.0,Alex,57,78,0.731,9,30,0.3,6,9,0.667,8,37,0.216,10,40,0.25,32,96,0.333,0,0,0.0,18,77,0.234
2025-26,Regular Season,1631457,Alex Morales,1610612753,ORL,28.0,Alex,1,1,1.0,0,1,0.0,0,0,0.0,0,0,0.0,,,,0,0,0.0,0,0,0.0,0,0,0.0
2025-26,Regular Season,1642259,Alex Sarr,1610612764,WAS,20.0,Alex,162,230,0.704,81,206,0.393,23,70,0.329,2,6,0.333,2,5,0.4,46,139,0.331,0,0,0.0,4,11,0.364
2025-26,Regular Season,1642918,Alijah Martin,1610612761,TOR,24.0,Alijah,7,13,0.538,4,10,0.4,0,1,0.0,0,5,0.0,0,0,0.0,4,15,0.267,0,0,0.0,0,5,0.0
2025-26,Regular Season,1631214,Alondes Williams,1610612764,WAS,26.0,Alondes,10,10,1.0,1,1,1.0,0,1,0.0,1,3,0.333,0,1,0.0,4,10,0.4,0,0,0.0,1,4,0.25
2025-26,Regular Season,1630578,Alperen Sengun,1610612745,HOU,23.0,Alperen,283,413,0.685,193,417,0.463,39,108,0.361,1,3,0.333,2,4,0.5,36,117,0.308,0,0,0.0,3,7,0.429
2025-26,Regular Season,1642873,Amari Williams,1610612738,BOS,24.0,Amari,8,13,0.615,1,5,0.2,0,1,0.0,0,0,0.0,0,0,0.0,0,0,0.0,0,0,0.0,0,0,0.0
2025-26,Regular Season,1641708,Amen Thompson,1610612745,HOU,23.0,Amen,337,477,0.706,126,292,0.432,27,100,0.27,10,32,0.313,7,37,0.189,8,42,0.19,0,1,0.0,17,69,0.246
2025-26,Regular Season,1629599,Amir Coffey,1610612756,PHX,28.0,Amir,17,20,0.85,6,15,0.4,9,17,0.529,2,10,0.2,5,14,0.357,6,17,0.353,0,0,0.0,7,24,0.292
2025-26,Regular Season,1643158,Andersson Garcia,1610612762,UTA,25.0,Andersson,5,11,0.455,3,5,0.6,0,0,0.0,0,3,0.0,0,2,0.0,1,8,0.125,0,0,0.0,0,5,0.0
2025-26,Regular Season,203083,Andre Drummond,1610612755,PHI,32.0,Andre,94,180,0.522,20,39,0.513,0,4,0.0,16,43,0.372,11,27,0.407,3,13,0.231,0,0,0.0,27,70,0.386
2025-26,Regular Season,1641748,Andre Jackson Jr.,1610612749,MIL,24.0,Andre,14,25,0.56,5,21,0.238,0,3,0.0,5,10,0.5,1,12,0.083,9,31,0.29,0,0,0.0,6,22,0.273
2025-26,Regular Season,1629614,Andrew Nembhard,1610612754,IND,26.0,Andrew,84,134,0.627,70,144,0.486,72,179,0.402,2,12,0.167,4,14,0.286,101,270,0.374,0,0,0.0,6,26,0.231
2025-26,Regular Season,203952,Andrew Wiggins,1610612748,MIA,31.0,Andrew,143,215,0.665,59,159,0.371,40,93,0.43,23,48,0.479,12,28,0.429,92,233,0.395,0,0,0.0,35,76,0.461
2025-26,Regular Season,1629014,Anfernee Simons,1610612741,CHI,26.0,Anfernee,40,59,0.678,59,108,0.546,40,102,0.392,8,21,0.381,8,16,0.5,130,342,0.38,0,0,0.0,16,37,0.432
2025-26,Regular Season,1641710,Anthony Black,1610612753,ORL,22.0,Anthony,164,247,0.664,55,150,0.367,17,56,0.304,22,48,0.458,14,36,0.389,59,198,0.298,1,1,1.0,36,84,0.429
2025-26,Regular Season,203076,Anthony Davis,1610612764,WAS,33.0,Anthony,93,141,0.66,38,82,0.463,28,74,0.378,0,2,0.0,2,4,0.5,8,31,0.258,0,0,0.0,2,6,0.333
2025-26,Regular Season,1630162,Anthony Edwards,1610612750,MIN,24.0,Anthony,193,271,0.712,98,205,0.478,102,234,0.436,14,37,0.378,10,15,0.667,178,455,0.391,0,0,0.0,24,52,0.462
2025-26,Regular Season,1630264,Anthony Gill,1610612764,WAS,33.0,Anthony,76,92,0.826,16,38,0.421,4,6,0.667,4,8,0.5,3,8,0.375,6,24,0.25,0,0,0.0,7,16,0.438
2025-26,Regular Season,1641810,Antonio Reeves,1610612766,CHA,25.0,Antonio,2,4,0.5,0,1,0.0,1,2,0.5,1,2,0.5,3,4,0.75,3,7,0.429,0,0,0.0,4,6,0.667
2025-26,Regular Season,1630574,Ariel Hukporti,1610612752,NYK,23.0,Ariel,31,41,0.756,5,22,0.227,0,1,0.0,0,0,0.0,0,0,0.0,1,4,0.25,0,0,0.0,0,0,0.0
2025-26,Regular Season,1642854,Asa Newell,1610612737,ATL,20.0,Asa,46,66,0.697,9,17,0.529,0,0,0.0,7,21,0.333,11,25,0.44,10,25,0.4,0,0,0.0,18,46,0.391
2025-26,Regular Season,1641709,Ausar Thompson,1610612765,DET,23.0,Ausar,191,293,0.652,73,191,0.382,10,36,0.278,1,2,0.5,2,10,0.2,3,11,0.273,0,0,0.0,3,12,0.25
2025-26,Regular Season,1630559,Austin Reaves,1610612747,LAL,27.0,Austin,132,176,0.75,103,210,0.49,20,48,0.417,11,27,0.407,8,19,0.421,99,282,0.351,0,0,0.0,19,46,0.413
2025-26,Regular Season,1630245,Ayo Dosunmu,1610612750,MIN,26.0,Ayo,186,300,0.62,44,108,0.407,15,32,0.469,9,27,0.333,24,51,0.471,87,192,0.453,1,1,1.0,33,78,0.423
2025-26,Regular Season,1628389,Bam Adebayo,1610612748,MIA,28.0,Bam,180,267,0.674,131,311,0.421,45,127,0.354,27,83,0.325,14,43,0.326,77,249,0.309,0,0,0.0,41,126,0.325
2025-26,Regular Season,1631248,Baylor Scheierman,1610612738,BOS,25.0,Baylor,19,27,0.704,19,33,0.576,11,19,0.579,24,45,0.533,15,36,0.417,42,129,0.326,0,0,0.0,39,81,0.481
2025-26,Regular Season,1642879,Ben Saraf,1610612751,BKN,19.0,Ben,55,102,0.539,24,67,0.358,0,6,0.0,1,7,0.143,2,8,0.25,13,59,0.22,0,0,0.0,3,15,0.2
2025-26,Regular Season,1641767,Ben Sheppard,1610612754,IND,24.0,Ben,64,105,0.61,11,27,0.407,9,23,0.391,14,43,0.326,19,41,0.463,51,148,0.345,0,0,0.0,33,84,0.393
2025-26,Regular Season,1631097,Bennedict Mathurin,1610612746,LAC,23.0,Bennedict,115,178,0.646,44,118,0.373,47,117,0.402,3,10,0.3,14,26,0.538,55,189,0.291,0,0,0.0,17,36,0.472
2025-26,Regular Season,1643016,Bez Mbeng,1610612762,UTA,22.0,Bez,14,23,0.609,4,10,0.4,0,0,0.0,0,3,0.0,0,6,0.0,3,11,0.273,0,0,0.0,0,9,0.0
2025-26,Regular Season,1641731,Bilal Coulibaly,1610612764,WAS,21.0,Bilal,112,177,0.633,26,97,0.268,10,32,0.313,14,36,0.389,15,32,0.469,32,128,0.25,0,0,0.0,29,68,0.426
2025-26,Regular Season,202687,Bismack Biyombo,1610612759,SAS,33.0,Bismack,7,10,0.7,1,4,0.25,0,0,0.0,0,0,0.0,0,0,0.0,0,0,0.0,0,0,0.0,0,0,0.0
2025-26,Regular Season,1642396,Blake Hinson,1610612762,UTA,26.0,Blake,6,10,0.6,3,5,0.6,2,5,0.4,6,10,0.6,9,15,0.6,14,32,0.438,0,0,0.0,15,25,0.6
2025-26,Regular Season,1631104,Blake Wesley,1610612757,POR,23.0,Blake,37,52,0.712,5,17,0.294,3,16,0.188,1,5,0.2,2,4,0.5,7,26,0.269,0,0,0.0,3,9,0.333
2025-26,Regular Season,1626171,Bobby Portis,1610612749,MIL,31.0,Bobby,66,101,0.653,64,139,0.46,101,214,0.472,37,76,0.487,20,42,0.476,78,178,0.438,0,0,0.0,57,118,0.483
2025-26,Regular Season,1641752,Bobi Klintman,1610612765,DET,23.0,Bobi,3,6,0.5,2,6,0.333,0,2,0.0,0,4,0.0,0,0,0.0,4,9,0.444,0,0,0.0,0,4,0.0
2025-26,Regular Season,203992,Bogdan Bogdanović,1610612746,LAC,33.0,Bogdan,10,19,0.526,7,19,0.368,8,18,0.444,2,4,0.5,4,7,0.571,22,74,0.297,0,0,0.0,6,11,0.545
2025-26,Regular Season,1630538,Bones Hyland,1610612750,MIN,25.0,Bones,66,101,0.653,13,30,0.433,16,35,0.457,14,29,0.483,5,12,0.417,85,233,0.365,0,0,0.0,19,41,0.463
2025-26,Regular Season,203078,Bradley Beal,1610612746,LAC,32.0,Bradley,6,9,0.667,3,12,0.25,2,8,0.25,1,2,0.5,0,2,0.0,6,15,0.4,0,0,0.0,1,4,0.25
2025-26,Regular Season,1642382,Branden Carlson,1610612760,OKC,26.0,Branden,47,60,0.783,4,15,0.267,0,1,0.0,2,6,0.333,2,7,0.286,17,49,0.347,0,0,0.0,4,13,0.308
2025-26,Regular Season,1641764,Brandin Podziemski,1610612744,GSW,23.0,Brandin,110,160,0.688,69,154,0.448,43,108,0.398,18,30,0.6,14,26,0.538,109,326,0.334,0,0,0.0,32,56,0.571
2025-26,Regular Season,1629634,Brandon Clarke,1610612763,MEM,29.0,Brandon,2,5,0.4,1,4,0.25,0,0,0.0,0,0,0.0,0,0,0.0,0,0,0.0,0,0,0.0,0,0,0.0
2025-26,Regular Season,1627742,Brandon Ingram,1610612761,TOR,28.0,Brandon,138,208,0.663,122,272,0.449,184,393,0.468,30,55,0.545,14,32,0.438,83,251,0.331,0,0,0.0,44,87,0.506
2025-26,Regular Season,1641706,Brandon Miller,1610612766,CHA,23.0,Brandon,100,150,0.667,94,227,0.414,39,104,0.375,17,37,0.459,12,27,0.444,167,436,0.383,0,0,0.0,29,64,0.453
2025-26,Regular Season,1630314,Brandon Williams,1610612742,DAL,26.0,Brandon,158,247,0.64,64,144,0.444,29,65,0.446,5,25,0.2,4,16,0.25,27,112,0.241,0,1,0.0,9,41,0.22
2025-26,Regular Season,1641729,Brice Sensabaugh,1610612762,UTA,22.0,Brice,89,127,0.701,99,189,0.524,34,79,0.43,20,52,0.385,29,51,0.569,102,313,0.326,0,0,0.0,49,103,0.476
2025-26,Regular Season,1642355,Bronny James,1610612747,LAL,21.0,Bronny,9,12,0.75,5,16,0.313,5,19,0.263,1,2,0.5,0,4,0.0,14,34,0.412,0,0,0.0,1,6,0.167
2025-26,Regular Season,201572,Brook Lopez,1610612746,LAC,38.0,Brook,52,83,0.627,41,85,0.482,13,35,0.371,11,19,0.579,8,24,0.333,84,248,0.339,0,0,0.0,19,43,0.442
2025-26,Regular Season,1642964,Brooks Barnhizer,1610612760,OKC,24.0,Brooks,9,15,0.6,3,12,0.25,2,7,0.286,1,5,0.2,3,5,0.6,1,7,0.143,0,0,0.0,4,10,0.4
2025-26,Regular Season,1628971,Bruce Brown,1610612743,DEN,29.0,Bruce,131,197,0.665,36,119,0.303,8,31,0.258,13,29,0.448,21,44,0.477,20,65,0.308,0,0,0.0,34,73,0.466
2025-26,Regular Season,1631121,Bryce McGowens,1610612740,NOP,23.0,Bryce,51,89,0.573,21,44,0.477,4,11,0.364,9,19,0.474,8,22,0.364,21,52,0.404,0,0,0.0,17,41,0.415
2025-26,Regular Season,1642267,Bub Carrington,1610612764,WAS,20.0,Bub,26,51,0.51,32,85,0.376,70,153,0.458,12,18,0.667,10,37,0.27,127,321,0.396,0,0,0.0,22,55,0.4
2025-26,Regular Season,1631205,Buddy Boeheim,1610612760,OKC,26.0,Buddy,0,0,0.0,0,0,0.0,0,0,0.0,1,3,0.333,1,1,1.0,0,2,0.0,,,,2,4,0.5
2025-26,Regular Season,1627741,Buddy Hield,1610612737,ATL,33.0,Buddy,47,65,0.723,10,20,0.5,7,23,0.304,7,22,0.318,11,25,0.44,49,154,0.318,0,0,0.0,18,47,0.383
2025-26,Regular Season,1643047,CJ Huntley,1610612756,PHX,24.0,CJ,1,2,0.5,0,0,0.0,0,0,0.0,0,0,0.0,,,,0,0,0.0,,,,0,0,0.0
2025-26,Regular Season,203468,CJ McCollum,1610612737,ATL,34.0,CJ,121,191,0.634,107,225,0.476,91,196,0.464,11,34,0.324,16,39,0.41,155,418,0.371,0,0,0.0,27,73,0.37
2025-26,Regular Season,1630595,Cade Cunningham,1610612765,DET,24.0,Cade,188,300,0.627,136,321,0.424,85,177,0.48,3,8,0.375,4,10,0.4,116,337,0.344,0,0,0.0,7,18,0.389
2025-26,Regular Season,1631216,Caleb Houstan,1610612737,ATL,23.0,Caleb,2,3,0.667,0,1,0.0,1,1,1.0,3,5,0.6,1,2,0.5,7,14,0.5,0,0,0.0,4,7,0.571
2025-26,Regular Season,1631126,Caleb Love,1610612757,POR,24.0,Caleb,54,90,0.6,25,68,0.368,18,40,0.45,5,18,0.278,3,19,0.158,85,254,0.335,0,0,0.0,8,37,0.216
2025-26,Regular Season,1628997,Caleb Martin,1610612742,DAL,30.0,Caleb,47,68,0.691,9,34,0.265,9,30,0.3,9,22,0.409,5,16,0.313,6,19,0.316,0,0,0.0,14,38,0.368
2025-26,Regular Season,1642353,Cam Christie,1610612746,LAC,20.0,Cam,25,41,0.61,8,34,0.235,6,8,0.75,1,5,0.2,4,9,0.444,7,35,0.2,0,0,0.0,5,14,0.357
2025-26,Regular Season,1642285,Cam Spencer,1610612763,MEM,25.0,Cam,29,44,0.659,45,100,0.45,42,85,0.494,15,30,0.5,2,4,0.5,127,288,0.441,0,0,0.0,17,34,0.5
2025-26,Regular Season,1630560,Cam Thomas,1610612749,MIL,24.0,Cam,43,75,0.573,50,110,0.455,44,108,0.407,4,12,0.333,4,11,0.364,44,144,0.306,0,1,0.0,8,23,0.348
2025-26,Regular Season,1641715,Cam Whitmore,1610612764,WAS,21.0,Cam,52,73,0.712,5,26,0.192,4,14,0.286,0,3,0.0,0,1,0.0,16,52,0.308,0,0,0.0,0,4,0.0
2025-26,Regular Season,1629661,Cameron Johnson,1610612743,DEN,30.0,Cameron,72,105,0.686,18,53,0.34,15,44,0.341,21,42,0.5,21,44,0.477,61,155,0.394,0,0,0.0,42,86,0.488
2025-26,Regular Season,1626166,Cameron Payne,1610612755,PHI,31.0,Cameron,9,19,0.474,11,23,0.478,3,9,0.333,0,3,0.0,1,1,1.0,31,91,0.341,0,0,0.0,1,4,0.25
2025-26,Regular Season,1627747,Caris LeVert,1610612765,DET,31.0,Caris,57,91,0.626,29,77,0.377,12,29,0.414,10,24,0.417,7,15,0.467,40,135,0.296,0,0,0.0,17,39,0.436
2025-26,Regular Season,1642868,Carter Bryant,1610612759,SAS,20.0,Carter,41,70,0.586,6,22,0.273,2,7,0.286,9,35,0.257,10,32,0.313,23,70,0.329,0,0,0.0,19,67,0.284
2025-26,Regular Season,1641717,Cason Wallace,1610612760,OKC,22.0,Cason,117,191,0.613,25,78,0.321,7,19,0.368,19,53,0.358,15,39,0.385,61,184,0.332,0,0,0.0,34,92,0.37
2025-26,Regular Season,1642907,Cedric Coward,1610612763,MEM,22.0,Cedric,124,172,0.721,64,141,0.454,14,47,0.298,6,32,0.188,12,41,0.293,70,192,0.365,0,0,0.0,18,73,0.247
2025-26,Regular Season,1643052,Chaney Johnson,1610612751,BKN,23.0,Chaney,24,31,0.774,4,10,0.4,5,6,0.833,2,3,0.667,0,2,0.0,5,20,0.25,0,0,0.0,2,5,0.4
2025-26,Regular Season,1629646,Charles Bassey,1610612738,BOS,25.0,Charles,8,10,0.8,2,6,0.333,0,0,0.0,0,0,0.0,0,0,0.0,0,0,0.0,0,0,0.0,0,0,0.0
2025-26,Regular Season,1642404,Chaz Lanier,1610612765,DET,24.0,Chaz,1,2,0.5,2,4,0.5,4,12,0.333,1,7,0.143,2,8,0.25,15,44,0.341,0,0,0.0,3,15,0.2
2025-26,Regular Season,1631096,Chet Holmgren,1610612760,OKC,23.0,Chet,229,300,0.763,71,155,0.458,30,59,0.508,9,33,0.273,5,16,0.313,66,182,0.363,0,0,0.0,14,49,0.286
2025-26,Regular Season,1628449,Chris Boucher,1610612738,BOS,33.0,Chris,5,7,0.714,1,2,0.5,0,1,0.0,0,2,0.0,0,1,0.0,2,12,0.167,0,0,0.0,0,3,0.0
2025-26,Regular Season,1641753,Chris Livingston,1610612739,CLE,22.0,Chris,3,3,1.0,1,1,1.0,0,0,0.0,0,1,0.0,0,2,0.0,0,0,0.0,0,0,0.0,0,3,0.0
2025-26,Regular Season,1643024,Chris Mañon,1610612747,LAL,24.0,Chris,0,0,0.0,0,0,0.0,0,0,0.0,0,0,0.0,0,0,0.0,0,2,0.0,0,0,0.0,0,0,0.0
2025-26,Regular Season,101108,Chris Paul,1610612746,LAC,40.0,Chris,3,4,0.75,2,11,0.182,3,11,0.273,2,3,0.667,0,1,0.0,8,26,0.308,0,0,0.0,2,4,0.5
2025-26,Regular Season,1642959,Chris Youngblood,1610612757,POR,24.0,Chris,2,2,1.0,1,4,0.25,1,3,0.333,2,8,0.25,3,7,0.429,13,39,0.333,0,0,0.0,5,15,0.333
2025-26,Regular Season,1631128,Christian Braun,1610612743,DEN,24.0,Christian,126,176,0.716,17,36,0.472,3,17,0.176,13,34,0.382,6,21,0.286,19,72,0.264,0,0,0.0,19,55,0.345
2025-26,Regular Season,1631132,Christian Koloko,1610612737,ATL,25.0,Christian,23,39,0.59,4,18,0.222,2,5,0.4,0,2,0.0,0,0,0.0,1,5,0.2,0,0,0.0,0,2,0.0
2025-26,Regular Season,1642935,Chucky Hepburn,1610612761,TOR,23.0,Chucky,0,0,0.0,0,0,0.0,0,1,0.0,0,0,0.0,0,0,0.0,0,5,0.0,0,0,0.0,0,0,0.0
2025-26,Regular Season,203991,Clint Capela,1610612745,HOU,31.0,Clint,91,157,0.58,15,49,0.306,0,1,0.0,0,0,0.0,0,0,0.0,0,0,0.0,0,0,0.0,0,0,0.0
2025-26,Regular Season,1629632,Coby White,1610612766,CHA,26.0,Coby,102,163,0.626,31,73,0.425,24,55,0.436,9,28,0.321,5,9,0.556,93,267,0.348,0,0,0.0,14,37,0.378
2025-26,Regular Season,1628998,Cody Martin,1610612754,IND,30.0,Cody,1,1,1.0,1,3,0.333,0,1,0.0,0,2,0.0,0,0,0.0,0,3,0.0,0,0,0.0,0,2,0.0
2025-26,Regular Season,1642262,Cody Williams,1610612762,UTA,21.0,Cody,111,165,0.673,53,113,0.469,26,56,0.464,10,46,0.217,10,31,0.323,6,39,0.154,0,0,0.0,20,77,0.26
2025-26,Regular Season,1641732,Colby Jones,1610612765,DET,23.0,Colby,0,0,0.0,1,1,1.0,0,0,0.0,,,,0,2,0.0,0,0,0.0,,,,0,2,0.0
2025-26,Regular Season,1630175,Cole Anthony,1610612749,MIL,25.0,Cole,24,45,0.533,37,80,0.463,15,34,0.441,5,11,0.455,2,6,0.333,15,55,0.273,0,0,0.0,7,17,0.412
2025-26,Regular Season,1630658,Colin Castleton,1610612753,ORL,25.0,Colin,0,0,0.0,1,3,0.333,0,0,0.0,0,0,0.0,,,,0,0,0.0,0,0,0.0,0,0,0.0
2025-26,Regular Season,1631221,Collin Gillespie,1610612756,PHX,26.0,Collin,26,54,0.481,53,107,0.495,36,93,0.387,25,60,0.417,14,26,0.538,188,471,0.399,0,0,0.0,39,86,0.453
2025-26,Regular Season,1642867,Collin Murray-Boyles,1610612761,TOR,20.0,Collin,148,216,0.685,13,35,0.371,5,19,0.263,1,6,0.167,2,9,0.222,14,35,0.4,0,0,0.0,3,15,0.2
2025-26,Regular Season,1629012,Collin Sexton,1610612741,CHI,27.0,Collin,134,202,0.663,61,140,0.436,24,61,0.393,17,34,0.5,7,16,0.438,82,210,0.39,0,0,0.0,24,50,0.48
2025-26,Regular Season,1642843,Cooper Flagg,1610612742,DAL,19.0,Cooper,204,300,0.68,163,351,0.464,82,214,0.383,1,15,0.067,6,16,0.375,59,195,0.303,0,0,0.0,7,31,0.226
2025-26,Regular Season,1630557,Corey Kispert,1610612737,ATL,27.0,Corey,73,106,0.689,21,43,0.488,1,4,0.25,11,28,0.393,7,20,0.35,62,176,0.352,0,0,0.0,18,48,0.375
2025-26,Regular Season,1642504,Cormac Ryan,1610612749,MIL,27.0,Cormac,4,7,0.571,3,5,0.6,0,2,0.0,0,2,0.0,1,4,0.25,9,16,0.563,0,0,0.0,1,6,0.167
2025-26,Regular Season,1641854,Craig Porter Jr.,1610612739,CLE,26.0,Craig,44,67,0.657,23,70,0.329,8,15,0.533,7,13,0.538,6,19,0.316,17,55,0.309,0,0,0.0,13,32,0.406
2025-26,Regular Season,1642938,Curtis Jones,1610612743,DEN,24.0,Curtis,1,2,0.5,2,3,0.667,0,0,0.0,0,0,0.0,0,1,0.0,1,8,0.125,0,0,0.0,0,1,0.0
2025-26,Regular Season,1626156,D'Angelo Russell,1610612764,WAS,30.0,D'Angelo,17,27,0.63,26,58,0.448,18,35,0.514,1,9,0.111,1,9,0.111,31,94,0.33,0,0,0.0,2,18,0.111
2025-26,Regular Season,1629610,DaQuan Jeffries,1610612758,SAC,28.0,DaQuan,5,8,0.625,2,2,1.0,0,0,0.0,0,0,0.0,3,4,0.75,1,5,0.2,0,0,0.0,3,4,0.75
2025-26,Regular Season,1641747,DaRon Holmes II,1610612743,DEN,23.0,DaRon,8,12,0.667,1,2,0.5,2,2,1.0,3,4,0.75,2,5,0.4,14,33,0.424,0,0,0.0,5,9,0.556
2025-26,Regular Season,1631342,Daeqwon Plowden,1610612758,SAC,27.0,Daeqwon,37,44,0.841,12,34,0.353,1,2,0.5,4,15,0.267,7,28,0.25,41,115,0.357,0,0,0.0,11,43,0.256
2025-26,Regular Season,1630625,Dalano Banton,1610612738,BOS,26.0,Dalano,2,3,0.667,0,4,0.0,2,2,1.0,0,0,0.0,0,0,0.0,0,0,0.0,0,0,0.0,0,0,0.0
2025-26,Regular Season,1631207,Dalen Terry,1610612755,PHI,23.0,Dalen,35,59,0.593,7,24,0.292,1,5,0.2,7,16,0.438,7,17,0.412,10,33,0.303,0,0,0.0,14,33,0.424
2025-26,Regular Season,1642261,Dalton Knecht,1610612747,LAL,24.0,Dalton,25,33,0.758,17,29,0.586,5,11,0.455,4,17,0.235,3,9,0.333,24,76,0.316,0,0,0.0,7,26,0.269
2025-26,Regular Season,1629655,Daniel Gafford,1610612742,DAL,27.0,Daniel,174,249,0.699,29,57,0.509,2,6,0.333,0,0,0.0,0,0,0.0,0,0,0.0,0,0,0.0,0,0,0.0
2025-26,Regular Season,1642450,Daniss Jenkins,1610612765,DET,24.0,Daniss,74,126,0.587,35,124,0.282,40,94,0.426,8,26,0.308,9,18,0.5,51,135,0.378,1,1,1.0,17,44,0.386
2025-26,Regular Season,1642874,Danny Wolf,1610612751,BKN,21.0,Danny,85,156,0.545,23,59,0.39,2,14,0.143,8,23,0.348,11,32,0.344,49,156,0.314,0,0,0.0,19,55,0.345
2025-26,Regular Season,203967,Dario Saric,1610612758,SAC,31.0,Dario,0,2,0.0,0,0,0.0,0,1,0.0,0,1,0.0,1,1,1.0,0,1,0.0,0,0,0.0,1,2,0.5
2025-26,Regular Season,1641727,Dariq Whitehead,1610612763,MEM,21.0,Dariq,2,2,1.0,0,1,0.0,0,0,0.0,0,0,0.0,0,0,0.0,1,7,0.143,0,0,0.0,0,0,0.0
2025-26,Regular Season,1642468,Darius Brown,1610612739,CLE,26.0,Darius,0,0,0.0,0,0,0.0,0,1,0.0,,,,0,0,0.0,0,0,0.0,,,,0,0,0.0
2025-26,Regular Season,1629636,Darius Garland,1610612746,LAC,26.0,Darius,68,115,0.591,71,147,0.483,28,63,0.444,3,11,0.273,12,21,0.571,100,250,0.4,0,0,0.0,15,32,0.469
2025-26,Regular Season,1642357,David Jones Garcia,1610612759,SAS,24.0,David,6,14,0.429,4,6,0.667,0,0,0.0,0,0,0.0,0,0,0.0,3,5,0.6,0,0,0.0,0,0,0.0
2025-26,Regular Season,1631223,David Roddy,1610612743,DEN,25.0,David,0,0,0.0,1,1,1.0,0,0,0.0,0,1,0.0,0,0,0.0,0,3,0.0,0,0,0.0,0,1,0.0
2025-26,Regular Season,1630558,Davion Mitchell,1610612748,MIA,27.0,Davion,78,124,0.629,64,124,0.516,13,35,0.371,4,13,0.308,3,15,0.2,78,187,0.417,0,0,0.0,7,28,0.25
2025-26,Regular Season,1630549,Day'Ron Sharpe,1610612751,BKN,24.0,Day'Ron,173,239,0.724,32,74,0.432,0,4,0.0,2,3,0.667,3,10,0.3,4,26,0.154,0,0,0.0,5,13,0.385
2025-26,Regular Season,1628368,De'Aaron Fox,1610612759,SAS,28.0,De'Aaron,149,215,0.693,146,261,0.559,55,125,0.44,22,43,0.512,17,36,0.472,82,281,0.292,0,0,0.0,39,79,0.494
2025-26,Regular Season,1629631,De'Andre Hunter,1610612758,SAC,28.0,De'Andre,49,77,0.636,49,103,0.476,35,75,0.467,10,31,0.323,12,26,0.462,53,189,0.28,0,0,0.0,22,57,0.386
2025-26,Regular Season,1629001,De'Anthony Melton,1610612744,GSW,27.0,De'Anthony,77,127,0.606,48,115,0.417,11,27,0.407,7,25,0.28,11,31,0.355,45,167,0.269,0,0,0.0,18,56,0.321
2025-26,Regular Season,201599,DeAndre Jordan,1610612740,NOP,37.0,DeAndre,19,28,0.679,2,3,0.667,0,1,0.0,0,0,0.0,0,0,0.0,0,0,0.0,0,0,0.0,0,0,0.0
2025-26,Regular Season,1630610,DeJon Jarreau,1610612763,MEM,28.0,DeJon,16,29,0.552,11,17,0.647,2,7,0.286,1,7,0.143,0,1,0.0,3,22,0.136,0,0,0.0,1,8,0.125
2025-26,Regular Season,201942,DeMar DeRozan,1610612758,SAC,36.0,DeMar,85,117,0.726,133,252,0.528,230,484,0.475,15,39,0.385,5,17,0.294,27,91,0.297,0,0,0.0,20,56,0.357
2025-26,Regular Season,1629731,Dean Wade,1610612739,CLE,29.0,Dean,40,63,0.635,7,10,0.7,3,8,0.375,12,33,0.364,18,44,0.409,38,115,0.33,0,0,0.0,30,77,0.39
2025-26,Regular Season,1629028,Deandre Ayton,1610612747,LAL,27.0,Deandre,230,290,0.793,130,237,0.549,14,28,0.5,0,0,0.0,0,0,0.0,0,0,0.0,0,0,0.0,0,0,0.0
2025-26,Regular Season,1627749,Dejounte Murray,1610612740,NOP,29.0,Dejounte,29,48,0.604,28,50,0.56,12,22,0.545,2,6,0.333,0,4,0.0,17,52,0.327,0,0,0.0,2,10,0.2
2025-26,Regular Season,1630166,Deni Avdija,1610612757,POR,25.0,Deni,228,350,0.651,87,223,0.39,21,48,0.438,10,21,0.476,7,25,0.28,100,323,0.31,0,0,0.0,17,46,0.37
2025-26,Regular Season,203471,Dennis Schröder,1610612739,CLE,32.0,Dennis,65,117,0.556,58,146,0.397,45,114,0.395,13,26,0.5,2,9,0.222,58,187,0.31,0,0,0.0,15,35,0.429
2025-26,Regular Season,1641726,Dereck Lively II,1610612742,DAL,22.0,Dereck,10,16,0.625,1,2,0.5,0,0,0.0,0,0,0.0,0,0,0.0,0,0,0.0,0,0,0.0,0,0,0.0
2025-26,Regular Season,1642852,Derik Queen,1610612740,NOP,21.0,Derik,206,337,0.611,70,188,0.372,29,85,0.341,1,9,0.111,8,22,0.364,13,52,0.25,0,0,0.0,9,31,0.29
2025-26,Regular Season,1627884,Derrick Jones Jr.,1610612746,LAC,29.0,Derrick,102,141,0.723,21,58,0.362,2,6,0.333,16,48,0.333,9,24,0.375,25,70,0.357,0,0,0.0,25,72,0.347
2025-26,Regular Season,1628401,Derrick White,1610612738,BOS,31.0,Derrick,76,107,0.71,84,204,0.412,64,149,0.43,13,37,0.351,14,34,0.412,173,546,0.317,0,0,0.0,27,71,0.38
2025-26,Regular Season,1630217,Desmond Bane,1610612753,ORL,27.0,Desmond,214,344,0.622,118,257,0.459,65,139,0.468,23,51,0.451,13,28,0.464,122,325,0.375,0,0,0.0,36,79,0.456
2025-26,Regular Season,1626164,Devin Booker,1610612756,PHX,29.0,Devin,122,180,0.678,139,294,0.473,141,308,0.458,5,15,0.333,6,15,0.4,104,320,0.325,0,1,0.0,11,30,0.367
2025-26,Regular Season,1642269,Devin Carter,1610612758,SAC,24.0,Devin,46,73,0.63,24,62,0.387,2,11,0.182,3,5,0.6,0,4,0.0,21,86,0.244,0,0,0.0,3,9,0.333
2025-26,Regular Season,1630170,Devin Vassell,1610612759,SAS,25.0,Devin,39,67,0.582,35,80,0.438,76,151,0.503,19,53,0.358,32,71,0.451,105,277,0.379,0,0,0.0,51,124,0.411
2025-26,Regular Season,1628415,Dillon Brooks,1610612756,PHX,30.0,Dillon,65,99,0.657,118,235,0.502,88,213,0.413,10,33,0.303,7,24,0.292,104,292,0.356,0,0,0.0,17,57,0.298
2025-26,Regular Season,1641794,Dillon Jones,1610612752,NYK,24.0,Dillon,0,0,0.0,0,0,0.0,0,2,0.0,1,1,1.0,0,0,0.0,0,3,0.0,0,0,0.0,1,1,1.0
2025-26,Regular Season,1627734,Domantas Sabonis,1610612758,SAC,29.0,Domantas,82,125,0.656,27,60,0.45,6,9,0.667,0,3,0.0,1,3,0.333,4,21,0.19,0,0,0.0,1,6,0.167
2025-26,Regular Season,1631230,Dominick Barlow,1610612755,PHI,22.0,Dominick,154,211,0.73,28,74,0.378,3,14,0.214,8,36,0.222,8,27,0.296,5,16,0.313,0,0,0.0,16,63,0.254
2025-26,Regular Season,1642270,Donovan Clingan,1610612757,POR,22.0,Donovan,231,347,0.666,24,59,0.407,5,10,0.5,0,4,0.0,3,14,0.214,71,208,0.341,0,0,0.0,3,18,0.167
2025-26,Regular Season,1628378,Donovan Mitchell,1610612739,CLE,29.0,Donovan,189,291,0.649,159,297,0.535,81,164,0.494,15,39,0.385,13,39,0.333,193,527,0.366,0,0,0.0,28,78,0.359
2025-26,Regular Season,1628978,Donte DiVincenzo,1610612750,MIN,29.0,Donte,61,108,0.565,18,56,0.321,12,20,0.6,35,88,0.398,24,65,0.369,172,453,0.38,0,0,0.0,59,153,0.386
2025-26,Regular Season,1627827,Dorian Finney-Smith,1610612745,HOU,32.0,Dorian,14,24,0.583,1,4,0.25,0,1,0.0,3,21,0.143,6,19,0.316,17,55,0.309,0,0,0.0,9,40,0.225
2025-26,Regular Season,203926,Doug McDermott,1610612758,SAC,34.0,Doug,2,3,0.667,2,6,0.333,1,1,1.0,10,15,0.667,4,4,1.0,27,84,0.321,0,0,0.0,14,19,0.737
2025-26,Regular Season,1642962,Drake Powell,1610612751,BKN,20.0,Drake,46,68,0.676,17,49,0.347,19,33,0.576,12,29,0.414,5,20,0.25,32,116,0.276,0,0,0.0,17,49,0.347
2025-26,Regular Season,203110,Draymond Green,1610612744,GSW,36.0,Draymond,81,116,0.698,16,46,0.348,4,15,0.267,16,50,0.32,25,56,0.446,58,197,0.294,0,0,0.0,41,106,0.387
2025-26,Regular Season,1629234,Drew Eubanks,1610612758,SAC,29.0,Drew,49,63,0.778,41,76,0.539,2,10,0.2,0,1,0.0,1,4,0.25,0,2,0.0,0,0,0.0,1,5,0.2
2025-26,Regular Season,1641809,Drew Peterson,1610612766,CHA,26.0,Drew,2,3,0.667,0,1,0.0,0,0,0.0,0,4,0.0,0,1,0.0,0,7,0.0,0,0,0.0,0,5,0.0
2025-26,Regular Season,1631166,Drew Timme,1610612747,LAL,25.0,Drew,11,16,0.688,8,11,0.727,3,5,0.6,1,2,0.5,2,4,0.5,5,13,0.385,0,0,0.0,3,6,0.5
2025-26,Regular Season,1630696,Dru Smith,1610612748,MIA,28.0,Dru,55,94,0.585,33,88,0.375,7,12,0.583,8,28,0.286,7,21,0.333,23,77,0.299,0,0,0.0,15,49,0.306
2025-26,Regular Season,1629130,Duncan Robinson,1610612765,DET,31.0,Duncan,48,68,0.706,34,65,0.523,5,16,0.313,22,64,0.344,34,79,0.43,153,370,0.414,0,0,0.0,56,143,0.392
2025-26,Regular Season,1641871,Duop Reath,1610612757,POR,29.0,Duop,9,14,0.643,1,5,0.2,0,0,0.0,3,8,0.375,7,14,0.5,13,33,0.394,0,0,0.0,10,22,0.455
2025-26,Regular Season,203939,Dwight Powell,1610612742,DAL,34.0,Dwight,53,77,0.688,3,6,0.5,1,1,1.0,1,1,1.0,0,2,0.0,0,0,0.0,0,0,0.0,1,3,0.333
2025-26,Regular Season,1642928,Dylan Cardwell,1610612758,SAC,24.0,Dylan,59,80,0.738,25,64,0.391,4,9,0.444,0,0,0.0,0,1,0.0,0,0,0.0,0,0,0.0,0,1,0.0
2025-26,Regular Season,1642844,Dylan Harper,1610612759,SAS,20.0,Dylan,177,276,0.641,47,106,0.443,26,56,0.464,5,14,0.357,9,24,0.375,41,129,0.318,0,1,0.0,14,38,0.368
2025-26,Regular Season,1630700,Dyson Daniels,1610612737,ATL,23.0,Dyson,243,357,0.681,117,261,0.448,7,17,0.412,1,13,0.077,6,23,0.261,13,74,0.176,0,0,0.0,7,36,0.194
2025-26,Regular Season,1630604,E.J. Liddell,1610612751,BKN,25.0,E.J.,8,9,0.889,6,12,0.5,1,3,0.333,2,7,0.286,2,5,0.4,3,21,0.143,0,0,0.0,4,12,0.333
2025-26,Regular Season,1642856,Egor Dëmin,1610612751,BKN,20.0,Egor,33,60,0.55,14,36,0.389,8,31,0.258,12,23,0.522,12,29,0.414,100,270,0.37,0,0,0.0,24,52,0.462
2025-26,Regular Season,1641989,Elijah Harkless,1610612762,UTA,26.0,Elijah,23,43,0.535,7,19,0.368,3,11,0.273,5,18,0.278,4,12,0.333,12,58,0.207,0,0,0.0,9,30,0.3
2025-26,Regular Season,1641801,Emanuel Miller,1610612759,SAS,25.0,Emanuel,1,3,0.333,2,3,0.667,1,1,1.0,2,2,1.0,0,0,0.0,0,4,0.0,0,0,0.0,2,2,1.0
2025-26,Regular Season,1642402,Enrique Freeman,1610612750,MIN,25.0,Enrique,0,0,0.0,0,0,0.0,0,0,0.0,,,,,,,0,0,0.0,0,0,0.0,,,
2025-26,Regular Season,201569,Eric Gordon,1610612755,PHI,37.0,Eric,4,6,0.667,0,1,0.0,0,0,0.0,1,1,1.0,1,1,1.0,6,12,0.5,0,0,0.0,2,2,1.0
2025-26,Regular Season,1630679,Ethan Thompson,1610612754,IND,26.0,Ethan,13,20,0.65,8,20,0.4,3,13,0.231,5,18,0.278,6,19,0.316,19,50,0.38,0,0,0.0,11,37,0.297
2025-26,Regular Season,1630596,Evan Mobley,1610612739,CLE,24.0,Evan,276,373,0.74,88,195,0.451,22,48,0.458,3,16,0.188,3,15,0.2,55,173,0.318,0,1,0.0,6,31,0.194
2025-26,Regular Season,1630532,Franz Wagner,1610612753,ORL,24.0,Franz,106,159,0.667,59,134,0.44,11,36,0.306,3,9,0.333,5,12,0.417,34,103,0.33,0,0,0.0,8,21,0.381
2025-26,Regular Season,1641713,GG Jackson,1610612763,MEM,21.0,GG,138,196,0.704,46,106,0.434,5,13,0.385,14,30,0.467,12,29,0.414,36,130,0.277,1,1,1.0,26,59,0.441
2025-26,Regular Season,1629216,Gabe Vincent,1610612737,ATL,29.0,Gabe,9,13,0.692,4,17,0.235,4,13,0.308,10,22,0.455,8,23,0.348,37,121,0.306,0,0,0.0,18,45,0.4
2025-26,Regular Season,202066,Garrett Temple,1610612761,TOR,39.0,Garrett,0,0,0.0,0,2,0.0,1,1,1.0,1,3,0.333,0,0,0.0,1,8,0.125,0,0,0.0,1,3,0.333
2025-26,Regular Season,1629726,Garrison Mathews,1610612754,IND,29.0,Garrison,2,4,0.5,1,1,1.0,1,1,1.0,2,2,1.0,6,15,0.4,9,29,0.31,0,0,0.0,8,17,0.471
2025-26,Regular Season,203914,Gary Harris,1610612749,MIL,31.0,Gary,11,15,0.733,2,8,0.25,3,8,0.375,11,21,0.524,7,16,0.438,9,27,0.333,0,0,0.0,18,37,0.486
2025-26,Regular Season,1627780,Gary Payton II,1610612744,GSW,33.0,Gary,156,207,0.754,27,52,0.519,1,4,0.25,15,32,0.469,7,28,0.25,15,62,0.242,0,0,0.0,22,60,0.367
2025-26,Regular Season,1629018,Gary Trent Jr.,1610612749,MIL,27.0,Gary,10,19,0.526,23,54,0.426,24,54,0.444,22,55,0.4,19,45,0.422,82,234,0.35,0,0,0.0,41,100,0.41
2025-26,Regular Season,203507,Giannis Antetokounmpo,1610612749,MIL,31.0,Giannis,311,402,0.774,25,69,0.362,22,82,0.268,1,1,1.0,0,0,0.0,14,44,0.318,0,0,0.0,1,1,1.0
2025-26,Regular Season,1629048,Goga Bitadze,1610612753,ORL,26.0,Goga,114,155,0.735,15,26,0.577,0,3,0.0,1,2,0.5,0,2,0.0,1,7,0.143,0,0,0.0,1,4,0.25
2025-26,Regular Season,1641711,Gradey Dick,1610612761,TOR,22.0,Gradey,69,101,0.683,14,47,0.298,18,41,0.439,12,30,0.4,15,40,0.375,28,115,0.243,0,0,0.0,27,70,0.386
2025-26,Regular Season,1641761,Grant Nelson,1610612751,BKN,24.0,Grant,4,6,0.667,1,3,0.333,0,0,0.0,0,0,0.0,0,0,0.0,0,0,0.0,0,0,0.0,0,0,0.0
2025-26,Regular Season,1629684,Grant Williams,1610612766,CHA,27.0,Grant,9,14,0.643,9,22,0.409,6,9,0.667,7,19,0.368,12,25,0.48,26,74,0.351,0,0,0.0,19,44,0.432
2025-26,Regular Season,1628960,Grayson Allen,1610612756,PHX,30.0,Grayson,60,86,0.698,40,106,0.377,8,16,0.5,16,33,0.485,6,21,0.286,135,392,0.344,0,0,0.0,22,54,0.407
2025-26,Regular Season,1627824,Guerschon Yabusele,1610612741,CHI,30.0,Guerschon,38,63,0.603,11,36,0.306,3,9,0.333,11,27,0.407,13,39,0.333,41,116,0.353,0,0,0.0,24,66,0.364
2025-26,Regular Season,1630611,Gui Santos,1610612744,GSW,23.0,Gui,119,162,0.735,23,52,0.442,2,4,0.5,16,31,0.516,12,27,0.444,47,153,0.307,0,0,0.0,28,58,0.483
2025-26,Regular Season,203084,Harrison Barnes,1610612759,SAS,33.0,Harrison,72,99,0.727,34,81,0.42,6,22,0.273,34,86,0.395,38,98,0.388,61,158,0.386,0,0,0.0,72,184,0.391
2025-26,Regular Season,1631127,Harrison Ingram,1610612759,SAS,23.0,Harrison,3,3,1.0,1,2,0.5,0,0,0.0,0,0,0.0,0,0,0.0,1,1,1.0,0,0,0.0,0,0,0.0
2025-26,Regular Season,1629312,Haywood Highsmith,1610612756,PHX,29.0,Haywood,1,3,0.333,1,4,0.25,0,0,0.0,1,3,0.333,1,1,1.0,6,9,0.667,0,0,0.0,2,4,0.5
2025-26,Regular Season,1630529,Herbert Jones,1610612740,NOP,27.0,Herbert,71,128,0.555,20,61,0.328,11,28,0.393,10,30,0.333,18,54,0.333,51,173,0.295,0,0,0.0,28,84,0.333
2025-26,Regular Season,1642864,Hugo González,1610612738,BOS,20.0,Hugo,59,82,0.72,13,38,0.342,1,7,0.143,13,29,0.448,9,25,0.36,18,58,0.31,0,0,0.0,22,54,0.407
2025-26,Regular Season,1630621,Hunter Dickinson,1610612740,NOP,25.0,Hunter,0,0,0.0,1,1,1.0,0,1,0.0,0,0,0.0,,,,0,0,0.0,0,0,0.0,0,0,0.0
2025-26,Regular Season,1642282,Hunter Sallis,1610612755,PHI,23.0,Hunter,2,3,0.667,1,2,0.5,0,0,0.0,0,0,0.0,0,0,0.0,0,0,0.0,,,,0,0,0.0
2025-26,Regular Season,1641816,Hunter Tyson,1610612743,DEN,25.0,Hunter,5,11,0.455,1,6,0.167,1,2,0.5,0,1,0.0,0,7,0.0,7,25,0.28,0,0,0.0,0,8,0.0
2025-26,Regular Season,1630193,Immanuel Quickley,1610612761,TOR,26.0,Immanuel,73,108,0.676,112,234,0.479,35,79,0.443,9,27,0.333,20,46,0.435,145,392,0.37,0,0,0.0,29,73,0.397
2025-26,Regular Season,1642403,Isaac Jones,1610612765,DET,25.0,Isaac,3,3,1.0,0,1,0.0,0,0,0.0,0,1,0.0,0,0,0.0,0,1,0.0,0,0,0.0,0,1,0.0
2025-26,Regular Season,1630171,Isaac Okoro,1610612741,CHI,25.0,Isaac,122,196,0.622,8,32,0.25,1,2,0.5,21,65,0.323,22,58,0.379,28,89,0.315,0,0,0.0,43,123,0.35
2025-26,Regular Season,1642268,Isaiah Collier,1610612762,UTA,21.0,Isaiah,119,162,0.735,99,217,0.456,10,36,0.278,4,11,0.364,2,11,0.182,21,78,0.269,0,0,0.0,6,22,0.273
2025-26,Regular Season,1642384,Isaiah Crawford,1610612745,HOU,24.0,Isaiah,2,4,0.5,0,1,0.0,2,3,0.667,0,4,0.0,2,3,0.667,0,3,0.0,0,0,0.0,2,7,0.286
2025-26,Regular Season,1628392,Isaiah Hartenstein,1610612760,OKC,27.0,Isaiah,127,171,0.743,43,92,0.467,6,15,0.4,0,2,0.0,0,0,0.0,0,5,0.0,0,0,0.0,0,2,0.0
2025-26,Regular Season,1630543,Isaiah Jackson,1610612746,LAC,24.0,Isaiah,129,179,0.721,22,48,0.458,0,7,0.0,0,1,0.0,0,1,0.0,0,1,0.0,0,0,0.0,0,2,0.0
2025-26,Regular Season,1630198,Isaiah Joe,1610612760,OKC,26.0,Isaiah,31,50,0.62,15,26,0.577,17,37,0.459,27,57,0.474,24,40,0.6,118,310,0.381,0,0,0.0,51,97,0.526
2025-26,Regular Season,1630587,Isaiah Livers,1610612756,PHX,27.0,Isaiah,9,14,0.643,0,6,0.0,1,4,0.25,4,12,0.333,2,6,0.333,6,22,0.273,0,0,0.0,6,18,0.333
2025-26,Regular Season,1641815,Isaiah Stevens,1610612758,SAC,25.0,Isaiah,2,3,0.667,1,3,0.333,0,0,0.0,0,0,0.0,0,0,0.0,0,1,0.0,0,0,0.0,0,0,0.0
2025-26,Regular Season,1630191,Isaiah Stewart,1610612765,DET,24.0,Isaiah,133,176,0.756,35,89,0.393,2,4,0.5,11,28,0.393,9,22,0.409,19,67,0.284,0,0,0.0,20,50,0.4
2025-26,Regular Season,1627826,Ivica Zubac,1610612754,IND,29.0,Ivica,181,263,0.688,102,207,0.493,5,12,0.417,0,0,0.0,0,0,0.0,0,0,0.0,0,0,0.0,0,0,0.0
2025-26,Regular Season,1631120,JD Davison,1610612745,HOU,23.0,JD,6,8,0.75,7,15,0.467,1,4,0.25,0,2,0.0,0,5,0.0,8,21,0.381,0,0,0.0,0,7,0.0
2025-26,Regular Season,1629630,Ja Morant,1610612763,MEM,26.0,Ja,51,84,0.607,46,115,0.4,15,38,0.395,1,3,0.333,5,9,0.556,14,73,0.192,0,0,0.0,6,12,0.5
2025-26,Regular Season,1642266,Ja'Kobe Walter,1610612761,TOR,21.0,Ja'Kobe,52,89,0.584,12,30,0.4,3,10,0.3,22,44,0.5,29,61,0.475,43,134,0.321,0,0,0.0,51,105,0.486
2025-26,Regular Season,1631095,Jabari Smith Jr.,1610612745,HOU,22.0,Jabari,114,165,0.691,80,163,0.491,53,135,0.393,30,77,0.39,32,89,0.36,102,289,0.353,0,0,0.0,62,166,0.373
2025-26,Regular Season,1631133,Jabari Walker,1610612755,PHI,23.0,Jabari,59,97,0.608,3,16,0.188,1,3,0.333,6,21,0.286,14,31,0.452,11,42,0.262,0,0,0.0,20,52,0.385
2025-26,Regular Season,1631210,Jacob Toppin,1610612737,ATL,25.0,Jacob,3,3,1.0,1,2,0.5,0,1,0.0,0,0,0.0,0,0,0.0,0,0,0.0,0,0,0.0,0,0,0.0
2025-26,Regular Season,1630702,Jaden Hardy,1610612764,WAS,23.0,Jaden,31,55,0.564,27,67,0.403,17,34,0.5,17,36,0.472,19,43,0.442,60,165,0.364,0,0,0.0,36,79,0.456
2025-26,Regular Season,1631093,Jaden Ivey,1610612741,CHI,24.0,Jaden,34,57,0.596,12,34,0.353,18,31,0.581,7,19,0.368,2,4,0.5,41,111,0.369,0,0,0.0,9,23,0.391
2025-26,Regular Season,1630183,Jaden McDaniels,1610612750,MIN,25.0,Jaden,156,216,0.722,94,215,0.437,49,101,0.485,15,42,0.357,28,52,0.538,59,148,0.399,0,0,0.0,43,94,0.457
2025-26,Regular Season,1630256,Jae'Sean Tate,1610612745,HOU,30.0,Jae'Sean,26,36,0.722,11,26,0.423,2,4,0.5,4,12,0.333,2,6,0.333,3,12,0.25,0,0,0.0,6,18,0.333
2025-26,Regular Season,1642942,Jahmai Mashack,1610612763,MEM,23.0,Jahmai,35,59,0.593,12,35,0.343,0,4,0.0,0,6,0.0,1,10,0.1,15,44,0.341,0,0,0.0,1,16,0.063
2025-26,Regular Season,1642443,Jahmir Young,1610612748,MIA,25.0,Jahmir,4,9,0.444,2,3,0.667,0,2,0.0,1,2,0.5,0,0,0.0,1,6,0.167,0,0,0.0,1,2,0.5
2025-26,Regular Season,1643141,Jahmyl Telfort,1610612746,LAC,24.0,Jahmyl,0,0,0.0,0,0,0.0,0,0,0.0,0,1,0.0,0,1,0.0,0,2,0.0,0,0,0.0,0,2,0.0
2025-26,Regular Season,1631170,Jaime Jaquez Jr.,1610612748,MIA,25.0,Jaime,195,289,0.675,142,327,0.434,33,64,0.516,16,41,0.39,8,17,0.471,26,107,0.243,0,0,0.0,24,58,0.414
2025-26,Regular Season,1631222,Jake LaRavia,1610612747,LAL,24.0,Jake,115,162,0.71,39,98,0.398,1,6,0.167,22,74,0.297,12,44,0.273,39,109,0.358,0,1,0.0,34,118,0.288
2025-26,Regular Season,1627751,Jakob Poeltl,1610612761,TOR,30.0,Jakob,145,185,0.784,37,73,0.507,10,18,0.556,0,0,0.0,0,0,0.0,0,0,0.0,0,0,0.0,0,0,0.0
2025-26,Regular Season,1628973,Jalen Brunson,1610612752,NYK,29.0,Jalen,124,200,0.62,194,405,0.479,150,299,0.502,14,35,0.4,23,54,0.426,151,419,0.36,0,0,0.0,37,89,0.416
2025-26,Regular Season,1631105,Jalen Duren,1610612765,DET,22.0,Jalen,375,520,0.721,107,214,0.5,12,32,0.375,0,0,0.0,0,0,0.0,0,0,0.0,0,0,0.0,0,0,0.0
2025-26,Regular Season,1630224,Jalen Green,1610612756,PHX,24.0,Jalen,71,119,0.597,22,59,0.373,38,82,0.463,13,28,0.464,8,18,0.444,48,169,0.284,0,0,0.0,21,46,0.457
2025-26,Regular Season,1630552,Jalen Johnson,1610612737,ATL,24.0,Jalen,260,366,0.71,146,351,0.416,61,136,0.449,2,8,0.25,4,15,0.267,109,305,0.357,0,0,0.0,6,23,0.261
2025-26,Regular Season,1629618,Jalen Pickett,1610612743,DEN,26.0,Jalen,19,30,0.633,14,28,0.5,10,33,0.303,7,16,0.438,3,12,0.25,34,86,0.395,0,0,0.0,10,28,0.357
2025-26,Regular Season,1641771,Jalen Slawson,1610612754,IND,26.0,Jalen,6,11,0.545,1,5,0.2,0,3,0.0,2,5,0.4,0,1,0.0,6,18,0.333,0,0,0.0,2,6,0.333
2025-26,Regular Season,1630188,Jalen Smith,1610612741,CHI,26.0,Jalen,99,149,0.664,11,25,0.44,3,9,0.333,10,24,0.417,11,32,0.344,61,165,0.37,0,0,0.0,21,56,0.375
2025-26,Regular Season,1630591,Jalen Suggs,1610612753,ORL,24.0,Jalen,79,117,0.675,43,88,0.489,33,66,0.5,11,33,0.333,13,32,0.406,79,251,0.315,0,0,0.0,24,65,0.369
2025-26,Regular Season,1631114,Jalen Williams,1610612760,OKC,24.0,Jalen,99,150,0.66,57,130,0.438,26,71,0.366,4,9,0.444,0,3,0.0,18,62,0.29,0,0,0.0,4,12,0.333
2025-26,Regular Season,1630592,Jalen Wilson,1610612751,BKN,25.0,Jalen,23,44,0.523,15,45,0.333,3,6,0.5,13,24,0.542,3,16,0.188,33,98,0.337,0,0,0.0,16,40,0.4
2025-26,Regular Season,1631288,Jamal Cain,1610612753,ORL,27.0,Jamal,21,31,0.677,8,20,0.4,5,12,0.417,6,16,0.375,6,17,0.353,12,28,0.429,0,0,0.0,12,33,0.364
2025-26,Regular Season,1627750,Jamal Murray,1610612743,DEN,29.0,Jamal,148,228,0.649,138,294,0.469,116,254,0.457,21,37,0.568,11,24,0.458,199,475,0.419,3,3,1.0,32,61,0.525
2025-26,Regular Season,1642347,Jamal Shead,1610612761,TOR,23.0,Jamal,52,90,0.578,39,113,0.345,4,22,0.182,5,23,0.217,7,26,0.269,67,199,0.337,0,0,0.0,12,49,0.245
2025-26,Regular Season,1631123,Jamaree Bouyea,1610612756,PHX,26.0,Jamaree,43,49,0.878,20,53,0.377,12,35,0.343,3,7,0.429,3,10,0.3,14,50,0.28,0,0,0.0,6,17,0.353
2025-26,Regular Season,201935,James Harden,1610612739,CLE,36.0,James,129,202,0.639,97,230,0.422,37,92,0.402,4,11,0.364,5,20,0.25,195,515,0.379,0,0,0.0,9,31,0.29
2025-26,Regular Season,1630164,James Wiseman,1610612754,IND,25.0,James,5,7,0.714,1,2,0.5,0,1,0.0,0,0,0.0,0,0,0.0,0,0,0.0,0,0,0.0,0,0,0.0
2025-26,Regular Season,1642364,Jamir Watkins,1610612764,WAS,24.0,Jamir,56,75,0.747,11,29,0.379,2,7,0.286,10,30,0.333,8,26,0.308,17,66,0.258,0,0,0.0,18,56,0.321
2025-26,Regular Season,1642419,Jamison Battle,1610612761,TOR,24.0,Jamison,25,37,0.676,7,12,0.583,2,5,0.4,10,20,0.5,4,9,0.444,21,53,0.396,0,1,0.0,14,29,0.483
2025-26,Regular Season,1641716,Jarace Walker,1610612754,IND,22.0,Jarace,89,152,0.586,51,140,0.364,25,63,0.397,11,27,0.407,12,29,0.414,104,282,0.369,0,0,0.0,23,56,0.411
2025-26,Regular Season,1642272,Jared McCain,1610612760,OKC,22.0,Jared,46,88,0.523,33,76,0.434,15,41,0.366,7,30,0.233,14,26,0.538,71,180,0.394,0,0,0.0,21,56,0.375
2025-26,Regular Season,1628991,Jaren Jackson Jr.,1610612762,UTA,26.0,Jaren,86,139,0.619,148,287,0.516,24,58,0.414,9,25,0.36,11,30,0.367,64,180,0.356,0,0,0.0,20,55,0.364
2025-26,Regular Season,1629020,Jarred Vanderbilt,1610612747,LAL,27.0,Jarred,69,111,0.622,7,19,0.368,1,2,0.5,15,35,0.429,12,51,0.235,0,5,0.0,0,0,0.0,27,86,0.314
2025-26,Regular Season,1628386,Jarrett Allen,1610612739,CLE,27.0,Jarrett,213,273,0.78,99,198,0.5,15,31,0.484,0,2,0.0,0,4,0.0,1,4,0.25,0,0,0.0,0,6,0.0
2025-26,Regular Season,1642859,Jase Richardson,1610612753,ORL,20.0,Jase,30,45,0.667,20,47,0.426,6,11,0.545,7,14,0.5,6,16,0.375,15,48,0.313,0,0,0.0,13,30,0.433
2025-26,Regular Season,1642914,Javon Small,1610612763,MEM,23.0,Javon,42,61,0.689,21,56,0.375,5,19,0.263,2,7,0.286,4,5,0.8,53,121,0.438,0,0,0.0,6,12,0.5
2025-26,Regular Season,1631451,Javonte Cooke,1610612757,POR,26.0,Javonte,2,7,0.286,4,10,0.4,0,1,0.0,0,3,0.0,0,2,0.0,3,18,0.167,0,0,0.0,0,5,0.0
2025-26,Regular Season,1629750,Javonte Green,1610612765,DET,32.0,Javonte,68,113,0.602,16,33,0.485,2,12,0.167,16,35,0.457,31,60,0.517,40,138,0.29,0,0,0.0,47,95,0.495
2025-26,Regular Season,1629637,Jaxson Hayes,1610612747,LAL,25.0,Jaxson,157,201,0.781,30,48,0.625,0,0,0.0,0,0,0.0,0,0,0.0,3,3,1.0,0,0,0.0,0,0,0.0
2025-26,Regular Season,1630643,Jay Huff,1610612754,IND,28.0,Jay,124,164,0.756,28,47,0.596,5,6,0.833,5,21,0.238,8,25,0.32,100,310,0.323,0,0,0.0,13,46,0.283
2025-26,Regular Season,1627759,Jaylen Brown,1610612738,BOS,29.0,Jaylen,224,329,0.681,198,407,0.486,148,357,0.415,8,26,0.308,10,20,0.5,116,342,0.339,0,0,0.0,18,46,0.391
2025-26,Regular Season,1641740,Jaylen Clark,1610612750,MIN,24.0,Jaylen,42,69,0.609,16,39,0.41,2,7,0.286,8,30,0.267,8,23,0.348,10,30,0.333,0,1,0.0,16,53,0.302
2025-26,Regular Season,1642377,Jaylen Wells,1610612763,MEM,22.0,Jaylen,76,130,0.585,48,102,0.471,48,101,0.475,26,83,0.313,21,47,0.447,82,235,0.349,0,0,0.0,47,130,0.362
2025-26,Regular Season,1631119,Jaylin Williams,1610612760,OKC,23.0,Jaylin,28,45,0.622,13,32,0.406,9,17,0.529,16,32,0.5,8,22,0.364,71,195,0.364,0,0,0.0,24,54,0.444
2025-26,Regular Season,1642281,Jaylon Tyson,1610612739,CLE,23.0,Jaylon,119,201,0.592,56,123,0.455,12,29,0.414,30,59,0.508,22,55,0.4,78,172,0.453,0,0,0.0,52,114,0.456
2025-26,Regular Season,1643257,Jayson Kent,1610612757,POR,24.0,Jayson,3,3,1.0,0,0,0.0,0,0,0.0,0,0,0.0,0,0,0.0,1,3,0.333,0,0,0.0,0,0,0.0
2025-26,Regular Season,1628369,Jayson Tatum,1610612738,BOS,28.0,Jayson,28,46,0.609,18,39,0.462,10,30,0.333,3,6,0.5,2,4,0.5,35,110,0.318,0,0,0.0,5,10,0.5
2025-26,Regular Season,201145,Jeff Green,1610612745,HOU,39.0,Jeff,6,9,0.667,2,4,0.5,3,7,0.429,3,8,0.375,1,5,0.2,8,27,0.296,0,0,0.0,4,13,0.308
2025-26,Regular Season,203924,Jerami Grant,1610612757,POR,32.0,Jerami,149,232,0.642,30,97,0.309,16,51,0.314,17,49,0.347,44,93,0.473,75,208,0.361,0,0,0.0,61,142,0.43
2025-26,Regular Season,1642847,Jeremiah Fears,1610612740,NOP,19.0,Jeremiah,199,350,0.569,68,186,0.366,29,93,0.312,10,21,0.476,8,18,0.444,77,238,0.324,0,0,0.0,18,39,0.462
2025-26,Regular Season,1630526,Jeremiah Robinson-Earl,1610612742,DAL,25.0,Jeremiah,21,44,0.477,3,8,0.375,3,7,0.429,3,11,0.273,2,13,0.154,5,17,0.294,0,0,0.0,5,24,0.208
2025-26,Regular Season,1631110,Jeremy Sochan,1610612752,NYK,22.0,Jeremy,40,60,0.667,11,18,0.611,0,3,0.0,1,3,0.333,6,17,0.353,2,19,0.105,0,0,0.0,7,20,0.35
2025-26,Regular Season,1630579,Jericho Sims,1610612749,MIL,27.0,Jericho,110,131,0.84,9,17,0.529,0,2,0.0,0,0,0.0,0,0,0.0,0,0,0.0,0,0,0.0,0,0,0.0
2025-26,Regular Season,1641724,Jett Howard,1610612753,ORL,22.0,Jett,29,48,0.604,17,44,0.386,5,14,0.357,13,26,0.5,7,20,0.35,34,99,0.343,0,0,0.0,20,46,0.435
2025-26,Regular Season,1628975,Jevon Carter,1610612753,ORL,30.0,Jevon,9,23,0.391,8,22,0.364,21,35,0.6,13,40,0.325,10,23,0.435,49,140,0.35,0,0,0.0,23,63,0.365
2025-26,Regular Season,202710,Jimmy Butler III,1610612744,GSW,36.0,Jimmy,138,198,0.697,47,109,0.431,23,70,0.329,9,19,0.474,7,19,0.368,16,47,0.34,0,0,0.0,16,38,0.421
2025-26,Regular Season,1642866,Joan Beringer,1610612750,MIN,19.0,Joan,43,64,0.672,2,5,0.4,0,0,0.0,0,0,0.0,0,0,0.0,0,0,0.0,0,0,0.0,0,0,0.0
2025-26,Regular Season,1629111,Jock Landale,1610612737,ATL,30.0,Jock,134,209,0.641,66,121,0.545,8,25,0.32,6,25,0.24,17,31,0.548,51,137,0.372,0,0,0.0,23,56,0.411
2025-26,Regular Season,204060,Joe Ingles,1610612750,MIN,38.0,Joe,2,3,0.667,0,0,0.0,2,2,1.0,0,0,0.0,1,2,0.5,2,6,0.333,0,0,0.0,1,2,0.5
2025-26,Regular Season,203954,Joel Embiid,1610612755,PHI,32.0,Joel,116,170,0.682,68,145,0.469,98,210,0.467,1,5,0.2,1,3,0.333,49,145,0.338,0,0,0.0,2,8,0.25
2025-26,Regular Season,1628381,John Collins,1610612746,LAC,28.0,John,171,225,0.76,55,120,0.458,28,55,0.509,28,62,0.452,28,66,0.424,27,74,0.365,0,0,0.0,56,128,0.438
2025-26,Regular Season,1629723,John Konchar,1610612762,UTA,30.0,John,45,61,0.738,9,15,0.6,2,6,0.333,7,29,0.241,5,15,0.333,13,46,0.283,0,0,0.0,12,44,0.273
2025-26,Regular Season,1642967,John Poulakidas,1610612742,DAL,23.0,John,0,0,0.0,2,3,0.667,1,2,0.5,3,3,1.0,1,3,0.333,8,29,0.276,0,0,0.0,4,6,0.667
2025-26,Regular Season,1642910,John Tonje,1610612738,BOS,24.0,John,0,0,0.0,0,0,0.0,0,0,0.0,0,0,0.0,0,0,0.0,0,2,0.0,0,0,0.0,0,0,0.0
2025-26,Regular Season,1641780,Johni Broome,1610612755,PHI,23.0,Johni,3,10,0.3,1,7,0.143,0,2,0.0,0,0,0.0,0,1,0.0,0,4,0.0,0,0,0.0,0,1,0.0
2025-26,Regular Season,1642277,Johnny Furphy,1610612754,IND,21.0,Johnny,43,62,0.694,4,13,0.308,0,3,0.0,3,11,0.273,7,19,0.368,13,41,0.317,0,0,0.0,10,30,0.333
2025-26,Regular Season,1630548,Johnny Juzang,1610612750,MIN,25.0,Johnny,4,5,0.8,4,6,0.667,2,3,0.667,1,3,0.333,1,7,0.143,4,14,0.286,0,0,0.0,2,10,0.2
2025-26,Regular Season,202685,Jonas Valančiūnas,1610612743,DEN,33.0,Jonas,92,142,0.648,72,122,0.59,25,57,0.439,1,1,1.0,0,0,0.0,5,19,0.263,0,0,0.0,1,1,1.0
2025-26,Regular Season,1628371,Jonathan Isaac,1610612753,ORL,28.0,Jonathan,33,51,0.647,4,11,0.364,2,9,0.222,2,12,0.167,4,15,0.267,1,11,0.091,0,0,0.0,6,27,0.222
2025-26,Regular Season,1630228,Jonathan Kuminga,1610612737,ATL,23.0,Jonathan,66,108,0.611,34,74,0.459,7,31,0.226,10,24,0.417,5,15,0.333,17,48,0.354,1,1,1.0,15,39,0.385
2025-26,Regular Season,1642367,Jonathan Mogbo,1610612761,TOR,24.0,Jonathan,15,27,0.556,7,12,0.583,1,1,1.0,0,0,0.0,0,1,0.0,0,0,0.0,0,0,0.0,0,1,0.0
2025-26,Regular Season,203903,Jordan Clarkson,1610612752,NYK,33.0,Jordan,68,110,0.618,71,139,0.511,18,45,0.4,14,46,0.304,13,37,0.351,43,127,0.339,0,0,0.0,27,83,0.325
2025-26,Regular Season,1630692,Jordan Goodwin,1610612756,PHX,27.0,Jordan,78,139,0.561,24,74,0.324,11,33,0.333,19,54,0.352,15,46,0.326,70,190,0.368,0,0,0.0,34,100,0.34
2025-26,Regular Season,1641722,Jordan Hawkins,1610612740,NOP,23.0,Jordan,9,18,0.5,3,15,0.2,18,52,0.346,7,13,0.538,7,13,0.538,25,90,0.278,0,0,0.0,14,26,0.538
2025-26,Regular Season,1629162,Jordan McLaughlin,1610612759,SAS,29.0,Jordan,12,19,0.632,2,12,0.167,1,5,0.2,1,9,0.111,6,10,0.6,9,20,0.45,0,0,0.0,7,19,0.368
2025-26,Regular Season,1641757,Jordan Miller,1610612746,LAC,26.0,Jordan,106,148,0.716,49,110,0.445,5,11,0.455,7,23,0.304,2,12,0.167,22,62,0.355,0,0,0.0,9,35,0.257
2025-26,Regular Season,1629673,Jordan Poole,1610612740,NOP,26.0,Jordan,40,81,0.494,17,43,0.395,6,20,0.3,4,13,0.308,10,16,0.625,73,238,0.307,0,0,0.0,14,29,0.483
2025-26,Regular Season,1641775,Jordan Walsh,1610612738,BOS,22.0,Jordan,69,95,0.726,11,31,0.355,1,6,0.167,9,23,0.391,6,17,0.353,28,70,0.4,0,0,0.0,15,40,0.375
2025-26,Regular Season,1630631,Jose Alvarado,1610612752,NYK,27.0,Jose,47,71,0.662,31,71,0.437,3,10,0.3,16,37,0.432,12,39,0.308,68,199,0.342,0,0,0.0,28,76,0.368
2025-26,Regular Season,1630581,Josh Giddey,1610612741,CHI,23.0,Josh,127,221,0.575,81,171,0.474,10,42,0.238,6,20,0.3,7,18,0.389,90,245,0.367,0,0,0.0,13,38,0.342
2025-26,Regular Season,1630182,Josh Green,1610612766,CHA,25.0,Josh,19,30,0.633,5,11,0.455,1,2,0.5,19,44,0.432,18,37,0.486,19,52,0.365,0,0,0.0,37,81,0.457
2025-26,Regular Season,1628404,Josh Hart,1610612752,NYK,31.0,Josh,126,188,0.67,49,104,0.471,20,48,0.417,20,40,0.5,14,29,0.483,61,163,0.374,0,0,0.0,34,69,0.493
2025-26,Regular Season,1631169,Josh Minott,1610612751,BKN,23.0,Josh,48,60,0.8,9,30,0.3,0,3,0.0,10,23,0.435,12,24,0.5,41,101,0.406,0,0,0.0,22,47,0.468
2025-26,Regular Season,1629006,Josh Okogie,1610612745,HOU,27.0,Josh,46,84,0.548,9,28,0.321,5,11,0.455,13,44,0.295,22,56,0.393,25,51,0.49,0,0,0.0,35,100,0.35
2025-26,Regular Season,201950,Jrue Holiday,1610612757,POR,35.0,Jrue,79,118,0.669,68,147,0.463,21,52,0.404,13,27,0.481,10,22,0.455,106,283,0.375,0,0,0.0,23,49,0.469
2025-26,Regular Season,1630577,Julian Champagnie,1610612759,SAS,24.0,Julian,76,101,0.752,16,47,0.34,5,13,0.385,49,110,0.445,23,70,0.329,114,309,0.369,0,0,0.0,72,180,0.4
2025-26,Regular Season,1641763,Julian Phillips,1610612750,MIN,22.0,Julian,22,37,0.595,2,7,0.286,1,1,1.0,4,20,0.2,7,17,0.412,6,17,0.353,0,0,0.0,11,37,0.297
2025-26,Regular Season,1642882,Julian Reese,1610612764,WAS,22.0,Julian,28,36,0.778,4,16,0.25,0,3,0.0,0,0,0.0,0,0,0.0,0,0,0.0,0,0,0.0,0,0,0.0
2025-26,Regular Season,1631124,Julian Strawther,1610612743,DEN,23.0,Julian,37,61,0.607,34,66,0.515,6,14,0.429,9,24,0.375,12,22,0.545,24,80,0.3,0,0,0.0,21,46,0.457
2025-26,Regular Season,203944,Julius Randle,1610612750,MIN,31.0,Julius,263,389,0.676,132,282,0.468,66,173,0.382,15,39,0.385,9,35,0.257,81,260,0.312,0,0,0.0,24,74,0.324
2025-26,Regular Season,1630551,Justin Champagnie,1610612764,WAS,24.0,Justin,154,214,0.72,14,53,0.264,1,7,0.143,9,30,0.3,6,19,0.316,32,96,0.333,0,0,0.0,15,49,0.306
2025-26,Regular Season,1642348,Justin Edwards,1610612755,PHI,22.0,Justin,40,58,0.69,24,53,0.453,7,15,0.467,7,17,0.412,5,12,0.417,50,139,0.36,0,0,0.0,12,29,0.414
2025-26,Regular Season,203994,Jusuf Nurkić,1610612762,UTA,31.0,Jusuf,77,132,0.583,74,140,0.529,4,15,0.267,2,4,0.5,0,0,0.0,23,67,0.343,0,0,0.0,2,4,0.5
2025-26,Regular Season,1642354,KJ Simpson,1610612743,DEN,23.0,KJ,13,27,0.481,7,24,0.292,1,6,0.167,1,3,0.333,2,3,0.667,9,34,0.265,0,0,0.0,3,6,0.5
2025-26,Regular Season,1642955,Kadary Richmond,1610612764,WAS,24.0,Kadary,6,9,0.667,2,3,0.667,0,0,0.0,0,1,0.0,0,0,0.0,2,3,0.667,0,0,0.0,0,1,0.0
2025-26,Regular Season,1642880,Kam Jones,1610612754,IND,24.0,Kam,18,27,0.667,18,42,0.429,3,6,0.5,2,8,0.25,4,8,0.5,13,45,0.289,0,0,0.0,6,16,0.375
2025-26,Regular Season,1626157,Karl-Anthony Towns,1610612752,NYK,30.0,Karl-Anthony,289,474,0.61,74,158,0.468,22,68,0.324,5,11,0.455,2,5,0.4,102,280,0.364,0,0,0.0,7,16,0.438
2025-26,Regular Season,1631255,Karlo Matković,1610612740,NOP,25.0,Karlo,94,115,0.817,9,27,0.333,1,3,0.333,7,22,0.318,16,26,0.615,15,42,0.357,0,0,0.0,23,48,0.479
2025-26,Regular Season,1642857,Kasparas Jakučionis,1610612748,MIA,19.0,Kasparas,24,45,0.533,7,22,0.318,1,7,0.143,16,32,0.5,11,14,0.786,32,95,0.337,0,0,0.0,27,46,0.587
2025-26,Regular Season,202695,Kawhi Leonard,1610612746,LAC,34.0,Kawhi,140,190,0.737,181,327,0.554,117,250,0.468,12,24,0.5,5,18,0.278,142,374,0.38,0,0,0.0,17,42,0.405
2025-26,Regular Season,1630811,Keaton Wallace,1610612737,ATL,27.0,Keaton,5,8,0.625,18,39,0.462,6,17,0.353,1,2,0.5,3,7,0.429,33,84,0.393,0,0,0.0,4,9,0.444
2025-26,Regular Season,1631099,Keegan Murray,1610612758,SAC,25.0,Keegan,27,36,0.75,48,97,0.495,20,55,0.364,3,11,0.273,2,9,0.222,26,92,0.283,0,0,0.0,5,20,0.25
2025-26,Regular Season,1642276,Kel'el Ware,1610612748,MIA,21.0,Kel'el,203,291,0.698,31,88,0.352,3,13,0.231,14,34,0.412,14,32,0.438,53,147,0.361,0,0,0.0,28,66,0.424
2025-26,Regular Season,1629640,Keldon Johnson,1610612759,SAS,26.0,Keldon,199,302,0.659,86,169,0.509,7,13,0.538,25,65,0.385,23,65,0.354,47,119,0.395,0,0,0.0,48,130,0.369
2025-26,Regular Season,203482,Kelly Olynyk,1610612759,SAS,34.0,Kelly,29,35,0.829,4,10,0.4,2,4,0.5,2,3,0.667,2,7,0.286,8,37,0.216,0,0,0.0,4,10,0.4
2025-26,Regular Season,1626162,Kelly Oubre Jr.,1610612755,PHI,30.0,Kelly,88,135,0.652,54,117,0.462,9,25,0.36,17,34,0.5,20,45,0.444,45,143,0.315,0,0,0.0,37,79,0.468
2025-26,Regular Season,1631113,Kennedy Chandler,1610612762,UTA,23.0,Kennedy,20,30,0.667,8,33,0.242,1,5,0.2,2,5,0.4,1,3,0.333,5,19,0.263,0,0,0.0,3,8,0.375
2025-26,Regular Season,1629026,Kenrich Williams,1610612760,OKC,31.0,Kenrich,51,80,0.638,15,33,0.455,13,27,0.481,8,19,0.421,7,10,0.7,30,83,0.361,0,0,0.0,15,29,0.517
2025-26,Regular Season,203484,Kentavious Caldwell-Pope,1610612763,MEM,33.0,Kentavious,34,57,0.596,24,53,0.453,37,82,0.451,5,20,0.25,6,15,0.4,44,139,0.317,0,0,0.0,11,35,0.314
2025-26,Regular Season,1631165,Keon Ellis,1610612739,CLE,26.0,Keon,47,55,0.855,19,43,0.442,5,25,0.2,22,58,0.379,8,26,0.308,54,149,0.362,0,0,0.0,30,84,0.357
2025-26,Regular Season,1642352,Keshad Johnson,1610612748,MIA,24.0,Keshad,20,32,0.625,3,11,0.273,1,1,1.0,2,7,0.286,3,6,0.5,7,25,0.28,0,0,0.0,5,13,0.385
2025-26,Regular Season,1642933,Keshon Gilbert,1610612737,ATL,22.0,Keshon,1,2,0.5,0,0,0.0,0,0,0.0,0,0,0.0,0,0,0.0,0,2,0.0,0,0,0.0,0,0,0.0
2025-26,Regular Season,201142,Kevin Durant,1610612745,HOU,37.0,Kevin,94,123,0.764,212,357,0.594,194,395,0.491,6,14,0.429,16,32,0.5,153,382,0.401,0,0,0.0,22,46,0.478
2025-26,Regular Season,1628989,Kevin Huerter,1610612765,DET,27.0,Kevin,110,145,0.759,41,91,0.451,10,20,0.5,11,30,0.367,15,42,0.357,66,230,0.287,0,0,0.0,26,72,0.361
2025-26,Regular Season,201567,Kevin Love,1610612762,UTA,37.0,Kevin,11,33,0.333,11,17,0.647,4,7,0.571,13,17,0.765,4,13,0.308,36,112,0.321,0,0,0.0,17,30,0.567
2025-26,Regular Season,1641755,Kevin McCullar Jr.,1610612752,NYK,25.0,Kevin,8,14,0.571,0,1,0.0,0,3,0.0,1,4,0.25,2,3,0.667,3,11,0.273,0,0,0.0,3,7,0.429
2025-26,Regular Season,1629645,Kevin Porter Jr.,1610612749,MIL,25.0,Kevin,98,159,0.616,46,107,0.43,49,105,0.467,4,9,0.444,6,22,0.273,36,112,0.321,0,0,0.0,10,31,0.323
2025-26,Regular Season,1626172,Kevon Looney,1610612740,NOP,30.0,Kevon,21,34,0.618,0,5,0.0,1,6,0.167,0,0,0.0,0,1,0.0,1,8,0.125,0,0,0.0,0,1,0.0
2025-26,Regular Season,1641718,Keyonte George,1610612762,UTA,22.0,Keyonte,97,135,0.719,111,241,0.461,60,143,0.42,6,15,0.4,13,33,0.394,115,314,0.366,0,0,0.0,19,48,0.396
2025-26,Regular Season,1642863,Khaman Maluach,1610612756,PHX,19.0,Khaman,37,55,0.673,4,11,0.364,0,1,0.0,0,0,0.0,1,5,0.2,2,10,0.2,0,0,0.0,1,5,0.2
2025-26,Regular Season,203114,Khris Middleton,1610612742,DAL,34.0,Khris,35,62,0.565,39,94,0.415,81,184,0.44,14,35,0.4,8,18,0.444,39,121,0.322,0,0,0.0,22,53,0.415
2025-26,Regular Season,1630165,Killian Hayes,1610612758,SAC,24.0,Killian,3,5,0.6,12,35,0.343,4,20,0.2,0,2,0.0,0,3,0.0,13,46,0.283,0,0,0.0,0,5,0.0
2025-26,Regular Season,202691,Klay Thompson,1610612742,DAL,36.0,Klay,26,44,0.591,15,39,0.385,40,109,0.367,19,57,0.333,27,60,0.45,147,384,0.383,0,0,0.0,46,117,0.393
2025-26,Regular Season,1641738,Kobe Brown,1610612754,IND,26.0,Kobe,61,91,0.67,6,20,0.3,2,8,0.25,11,21,0.524,8,24,0.333,25,75,0.333,0,0,0.0,19,45,0.422
2025-26,Regular Season,1641723,Kobe Bufkin,1610612747,LAL,22.0,Kobe,5,6,0.833,4,9,0.444,0,4,0.0,1,4,0.25,0,1,0.0,2,17,0.118,0,0,0.0,1,5,0.2
2025-26,Regular Season,1642920,Kobe Sanders,1610612746,LAC,23.0,Kobe,48,65,0.738,26,62,0.419,16,47,0.34,20,40,0.5,8,18,0.444,42,116,0.362,0,0,0.0,28,58,0.483
2025-26,Regular Season,1642886,Koby Brea,1610612756,PHX,23.0,Koby,1,2,0.5,0,1,0.0,0,0,0.0,1,3,0.333,0,0,0.0,5,11,0.455,0,0,0.0,1,3,0.333
2025-26,Regular Season,1642851,Kon Knueppel,1610612766,CHA,20.0,Kon,118,182,0.648,93,174,0.534,22,60,0.367,33,68,0.485,34,67,0.507,197,476,0.414,0,1,0.0,67,135,0.496
2025-26,Regular Season,1627739,Kris Dunn,1610612746,LAC,32.0,Kris,78,113,0.69,59,121,0.488,4,18,0.222,22,44,0.5,15,41,0.366,38,115,0.33,0,0,0.0,37,85,0.435
2025-26,Regular Season,1631200,Kris Murray,1610612757,POR,25.0,Kris,83,129,0.643,7,19,0.368,0,0,0.0,11,33,0.333,7,35,0.2,13,49,0.265,0,0,0.0,18,68,0.265
2025-26,Regular Season,204001,Kristaps Porziņģis,1610612744,GSW,30.0,Kristaps,42,67,0.627,41,82,0.5,27,60,0.45,3,4,0.75,8,13,0.615,42,133,0.316,0,0,0.0,11,17,0.647
2025-26,Regular Season,203937,Kyle Anderson,1610612750,MIN,32.0,Kyle,34,56,0.607,50,104,0.481,5,7,0.714,2,3,0.667,1,4,0.25,1,3,0.333,0,0,0.0,3,7,0.429
2025-26,Regular Season,1642271,Kyle Filipowski,1610612762,UTA,22.0,Kyle,148,212,0.698,85,177,0.48,4,15,0.267,15,48,0.313,17,48,0.354,41,123,0.333,0,0,0.0,32,96,0.333
2025-26,Regular Season,1628398,Kyle Kuzma,1610612749,MIL,30.0,Kyle,169,246,0.687,60,151,0.397,23,47,0.489,14,49,0.286,17,36,0.472,51,152,0.336,0,1,0.0,31,85,0.365
2025-26,Regular Season,200768,Kyle Lowry,1610612755,PHI,40.0,Kyle,0,0,0.0,0,0,0.0,0,0,0.0,1,2,0.5,0,2,0.0,3,16,0.188,0,0,0.0,1,4,0.25
2025-26,Regular Season,1642273,Kyshawn George,1610612764,WAS,22.0,Kyshawn,77,114,0.675,37,109,0.339,40,94,0.426,12,31,0.387,11,22,0.5,76,207,0.367,0,0,0.0,23,53,0.434
2025-26,Regular Season,1643018,LJ Cryer,1610612744,GSW,24.0,LJ,3,4,0.75,3,8,0.375,3,10,0.3,2,13,0.154,1,4,0.25,32,72,0.444,0,0,0.0,3,17,0.176
2025-26,Regular Season,1630163,LaMelo Ball,1610612766,CHA,24.0,LaMelo,96,169,0.568,97,240,0.404,26,71,0.366,21,53,0.396,14,33,0.424,213,593,0.359,0,0,0.0,35,86,0.407
2025-26,Regular Season,1642950,Lachlan Olbrich,1610612741,CHI,22.0,Lachlan,16,28,0.571,6,9,0.667,1,1,1.0,0,4,0.0,0,0,0.0,2,8,0.25,0,0,0.0,0,4,0.0
2025-26,Regular Season,1629013,Landry Shamet,1610612752,NYK,29.0,Landry,41,58,0.707,4,19,0.211,10,20,0.5,27,56,0.482,22,59,0.373,51,139,0.367,0,0,0.0,49,115,0.426
2025-26,Regular Season,1626204,Larry Nance Jr.,1610612739,CLE,33.0,Larry,18,34,0.529,2,11,0.182,0,2,0.0,8,16,0.5,6,14,0.429,5,25,0.2,0,0,0.0,14,30,0.467
2025-26,Regular Season,1628374,Lauri Markkanen,1610612762,UTA,28.0,Lauri,160,226,0.708,87,179,0.486,22,76,0.289,19,39,0.487,14,33,0.424,82,252,0.325,0,0,0.0,33,72,0.458
2025-26,Regular Season,1643133,Lawson Lovering,1610612763,MEM,22.0,Lawson,6,7,0.857,0,3,0.0,0,0,0.0,0,0,0.0,0,0,0.0,0,0,0.0,0,0,0.0,0,0,0.0
2025-26,Regular Season,2544,LeBron James,1610612747,LAL,41.0,LeBron,238,318,0.748,69,161,0.429,56,143,0.392,6,27,0.222,7,21,0.333,58,179,0.324,0,0,0.0,13,48,0.271
2025-26,Regular Season,1641778,Leaky Black,1610612764,WAS,26.0,Leaky,5,11,0.455,6,12,0.5,4,10,0.4,6,9,0.667,3,6,0.5,3,13,0.231,0,0,0.0,9,15,0.6
2025-26,Regular Season,1631159,Leonard Miller,1610612741,CHI,22.0,Leonard,75,98,0.765,9,22,0.409,1,3,0.333,5,18,0.278,8,19,0.421,11,41,0.268,0,0,0.0,13,37,0.351
2025-26,Regular Season,1642862,Liam McNeeley,1610612766,CHA,20.0,Liam,8,13,0.615,6,21,0.286,0,0,0.0,5,11,0.455,3,11,0.273,16,38,0.421,0,0,0.0,8,22,0.364
2025-26,Regular Season,1630322,Lindy Waters III,1610612759,SAS,28.0,Lindy,3,5,0.6,0,1,0.0,3,3,1.0,5,11,0.455,3,11,0.273,18,55,0.327,0,0,0.0,8,22,0.364
2025-26,Regular Season,1628366,Lonzo Ball,1610612739,CLE,28.0,Lonzo,10,18,0.556,2,6,0.333,1,5,0.2,5,23,0.217,2,8,0.25,33,116,0.284,0,0,0.0,7,31,0.226
2025-26,Regular Season,1631351,Lucas Williamson,1610612763,MEM,27.0,Lucas,1,2,0.5,0,0,0.0,0,0,0.0,1,2,0.5,0,1,0.0,0,1,0.0,0,0,0.0,1,3,0.333
2025-26,Regular Season,1629652,Luguentz Dort,1610612760,OKC,26.0,Luguentz,39,62,0.629,19,48,0.396,12,35,0.343,15,36,0.417,8,35,0.229,95,278,0.342,0,0,0.0,23,71,0.324
2025-26,Regular Season,1629029,Luka Dončić,1610612747,LAL,27.0,Luka,133,163,0.816,202,365,0.553,104,235,0.443,4,30,0.133,4,15,0.267,246,649,0.379,0,0,0.0,8,45,0.178
2025-26,Regular Season,1630568,Luka Garza,1610612738,BOS,27.0,Luka,100,138,0.725,34,59,0.576,4,11,0.364,0,5,0.0,4,12,0.333,48,101,0.475,0,0,0.0,4,17,0.235
2025-26,Regular Season,1628379,Luke Kennard,1610612747,LAL,29.0,Luke,37,57,0.649,36,61,0.59,28,45,0.622,19,39,0.487,24,42,0.571,70,151,0.464,0,0,0.0,43,81,0.531
2025-26,Regular Season,1628436,Luke Kornet,1610612759,SAS,30.0,Luke,151,218,0.693,12,33,0.364,2,6,0.333,0,0,0.0,0,0,0.0,0,0,0.0,0,0,0.0,0,0,0.0
2025-26,Regular Season,1631247,Luke Travers,1610612739,CLE,24.0,Luke,7,15,0.467,1,4,0.25,0,1,0.0,1,2,0.5,0,2,0.0,0,12,0.0,0,0,0.0,1,4,0.25
2025-26,Regular Season,1630644,Mac McClung,1610612741,CHI,27.0,Mac,9,13,0.692,1,5,0.2,0,0,0.0,0,3,0.0,0,0,0.0,2,11,0.182,0,0,0.0,0,3,0.0
2025-26,Regular Season,1641869,Malachi Smith,1610612751,BKN,26.0,Malachi,10,16,0.625,6,15,0.4,1,2,0.5,2,3,0.667,1,3,0.333,9,16,0.563,0,0,0.0,3,6,0.5
2025-26,Regular Season,1631103,Malaki Branham,1610612764,WAS,22.0,Malaki,21,35,0.6,5,16,0.313,3,3,1.0,0,2,0.0,1,3,0.333,13,32,0.406,0,0,0.0,1,5,0.2
2025-26,Regular Season,1642502,Malevy Leons,1610612744,GSW,26.0,Malevy,14,23,0.609,4,12,0.333,1,4,0.25,0,4,0.0,1,4,0.25,2,5,0.4,0,0,0.0,1,8,0.125
2025-26,Regular Season,1628370,Malik Monk,1610612758,SAC,28.0,Malik,60,87,0.69,62,163,0.38,26,62,0.419,7,24,0.292,9,23,0.391,104,259,0.402,0,0,0.0,16,47,0.34
2025-26,Regular Season,1630699,MarJon Beauchamp,1610612755,PHI,25.0,MarJon,13,17,0.765,1,4,0.25,2,7,0.286,0,6,0.0,1,5,0.2,15,35,0.429,0,0,0.0,1,11,0.091
2025-26,Regular Season,1631204,Marcus Sasser,1610612765,DET,25.0,Marcus,13,22,0.591,6,22,0.273,4,18,0.222,11,17,0.647,6,11,0.545,24,68,0.353,0,0,0.0,17,28,0.607
2025-26,Regular Season,203935,Marcus Smart,1610612747,LAL,32.0,Marcus,39,62,0.629,34,87,0.391,16,29,0.552,23,54,0.426,14,37,0.378,59,195,0.303,0,0,0.0,37,91,0.407
2025-26,Regular Season,1641813,Mark Sears,1610612749,MIL,24.0,Mark,1,1,1.0,1,3,0.333,0,1,0.0,0,0,0.0,0,0,0.0,4,8,0.5,0,0,0.0,0,0,0.0
2025-26,Regular Season,1631109,Mark Williams,1610612756,PHX,24.0,Mark,209,293,0.713,52,114,0.456,5,11,0.455,0,0,0.0,1,1,1.0,0,0,0.0,0,0,0.0,1,1,1.0
2025-26,Regular Season,1628365,Markelle Fultz,1610612761,TOR,27.0,Markelle,1,1,1.0,1,5,0.2,0,5,0.0,0,0,0.0,0,0,0.0,0,0,0.0,0,0,0.0,0,0,0.0
2025-26,Regular Season,1628963,Marvin Bagley III,1610612742,DAL,27.0,Marvin,171,244,0.701,40,89,0.449,3,3,1.0,4,6,0.667,0,2,0.0,15,34,0.441,0,0,0.0,4,8,0.5
2025-26,Regular Season,203486,Mason Plumlee,1610612759,SAS,36.0,Mason,10,12,0.833,0,1,0.0,0,0,0.0,0,0,0.0,0,0,0.0,0,0,0.0,0,0,0.0,0,0,0.0
2025-26,Regular Season,1641824,Matas Buzelis,1610612741,CHI,21.0,Matas,220,342,0.643,40,100,0.4,7,18,0.389,30,77,0.39,19,54,0.352,124,355,0.349,0,0,0.0,49,131,0.374
2025-26,Regular Season,1629680,Matisse Thybulle,1610612757,POR,29.0,Matisse,15,23,0.652,3,11,0.273,0,0,0.0,3,14,0.214,4,15,0.267,24,50,0.48,0,0,0.0,7,29,0.241
2025-26,Regular Season,1631108,Max Christie,1610612742,DAL,23.0,Max,79,118,0.669,36,96,0.375,19,52,0.365,41,91,0.451,27,61,0.443,100,263,0.38,0,0,0.0,68,152,0.447
2025-26,Regular Season,1642917,Max Shulga,1610612738,BOS,23.0,Max,1,1,1.0,0,1,0.0,0,1,0.0,0,0,0.0,,,,0,1,0.0,0,0,0.0,0,0,0.0
2025-26,Regular Season,1629622,Max Strus,1610612739,CLE,30.0,Max,6,8,0.75,3,5,0.6,0,0,0.0,4,8,0.5,5,8,0.625,20,42,0.476,0,0,0.0,9,16,0.563
2025-26,Regular Season,1628467,Maxi Kleber,1610612747,LAL,34.0,Maxi,16,25,0.64,6,11,0.545,1,4,0.25,0,2,0.0,0,1,0.0,6,20,0.3,0,0,0.0,0,3,0.0
2025-26,Regular Season,1642875,Maxime Raynaud,1610612758,SAC,22.0,Maxime,127,172,0.738,189,346,0.546,20,41,0.488,6,14,0.429,0,8,0.0,13,42,0.31,0,0,0.0,6,22,0.273
2025-26,Regular Season,1642877,Micah Peavy,1610612740,NOP,24.0,Micah,52,92,0.565,11,39,0.282,3,12,0.25,4,19,0.211,5,29,0.172,14,46,0.304,0,0,0.0,9,48,0.188
2025-26,Regular Season,1630695,Micah Potter,1610612754,IND,27.0,Micah,45,61,0.738,16,31,0.516,2,8,0.25,15,25,0.6,15,44,0.341,30,71,0.423,0,0,0.0,30,69,0.435
2025-26,Regular Season,1629008,Michael Porter Jr.,1610612751,BKN,27.0,Michael,170,222,0.766,46,107,0.43,52,144,0.361,9,40,0.225,13,29,0.448,154,416,0.37,0,0,0.0,22,69,0.319
2025-26,Regular Season,1628969,Mikal Bridges,1610612752,NYK,29.0,Mikal,155,210,0.738,78,163,0.479,71,153,0.464,36,80,0.45,43,114,0.377,73,216,0.338,0,0,0.0,79,194,0.407
2025-26,Regular Season,201144,Mike Conley,1610612750,MIN,38.0,Mike,7,16,0.438,6,20,0.3,2,10,0.2,8,19,0.421,8,25,0.32,32,110,0.291,0,0,0.0,16,44,0.364
2025-26,Regular Season,1628970,Miles Bridges,1610612766,CHA,28.0,Miles,194,307,0.632,109,233,0.468,13,35,0.371,16,54,0.296,30,73,0.411,95,303,0.314,1,1,1.0,46,127,0.362
2025-26,Regular Season,1642939,Miles Kelly,1610612742,DAL,23.0,Miles,3,4,0.75,1,4,0.25,2,3,0.667,3,9,0.333,6,11,0.545,1,13,0.077,0,0,0.0,9,20,0.45
2025-26,Regular Season,1630540,Miles McBride,1610612752,NYK,25.0,Miles,21,34,0.618,8,27,0.296,26,62,0.419,16,40,0.4,12,34,0.353,77,181,0.425,0,0,0.0,28,74,0.378
2025-26,Regular Season,1629011,Mitchell Robinson,1610612752,NYK,28.0,Mitchell,139,193,0.72,3,3,1.0,0,0,0.0,0,0,0.0,0,0,0.0,0,0,0.0,0,0,0.0,0,0,0.0
2025-26,Regular Season,1628964,Mo Bamba,1610612762,UTA,27.0,Mo,4,9,0.444,0,1,0.0,1,1,1.0,0,0,0.0,0,0,0.0,0,0,0.0,0,0,0.0,0,0,0.0
2025-26,Regular Season,1642885,Mohamed Diawara,1610612752,NYK,20.0,Mohamed,23,46,0.5,7,17,0.412,10,16,0.625,5,11,0.455,14,19,0.737,29,93,0.312,0,0,0.0,19,30,0.633
2025-26,Regular Season,1628420,Monte Morris,1610612754,IND,30.0,Monte,4,6,0.667,1,5,0.2,0,1,0.0,0,2,0.0,0,1,0.0,2,5,0.4,0,0,0.0,0,3,0.0
2025-26,Regular Season,1629021,Moritz Wagner,1610612753,ORL,28.0,Moritz,42,73,0.575,15,43,0.349,1,4,0.25,2,8,0.25,4,9,0.444,16,51,0.314,0,0,0.0,6,17,0.353
2025-26,Regular Season,1630541,Moses Moody,1610612744,GSW,23.0,Moses,65,88,0.739,17,62,0.274,12,30,0.4,30,78,0.385,30,60,0.5,91,239,0.381,0,0,0.0,60,138,0.435
2025-26,Regular Season,1631243,Mouhamed Gueye,1610612737,ATL,23.0,Mouhamed,76,103,0.738,10,37,0.27,4,18,0.222,11,47,0.234,11,38,0.289,16,39,0.41,0,0,0.0,22,85,0.259
2025-26,Regular Season,1630619,Moussa Cisse,1610612742,DAL,23.0,Moussa,51,79,0.646,2,11,0.182,0,0,0.0,0,0,0.0,0,0,0.0,0,0,0.0,0,0,0.0,0,0,0.0
2025-26,Regular Season,1631217,Moussa Diabaté,1610612766,CHA,24.0,Moussa,186,262,0.71,31,80,0.388,2,5,0.4,1,1,1.0,0,0,0.0,0,1,0.0,0,0,0.0,1,1,1.0
2025-26,Regular Season,1626167,Myles Turner,1610612749,MIL,30.0,Myles,73,113,0.646,32,83,0.386,22,51,0.431,10,21,0.476,21,50,0.42,114,304,0.375,0,0,0.0,31,71,0.437
2025-26,Regular Season,1642066,Myron Gardner,1610612748,MIA,24.0,Myron,24,39,0.615,7,14,0.5,0,2,0.0,1,8,0.125,4,11,0.364,21,45,0.467,0,0,0.0,5,19,0.263
2025-26,Regular Season,1642368,N'Faly Dante,1610612737,ATL,24.0,N'Faly,1,2,0.5,0,1,0.0,0,1,0.0,0,0,0.0,0,0,0.0,0,0,0.0,0,0,0.0,0,0,0.0
2025-26,Regular Season,1641772,Nae'Qwan Tomlin,1610612739,CLE,25.0,Nae'Qwan,101,149,0.678,12,33,0.364,0,0,0.0,6,23,0.261,8,45,0.178,7,35,0.2,0,0,0.0,14,68,0.206
2025-26,Regular Season,1630230,Naji Marshall,1610612742,DAL,28.0,Naji,157,221,0.71,171,314,0.545,21,57,0.368,16,50,0.32,20,51,0.392,26,109,0.239,0,0,0.0,36,101,0.356
2025-26,Regular Season,1631466,Nate Williams,1610612744,GSW,27.0,Nate,20,27,0.741,4,20,0.2,0,0,0.0,2,8,0.25,3,7,0.429,4,6,0.667,0,0,0.0,5,15,0.333
2025-26,Regular Season,1629675,Naz Reid,1610612750,MIN,26.0,Naz,106,154,0.688,105,209,0.502,12,39,0.308,31,75,0.413,28,69,0.406,99,289,0.343,0,1,0.0,59,144,0.41
2025-26,Regular Season,1629674,Neemias Queta,1610612738,BOS,26.0,Neemias,233,312,0.747,70,143,0.49,1,11,0.091,0,0,0.0,0,1,0.0,0,6,0.0,0,0,0.0,0,1,0.0
2025-26,Regular Season,1629651,Nic Claxton,1610612751,BKN,26.0,Nic,245,351,0.698,72,187,0.385,13,26,0.5,0,1,0.0,0,0,0.0,3,18,0.167,0,0,0.0,0,1,0.0
2025-26,Regular Season,1630208,Nick Richards,1610612741,CHI,28.0,Nick,74,122,0.607,22,53,0.415,2,8,0.25,0,3,0.0,4,9,0.444,1,6,0.167,0,0,0.0,4,12,0.333
2025-26,Regular Season,1641733,Nick Smith Jr.,1610612747,LAL,21.0,Nick,5,8,0.625,18,38,0.474,6,18,0.333,0,3,0.0,1,5,0.2,26,61,0.426,0,0,0.0,1,8,0.125
2025-26,Regular Season,1629638,Nickeil Alexander-Walker,1610612737,ATL,27.0,Nickeil,180,292,0.616,61,153,0.399,41,98,0.418,41,84,0.488,38,84,0.452,158,433,0.365,0,0,0.0,79,168,0.47
2025-26,Regular Season,201587,Nicolas Batum,1610612746,LAC,37.0,Nicolas,1,2,0.5,0,1,0.0,3,7,0.429,27,53,0.509,21,50,0.42,40,118,0.339,0,0,0.0,48,103,0.466
2025-26,Regular Season,1628502,Nigel Hayes-Davis,1610612756,PHX,31.0,Nigel,2,4,0.5,10,21,0.476,1,5,0.2,0,3,0.0,0,3,0.0,2,10,0.2,0,0,0.0,0,6,0.0
2025-26,Regular Season,203999,Nikola Jokić,1610612743,DEN,31.0,Nikola,220,298,0.738,214,365,0.586,61,111,0.55,5,10,0.5,5,8,0.625,99,264,0.375,0,0,0.0,10,18,0.556
2025-26,Regular Season,1631107,Nikola Jović,1610612748,MIA,22.0,Nikola,46,76,0.605,21,54,0.389,2,15,0.133,5,22,0.227,2,24,0.083,37,117,0.316,0,0,0.0,7,46,0.152
2025-26,Regular Season,1642260,Nikola Topić,1610612760,OKC,20.0,Nikola,4,4,1.0,2,8,0.25,0,0,0.0,0,0,0.0,0,0,0.0,2,6,0.333,0,0,0.0,0,0,0.0
2025-26,Regular Season,202696,Nikola Vučević,1610612738,BOS,35.0,Nikola,119,182,0.654,137,258,0.531,31,75,0.413,6,15,0.4,2,12,0.167,87,228,0.382,0,0,0.0,8,27,0.296
2025-26,Regular Season,1642363,Nique Clifford,1610612758,SAC,24.0,Nique,66,100,0.66,56,144,0.389,28,81,0.346,11,38,0.289,10,25,0.4,51,151,0.338,0,0,0.0,21,63,0.333
2025-26,Regular Season,1642855,Noa Essengue,1610612741,CHI,19.0,Noa,0,1,0.0,0,0,0.0,0,0,0.0,0,1,0.0,0,0,0.0,0,1,0.0,,,,0,1,0.0
2025-26,Regular Season,1641730,Noah Clowney,1610612751,BKN,21.0,Noah,62,107,0.579,51,112,0.455,8,19,0.421,32,63,0.508,20,54,0.37,77,276,0.279,0,0,0.0,52,117,0.444
2025-26,Regular Season,1642869,Noah Penda,1610612753,ORL,21.0,Noah,36,64,0.563,13,39,0.333,3,6,0.5,6,16,0.375,5,20,0.25,19,54,0.352,0,0,0.0,11,36,0.306
2025-26,Regular Season,1642849,Nolan Traore,1610612751,BKN,19.0,Nolan,58,128,0.453,49,117,0.419,7,29,0.241,7,25,0.28,9,19,0.474,38,127,0.299,0,0,0.0,16,44,0.364
2025-26,Regular Season,1641807,Norchad Omier,1610612746,LAC,24.0,Norchad,2,2,1.0,2,2,1.0,0,0,0.0,0,0,0.0,0,0,0.0,0,1,0.0,,,,0,0,0.0
2025-26,Regular Season,1626181,Norman Powell,1610612748,MIA,32.0,Norman,139,221,0.629,83,159,0.522,34,88,0.386,13,38,0.342,8,24,0.333,129,330,0.391,1,1,1.0,21,62,0.339
2025-26,Regular Season,1628384,OG Anunoby,1610612752,NYK,28.0,OG,190,277,0.686,22,67,0.328,15,45,0.333,40,100,0.4,44,87,0.506,66,200,0.33,0,0,0.0,84,187,0.449
2025-26,Regular Season,1630167,Obi Toppin,1610612754,IND,28.0,Obi,35,44,0.795,5,8,0.625,6,12,0.5,5,17,0.294,1,1,1.0,19,60,0.317,0,0,0.0,6,18,0.333
2025-26,Regular Season,1630534,Ochai Agbaji,1610612751,BKN,25.0,Ochai,72,110,0.655,9,28,0.321,4,7,0.571,9,28,0.321,4,28,0.143,19,68,0.279,0,0,0.0,13,56,0.232
2025-26,Regular Season,1630846,Olivier Sarr,1610612739,CLE,27.0,Olivier,0,0,0.0,0,0,0.0,0,0,0.0,0,0,0.0,0,0,0.0,0,0,0.0,0,0,0.0,0,0,0.0
2025-26,Regular Season,1641765,Olivier-Maxence Prosper,1610612763,MEM,23.0,Olivier-Maxence,105,143,0.734,16,41,0.39,1,6,0.167,16,35,0.457,5,21,0.238,34,82,0.415,0,0,0.0,21,56,0.375
2025-26,Regular Season,1630209,Omer Yurtseven,1610612744,GSW,27.0,Omer,6,12,0.5,4,9,0.444,1,1,1.0,0,1,0.0,0,1,0.0,0,2,0.0,0,0,0.0,0,2,0.0
2025-26,Regular Season,1630168,Onyeka Okongwu,1610612737,ATL,25.0,Onyeka,156,227,0.687,101,225,0.449,3,8,0.375,16,45,0.356,26,61,0.426,99,266,0.372,0,0,0.0,42,106,0.396
2025-26,Regular Season,1631115,Orlando Robinson,1610612753,ORL,25.0,Orlando,2,2,1.0,0,0,0.0,0,1,0.0,0,0,0.0,0,0,0.0,1,2,0.5,0,0,0.0,0,0,0.0
2025-26,Regular Season,1631131,Oscar Tshiebwe,1610612762,UTA,26.0,Oscar,48,67,0.716,15,32,0.469,2,4,0.5,0,0,0.0,0,0,0.0,0,0,0.0,0,0,0.0,0,0,0.0
2025-26,Regular Season,1642345,Oso Ighodaro,1610612756,PHX,23.0,Oso,160,205,0.78,60,132,0.455,6,9,0.667,0,0,0.0,0,0,0.0,0,1,0.0,0,0,0.0,0,0,0.0
2025-26,Regular Season,1631172,Ousmane Dieng,1610612749,MIL,22.0,Ousmane,32,49,0.653,25,63,0.397,27,64,0.422,6,15,0.4,7,12,0.583,45,131,0.344,0,0,0.0,13,27,0.481
2025-26,Regular Season,1629023,P.J. Washington,1610612742,DAL,27.0,P.J.,126,203,0.621,80,181,0.442,11,36,0.306,17,54,0.315,17,40,0.425,39,134,0.291,0,0,0.0,34,94,0.362
2025-26,Regular Season,1641790,PJ Hall,1610612766,CHA,24.0,PJ,24,42,0.571,3,10,0.3,0,2,0.0,1,2,0.5,1,1,1.0,1,2,0.5,0,0,0.0,2,3,0.667
2025-26,Regular Season,1642359,Pacôme Dadiet,1610612752,NYK,20.0,Pacôme,5,5,1.0,0,2,0.0,0,3,0.0,1,6,0.167,1,4,0.25,4,15,0.267,0,0,0.0,2,10,0.2
2025-26,Regular Season,1631094,Paolo Banchero,1610612753,ORL,23.0,Paolo,252,381,0.661,92,255,0.361,68,183,0.372,9,26,0.346,12,21,0.571,60,213,0.282,0,0,0.0,21,47,0.447
2025-26,Regular Season,1627783,Pascal Siakam,1610612754,IND,32.0,Pascal,227,331,0.686,160,337,0.475,67,194,0.345,8,19,0.421,12,31,0.387,85,243,0.35,0,0,0.0,20,50,0.4
2025-26,Regular Season,1626192,Pat Connaughton,1610612766,CHA,33.0,Pat,12,21,0.571,5,11,0.455,0,0,0.0,5,10,0.5,3,8,0.375,13,33,0.394,0,0,0.0,8,18,0.444
2025-26,Regular Season,1630311,Pat Spencer,1610612744,GSW,29.0,Pat,47,77,0.61,51,116,0.44,19,52,0.365,6,16,0.375,5,13,0.385,42,119,0.353,0,0,0.0,11,29,0.379
2025-26,Regular Season,1631116,Patrick Baldwin Jr.,1610612758,SAC,23.0,Patrick,1,5,0.2,3,7,0.429,1,1,1.0,0,1,0.0,1,3,0.333,5,10,0.5,0,0,0.0,1,4,0.25
2025-26,Regular Season,1630172,Patrick Williams,1610612741,CHI,24.0,Patrick,45,92,0.489,19,72,0.264,10,20,0.5,9,26,0.346,8,19,0.421,67,197,0.34,0,0,0.0,17,45,0.378
2025-26,Regular Season,202331,Paul George,1610612755,PHI,35.0,Paul,34,59,0.576,28,61,0.459,47,103,0.456,16,29,0.552,10,27,0.37,63,171,0.368,0,0,0.0,26,56,0.464
2025-26,Regular Season,1630194,Paul Reed,1610612765,DET,26.0,Paul,122,168,0.726,42,83,0.506,8,21,0.381,1,5,0.2,2,7,0.286,9,24,0.375,0,0,0.0,3,12,0.25
2025-26,Regular Season,1630202,Payton Pritchard,1610612738,BOS,28.0,Payton,87,129,0.674,132,233,0.567,60,140,0.429,9,19,0.474,13,25,0.52,177,491,0.36,0,0,0.0,22,44,0.5
2025-26,Regular Season,1642362,Payton Sandfort,1610612760,OKC,23.0,Payton,0,1,0.0,0,0,0.0,0,0,0.0,1,2,0.5,0,0,0.0,0,2,0.0,,,,1,2,0.5
2025-26,Regular Season,1641796,Pelle Larsson,1610612748,MIA,25.0,Pelle,138,198,0.697,58,124,0.468,3,16,0.188,11,25,0.44,7,22,0.318,40,131,0.305,0,0,0.0,18,47,0.383
2025-26,Regular Season,1631250,Pete Nance,1610612749,MIL,26.0,Pete,38,46,0.826,8,17,0.471,0,4,0.0,10,19,0.526,10,19,0.526,29,73,0.397,0,0,0.0,20,38,0.526
2025-26,Regular Season,1631212,Peyton Watson,1610612743,DEN,23.0,Peyton,120,186,0.645,58,135,0.43,26,63,0.413,30,55,0.545,13,28,0.464,38,114,0.333,0,0,0.0,43,83,0.518
2025-26,Regular Season,1630173,Precious Achiuwa,1610612758,SAC,26.0,Precious,181,264,0.686,81,176,0.46,6,20,0.3,6,24,0.25,4,13,0.308,17,51,0.333,0,0,0.0,10,37,0.27
2025-26,Regular Season,1629656,Quentin Grimes,1610612755,PHI,25.0,Quentin,162,227,0.714,22,66,0.333,18,54,0.333,22,55,0.4,13,31,0.419,85,276,0.308,1,1,1.0,35,86,0.407
2025-26,Regular Season,1631245,Quenton Jackson,1610612754,IND,27.0,Quenton,73,102,0.716,13,42,0.31,5,22,0.227,5,15,0.333,1,9,0.111,32,76,0.421,0,0,0.0,6,24,0.25
2025-26,Regular Season,1642366,Quinten Post,1610612744,GSW,26.0,Quinten,57,78,0.731,35,64,0.547,8,20,0.4,17,43,0.395,8,43,0.186,68,191,0.356,0,0,0.0,25,86,0.291
2025-26,Regular Season,1629628,RJ Barrett,1610612761,TOR,25.0,RJ,184,262,0.702,89,205,0.434,8,20,0.4,13,37,0.351,11,34,0.324,68,195,0.349,0,0,0.0,24,71,0.338
2025-26,Regular Season,1642853,Rasheer Fleming,1610612756,PHX,21.0,Rasheer,34,62,0.548,5,10,0.5,0,6,0.0,13,30,0.433,13,41,0.317,14,45,0.311,0,0,0.0,26,71,0.366
2025-26,Regular Season,1642484,RayJ Dennis,1610612737,ATL,25.0,RayJ,4,10,0.4,5,19,0.263,1,5,0.2,0,2,0.0,0,4,0.0,12,33,0.364,0,0,0.0,0,6,0.0
2025-26,Regular Season,1641712,Rayan Rupert,1610612763,MEM,21.0,Rayan,35,67,0.522,21,59,0.356,4,14,0.286,8,30,0.267,8,24,0.333,23,60,0.383,0,0,0.0,16,54,0.296
2025-26,Regular Season,1642263,Reed Sheppard,1610612745,HOU,21.0,Reed,52,93,0.559,72,141,0.511,45,115,0.391,17,36,0.472,23,44,0.523,175,463,0.378,0,0,0.0,40,80,0.5
2025-26,Regular Season,1642434,Riley Minix,1610612739,CLE,25.0,Riley,4,4,1.0,1,2,0.5,0,0,0.0,1,1,1.0,2,2,1.0,0,3,0.0,0,0,0.0,3,3,1.0
2025-26,Regular Season,1642265,Rob Dillingham,1610612741,CHI,21.0,Rob,55,110,0.5,22,80,0.275,23,53,0.434,5,9,0.556,3,13,0.231,25,85,0.294,0,0,0.0,8,22,0.364
2025-26,Regular Season,1629057,Robert Williams III,1610612757,POR,28.0,Robert,139,175,0.794,14,26,0.538,6,10,0.6,4,12,0.333,2,5,0.4,1,4,0.25,0,0,0.0,6,17,0.353
2025-26,Regular Season,1642911,Rocco Zikarsky,1610612750,MIN,19.0,Rocco,2,3,0.667,1,1,1.0,0,1,0.0,0,0,0.0,0,0,0.0,0,0,0.0,0,0,0.0,0,0,0.0
2025-26,Regular Season,1631199,Ron Harper Jr.,1610612738,BOS,25.0,Ron,8,11,0.727,3,8,0.375,0,0,0.0,7,19,0.368,2,7,0.286,13,38,0.342,0,0,0.0,9,26,0.346
2025-26,Regular Season,1641842,Ronald Holland II,1610612765,DET,20.0,Ronald,134,200,0.67,40,101,0.396,3,23,0.13,6,45,0.133,17,65,0.262,17,69,0.246,0,0,0.0,23,110,0.209
2025-26,Regular Season,1626220,Royce O'Neale,1610612756,PHX,32.0,Royce,29,48,0.604,15,43,0.349,4,10,0.4,21,42,0.5,28,50,0.56,154,408,0.377,1,1,1.0,49,92,0.533
2025-26,Regular Season,203497,Rudy Gobert,1610612750,MIN,33.0,Rudy,304,410,0.741,22,55,0.4,1,7,0.143,0,2,0.0,0,0,0.0,0,3,0.0,0,0,0.0,0,2,0.0
2025-26,Regular Season,1629060,Rui Hachimura,1610612747,LAL,28.0,Rui,69,108,0.639,31,69,0.449,69,121,0.57,26,56,0.464,18,49,0.367,61,139,0.439,0,0,0.0,44,105,0.419
2025-26,Regular Season,201566,Russell Westbrook,1610612758,SAC,37.0,Russell,109,168,0.649,80,176,0.455,41,116,0.353,22,55,0.4,17,53,0.321,89,271,0.328,0,0,0.0,39,108,0.361
2025-26,Regular Season,1642346,Ryan Dunn,1610612756,PHX,23.0,Ryan,85,131,0.649,16,47,0.34,1,6,0.167,22,68,0.324,20,45,0.444,12,48,0.25,0,0,0.0,42,113,0.372
2025-26,Regular Season,1641750,Ryan Kalkbrenner,1610612766,CHA,24.0,Ryan,187,236,0.792,23,38,0.605,1,4,0.25,0,1,0.0,0,0,0.0,0,4,0.0,0,0,0.0,0,1,0.0
2025-26,Regular Season,1642948,Ryan Nembhard,1610612742,DAL,23.0,Ryan,22,34,0.647,35,86,0.407,38,99,0.384,1,7,0.143,3,8,0.375,42,111,0.378,0,0,0.0,4,15,0.267
2025-26,Regular Season,1631157,Ryan Rollins,1610612749,MIL,23.0,Ryan,154,239,0.644,71,172,0.413,64,144,0.444,31,68,0.456,13,32,0.406,135,340,0.397,0,0,0.0,44,100,0.44
2025-26,Regular Season,1630180,Saddiq Bey,1610612740,NOP,26.0,Saddiq,186,300,0.62,74,179,0.413,18,60,0.3,45,102,0.441,11,33,0.333,92,268,0.343,0,1,0.0,56,135,0.415
2025-26,Regular Season,1630573,Sam Hauser,1610612738,BOS,28.0,Sam,21,26,0.808,11,25,0.44,20,40,0.5,24,46,0.522,17,42,0.405,144,388,0.371,0,0,0.0,41,88,0.466
2025-26,Regular Season,1630241,Sam Merrill,1610612739,CLE,29.0,Sam,40,49,0.816,12,30,0.4,10,25,0.4,18,32,0.563,16,31,0.516,118,298,0.396,0,0,0.0,34,63,0.54
2025-26,Regular Season,1630572,Sandro Mamukelashvili,1610612761,TOR,26.0,Sandro,163,228,0.715,42,86,0.488,2,7,0.286,12,27,0.444,12,39,0.308,82,211,0.389,0,0,0.0,24,66,0.364
2025-26,Regular Season,1630583,Santi Aldama,1610612763,MEM,25.0,Santi,86,121,0.711,56,115,0.487,16,40,0.4,9,24,0.375,18,25,0.72,43,151,0.285,0,0,0.0,27,49,0.551
2025-26,Regular Season,1630703,Scoot Henderson,1610612757,POR,22.0,Scoot,41,73,0.562,15,48,0.313,18,34,0.529,2,8,0.25,3,15,0.2,42,112,0.375,0,0,0.0,5,23,0.217
2025-26,Regular Season,1630567,Scottie Barnes,1610612761,TOR,24.0,Scottie,250,359,0.696,138,299,0.462,84,189,0.444,9,31,0.29,6,25,0.24,49,160,0.306,0,0,0.0,15,56,0.268
2025-26,Regular Season,1630590,Scotty Pippen Jr.,1610612763,MEM,25.0,Scotty,17,26,0.654,12,29,0.414,4,9,0.444,1,4,0.25,0,2,0.0,9,26,0.346,0,0,0.0,1,6,0.167
2025-26,Regular Season,1642951,Sean Pedulla,1610612746,LAC,23.0,Sean,0,0,0.0,2,3,0.667,0,1,0.0,0,3,0.0,0,0,0.0,3,6,0.5,0,0,0.0,0,3,0.0
2025-26,Regular Season,203552,Seth Curry,1610612744,GSW,35.0,Seth,2,2,1.0,2,3,0.667,5,9,0.556,1,2,0.5,1,3,0.333,4,7,0.571,0,0,0.0,2,5,0.4
2025-26,Regular Season,1631101,Shaedon Sharpe,1610612757,POR,22.0,Shaedon,179,258,0.694,56,142,0.394,50,150,0.333,12,23,0.522,1,11,0.091,88,263,0.335,0,0,0.0,13,34,0.382
2025-26,Regular Season,1628983,Shai Gilgeous-Alexander,1610612760,OKC,27.0,Shai,256,361,0.709,154,287,0.537,186,344,0.541,4,12,0.333,2,5,0.4,103,270,0.381,0,0,0.0,6,17,0.353
2025-26,Regular Season,1630536,Sharife Cooper,1610612764,WAS,24.0,Sharife,51,78,0.654,15,42,0.357,11,22,0.5,2,11,0.182,4,12,0.333,14,37,0.378,0,0,0.0,6,23,0.261
2025-26,Regular Season,1631321,Sidy Cissoko,1610612757,POR,22.0,Sidy,60,86,0.698,11,40,0.275,2,9,0.222,17,41,0.415,14,50,0.28,28,105,0.267,0,0,0.0,31,91,0.341
2025-26,Regular Season,1631323,Simone Fontecchio,1610612748,MIA,30.0,Simone,54,91,0.593,11,37,0.297,3,12,0.25,21,42,0.5,18,52,0.346,76,222,0.342,0,1,0.0,39,94,0.415
2025-26,Regular Season,1642883,Sion James,1610612766,CHA,23.0,Sion,45,90,0.5,6,33,0.182,1,5,0.2,20,50,0.4,13,34,0.382,45,133,0.338,1,1,1.0,33,84,0.393
2025-26,Regular Season,1627746,Skal Labissiere,1610612764,WAS,30.0,Skal,2,2,1.0,2,2,1.0,1,1,1.0,0,0,0.0,0,1,0.0,1,4,0.25,0,0,0.0,0,1,0.0
2025-26,Regular Season,1642461,Spencer Jones,1610612743,DEN,24.0,Spencer,56,83,0.675,17,31,0.548,2,4,0.5,17,44,0.386,17,48,0.354,23,52,0.442,0,0,0.0,34,92,0.37
2025-26,Regular Season,1630649,Stanley Umude,1610612759,SAS,26.0,Stanley,0,0,0.0,1,1,1.0,0,0,0.0,0,1,0.0,,,,0,0,0.0,,,,0,1,0.0
2025-26,Regular Season,201939,Stephen Curry,1610612744,GSW,38.0,Stephen,80,115,0.696,46,90,0.511,47,91,0.516,10,19,0.526,6,11,0.545,159,418,0.38,0,0,0.0,16,30,0.533
2025-26,Regular Season,1642264,Stephon Castle,1610612759,SAS,21.0,Stephon,186,291,0.639,74,186,0.398,29,65,0.446,3,23,0.13,17,34,0.5,58,178,0.326,0,0,0.0,20,57,0.351
2025-26,Regular Season,203500,Steven Adams,1610612745,HOU,32.0,Steven,60,107,0.561,9,30,0.3,1,2,0.5,0,0,0.0,0,0,0.0,0,0,0.0,0,0,0.0,0,0,0.0
2025-26,Regular Season,1629004,Svi Mykhailiuk,1610612762,UTA,28.0,Svi,44,62,0.71,23,43,0.535,7,15,0.467,34,72,0.472,11,23,0.478,48,131,0.366,0,0,0.0,45,95,0.474
2025-26,Regular Season,204456,T.J. McConnell,1610612754,IND,34.0,T.J.,54,79,0.684,86,162,0.531,86,159,0.541,2,4,0.5,3,5,0.6,11,41,0.268,0,0,0.0,5,9,0.556
2025-26,Regular Season,1643007,Taelon Peter,1610612754,IND,24.0,Taelon,12,19,0.632,1,2,0.5,0,1,0.0,4,17,0.235,4,12,0.333,27,77,0.351,0,0,0.0,8,29,0.276
2025-26,Regular Season,201959,Taj Gibson,1610612763,MEM,40.0,Taj,4,7,0.571,3,5,0.6,0,1,0.0,1,2,0.5,2,3,0.667,0,0,0.0,0,0,0.0,3,5,0.6
2025-26,Regular Season,1631106,Tari Eason,1610612745,HOU,24.0,Tari,100,162,0.617,25,92,0.272,8,39,0.205,19,46,0.413,32,74,0.432,37,120,0.308,1,1,1.0,51,120,0.425
2025-26,Regular Season,1627752,Taurean Prince,1610612749,MIL,32.0,Taurean,10,13,0.769,5,15,0.333,4,9,0.444,13,30,0.433,10,21,0.476,15,43,0.349,0,0,0.0,23,51,0.451
2025-26,Regular Season,1641707,Taylor Hendricks,1610612763,MEM,22.0,Taylor,69,110,0.627,24,50,0.48,3,6,0.5,19,46,0.413,11,35,0.314,28,96,0.292,0,0,0.0,30,81,0.37
2025-26,Regular Season,1629611,Terance Mann,1610612751,BKN,29.0,Terance,71,111,0.64,28,67,0.418,13,36,0.361,11,29,0.379,14,37,0.378,31,88,0.352,0,0,0.0,25,66,0.379
2025-26,Regular Season,1630545,Terrence Shannon Jr.,1610612750,MIN,25.0,Terrence,27,48,0.563,2,14,0.143,1,7,0.143,3,6,0.5,6,24,0.25,12,25,0.48,0,0,0.0,9,30,0.3
2025-26,Regular Season,203648,Thanasis Antetokounmpo,1610612749,MIL,33.0,Thanasis,8,14,0.571,3,7,0.429,0,0,0.0,0,2,0.0,0,1,0.0,0,0,0.0,0,0,0.0,0,3,0.0
2025-26,Regular Season,1628418,Thomas Bryant,1610612739,CLE,28.0,Thomas,59,87,0.678,23,36,0.639,2,8,0.25,4,12,0.333,4,16,0.25,37,99,0.374,0,0,0.0,8,28,0.286
2025-26,Regular Season,1642275,Tidjane Salaün,1610612766,CHA,20.0,Tidjane,37,54,0.685,7,21,0.333,0,0,0.0,8,18,0.444,6,11,0.545,22,54,0.407,0,0,0.0,14,29,0.483
2025-26,Regular Season,203501,Tim Hardaway Jr.,1610612743,DEN,34.0,Tim,45,72,0.625,28,62,0.452,47,86,0.547,19,45,0.422,29,64,0.453,167,415,0.402,0,0,0.0,48,109,0.44
2025-26,Regular Season,202699,Tobias Harris,1610612765,DET,33.0,Tobias,77,130,0.592,76,157,0.484,60,122,0.492,12,34,0.353,24,64,0.375,38,114,0.333,0,0,0.0,36,98,0.367
2025-26,Regular Season,1643253,Toby Okani,1610612763,MEM,24.0,Toby,1,4,0.25,1,1,1.0,0,0,0.0,0,1,0.0,0,0,0.0,1,2,0.5,0,0,0.0,0,1,0.0
2025-26,Regular Season,1642449,Tolu Smith,1610612765,DET,25.0,Tolu,13,21,0.619,1,7,0.143,0,0,0.0,0,0,0.0,0,0,0.0,0,0,0.0,0,0,0.0,0,0,0.0
2025-26,Regular Season,1628396,Tony Bradley,1610612754,IND,28.0,Tony,40,63,0.635,14,33,0.424,4,8,0.5,0,0,0.0,1,2,0.5,0,0,0.0,0,0,0.0,1,2,0.5
2025-26,Regular Season,1641787,Tosan Evbuomwan,1610612766,CHA,25.0,Tosan,0,0,0.0,0,1,0.0,0,0,0.0,0,0,0.0,0,0,0.0,0,0,0.0,0,0,0.0,0,0,0.0
2025-26,Regular Season,1641739,Toumani Camara,1610612757,POR,25.0,Toumani,127,186,0.683,28,74,0.378,9,21,0.429,33,93,0.355,21,80,0.263,149,382,0.39,0,0,0.0,54,173,0.312
2025-26,Regular Season,1629027,Trae Young,1610612764,WAS,27.0,Trae,22,32,0.688,19,39,0.487,13,26,0.5,1,3,0.333,2,5,0.4,24,72,0.333,0,0,0.0,3,8,0.375
2025-26,Regular Season,1631218,Trayce Jackson-Davis,1610612761,TOR,26.0,Trayce,63,103,0.612,5,17,0.294,0,0,0.0,0,0,0.0,0,0,0.0,0,0,0.0,1,1,1.0,0,0,0.0
2025-26,Regular Season,1642848,Tre Johnson,1610612764,WAS,20.0,Tre,35,62,0.565,65,149,0.436,52,107,0.486,11,23,0.478,16,33,0.485,87,260,0.335,0,0,0.0,27,56,0.482
2025-26,Regular Season,1630200,Tre Jones,1610612741,CHI,26.0,Tre,193,284,0.68,62,125,0.496,9,21,0.429,11,30,0.367,4,10,0.4,22,75,0.293,0,0,0.0,15,40,0.375
2025-26,Regular Season,1630544,Tre Mann,1610612766,CHA,25.0,Tre,24,45,0.533,23,63,0.365,11,37,0.297,5,15,0.333,6,14,0.429,39,124,0.315,0,0,0.0,11,29,0.379
2025-26,Regular Season,1630570,Trendon Watford,1610612755,PHI,25.0,Trendon,75,113,0.664,49,97,0.505,2,6,0.333,1,6,0.167,0,4,0.0,9,40,0.225,0,0,0.0,1,10,0.1
2025-26,Regular Season,1642280,Trentyn Flowers,1610612741,CHI,21.0,Trentyn,2,2,1.0,0,0,0.0,0,0,0.0,0,1,0.0,0,0,0.0,0,0,0.0,,,,0,1,0.0
2025-26,Regular Season,1630286,Trevon Scott,1610612751,BKN,29.0,Trevon,1,1,1.0,0,0,0.0,0,1,0.0,1,1,1.0,0,0,0.0,0,0,0.0,,,,1,1,1.0
2025-26,Regular Season,1631211,Trevor Keels,1610612748,MIA,22.0,Trevor,0,1,0.0,0,0,0.0,0,0,0.0,,,,0,1,0.0,0,2,0.0,0,0,0.0,0,1,0.0
2025-26,Regular Season,1641725,Trey Alexander,1610612740,NOP,22.0,Trey,1,2,0.5,2,3,0.667,1,1,1.0,2,3,0.667,0,0,0.0,0,0,0.0,0,0,0.0,2,3,0.667
2025-26,Regular Season,1641998,Trey Jemison III,1610612752,NYK,26.0,Trey,3,3,1.0,1,4,0.25,0,0,0.0,0,0,0.0,0,0,0.0,0,0,0.0,0,0,0.0,0,0,0.0
2025-26,Regular Season,1630530,Trey Murphy III,1610612740,NOP,25.0,Trey,201,271,0.742,58,155,0.374,21,59,0.356,12,27,0.444,17,32,0.531,185,506,0.366,0,0,0.0,29,59,0.492
2025-26,Regular Season,1642400,Tristan Enaruna,1610612739,CLE,24.0,Tristan,5,8,0.625,0,3,0.0,0,0,0.0,0,1,0.0,0,2,0.0,1,2,0.5,0,0,0.0,0,3,0.0
2025-26,Regular Season,1641774,Tristan Vukcevic,1610612764,WAS,23.0,Tristan,52,68,0.765,36,66,0.545,14,39,0.359,1,3,0.333,2,6,0.333,47,135,0.348,0,0,0.0,3,9,0.333
2025-26,Regular Season,1641783,Tristan da Silva,1610612753,ORL,24.0,Tristan,81,122,0.664,50,117,0.427,16,43,0.372,26,60,0.433,27,58,0.466,64,187,0.342,0,0,0.0,53,118,0.449
2025-26,Regular Season,1629660,Ty Jerome,1610612763,MEM,28.0,Ty,16,30,0.533,34,64,0.531,10,21,0.476,1,2,0.5,3,4,0.75,38,94,0.404,0,0,0.0,4,6,0.667
2025-26,Regular Season,1631102,TyTy Washington Jr.,1610612746,LAC,24.0,TyTy,2,3,0.667,4,7,0.571,0,1,0.0,0,0,0.0,1,1,1.0,2,7,0.286,0,0,0.0,1,1,1.0
2025-26,Regular Season,1631174,Tyler Burton,1610612763,MEM,26.0,Tyler,13,27,0.481,7,17,0.412,0,2,0.0,2,5,0.4,4,8,0.5,16,53,0.302,0,0,0.0,6,13,0.462
2025-26,Regular Season,1629639,Tyler Herro,1610612748,MIA,26.0,Tyler,40,57,0.702,92,161,0.571,23,61,0.377,5,17,0.294,2,8,0.25,72,182,0.396,0,0,0.0,7,25,0.28
2025-26,Regular Season,1642278,Tyler Kolek,1610612752,NYK,25.0,Tyler,32,49,0.653,26,66,0.394,6,19,0.316,7,13,0.538,1,4,0.25,36,97,0.371,0,0,0.0,8,17,0.471
2025-26,Regular Season,1641890,Tyler Smith,1610612742,DAL,21.0,Tyler,5,7,0.714,0,1,0.0,0,1,0.0,0,2,0.0,2,4,0.5,1,10,0.1,0,0,0.0,2,6,0.333
2025-26,Regular Season,1631213,Tyrese Martin,1610612755,PHI,27.0,Tyrese,41,56,0.732,9,42,0.214,6,14,0.429,3,18,0.167,5,16,0.313,45,131,0.344,0,0,0.0,8,34,0.235
2025-26,Regular Season,1630178,Tyrese Maxey,1610612755,PHI,25.0,Tyrese,257,397,0.647,111,271,0.41,74,173,0.428,6,17,0.353,9,29,0.31,195,520,0.375,0,0,0.0,15,46,0.326
2025-26,Regular Season,1642878,Tyrese Proctor,1610612739,CLE,22.0,Tyrese,22,35,0.629,7,25,0.28,9,17,0.529,5,12,0.417,3,10,0.3,31,92,0.337,0,0,0.0,8,22,0.364
2025-26,Regular Season,1630623,Tyson Etienne,1610612751,BKN,26.0,Tyson,0,4,0.0,2,5,0.4,2,4,0.5,5,8,0.625,5,13,0.385,20,47,0.426,0,0,0.0,10,21,0.476
2025-26,Regular Season,1626145,Tyus Jones,1610612743,DEN,29.0,Tyus,9,19,0.474,18,38,0.474,8,18,0.444,4,16,0.25,6,13,0.462,26,101,0.257,0,0,0.0,10,29,0.345
2025-26,Regular Season,1642845,VJ Edgecombe,1610612755,PHI,20.0,VJ,158,259,0.61,61,177,0.345,60,128,0.469,10,39,0.256,14,26,0.538,117,326,0.359,0,0,0.0,24,65,0.369
2025-26,Regular Season,1641705,Victor Wembanyama,1610612759,SAS,22.0,Victor,270,365,0.74,62,153,0.405,75,177,0.424,2,4,0.5,10,22,0.455,105,308,0.341,0,0,0.0,12,26,0.462
2025-26,Regular Season,1631246,Vince Williams Jr.,1610612762,UTA,25.0,Vince,16,40,0.4,25,58,0.431,7,17,0.412,6,19,0.316,6,15,0.4,43,143,0.301,0,0,0.0,12,34,0.353
2025-26,Regular Season,1642884,Vladislav Goldin,1610612748,MIA,24.0,Vladislav,2,3,0.667,0,0,0.0,0,0,0.0,0,0,0.0,0,0,0.0,0,0,0.0,0,0,0.0,0,0,0.0
2025-26,Regular Season,1630249,Vít Krejčí,1610612757,POR,25.0,Vít,31,42,0.738,25,44,0.568,7,13,0.538,16,33,0.485,15,51,0.294,97,243,0.399,0,0,0.0,31,84,0.369
2025-26,Regular Season,1631117,Walker Kessler,1610612762,UTA,24.0,Walker,14,21,0.667,6,8,0.75,0,0,0.0,0,0,0.0,2,2,1.0,4,6,0.667,0,0,0.0,2,2,1.0
2025-26,Regular Season,1642383,Walter Clayton Jr.,1610612763,MEM,23.0,Walter,40,77,0.519,41,90,0.456,14,35,0.4,4,12,0.333,1,14,0.071,62,202,0.307,0,0,0.0,5,26,0.192
2025-26,Regular Season,1628976,Wendell Carter Jr.,1610612753,ORL,26.0,Wendell,176,230,0.765,37,101,0.366,28,59,0.475,17,43,0.395,8,34,0.235,46,142,0.324,0,0,0.0,25,77,0.325
2025-26,Regular Season,1631111,Wendell Moore Jr.,1610612765,DET,24.0,Wendell,4,5,0.8,0,1,0.0,0,0,0.0,0,0,0.0,0,1,0.0,0,0,0.0,0,0,0.0,0,1,0.0
2025-26,Regular Season,1642954,Will Richard,1610612744,GSW,23.0,Will,75,95,0.789,10,27,0.37,6,12,0.5,20,50,0.4,16,45,0.356,35,113,0.31,0,0,0.0,36,95,0.379
2025-26,Regular Season,1642860,Will Riley,1610612764,WAS,20.0,Will,94,133,0.707,51,113,0.451,17,65,0.262,8,21,0.381,8,21,0.381,54,169,0.32,0,0,0.0,16,42,0.381
2025-26,Regular Season,1630214,Xavier Tillman,1610612766,CHA,27.0,Xavier,10,17,0.588,4,7,0.571,0,1,0.0,0,3,0.0,0,2,0.0,3,13,0.231,0,0,0.0,0,5,0.0
2025-26,Regular Season,1642905,Yang Hansen,1610612757,POR,20.0,ang Hansen,20,33,0.606,5,21,0.238,1,4,0.25,0,7,0.0,1,4,0.25,4,31,0.129,0,0,0.0,1,11,0.091
2025-26,Regular Season,1642949,Yanic Konan Niederhäuser,1610612746,LAC,23.0,Yanic Konan,46,68,0.676,17,25,0.68,0,2,0.0,0,0,0.0,0,1,0.0,1,4,0.25,0,0,0.0,0,1,0.0
2025-26,Regular Season,1642530,Yuki Kawamura,1610612741,CHI,24.0,Yuki,1,4,0.25,2,4,0.5,0,2,0.0,0,1,0.0,1,2,0.5,5,15,0.333,0,0,0.0,1,3,0.333
2025-26,Regular Season,1642274,Yves Missi,1610612740,NOP,21.0,Yves,129,211,0.611,22,70,0.314,1,3,0.333,0,0,0.0,0,0,0.0,0,1,0.0,0,0,0.0,0,0,0.0
2025-26,Regular Season,1642258,Zaccharie Risacher,1610612737,ATL,20.0,Zaccharie,106,175,0.606,25,48,0.521,12,44,0.273,14,36,0.389,18,44,0.409,62,170,0.365,0,0,0.0,32,80,0.4
2025-26,Regular Season,1628380,Zach Collins,1610612741,CHI,28.0,Zach,22,28,0.786,4,11,0.364,2,4,0.5,1,3,0.333,4,6,0.667,4,12,0.333,0,0,0.0,5,9,0.556
2025-26,Regular Season,1641744,Zach Edey,1610612763,MEM,23.0,Zach,38,53,0.717,22,38,0.579,1,2,0.5,0,0,0.0,0,0,0.0,1,5,0.2,0,0,0.0,0,0,0.0
2025-26,Regular Season,203897,Zach LaVine,1610612758,SAC,31.0,Zach,85,120,0.708,38,76,0.5,40,97,0.412,14,33,0.424,11,20,0.55,74,201,0.368,0,0,0.0,25,53,0.472
2025-26,Regular Season,1630192,Zeke Nnaji,1610612743,DEN,25.0,Zeke,50,71,0.704,1,12,0.083,2,8,0.25,2,8,0.25,2,7,0.286,9,34,0.265,0,0,0.0,4,15,0.267
2025-26,Regular Season,1630533,Ziaire Williams,1610612751,BKN,24.0,Ziaire,75,114,0.658,17,51,0.333,6,17,0.353,11,45,0.244,21,49,0.429,54,157,0.344,0,0,0.0,32,94,0.34
2025-26,Regular Season,1629627,Zion Williamson,1610612740,NOP,25.0,Zion,379,539,0.703,93,241,0.386,6,12,0.5,0,0,0.0,0,0,0.0,1,4,0.25,0,0,0.0,0,0,0.0
2025-26,Regular Season,1642389,Zyon Pullin,1610612750,MIN,25.0,Zyon,1,1,1.0,0,0,0.0,0,0,0.0,0,0,0.0,0,0,0.0,0,0,0.0,,,,0,0,0.0
