PLAYER_ID,PLAYER_NAME,TEAM_ID,TEAM_ABBREVIATION,AGE,G,MIN,CONTESTED_SHOTS,CONTESTED_SHOTS_2PT,CONTESTED_SHOTS_3PT,DEFLECTIONS,CHARGES_DRAWN,SCREEN_ASSISTS,SCREEN_AST_PTS,OFF_LOOSE_BALLS_RECOVERED,DEF_LOOSE_BALLS_RECOVERED,LOOSE_BALLS_RECOVERED,PCT_LOOSE_BALLS_RECOVERED_OFF,PCT_LOOSE_BALLS_RECOVERED_DEF,OFF_BOXOUTS,DEF_BOXOUTS,BOX_OUT_PLAYER_TEAM_REBS,BOX_OUT_PLAYER_REBS,BOX_OUTS,PCT_BOX_OUTS_OFF,PCT_BOX_OUTS_DEF,PCT_BOX_OUTS_TEAM_REB,PCT_BOX_OUTS_REB,SEASON,SEASON_TYPE
1630639,A.J. Lawson,1610612761,TOR,25.0,11,128.0,17,11,6,11,0,0,0,0,1,1,0.0,1.0,0,4,4,2,4,0.0,1.0,1.0,0.5,2025-26,Regular Season
1631260,AJ Green,1610612749,MIL,26.0,73,2097.0,278,152,126,102,3,23,51,11,23,34,0.324,0.676,0,36,36,9,36,0.0,1.0,1.0,0.25,2025-26,Regular Season
1642358,AJ Johnson,1610612742,DAL,21.0,28,318.0,54,27,27,18,0,3,6,2,0,2,1.0,0.0,0,1,1,0,1,0.0,1.0,1.0,0.0,2025-26,Regular Season
203932,Aaron Gordon,1610612743,DEN,30.0,33,910.0,89,61,28,25,0,32,79,5,9,14,0.357,0.643,4,10,14,11,14,0.286,0.714,1.0,0.786,2025-26,Regular Season
1628988,Aaron Holiday,1610612745,HOU,29.0,45,660.0,92,44,48,35,2,5,10,2,8,10,0.2,0.8,0,6,6,1,6,0.0,1.0,1.0,0.167,2025-26,Regular Season
1630174,Aaron Nesmith,1610612754,IND,26.0,45,1335.0,250,151,99,51,4,26,52,16,11,27,0.593,0.407,1,10,11,5,11,0.091,0.909,1.0,0.455,2025-26,Regular Season
1630598,Aaron Wiggins,1610612760,OKC,27.0,58,1298.0,248,137,111,104,1,17,36,12,21,33,0.364,0.636,1,15,16,12,16,0.063,0.938,1.0,0.75,2025-26,Regular Season
1642846,Ace Bailey,1610612762,UTA,19.0,69,1896.0,328,180,148,104,0,17,36,24,15,39,0.615,0.385,3,24,27,10,27,0.111,0.889,1.0,0.37,2025-26,Regular Season
1642380,Adama Bal,1610612763,MEM,22.0,4,102.0,18,8,10,4,0,2,5,0,0,0,0.0,0.0,0,1,1,0,1,0.0,1.0,1.0,0.0,2025-26,Regular Season
1641737,Adem Bona,1610612755,PHI,23.0,66,1149.0,349,240,109,77,0,106,258,11,17,28,0.393,0.607,34,27,61,40,61,0.557,0.443,1.0,0.656,2025-26,Regular Season
1642876,Adou Thiero,1610612747,LAL,21.0,17,101.0,15,13,2,12,0,2,5,2,2,4,0.5,0.5,0,2,2,0,2,0.0,1.0,1.0,0.0,2025-26,Regular Season
1642349,Ajay Mitchell,1610612760,OKC,23.0,53,1404.0,184,114,70,128,1,10,23,13,21,34,0.382,0.618,1,18,19,8,19,0.053,0.947,1.0,0.421,2025-26,Regular Season
201143,Al Horford,1610612744,GSW,39.0,43,933.0,287,181,106,53,0,45,108,9,9,18,0.5,0.5,4,33,37,33,37,0.108,0.892,1.0,0.892,2025-26,Regular Season
1630828,Alex Antetokounmpo,1610612749,MIL,24.0,1,4.0,0,0,0,0,0,0,0,0,0,0,0.0,0.0,1,0,1,1,1,1.0,0.0,1.0,1.0,2025-26,Regular Season
1627936,Alex Caruso,1610612760,OKC,32.0,53,984.0,129,54,75,164,2,37,83,8,18,26,0.308,0.692,0,20,20,12,20,0.0,1.0,1.0,0.6,2025-26,Regular Season
1631457,Alex Morales,1610612753,ORL,28.0,1,12.0,1,0,1,0,0,0,0,0,0,0,0.0,0.0,0,1,1,0,1,0.0,1.0,1.0,0.0,2025-26,Regular Season
1642259,Alex Sarr,1610612764,WAS,20.0,48,1305.0,449,348,101,72,0,172,399,12,11,23,0.522,0.478,25,37,62,51,62,0.403,0.597,1.0,0.823,2025-26,Regular Season
1642918,Alijah Martin,1610612761,TOR,24.0,13,108.0,28,19,9,15,0,1,2,3,3,6,0.5,0.5,1,1,2,2,2,0.5,0.5,1.0,1.0,2025-26,Regular Season
1631214,Alondes Williams,1610612764,WAS,26.0,3,91.0,10,7,3,4,0,0,0,0,0,0,0.0,0.0,0,0,0,0,0,0.0,0.0,0.0,0.0,2025-26,Regular Season
1630578,Alperen Sengun,1610612745,HOU,23.0,67,2270.0,583,394,189,161,6,148,342,34,17,51,0.667,0.333,44,63,104,74,107,0.411,0.589,0.981,0.698,2025-26,Regular Season
1642873,Amari Williams,1610612738,BOS,24.0,13,125.0,38,25,13,4,0,12,32,0,0,0,0.0,0.0,3,5,8,4,8,0.375,0.625,1.0,0.5,2025-26,Regular Season
1641708,Amen Thompson,1610612745,HOU,23.0,75,2795.0,284,186,98,199,1,36,87,34,35,69,0.493,0.507,16,22,38,27,38,0.421,0.579,1.0,0.711,2025-26,Regular Season
1629599,Amir Coffey,1610612756,PHX,28.0,31,365.0,37,22,15,24,1,2,5,5,2,7,0.714,0.286,0,5,5,1,5,0.0,1.0,1.0,0.2,2025-26,Regular Season
1643158,Andersson Garcia,1610612762,UTA,25.0,5,169.0,24,19,5,20,0,8,20,4,1,5,0.8,0.2,1,4,5,3,5,0.2,0.8,1.0,0.6,2025-26,Regular Season
203083,Andre Drummond,1610612755,PHI,32.0,57,1118.0,295,218,77,82,0,99,224,9,6,15,0.6,0.4,52,31,83,74,83,0.627,0.373,1.0,0.892,2025-26,Regular Season
1641748,Andre Jackson Jr.,1610612749,MIL,24.0,31,297.0,36,19,17,29,0,11,24,6,5,11,0.545,0.455,4,0,4,2,4,1.0,0.0,1.0,0.5,2025-26,Regular Season
1629614,Andrew Nembhard,1610612754,IND,26.0,57,1786.0,143,91,52,94,1,25,54,17,13,30,0.567,0.433,0,14,14,2,14,0.0,1.0,1.0,0.143,2025-26,Regular Season
203952,Andrew Wiggins,1610612748,MIA,31.0,64,1960.0,490,257,233,141,0,7,17,25,15,40,0.625,0.375,10,41,48,21,51,0.196,0.804,0.941,0.412,2025-26,Regular Season
1629014,Anfernee Simons,1610612741,CHI,26.0,54,1351.0,158,83,75,66,0,10,22,4,9,13,0.308,0.692,0,4,4,1,4,0.0,1.0,1.0,0.25,2025-26,Regular Season
1641710,Anthony Black,1610612753,ORL,22.0,60,1841.0,254,136,118,185,3,19,47,8,18,26,0.308,0.692,0,19,19,6,19,0.0,1.0,1.0,0.316,2025-26,Regular Season
203076,Anthony Davis,1610612764,WAS,33.0,20,626.0,194,133,61,48,2,54,115,3,1,4,0.75,0.25,15,17,32,28,32,0.469,0.531,1.0,0.875,2025-26,Regular Season
1630162,Anthony Edwards,1610612750,MIN,24.0,60,2109.0,246,146,100,132,0,7,19,22,15,37,0.595,0.405,0,16,16,9,16,0.0,1.0,1.0,0.563,2025-26,Regular Season
1630264,Anthony Gill,1610612764,WAS,33.0,41,768.0,175,101,74,66,0,67,150,4,2,6,0.667,0.333,13,25,38,26,38,0.342,0.658,1.0,0.684,2025-26,Regular Season
1641810,Antonio Reeves,1610612766,CHA,25.0,5,49.0,9,4,5,1,0,0,0,0,0,0,0.0,0.0,0,2,2,1,2,0.0,1.0,1.0,0.5,2025-26,Regular Season
1630574,Ariel Hukporti,1610612752,NYK,23.0,46,437.0,160,111,49,15,0,54,122,6,5,11,0.545,0.455,12,22,34,24,34,0.353,0.647,1.0,0.706,2025-26,Regular Season
1642854,Asa Newell,1610612737,ATL,20.0,36,432.0,120,72,48,16,0,19,39,5,5,10,0.5,0.5,5,15,20,13,20,0.25,0.75,1.0,0.65,2025-26,Regular Season
1641709,Ausar Thompson,1610612765,DET,23.0,68,1769.0,284,145,139,300,2,32,72,25,29,54,0.463,0.537,12,10,21,16,22,0.545,0.455,1.0,0.762,2025-26,Regular Season
1630559,Austin Reaves,1610612747,LAL,27.0,51,1762.0,153,83,70,112,15,16,36,20,18,38,0.526,0.474,0,12,12,1,12,0.0,1.0,1.0,0.083,2025-26,Regular Season
1630245,Ayo Dosunmu,1610612750,MIN,26.0,64,1744.0,242,147,95,78,4,8,21,19,19,38,0.5,0.5,1,14,15,7,15,0.067,0.933,1.0,0.467,2025-26,Regular Season
1628389,Bam Adebayo,1610612748,MIA,28.0,69,2223.0,453,264,189,162,2,80,181,20,15,35,0.571,0.429,20,129,144,97,149,0.134,0.866,0.966,0.651,2025-26,Regular Season
1631248,Baylor Scheierman,1610612738,BOS,25.0,69,1298.0,153,81,72,87,5,17,42,14,9,23,0.609,0.391,5,17,22,14,22,0.227,0.773,1.0,0.636,2025-26,Regular Season
1642879,Ben Saraf,1610612751,BKN,19.0,38,780.0,128,81,47,63,1,5,13,11,4,15,0.733,0.267,1,6,7,5,7,0.143,0.857,1.0,0.714,2025-26,Regular Season
1641767,Ben Sheppard,1610612754,IND,24.0,65,1390.0,170,115,55,74,0,9,20,15,9,24,0.625,0.375,0,16,16,4,16,0.0,1.0,1.0,0.25,2025-26,Regular Season
1631097,Bennedict Mathurin,1610612746,LAC,23.0,49,1504.0,133,78,55,65,1,12,26,10,7,17,0.588,0.412,5,20,25,14,25,0.2,0.8,1.0,0.56,2025-26,Regular Season
1643016,Bez Mbeng,1610612762,UTA,22.0,12,358.0,54,23,31,42,0,5,12,2,6,8,0.25,0.75,0,3,3,0,3,0.0,1.0,1.0,0.0,2025-26,Regular Season
1641731,Bilal Coulibaly,1610612764,WAS,21.0,54,1422.0,182,120,62,163,2,16,39,6,11,17,0.353,0.647,3,10,13,9,13,0.231,0.769,1.0,0.692,2025-26,Regular Season
202687,Bismack Biyombo,1610612759,SAS,33.0,19,123.0,33,24,9,1,1,10,26,0,1,1,0.0,1.0,2,5,7,5,7,0.286,0.714,1.0,0.714,2025-26,Regular Season
1642396,Blake Hinson,1610612762,UTA,26.0,11,214.0,28,16,12,4,0,1,3,0,1,1,0.0,1.0,0,2,2,1,2,0.0,1.0,1.0,0.5,2025-26,Regular Season
1631104,Blake Wesley,1610612757,POR,23.0,18,278.0,19,9,10,37,0,1,2,0,2,2,0.0,1.0,0,2,2,0,2,0.0,1.0,1.0,0.0,2025-26,Regular Season
1626171,Bobby Portis,1610612749,MIL,31.0,67,1619.0,353,181,172,110,1,64,137,12,15,27,0.444,0.556,20,66,84,53,86,0.233,0.767,0.977,0.616,2025-26,Regular Season
1641752,Bobi Klintman,1610612765,DET,23.0,9,64.0,12,5,7,6,1,2,4,1,0,1,1.0,0.0,0,1,1,1,1,0.0,1.0,1.0,1.0,2025-26,Regular Season
203992,Bogdan Bogdanović,1610612746,LAC,33.0,21,429.0,74,40,34,22,0,6,17,3,3,6,0.5,0.5,0,3,3,3,3,0.0,1.0,1.0,1.0,2025-26,Regular Season
1630538,Bones Hyland,1610612750,MIN,25.0,62,1073.0,137,78,59,80,0,10,22,8,14,22,0.364,0.636,0,6,6,3,6,0.0,1.0,1.0,0.5,2025-26,Regular Season
203078,Bradley Beal,1610612746,LAC,32.0,6,121.0,14,2,12,13,0,1,2,2,1,3,0.667,0.333,0,0,0,0,0,0.0,0.0,0.0,0.0,2025-26,Regular Season
1642382,Branden Carlson,1610612760,OKC,26.0,34,386.0,154,108,46,14,0,23,51,1,1,2,0.5,0.5,2,16,18,14,18,0.111,0.889,1.0,0.778,2025-26,Regular Season
1641764,Brandin Podziemski,1610612744,GSW,23.0,77,2189.0,196,105,91,136,20,43,110,14,18,32,0.438,0.563,8,22,29,15,30,0.267,0.733,0.967,0.5,2025-26,Regular Season
1629634,Brandon Clarke,1610612763,MEM,29.0,2,20.0,4,4,0,6,1,1,3,0,0,0,0.0,0.0,0,1,1,0,1,0.0,1.0,1.0,0.0,2025-26,Regular Season
1627742,Brandon Ingram,1610612761,TOR,28.0,71,2402.0,359,199,160,121,0,17,40,16,14,30,0.533,0.467,0,22,22,14,22,0.0,1.0,1.0,0.636,2025-26,Regular Season
1641706,Brandon Miller,1610612766,CHA,23.0,61,1842.0,263,160,103,124,2,30,74,21,13,34,0.618,0.382,1,13,13,6,14,0.071,0.929,0.929,0.429,2025-26,Regular Season
1630314,Brandon Williams,1610612742,DAL,26.0,64,1424.0,193,97,96,108,3,7,17,13,21,34,0.382,0.618,0,14,14,6,14,0.0,1.0,1.0,0.429,2025-26,Regular Season
1641729,Brice Sensabaugh,1610612762,UTA,22.0,68,1656.0,189,92,97,101,8,25,57,18,6,24,0.75,0.25,6,21,27,19,27,0.222,0.778,1.0,0.704,2025-26,Regular Season
1642355,Bronny James,1610612747,LAL,21.0,25,260.0,34,11,23,31,0,1,3,1,2,3,0.333,0.667,0,2,2,0,2,0.0,1.0,1.0,0.0,2025-26,Regular Season
201572,Brook Lopez,1610612746,LAC,38.0,70,1502.0,563,462,101,121,0,105,237,2,11,13,0.154,0.846,9,82,88,48,91,0.099,0.901,0.967,0.527,2025-26,Regular Season
1642964,Brooks Barnhizer,1610612760,OKC,24.0,29,262.0,44,26,18,18,0,4,10,2,0,2,1.0,0.0,2,4,6,4,6,0.333,0.667,1.0,0.667,2025-26,Regular Season
1628971,Bruce Brown,1610612743,DEN,29.0,77,1883.0,200,87,113,185,0,37,87,9,9,18,0.5,0.5,12,14,25,19,26,0.462,0.538,0.962,0.731,2025-26,Regular Season
1631121,Bryce McGowens,1610612740,NOP,23.0,40,871.0,134,62,72,63,8,7,16,1,8,9,0.111,0.889,1,13,14,3,14,0.071,0.929,1.0,0.214,2025-26,Regular Season
1642267,Bub Carrington,1610612764,WAS,20.0,76,2111.0,222,118,104,113,0,23,48,22,16,38,0.579,0.421,2,29,30,10,31,0.065,0.935,0.968,0.323,2025-26,Regular Season
1631205,Buddy Boeheim,1610612760,OKC,26.0,2,12.0,5,5,0,1,0,1,2,0,0,0,0.0,0.0,0,0,0,0,0,0.0,0.0,0.0,0.0,2025-26,Regular Season
1627741,Buddy Hield,1610612737,ATL,33.0,45,768.0,128,74,54,77,0,5,11,11,11,22,0.5,0.5,0,4,4,1,4,0.0,1.0,1.0,0.25,2025-26,Regular Season
203468,CJ McCollum,1610612737,ATL,34.0,72,2141.0,305,149,156,108,0,26,63,17,19,36,0.472,0.528,1,13,14,8,14,0.071,0.929,1.0,0.571,2025-26,Regular Season
1630595,Cade Cunningham,1610612765,DET,24.0,61,2096.0,303,175,128,153,0,19,42,24,31,55,0.436,0.564,3,25,28,14,28,0.107,0.893,1.0,0.5,2025-26,Regular Season
1631216,Caleb Houstan,1610612737,ATL,23.0,5,32.0,5,3,2,5,0,1,2,0,1,1,0.0,1.0,0,0,0,0,0,0.0,0.0,0.0,0.0,2025-26,Regular Season
1631126,Caleb Love,1610612757,POR,24.0,42,966.0,84,37,47,58,0,5,11,5,4,9,0.556,0.444,0,5,5,4,5,0.0,1.0,1.0,0.8,2025-26,Regular Season
1628997,Caleb Martin,1610612742,DAL,30.0,50,818.0,86,57,29,72,4,27,61,7,7,14,0.5,0.5,0,12,12,4,12,0.0,1.0,1.0,0.333,2025-26,Regular Season
1642353,Cam Christie,1610612746,LAC,20.0,36,401.0,67,34,33,30,0,4,9,4,0,4,1.0,0.0,0,3,3,1,3,0.0,1.0,1.0,0.333,2025-26,Regular Season
1642285,Cam Spencer,1610612763,MEM,25.0,70,1672.0,142,54,88,110,2,13,29,16,15,31,0.516,0.484,0,20,19,8,20,0.0,1.0,0.95,0.4,2025-26,Regular Season
1630560,Cam Thomas,1610612749,MIL,24.0,39,839.0,90,50,40,32,1,3,7,4,1,5,0.8,0.2,0,4,4,1,4,0.0,1.0,1.0,0.25,2025-26,Regular Season
1641715,Cam Whitmore,1610612764,WAS,21.0,21,354.0,38,26,12,24,0,1,2,10,3,13,0.769,0.231,3,4,7,5,7,0.429,0.571,1.0,0.714,2025-26,Regular Season
1629661,Cameron Johnson,1610612743,DEN,30.0,51,1541.0,208,108,100,96,5,33,76,15,10,25,0.6,0.4,1,26,27,8,27,0.037,0.963,1.0,0.296,2025-26,Regular Season
1626166,Cameron Payne,1610612755,PHI,31.0,20,361.0,30,12,18,56,3,4,11,1,2,3,0.333,0.667,1,3,4,2,4,0.25,0.75,1.0,0.5,2025-26,Regular Season
1627747,Caris LeVert,1610612765,DET,31.0,54,1055.0,167,99,68,98,0,7,16,13,15,28,0.464,0.536,0,15,15,7,15,0.0,1.0,1.0,0.467,2025-26,Regular Season
1642868,Carter Bryant,1610612759,SAS,20.0,61,693.0,154,94,60,43,1,16,37,3,10,13,0.231,0.769,2,11,13,4,13,0.154,0.846,1.0,0.308,2025-26,Regular Season
1641717,Cason Wallace,1610612760,OKC,22.0,74,1980.0,323,129,194,325,0,53,114,19,15,34,0.559,0.441,2,31,33,11,33,0.061,0.939,1.0,0.333,2025-26,Regular Season
1642907,Cedric Coward,1610612763,MEM,22.0,60,1559.0,316,165,151,99,2,11,28,24,28,52,0.462,0.538,7,14,21,13,21,0.333,0.667,1.0,0.619,2025-26,Regular Season
1643052,Chaney Johnson,1610612751,BKN,23.0,14,282.0,45,31,14,26,0,25,52,5,4,9,0.556,0.444,4,13,16,9,17,0.235,0.765,0.941,0.529,2025-26,Regular Season
1629646,Charles Bassey,1610612738,BOS,25.0,7,50.0,10,9,1,3,0,2,5,1,1,2,0.5,0.5,3,1,4,4,4,0.75,0.25,1.0,1.0,2025-26,Regular Season
1642404,Chaz Lanier,1610612765,DET,24.0,15,164.0,19,14,5,11,0,0,0,4,0,4,1.0,0.0,0,3,3,0,3,0.0,1.0,1.0,0.0,2025-26,Regular Season
1631096,Chet Holmgren,1610612760,OKC,23.0,66,1922.0,654,486,168,83,1,89,205,16,11,27,0.593,0.407,19,67,86,62,86,0.221,0.779,1.0,0.721,2025-26,Regular Season
1628449,Chris Boucher,1610612738,BOS,33.0,7,84.0,27,21,6,7,0,10,25,1,2,3,0.333,0.667,1,3,4,3,4,0.25,0.75,1.0,0.75,2025-26,Regular Season
1641753,Chris Livingston,1610612739,CLE,22.0,3,17.0,2,0,2,1,0,0,0,2,0,2,1.0,0.0,0,0,0,0,0,0.0,0.0,0.0,0.0,2025-26,Regular Season
1643024,Chris Mañon,1610612747,LAL,24.0,3,17.0,5,4,1,11,1,0,0,1,0,1,1.0,0.0,0,0,0,0,0,0.0,0.0,0.0,0.0,2025-26,Regular Season
101108,Chris Paul,1610612746,LAC,40.0,14,207.0,11,4,7,27,0,1,2,0,1,1,0.0,1.0,0,5,5,2,5,0.0,1.0,1.0,0.4,2025-26,Regular Season
1642959,Chris Youngblood,1610612757,POR,24.0,21,143.0,30,23,7,7,0,1,2,1,3,4,0.25,0.75,0,1,1,1,1,0.0,1.0,1.0,1.0,2025-26,Regular Season
1631128,Christian Braun,1610612743,DEN,24.0,41,1294.0,170,90,80,84,0,35,85,8,9,17,0.471,0.529,7,12,18,10,19,0.368,0.632,1.0,0.556,2025-26,Regular Season
1631132,Christian Koloko,1610612737,ATL,25.0,26,335.0,144,115,29,20,0,37,83,6,3,9,0.667,0.333,5,9,14,7,14,0.357,0.643,1.0,0.5,2025-26,Regular Season
1642935,Chucky Hepburn,1610612761,TOR,23.0,2,13.0,3,2,1,3,0,0,0,0,1,1,0.0,1.0,0,0,0,0,0,0.0,0.0,0.0,0.0,2025-26,Regular Season
203991,Clint Capela,1610612745,HOU,31.0,69,865.0,316,243,73,47,1,70,152,15,8,23,0.652,0.348,32,36,67,55,68,0.471,0.529,0.985,0.809,2025-26,Regular Season
1629632,Coby White,1610612766,CHA,26.0,46,1169.0,160,89,71,44,7,14,35,11,9,20,0.55,0.45,0,21,20,10,21,0.0,1.0,0.952,0.476,2025-26,Regular Season
1628998,Cody Martin,1610612754,IND,30.0,4,55.0,7,4,3,9,0,1,2,0,1,1,0.0,1.0,0,1,1,0,1,0.0,1.0,1.0,0.0,2025-26,Regular Season
1642262,Cody Williams,1610612762,UTA,21.0,62,1479.0,221,153,68,118,0,52,127,10,15,25,0.4,0.6,0,9,9,4,9,0.0,1.0,1.0,0.444,2025-26,Regular Season
1641732,Colby Jones,1610612765,DET,23.0,1,7.0,0,0,0,0,0,0,0,0,0,0,0.0,0.0,0,1,1,1,1,0.0,1.0,1.0,1.0,2025-26,Regular Season
1630175,Cole Anthony,1610612749,MIL,25.0,32,500.0,57,24,33,37,1,2,4,6,7,13,0.462,0.538,0,3,3,2,3,0.0,1.0,1.0,0.667,2025-26,Regular Season
1630658,Colin Castleton,1610612753,ORL,25.0,1,10.0,2,2,0,1,0,3,7,0,0,0,0.0,0.0,0,1,1,1,1,0.0,1.0,1.0,1.0,2025-26,Regular Season
1631221,Collin Gillespie,1610612756,PHX,26.0,76,2191.0,198,84,114,186,11,27,61,35,28,63,0.556,0.444,1,23,24,15,24,0.042,0.958,1.0,0.625,2025-26,Regular Season
1642867,Collin Murray-Boyles,1610612761,TOR,20.0,53,1164.0,277,170,107,145,1,82,180,14,7,21,0.667,0.333,24,26,50,32,50,0.48,0.52,1.0,0.64,2025-26,Regular Season
1629012,Collin Sexton,1610612741,CHI,27.0,63,1463.0,139,83,56,112,1,22,50,10,13,23,0.435,0.565,0,12,12,4,12,0.0,1.0,1.0,0.333,2025-26,Regular Season
1642843,Cooper Flagg,1610612742,DAL,19.0,65,2197.0,457,241,216,142,0,30,69,21,28,49,0.429,0.571,2,22,23,16,24,0.083,0.917,0.958,0.667,2025-26,Regular Season
1630557,Corey Kispert,1610612737,ATL,27.0,52,1003.0,178,113,65,38,1,15,34,11,8,19,0.579,0.421,1,6,7,2,7,0.143,0.857,1.0,0.286,2025-26,Regular Season
1642504,Cormac Ryan,1610612749,MIL,27.0,6,111.0,13,6,7,5,0,2,4,0,0,0,0.0,0.0,1,0,1,1,1,1.0,0.0,1.0,1.0,2025-26,Regular Season
1641854,Craig Porter Jr.,1610612739,CLE,26.0,58,1048.0,158,97,61,132,0,11,25,18,8,26,0.692,0.308,1,9,9,3,10,0.1,0.9,0.9,0.3,2025-26,Regular Season
1642938,Curtis Jones,1610612743,DEN,24.0,5,25.0,5,2,3,2,0,0,0,0,0,0,0.0,0.0,0,0,0,0,0,0.0,0.0,0.0,0.0,2025-26,Regular Season
1626156,D'Angelo Russell,1610612764,WAS,30.0,24,457.0,47,23,24,27,1,5,12,2,6,8,0.25,0.75,0,3,3,2,3,0.0,1.0,1.0,0.667,2025-26,Regular Season
1629610,DaQuan Jeffries,1610612758,SAC,28.0,3,60.0,12,4,8,4,0,1,2,0,0,0,0.0,0.0,1,3,4,2,4,0.25,0.75,1.0,0.5,2025-26,Regular Season
1641747,DaRon Holmes II,1610612743,DEN,23.0,16,189.0,80,58,22,7,0,16,37,1,1,2,0.5,0.5,2,16,18,5,18,0.111,0.889,1.0,0.278,2025-26,Regular Season
1631342,Daeqwon Plowden,1610612758,SAC,27.0,28,723.0,91,46,45,45,1,6,14,6,3,9,0.667,0.333,0,10,10,2,10,0.0,1.0,1.0,0.2,2025-26,Regular Season
1630625,Dalano Banton,1610612738,BOS,26.0,3,17.0,2,1,1,2,0,0,0,0,0,0,0.0,0.0,0,0,0,0,0,0.0,0.0,0.0,0.0,2025-26,Regular Season
1631207,Dalen Terry,1610612755,PHI,23.0,35,500.0,106,69,37,44,1,7,19,4,8,12,0.333,0.667,1,5,5,4,6,0.167,0.833,0.833,0.667,2025-26,Regular Season
1642261,Dalton Knecht,1610612747,LAL,24.0,37,458.0,74,45,29,15,2,8,19,2,3,5,0.4,0.6,0,5,5,4,5,0.0,1.0,1.0,0.8,2025-26,Regular Season
1629655,Daniel Gafford,1610612742,DAL,27.0,54,1175.0,379,304,75,99,3,152,344,16,12,28,0.571,0.429,28,46,74,44,74,0.378,0.622,1.0,0.595,2025-26,Regular Season
1642450,Daniss Jenkins,1610612765,DET,24.0,61,1300.0,166,99,67,108,0,9,21,18,16,34,0.529,0.471,1,10,10,1,11,0.091,0.909,0.909,0.091,2025-26,Regular Season
1642874,Danny Wolf,1610612751,BKN,21.0,55,1171.0,303,215,88,67,0,11,26,7,7,14,0.5,0.5,7,22,29,19,29,0.241,0.759,1.0,0.655,2025-26,Regular Season
203967,Dario Saric,1610612758,SAC,31.0,5,41.0,12,8,4,7,0,1,3,0,0,0,0.0,0.0,0,2,2,1,2,0.0,1.0,1.0,0.5,2025-26,Regular Season
1641727,Dariq Whitehead,1610612763,MEM,21.0,1,22.0,1,0,1,4,0,0,0,0,0,0,0.0,0.0,0,0,0,0,0,0.0,0.0,0.0,0.0,2025-26,Regular Season
1629636,Darius Garland,1610612746,LAC,26.0,41,1224.0,138,63,75,76,1,8,17,10,8,18,0.556,0.444,0,5,5,3,5,0.0,1.0,1.0,0.6,2025-26,Regular Season
1642357,David Jones Garcia,1610612759,SAS,24.0,9,65.0,7,3,4,11,0,0,0,2,0,2,1.0,0.0,0,1,1,1,1,0.0,1.0,1.0,1.0,2025-26,Regular Season
1631223,David Roddy,1610612743,DEN,25.0,2,12.0,1,0,1,1,0,0,0,0,1,1,0.0,1.0,0,0,0,0,0,0.0,0.0,0.0,0.0,2025-26,Regular Season
1630558,Davion Mitchell,1610612748,MIA,27.0,67,1914.0,192,53,139,126,7,12,29,10,22,32,0.313,0.688,0,20,20,8,20,0.0,1.0,1.0,0.4,2025-26,Regular Season
1630549,Day'Ron Sharpe,1610612751,BKN,24.0,62,1160.0,249,163,86,151,0,106,250,19,9,28,0.679,0.321,35,40,74,52,75,0.467,0.533,0.987,0.693,2025-26,Regular Season
1628368,De'Aaron Fox,1610612759,SAS,28.0,67,2069.0,231,104,127,187,2,15,35,16,17,33,0.485,0.515,1,7,8,4,8,0.125,0.875,1.0,0.5,2025-26,Regular Season
1629631,De'Andre Hunter,1610612758,SAC,28.0,45,1175.0,135,72,63,78,0,14,31,5,9,14,0.357,0.643,1,22,23,8,23,0.043,0.957,1.0,0.348,2025-26,Regular Season
1629001,De'Anthony Melton,1610612744,GSW,27.0,44,1012.0,106,57,49,136,0,11,26,15,17,32,0.469,0.531,1,11,12,3,12,0.083,0.917,1.0,0.25,2025-26,Regular Season
201599,DeAndre Jordan,1610612740,NOP,37.0,12,199.0,41,30,11,8,0,18,40,2,0,2,1.0,0.0,8,6,14,13,14,0.571,0.429,1.0,0.929,2025-26,Regular Season
1630610,DeJon Jarreau,1610612763,MEM,28.0,11,231.0,28,11,17,17,0,4,10,2,2,4,0.5,0.5,0,1,1,1,1,0.0,1.0,1.0,1.0,2025-26,Regular Season
201942,DeMar DeRozan,1610612758,SAC,36.0,76,2395.0,215,122,93,123,4,7,17,16,23,39,0.41,0.59,0,29,29,14,29,0.0,1.0,1.0,0.483,2025-26,Regular Season
1629731,Dean Wade,1610612739,CLE,29.0,57,1279.0,277,199,78,108,0,44,107,7,10,17,0.412,0.588,3,50,53,19,53,0.057,0.943,1.0,0.358,2025-26,Regular Season
1629028,Deandre Ayton,1610612747,LAL,27.0,67,1830.0,529,393,136,77,0,252,583,18,15,33,0.545,0.455,27,37,62,56,64,0.422,0.578,0.969,0.875,2025-26,Regular Season
1627749,Dejounte Murray,1610612740,NOP,29.0,14,389.0,39,22,17,32,0,2,5,3,4,7,0.429,0.571,0,2,2,1,2,0.0,1.0,1.0,0.5,2025-26,Regular Season
1630166,Deni Avdija,1610612757,POR,25.0,62,2054.0,263,173,90,97,0,9,19,24,13,37,0.649,0.351,1,20,21,18,21,0.048,0.952,1.0,0.857,2025-26,Regular Season
203471,Dennis Schröder,1610612739,CLE,32.0,64,1579.0,149,75,74,100,7,19,43,10,13,23,0.435,0.565,1,9,10,6,10,0.1,0.9,1.0,0.6,2025-26,Regular Season
1641726,Dereck Lively II,1610612742,DAL,22.0,7,115.0,57,46,11,4,0,11,23,2,3,5,0.4,0.6,1,11,12,6,12,0.083,0.917,1.0,0.5,2025-26,Regular Season
1642852,Derik Queen,1610612740,NOP,21.0,77,1888.0,522,339,183,171,4,116,274,20,8,28,0.714,0.286,11,53,63,37,64,0.172,0.828,1.0,0.587,2025-26,Regular Season
1627884,Derrick Jones Jr.,1610612746,LAC,29.0,45,1226.0,178,111,67,99,0,33,76,12,6,18,0.667,0.333,0,10,9,5,10,0.0,1.0,0.9,0.5,2025-26,Regular Season
1628401,Derrick White,1610612738,BOS,31.0,73,2500.0,537,311,226,188,8,25,61,20,28,48,0.417,0.583,0,17,17,2,17,0.0,1.0,1.0,0.118,2025-26,Regular Season
1630217,Desmond Bane,1610612753,ORL,27.0,77,2625.0,360,184,176,139,1,29,62,26,30,56,0.464,0.536,13,20,33,20,33,0.394,0.606,1.0,0.606,2025-26,Regular Season
1626164,Devin Booker,1610612756,PHX,29.0,61,2035.0,163,90,73,86,2,33,76,23,22,45,0.511,0.489,2,28,30,13,30,0.067,0.933,1.0,0.433,2025-26,Regular Season
1642269,Devin Carter,1610612758,SAC,24.0,31,557.0,73,30,43,50,0,4,10,3,7,10,0.3,0.7,0,1,1,0,1,0.0,1.0,1.0,0.0,2025-26,Regular Season
1630170,Devin Vassell,1610612759,SAS,25.0,62,1883.0,195,127,68,105,0,30,64,12,13,25,0.48,0.52,0,10,10,8,10,0.0,1.0,1.0,0.8,2025-26,Regular Season
1628415,Dillon Brooks,1610612756,PHX,30.0,52,1581.0,156,67,89,104,1,24,58,13,12,25,0.52,0.48,1,14,15,10,15,0.067,0.933,1.0,0.667,2025-26,Regular Season
1641794,Dillon Jones,1610612752,NYK,24.0,3,19.0,1,1,0,4,0,0,0,0,0,0,0.0,0.0,0,0,0,0,0,0.0,0.0,0.0,0.0,2025-26,Regular Season
1627734,Domantas Sabonis,1610612758,SAC,29.0,19,564.0,105,73,32,29,0,78,173,10,6,16,0.625,0.375,20,22,41,34,42,0.476,0.524,0.976,0.81,2025-26,Regular Season
1631230,Dominick Barlow,1610612755,PHI,22.0,66,1581.0,463,330,133,114,0,54,132,18,22,40,0.45,0.55,3,22,25,10,25,0.12,0.88,1.0,0.4,2025-26,Regular Season
1642270,Donovan Clingan,1610612757,POR,22.0,73,1983.0,976,709,267,76,1,172,401,20,12,32,0.625,0.375,76,54,128,111,130,0.585,0.415,0.985,0.854,2025-26,Regular Season
1628378,Donovan Mitchell,1610612739,CLE,29.0,67,2250.0,201,90,111,195,0,16,38,21,24,45,0.467,0.533,0,21,21,11,21,0.0,1.0,1.0,0.524,2025-26,Regular Season
1628978,Donte DiVincenzo,1610612750,MIN,29.0,77,2379.0,251,132,119,232,0,29,73,25,37,62,0.403,0.597,0,17,17,9,17,0.0,1.0,1.0,0.529,2025-26,Regular Season
1627827,Dorian Finney-Smith,1610612745,HOU,32.0,34,577.0,70,40,30,32,0,11,25,3,3,6,0.5,0.5,0,14,14,2,14,0.0,1.0,1.0,0.143,2025-26,Regular Season
203926,Doug McDermott,1610612758,SAC,34.0,19,317.0,45,23,22,7,0,2,4,1,1,2,0.5,0.5,0,0,0,0,0,0.0,0.0,0.0,0.0,2025-26,Regular Season
1642962,Drake Powell,1610612751,BKN,20.0,56,1188.0,151,84,67,73,0,9,22,9,9,18,0.5,0.5,2,15,15,4,17,0.118,0.882,0.882,0.235,2025-26,Regular Season
203110,Draymond Green,1610612744,GSW,36.0,64,1762.0,482,308,174,142,5,165,427,13,13,26,0.5,0.5,7,68,72,39,75,0.093,0.907,0.96,0.52,2025-26,Regular Season
1629234,Drew Eubanks,1610612758,SAC,29.0,42,552.0,141,111,30,36,1,72,162,4,2,6,0.667,0.333,11,21,32,20,32,0.344,0.656,1.0,0.625,2025-26,Regular Season
1641809,Drew Peterson,1610612766,CHA,26.0,6,64.0,5,3,2,11,0,1,2,1,0,1,1.0,0.0,0,1,1,1,1,0.0,1.0,1.0,1.0,2025-26,Regular Season
1631166,Drew Timme,1610612747,LAL,25.0,18,178.0,37,28,9,6,1,12,31,0,3,3,0.0,1.0,1,8,9,1,9,0.111,0.889,1.0,0.111,2025-26,Regular Season
1630696,Dru Smith,1610612748,MIA,28.0,67,1121.0,173,82,91,194,12,5,11,11,13,24,0.458,0.542,1,18,18,7,19,0.053,0.947,0.947,0.368,2025-26,Regular Season
1629130,Duncan Robinson,1610612765,DET,31.0,73,2018.0,243,137,106,131,6,44,91,11,12,23,0.478,0.522,1,29,30,11,30,0.033,0.967,1.0,0.367,2025-26,Regular Season
1641871,Duop Reath,1610612757,POR,29.0,28,250.0,79,50,29,8,1,12,28,3,2,5,0.6,0.4,0,12,12,3,12,0.0,1.0,1.0,0.25,2025-26,Regular Season
203939,Dwight Powell,1610612742,DAL,34.0,55,808.0,214,171,43,81,5,127,286,5,15,20,0.25,0.75,17,43,59,32,60,0.283,0.717,0.983,0.533,2025-26,Regular Season
1642928,Dylan Cardwell,1610612758,SAC,24.0,39,804.0,265,222,43,50,0,76,176,14,4,18,0.778,0.222,20,33,53,36,53,0.377,0.623,1.0,0.679,2025-26,Regular Season
1642844,Dylan Harper,1610612759,SAS,20.0,64,1433.0,180,122,58,80,0,11,23,20,19,39,0.513,0.487,0,6,6,3,6,0.0,1.0,1.0,0.5,2025-26,Regular Season
1630700,Dyson Daniels,1610612737,ATL,23.0,73,2419.0,407,223,184,303,3,117,287,37,35,72,0.514,0.486,7,21,27,23,28,0.25,0.75,1.0,0.852,2025-26,Regular Season
1630604,E.J. Liddell,1610612751,BKN,25.0,16,174.0,47,31,16,6,1,5,12,1,0,1,1.0,0.0,1,9,10,4,10,0.1,0.9,1.0,0.4,2025-26,Regular Season
1642856,Egor Dëmin,1610612751,BKN,20.0,52,1308.0,216,132,84,88,3,14,34,11,7,18,0.611,0.389,0,19,19,6,19,0.0,1.0,1.0,0.316,2025-26,Regular Season
1641989,Elijah Harkless,1610612762,UTA,26.0,25,544.0,70,36,34,65,2,10,24,3,1,4,0.75,0.25,0,8,7,0,8,0.0,1.0,0.875,0.0,2025-26,Regular Season
1641801,Emanuel Miller,1610612759,SAS,25.0,4,29.0,3,3,0,2,0,0,0,1,2,3,0.333,0.667,0,1,1,0,1,0.0,1.0,1.0,0.0,2025-26,Regular Season
1642402,Enrique Freeman,1610612750,MIN,25.0,2,8.0,6,5,1,0,0,0,0,0,0,0,0.0,0.0,0,0,0,0,0,0.0,0.0,0.0,0.0,2025-26,Regular Season
201569,Eric Gordon,1610612755,PHI,37.0,5,68.0,6,1,5,2,0,0,0,0,0,0,0.0,0.0,0,0,0,0,0,0.0,0.0,0.0,0.0,2025-26,Regular Season
1630679,Ethan Thompson,1610612754,IND,26.0,24,485.0,95,57,38,33,2,11,27,2,3,5,0.4,0.6,1,9,10,2,10,0.1,0.9,1.0,0.2,2025-26,Regular Season
1630596,Evan Mobley,1610612739,CLE,24.0,62,1991.0,639,445,194,115,0,113,260,19,12,31,0.613,0.387,22,77,98,67,99,0.222,0.778,0.99,0.677,2025-26,Regular Season
1630532,Franz Wagner,1610612753,ORL,24.0,30,928.0,135,76,59,63,1,7,17,9,10,19,0.474,0.526,0,19,19,9,19,0.0,1.0,1.0,0.474,2025-26,Regular Season
1641713,GG Jackson,1610612763,MEM,21.0,51,1155.0,257,163,94,62,0,15,37,8,10,18,0.444,0.556,1,7,8,3,8,0.125,0.875,1.0,0.375,2025-26,Regular Season
1629216,Gabe Vincent,1610612737,ATL,29.0,48,816.0,111,47,64,65,4,21,49,10,7,17,0.588,0.412,0,9,9,1,9,0.0,1.0,1.0,0.111,2025-26,Regular Season
202066,Garrett Temple,1610612761,TOR,39.0,11,45.0,10,4,6,6,0,2,4,1,0,1,1.0,0.0,0,1,1,1,1,0.0,1.0,1.0,1.0,2025-26,Regular Season
1629726,Garrison Mathews,1610612754,IND,29.0,12,180.0,20,11,9,11,4,1,2,0,0,0,0.0,0.0,0,2,2,0,2,0.0,1.0,1.0,0.0,2025-26,Regular Season
203914,Gary Harris,1610612749,MIL,31.0,40,588.0,63,21,42,61,0,9,19,4,5,9,0.444,0.556,0,4,4,1,4,0.0,1.0,1.0,0.25,2025-26,Regular Season
1627780,Gary Payton II,1610612744,GSW,33.0,66,1031.0,132,75,57,127,0,44,115,20,14,34,0.588,0.412,5,11,16,12,16,0.313,0.688,1.0,0.75,2025-26,Regular Season
1629018,Gary Trent Jr.,1610612749,MIL,27.0,55,1279.0,53,23,30,95,0,0,0,8,7,15,0.533,0.467,1,7,8,3,8,0.125,0.875,1.0,0.375,2025-26,Regular Season
203507,Giannis Antetokounmpo,1610612749,MIL,31.0,36,1039.0,146,85,61,67,0,55,127,18,3,21,0.857,0.143,12,24,36,32,36,0.333,0.667,1.0,0.889,2025-26,Regular Season
1629048,Goga Bitadze,1610612753,ORL,26.0,59,877.0,259,181,78,72,1,100,231,7,8,15,0.467,0.533,34,46,80,48,80,0.425,0.575,1.0,0.6,2025-26,Regular Season
1641711,Gradey Dick,1610612761,TOR,22.0,65,1017.0,60,31,29,114,3,5,11,13,12,25,0.52,0.48,2,8,10,5,10,0.2,0.8,1.0,0.5,2025-26,Regular Season
1641761,Grant Nelson,1610612751,BKN,24.0,4,35.0,14,12,2,1,0,3,7,0,1,1,0.0,1.0,2,1,3,2,3,0.667,0.333,1.0,0.667,2025-26,Regular Season
1629684,Grant Williams,1610612766,CHA,27.0,32,624.0,141,84,57,20,4,28,70,7,2,9,0.778,0.222,9,31,39,22,40,0.225,0.775,0.975,0.55,2025-26,Regular Season
1628960,Grayson Allen,1610612756,PHX,30.0,47,1401.0,149,74,75,113,0,9,24,10,15,25,0.4,0.6,0,9,9,1,9,0.0,1.0,1.0,0.111,2025-26,Regular Season
1627824,Guerschon Yabusele,1610612741,CHI,30.0,58,895.0,139,96,43,54,2,35,83,10,9,19,0.526,0.474,10,33,43,19,43,0.233,0.767,1.0,0.442,2025-26,Regular Season
1630611,Gui Santos,1610612744,GSW,23.0,61,1305.0,283,170,113,102,4,14,37,12,10,22,0.545,0.455,8,31,39,21,39,0.205,0.795,1.0,0.538,2025-26,Regular Season
203084,Harrison Barnes,1610612759,SAS,33.0,72,1873.0,246,133,113,94,3,48,107,16,13,29,0.552,0.448,7,41,47,30,48,0.146,0.854,0.979,0.625,2025-26,Regular Season
1631127,Harrison Ingram,1610612759,SAS,23.0,3,12.0,2,2,0,0,0,1,2,0,0,0,0.0,0.0,0,0,0,0,0,0.0,0.0,0.0,0.0,2025-26,Regular Season
1629312,Haywood Highsmith,1610612756,PHX,29.0,4,71.0,13,8,5,12,0,3,8,0,0,0,0.0,0.0,1,1,2,1,2,0.5,0.5,1.0,0.5,2025-26,Regular Season
1630529,Herbert Jones,1610612740,NOP,27.0,55,1580.0,209,105,104,192,2,19,44,13,15,28,0.464,0.536,1,33,33,10,34,0.029,0.971,0.971,0.294,2025-26,Regular Season
1642864,Hugo González,1610612738,BOS,20.0,68,1046.0,181,108,73,68,2,24,56,9,10,19,0.474,0.526,5,11,16,9,16,0.313,0.688,1.0,0.563,2025-26,Regular Season
1630621,Hunter Dickinson,1610612740,NOP,25.0,1,5.0,2,1,1,0,0,0,0,0,0,0,0.0,0.0,0,0,0,0,0,0.0,0.0,0.0,0.0,2025-26,Regular Season
1642282,Hunter Sallis,1610612755,PHI,23.0,3,18.0,5,3,2,0,0,0,0,0,0,0,0.0,0.0,0,0,0,0,0,0.0,0.0,0.0,0.0,2025-26,Regular Season
1641816,Hunter Tyson,1610612743,DEN,25.0,12,124.0,28,12,16,9,0,2,4,1,2,3,0.333,0.667,0,0,0,0,0,0.0,0.0,0.0,0.0,2025-26,Regular Season
1630193,Immanuel Quickley,1610612761,TOR,26.0,67,2174.0,236,123,113,154,0,34,71,13,19,32,0.406,0.594,1,23,24,13,24,0.042,0.958,1.0,0.542,2025-26,Regular Season
1642403,Isaac Jones,1610612765,DET,25.0,3,22.0,6,5,1,1,0,0,0,0,0,0,0.0,0.0,0,0,0,0,0,0.0,0.0,0.0,0.0,2025-26,Regular Season
1630171,Isaac Okoro,1610612741,CHI,25.0,61,1642.0,331,219,112,93,13,32,69,17,12,29,0.586,0.414,3,42,45,16,45,0.067,0.933,1.0,0.356,2025-26,Regular Season
1642268,Isaiah Collier,1610612762,UTA,21.0,56,1468.0,150,46,104,100,1,9,22,10,7,17,0.588,0.412,0,4,4,3,4,0.0,1.0,1.0,0.75,2025-26,Regular Season
1642384,Isaiah Crawford,1610612745,HOU,24.0,6,57.0,6,3,3,9,0,2,5,1,0,1,1.0,0.0,0,1,1,1,1,0.0,1.0,1.0,1.0,2025-26,Regular Season
1628392,Isaiah Hartenstein,1610612760,OKC,27.0,44,1089.0,304,215,89,91,1,144,336,18,11,29,0.621,0.379,35,63,97,71,98,0.357,0.643,0.99,0.724,2025-26,Regular Season
1630543,Isaiah Jackson,1610612746,LAC,24.0,54,906.0,281,193,88,101,0,92,209,13,6,19,0.684,0.316,19,22,41,27,41,0.463,0.537,1.0,0.659,2025-26,Regular Season
1630198,Isaiah Joe,1610612760,OKC,26.0,68,1452.0,161,62,99,110,7,26,58,11,13,24,0.458,0.542,0,15,15,4,15,0.0,1.0,1.0,0.267,2025-26,Regular Season
1630587,Isaiah Livers,1610612756,PHX,27.0,32,339.0,68,44,24,26,0,9,23,4,2,6,0.667,0.333,0,5,4,2,5,0.0,1.0,0.8,0.4,2025-26,Regular Season
1641815,Isaiah Stevens,1610612758,SAC,25.0,3,43.0,3,0,3,5,0,0,0,0,0,0,0.0,0.0,0,0,0,0,0,0.0,0.0,0.0,0.0,2025-26,Regular Season
1630191,Isaiah Stewart,1610612765,DET,24.0,55,1273.0,512,375,137,32,0,81,192,9,9,18,0.5,0.5,23,55,78,55,78,0.295,0.705,1.0,0.705,2025-26,Regular Season
1627826,Ivica Zubac,1610612754,IND,29.0,48,1447.0,439,340,99,47,0,139,335,12,8,20,0.6,0.4,47,65,110,73,112,0.42,0.58,0.982,0.652,2025-26,Regular Season
1631120,JD Davison,1610612745,HOU,23.0,17,161.0,28,15,13,9,1,2,4,0,2,2,0.0,1.0,1,0,1,1,1,1.0,0.0,1.0,1.0,2025-26,Regular Season
1629630,Ja Morant,1610612763,MEM,26.0,20,569.0,34,16,18,48,2,1,2,7,4,11,0.636,0.364,0,6,6,2,6,0.0,1.0,1.0,0.333,2025-26,Regular Season
1642266,Ja'Kobe Walter,1610612761,TOR,21.0,67,1337.0,173,85,88,159,5,10,22,12,13,25,0.48,0.52,5,8,13,8,13,0.385,0.615,1.0,0.615,2025-26,Regular Season
1631095,Jabari Smith Jr.,1610612745,HOU,22.0,73,2561.0,443,297,146,109,0,31,76,15,19,34,0.441,0.559,10,40,49,33,50,0.2,0.8,0.98,0.66,2025-26,Regular Season
1631133,Jabari Walker,1610612755,PHI,23.0,55,721.0,95,58,37,52,4,23,51,5,6,11,0.455,0.545,11,8,19,15,21,0.524,0.381,1.0,0.789,2025-26,Regular Season
1631210,Jacob Toppin,1610612737,ATL,25.0,2,8.0,2,1,1,0,0,1,3,0,0,0,0.0,0.0,0,0,0,0,0,0.0,0.0,0.0,0.0,2025-26,Regular Season
1630702,Jaden Hardy,1610612764,WAS,23.0,46,808.0,66,36,30,35,3,2,5,5,5,10,0.5,0.5,0,11,11,3,11,0.0,1.0,1.0,0.273,2025-26,Regular Season
1631093,Jaden Ivey,1610612741,CHI,24.0,36,659.0,73,42,31,38,0,11,24,6,10,16,0.375,0.625,2,4,6,3,6,0.333,0.667,1.0,0.5,2025-26,Regular Season
1630183,Jaden McDaniels,1610612750,MIN,25.0,71,2262.0,436,263,173,153,0,18,42,20,25,45,0.444,0.556,0,9,9,1,9,0.0,1.0,1.0,0.111,2025-26,Regular Season
1630256,Jae'Sean Tate,1610612745,HOU,30.0,36,333.0,57,33,24,23,2,8,19,8,4,12,0.667,0.333,2,10,11,5,12,0.167,0.833,0.917,0.417,2025-26,Regular Season
1642942,Jahmai Mashack,1610612763,MEM,23.0,26,552.0,93,60,33,83,1,29,67,4,5,9,0.444,0.556,0,9,9,2,9,0.0,1.0,1.0,0.222,2025-26,Regular Season
1642443,Jahmir Young,1610612748,MIA,25.0,7,42.0,9,3,6,4,0,0,0,1,0,1,1.0,0.0,0,0,0,0,0,0.0,0.0,0.0,0.0,2025-26,Regular Season
1643141,Jahmyl Telfort,1610612746,LAC,24.0,3,11.0,1,1,0,1,0,0,0,0,0,0,0.0,0.0,0,1,1,0,1,0.0,1.0,1.0,0.0,2025-26,Regular Season
1631170,Jaime Jaquez Jr.,1610612748,MIA,25.0,71,2009.0,365,218,147,104,0,16,39,20,16,36,0.556,0.444,1,46,46,23,47,0.021,0.979,0.979,0.489,2025-26,Regular Season
1631222,Jake LaRavia,1610612747,LAL,24.0,77,1920.0,289,167,122,231,1,23,53,18,22,40,0.45,0.55,9,29,36,19,38,0.237,0.763,0.947,0.5,2025-26,Regular Season
1627751,Jakob Poeltl,1610612761,TOR,30.0,41,1047.0,270,202,68,105,2,136,303,8,12,20,0.4,0.6,32,58,88,59,90,0.356,0.644,0.978,0.656,2025-26,Regular Season
1628973,Jalen Brunson,1610612752,NYK,29.0,71,2482.0,216,79,137,108,29,28,66,17,22,39,0.436,0.564,0,14,14,5,14,0.0,1.0,1.0,0.357,2025-26,Regular Season
1631105,Jalen Duren,1610612765,DET,22.0,66,1865.0,575,394,181,105,0,167,387,31,21,52,0.596,0.404,64,89,153,116,154,0.416,0.578,1.0,0.758,2025-26,Regular Season
1630224,Jalen Green,1610612756,PHX,24.0,27,736.0,86,43,43,38,0,3,8,5,3,8,0.625,0.375,0,2,2,2,2,0.0,1.0,1.0,1.0,2025-26,Regular Season
1630552,Jalen Johnson,1610612737,ATL,24.0,69,2432.0,331,198,133,167,2,48,114,16,13,29,0.552,0.448,3,41,44,31,44,0.068,0.932,1.0,0.705,2025-26,Regular Season
1629618,Jalen Pickett,1610612743,DEN,26.0,32,666.0,77,38,39,24,0,16,37,4,4,8,0.5,0.5,2,10,12,8,12,0.167,0.833,1.0,0.667,2025-26,Regular Season
1641771,Jalen Slawson,1610612754,IND,26.0,8,172.0,47,32,15,21,0,6,15,2,0,2,1.0,0.0,0,2,2,2,2,0.0,1.0,1.0,1.0,2025-26,Regular Season
1630188,Jalen Smith,1610612741,CHI,26.0,53,1095.0,315,221,94,36,4,69,159,8,11,19,0.421,0.579,27,63,90,66,90,0.3,0.7,1.0,0.733,2025-26,Regular Season
1630591,Jalen Suggs,1610612753,ORL,24.0,52,1423.0,170,95,75,176,5,11,22,22,16,38,0.579,0.421,4,7,11,7,11,0.364,0.636,1.0,0.636,2025-26,Regular Season
1631114,Jalen Williams,1610612760,OKC,24.0,31,878.0,100,61,39,99,0,10,25,7,10,17,0.412,0.588,1,12,13,6,13,0.077,0.923,1.0,0.462,2025-26,Regular Season
1630592,Jalen Wilson,1610612751,BKN,25.0,43,685.0,86,47,39,39,0,10,27,6,5,11,0.545,0.455,0,15,14,4,15,0.0,1.0,0.933,0.267,2025-26,Regular Season
1631288,Jamal Cain,1610612753,ORL,27.0,30,382.0,76,47,29,32,0,5,12,1,1,2,0.5,0.5,2,5,7,4,7,0.286,0.714,1.0,0.571,2025-26,Regular Season
1627750,Jamal Murray,1610612743,DEN,29.0,72,2533.0,299,150,149,133,2,30,73,16,16,32,0.5,0.5,1,14,15,7,15,0.067,0.933,1.0,0.467,2025-26,Regular Season
1642347,Jamal Shead,1610612761,TOR,23.0,77,1734.0,170,61,109,164,5,20,46,10,11,21,0.476,0.524,0,15,15,3,15,0.0,1.0,1.0,0.2,2025-26,Regular Season
1631123,Jamaree Bouyea,1610612756,PHX,26.0,35,537.0,72,41,31,59,0,4,10,5,5,10,0.5,0.5,0,4,4,0,4,0.0,1.0,1.0,0.0,2025-26,Regular Season
201935,James Harden,1610612739,CLE,36.0,67,2345.0,210,88,122,124,0,6,14,21,25,46,0.457,0.543,0,35,34,20,35,0.0,1.0,0.971,0.571,2025-26,Regular Season
1630164,James Wiseman,1610612754,IND,25.0,4,58.0,19,13,6,0,0,4,9,1,1,2,0.5,0.5,1,3,4,1,4,0.25,0.75,1.0,0.25,2025-26,Regular Season
1642364,Jamir Watkins,1610612764,WAS,24.0,44,873.0,158,101,57,111,4,9,24,1,14,15,0.067,0.933,0,11,11,6,11,0.0,1.0,1.0,0.545,2025-26,Regular Season
1642419,Jamison Battle,1610612761,TOR,24.0,40,409.0,54,41,13,19,1,6,13,4,3,7,0.571,0.429,3,6,9,5,9,0.333,0.667,1.0,0.556,2025-26,Regular Season
1641716,Jarace Walker,1610612754,IND,22.0,72,1850.0,206,120,86,139,1,19,45,7,13,20,0.35,0.65,1,27,28,13,28,0.036,0.964,1.0,0.464,2025-26,Regular Season
1642272,Jared McCain,1610612760,OKC,22.0,57,1039.0,126,65,61,57,3,16,37,11,13,24,0.458,0.542,0,5,5,4,5,0.0,1.0,1.0,0.8,2025-26,Regular Season
1628991,Jaren Jackson Jr.,1610612762,UTA,26.0,48,1455.0,436,289,147,108,1,46,114,12,12,24,0.5,0.5,3,35,37,22,38,0.079,0.921,0.974,0.579,2025-26,Regular Season
1629020,Jarred Vanderbilt,1610612747,LAL,27.0,59,1043.0,130,90,40,103,0,43,107,13,17,30,0.433,0.567,7,16,23,18,23,0.304,0.696,1.0,0.783,2025-26,Regular Season
1628386,Jarrett Allen,1610612739,CLE,27.0,54,1465.0,427,338,89,131,2,142,323,23,15,38,0.605,0.395,20,57,77,48,77,0.26,0.74,1.0,0.623,2025-26,Regular Season
1642859,Jase Richardson,1610612753,ORL,20.0,34,490.0,65,49,16,28,1,2,4,5,5,10,0.5,0.5,0,5,5,3,5,0.0,1.0,1.0,0.6,2025-26,Regular Season
1642914,Javon Small,1610612763,MEM,23.0,37,793.0,103,39,64,69,0,3,6,6,7,13,0.462,0.538,0,4,4,1,4,0.0,1.0,1.0,0.25,2025-26,Regular Season
1631451,Javonte Cooke,1610612757,POR,26.0,12,73.0,6,6,0,7,0,0,0,2,0,2,1.0,0.0,0,1,1,0,1,0.0,1.0,1.0,0.0,2025-26,Regular Season
1629750,Javonte Green,1610612765,DET,32.0,74,1351.0,131,65,66,197,1,16,35,16,29,45,0.356,0.644,3,22,25,13,25,0.12,0.88,1.0,0.52,2025-26,Regular Season
1629637,Jaxson Hayes,1610612747,LAL,25.0,65,1179.0,365,239,126,72,1,139,322,6,10,16,0.375,0.625,12,33,44,29,45,0.267,0.733,0.978,0.644,2025-26,Regular Season
1630643,Jay Huff,1610612754,IND,28.0,76,1601.0,647,493,154,64,1,137,307,12,7,19,0.632,0.368,16,87,100,46,103,0.155,0.845,0.98,0.451,2025-26,Regular Season
1627759,Jaylen Brown,1610612738,BOS,29.0,68,2335.0,317,123,194,123,1,23,57,35,23,58,0.603,0.397,1,51,52,31,52,0.019,0.981,1.0,0.596,2025-26,Regular Season
1641740,Jaylen Clark,1610612750,MIN,24.0,60,765.0,131,82,49,76,0,10,24,9,5,14,0.643,0.357,5,6,11,8,11,0.455,0.545,1.0,0.727,2025-26,Regular Season
1642377,Jaylen Wells,1610612763,MEM,22.0,69,1821.0,240,129,111,111,0,17,38,13,21,34,0.382,0.618,4,12,15,7,16,0.25,0.75,0.938,0.438,2025-26,Regular Season
1631119,Jaylin Williams,1610612760,OKC,23.0,62,1237.0,456,302,154,60,17,89,199,7,9,16,0.438,0.563,3,71,71,48,74,0.041,0.959,0.959,0.649,2025-26,Regular Season
1642281,Jaylon Tyson,1610612739,CLE,23.0,64,1727.0,295,163,132,110,0,33,76,15,17,32,0.469,0.531,25,20,43,31,45,0.556,0.444,0.977,0.705,2025-26,Regular Season
1643257,Jayson Kent,1610612757,POR,24.0,1,13.0,1,1,0,1,0,0,0,0,1,1,0.0,1.0,0,0,0,0,0,0.0,0.0,0.0,0.0,2025-26,Regular Season
1628369,Jayson Tatum,1610612738,BOS,28.0,13,409.0,36,12,24,24,0,7,17,1,1,2,0.5,0.5,1,5,6,4,6,0.167,0.833,1.0,0.667,2025-26,Regular Season
201145,Jeff Green,1610612745,HOU,39.0,18,111.0,30,12,18,5,0,4,9,0,0,0,0.0,0.0,0,3,3,2,3,0.0,1.0,1.0,0.667,2025-26,Regular Season
203924,Jerami Grant,1610612757,POR,32.0,57,1695.0,178,101,77,77,2,16,39,18,13,31,0.581,0.419,1,27,28,11,28,0.036,0.964,1.0,0.393,2025-26,Regular Season
1642847,Jeremiah Fears,1610612740,NOP,19.0,78,1952.0,252,119,133,196,1,6,13,11,18,29,0.379,0.621,4,16,20,7,20,0.2,0.8,1.0,0.35,2025-26,Regular Season
1630526,Jeremiah Robinson-Earl,1610612742,DAL,25.0,21,357.0,68,38,30,12,0,6,15,6,1,7,0.857,0.143,4,8,12,8,12,0.333,0.667,1.0,0.667,2025-26,Regular Season
1631110,Jeremy Sochan,1610612752,NYK,22.0,36,421.0,82,62,20,38,0,37,84,8,7,15,0.533,0.467,7,7,14,5,14,0.5,0.5,1.0,0.357,2025-26,Regular Season
1630579,Jericho Sims,1610612749,MIL,27.0,56,1140.0,217,144,73,36,0,114,260,8,6,14,0.571,0.429,38,43,80,59,81,0.469,0.531,0.988,0.728,2025-26,Regular Season
1641724,Jett Howard,1610612753,ORL,22.0,48,666.0,102,70,32,30,0,4,8,7,6,13,0.538,0.462,1,6,7,5,7,0.143,0.857,1.0,0.714,2025-26,Regular Season
1628975,Jevon Carter,1610612753,ORL,30.0,42,738.0,96,37,59,73,0,4,9,5,6,11,0.455,0.545,0,10,10,3,10,0.0,1.0,1.0,0.3,2025-26,Regular Season
202710,Jimmy Butler III,1610612744,GSW,36.0,38,1182.0,90,42,48,93,1,36,93,19,14,33,0.576,0.424,12,16,28,16,28,0.429,0.571,1.0,0.571,2025-26,Regular Season
1642866,Joan Beringer,1610612750,MIN,19.0,32,224.0,88,62,26,9,0,17,41,3,0,3,1.0,0.0,4,11,15,11,15,0.267,0.733,1.0,0.733,2025-26,Regular Season
1629111,Jock Landale,1610612737,ATL,30.0,68,1506.0,351,284,67,69,1,143,339,13,8,21,0.619,0.381,63,83,146,99,146,0.432,0.568,1.0,0.678,2025-26,Regular Season
204060,Joe Ingles,1610612750,MIN,38.0,10,62.0,8,3,5,6,0,1,2,0,0,0,0.0,0.0,0,0,0,0,0,0.0,0.0,0.0,0.0,2025-26,Regular Season
203954,Joel Embiid,1610612755,PHI,32.0,37,1162.0,296,227,69,34,1,136,330,13,6,19,0.684,0.316,10,42,52,38,52,0.192,0.808,1.0,0.731,2025-26,Regular Season
1628381,John Collins,1610612746,LAC,28.0,64,1758.0,357,185,172,106,1,42,102,15,14,29,0.517,0.483,16,22,38,24,38,0.421,0.579,1.0,0.632,2025-26,Regular Season
1629723,John Konchar,1610612762,UTA,30.0,49,970.0,147,79,68,127,1,26,56,14,17,31,0.452,0.548,1,12,13,5,13,0.077,0.923,1.0,0.385,2025-26,Regular Season
1642967,John Poulakidas,1610612742,DAL,23.0,8,133.0,21,11,10,4,0,3,7,1,2,3,0.333,0.667,0,0,0,0,0,0.0,0.0,0.0,0.0,2025-26,Regular Season
1642910,John Tonje,1610612738,BOS,24.0,2,6.0,1,0,1,1,0,0,0,0,0,0,0.0,0.0,0,0,0,0,0,0.0,0.0,0.0,0.0,2025-26,Regular Season
1641780,Johni Broome,1610612755,PHI,23.0,8,51.0,21,16,5,5,0,3,6,2,0,2,1.0,0.0,4,0,4,3,4,1.0,0.0,1.0,0.75,2025-26,Regular Season
1642277,Johnny Furphy,1610612754,IND,21.0,33,640.0,122,98,24,36,0,16,36,6,9,15,0.4,0.6,5,11,16,10,16,0.313,0.688,1.0,0.625,2025-26,Regular Season
1630548,Johnny Juzang,1610612750,MIN,25.0,14,67.0,12,8,4,6,0,1,3,1,0,1,1.0,0.0,0,1,1,1,1,0.0,1.0,1.0,1.0,2025-26,Regular Season
202685,Jonas Valančiūnas,1610612743,DEN,33.0,58,785.0,227,194,33,15,0,87,202,7,6,13,0.538,0.462,32,46,76,58,78,0.41,0.59,0.974,0.744,2025-26,Regular Season
1628371,Jonathan Isaac,1610612753,ORL,28.0,49,516.0,134,98,36,60,0,26,62,0,4,4,0.0,1.0,10,11,21,10,21,0.476,0.524,1.0,0.476,2025-26,Regular Season
1630228,Jonathan Kuminga,1610612737,ATL,23.0,33,754.0,128,80,48,58,1,13,30,8,7,15,0.533,0.467,8,9,17,15,17,0.471,0.529,1.0,0.882,2025-26,Regular Season
1642367,Jonathan Mogbo,1610612761,TOR,24.0,27,210.0,48,33,15,36,0,17,39,0,2,2,0.0,1.0,5,8,13,7,13,0.385,0.615,1.0,0.538,2025-26,Regular Season
203903,Jordan Clarkson,1610612752,NYK,33.0,65,1208.0,137,77,60,74,0,6,14,17,6,23,0.739,0.261,2,25,27,10,27,0.074,0.926,1.0,0.37,2025-26,Regular Season
1630692,Jordan Goodwin,1610612756,PHX,27.0,67,1509.0,150,82,68,255,1,17,40,26,19,45,0.578,0.422,9,23,32,18,32,0.281,0.719,1.0,0.563,2025-26,Regular Season
1641722,Jordan Hawkins,1610612740,NOP,23.0,36,540.0,83,49,34,17,1,3,6,4,3,7,0.571,0.429,0,4,4,2,4,0.0,1.0,1.0,0.5,2025-26,Regular Season
1629162,Jordan McLaughlin,1610612759,SAS,29.0,29,243.0,31,19,12,37,0,8,18,2,1,3,0.667,0.333,0,1,1,0,1,0.0,1.0,1.0,0.0,2025-26,Regular Season
1641757,Jordan Miller,1610612746,LAC,26.0,53,1188.0,184,80,104,76,1,10,22,8,8,16,0.5,0.5,3,7,10,5,10,0.3,0.7,1.0,0.5,2025-26,Regular Season
1629673,Jordan Poole,1610612740,NOP,26.0,37,873.0,108,39,69,51,3,2,5,5,6,11,0.455,0.545,0,7,7,3,7,0.0,1.0,1.0,0.429,2025-26,Regular Season
1641775,Jordan Walsh,1610612738,BOS,22.0,60,1094.0,182,104,78,106,0,29,74,8,7,15,0.533,0.467,10,19,28,18,29,0.345,0.655,0.966,0.621,2025-26,Regular Season
1630631,Jose Alvarado,1610612752,NYK,27.0,64,1294.0,72,27,45,146,1,6,13,10,15,25,0.4,0.6,0,12,11,2,12,0.0,1.0,0.917,0.167,2025-26,Regular Season
1630581,Josh Giddey,1610612741,CHI,23.0,54,1731.0,268,107,161,102,2,6,13,21,15,36,0.583,0.417,0,17,17,13,17,0.0,1.0,1.0,0.765,2025-26,Regular Season
1630182,Josh Green,1610612766,CHA,25.0,50,846.0,102,56,46,68,1,17,40,14,8,22,0.636,0.364,0,12,12,3,12,0.0,1.0,1.0,0.25,2025-26,Regular Season
1628404,Josh Hart,1610612752,NYK,31.0,63,1899.0,332,144,188,185,4,53,127,23,28,51,0.451,0.549,6,24,30,22,30,0.2,0.8,1.0,0.733,2025-26,Regular Season
1631169,Josh Minott,1610612751,BKN,23.0,47,813.0,155,89,66,103,0,19,48,13,9,22,0.591,0.409,1,11,12,6,13,0.077,0.846,1.0,0.5,2025-26,Regular Season
1629006,Josh Okogie,1610612745,HOU,27.0,69,1240.0,137,80,57,121,2,13,27,25,21,46,0.543,0.457,5,7,12,5,12,0.417,0.583,1.0,0.417,2025-26,Regular Season
201950,Jrue Holiday,1610612757,POR,35.0,48,1404.0,118,48,70,111,0,9,21,16,12,28,0.571,0.429,1,13,14,6,14,0.071,0.929,1.0,0.429,2025-26,Regular Season
1630577,Julian Champagnie,1610612759,SAS,24.0,77,2127.0,305,189,116,119,0,61,130,13,30,43,0.302,0.698,5,37,42,30,42,0.119,0.881,1.0,0.714,2025-26,Regular Season
1641763,Julian Phillips,1610612750,MIN,22.0,34,340.0,56,29,27,34,2,5,11,4,2,6,0.667,0.333,0,9,9,3,9,0.0,1.0,1.0,0.333,2025-26,Regular Season
1642882,Julian Reese,1610612764,WAS,22.0,8,228.0,37,24,13,17,0,29,62,4,2,6,0.667,0.333,8,6,13,10,14,0.571,0.429,0.929,0.714,2025-26,Regular Season
1631124,Julian Strawther,1610612743,DEN,23.0,41,675.0,74,41,33,47,0,6,15,5,7,12,0.417,0.583,0,4,4,1,4,0.0,1.0,1.0,0.25,2025-26,Regular Season
203944,Julius Randle,1610612750,MIN,31.0,77,2550.0,362,217,145,164,0,54,133,32,21,53,0.604,0.396,29,53,81,65,82,0.354,0.646,0.988,0.793,2025-26,Regular Season
1630551,Justin Champagnie,1610612764,WAS,24.0,63,1292.0,218,132,86,116,0,11,25,19,10,29,0.655,0.345,1,15,15,13,16,0.063,0.938,0.938,0.813,2025-26,Regular Season
1642348,Justin Edwards,1610612755,PHI,22.0,50,876.0,77,38,39,92,1,19,44,2,9,11,0.182,0.818,1,8,9,5,9,0.111,0.889,1.0,0.556,2025-26,Regular Season
203994,Jusuf Nurkić,1610612762,UTA,31.0,41,1083.0,275,175,100,112,0,178,427,8,6,14,0.571,0.429,41,87,127,92,128,0.32,0.68,0.992,0.719,2025-26,Regular Season
1642354,KJ Simpson,1610612743,DEN,23.0,14,238.0,24,12,12,28,1,4,10,2,3,5,0.4,0.6,0,3,3,0,3,0.0,1.0,1.0,0.0,2025-26,Regular Season
1642955,Kadary Richmond,1610612764,WAS,24.0,3,67.0,7,3,4,10,0,4,9,0,0,0,0.0,0.0,0,0,0,0,0,0.0,0.0,0.0,0.0,2025-26,Regular Season
1642880,Kam Jones,1610612754,IND,24.0,26,494.0,63,36,27,32,0,2,4,3,2,5,0.6,0.4,0,13,13,1,13,0.0,1.0,1.0,0.077,2025-26,Regular Season
1626157,Karl-Anthony Towns,1610612752,NYK,30.0,72,2230.0,422,289,133,145,2,128,292,20,22,42,0.476,0.524,64,107,170,140,171,0.374,0.626,0.994,0.819,2025-26,Regular Season
1631255,Karlo Matković,1610612740,NOP,25.0,62,912.0,292,202,90,63,2,48,115,9,8,17,0.529,0.471,8,36,44,23,44,0.182,0.818,1.0,0.523,2025-26,Regular Season
1642857,Kasparas Jakučionis,1610612748,MIA,19.0,48,870.0,146,76,70,84,3,1,2,7,14,21,0.333,0.667,2,9,11,3,11,0.182,0.818,1.0,0.273,2025-26,Regular Season
202695,Kawhi Leonard,1610612746,LAC,34.0,61,1957.0,234,98,136,209,0,11,26,25,17,42,0.595,0.405,2,27,29,14,29,0.069,0.931,1.0,0.483,2025-26,Regular Season
1630811,Keaton Wallace,1610612737,ATL,27.0,39,461.0,72,31,41,38,0,5,11,3,9,12,0.25,0.75,1,9,9,2,10,0.1,0.9,0.9,0.2,2025-26,Regular Season
1631099,Keegan Murray,1610612758,SAC,25.0,23,793.0,179,131,48,51,1,8,18,5,7,12,0.417,0.583,4,13,17,13,17,0.235,0.765,1.0,0.765,2025-26,Regular Season
1642276,Kel'el Ware,1610612748,MIA,21.0,72,1612.0,452,332,120,103,0,55,125,17,18,35,0.486,0.514,22,86,105,90,109,0.202,0.789,0.972,0.833,2025-26,Regular Season
1629640,Keldon Johnson,1610612759,SAS,26.0,77,1794.0,222,133,89,84,1,17,38,14,19,33,0.424,0.576,32,33,65,41,65,0.492,0.508,1.0,0.631,2025-26,Regular Season
203482,Kelly Olynyk,1610612759,SAS,34.0,36,344.0,84,40,44,31,3,23,60,2,2,4,0.5,0.5,4,8,12,7,12,0.333,0.667,1.0,0.583,2025-26,Regular Season
1626162,Kelly Oubre Jr.,1610612755,PHI,30.0,45,1439.0,165,86,79,186,0,10,26,10,16,26,0.385,0.615,1,12,13,10,13,0.077,0.923,1.0,0.769,2025-26,Regular Season
1631113,Kennedy Chandler,1610612762,UTA,23.0,8,251.0,28,9,19,19,1,0,0,2,2,4,0.5,0.5,0,0,0,0,0,0.0,0.0,0.0,0.0,2025-26,Regular Season
1629026,Kenrich Williams,1610612760,OKC,31.0,49,758.0,94,45,49,67,6,37,86,6,4,10,0.6,0.4,8,17,25,13,25,0.32,0.68,1.0,0.52,2025-26,Regular Season
203484,Kentavious Caldwell-Pope,1610612763,MEM,33.0,51,1088.0,61,24,37,69,0,3,8,13,8,21,0.619,0.381,2,6,8,4,8,0.25,0.75,1.0,0.5,2025-26,Regular Season
1631165,Keon Ellis,1610612739,CLE,26.0,66,1361.0,193,91,102,187,0,21,45,10,17,27,0.37,0.63,0,2,2,0,2,0.0,1.0,1.0,0.0,2025-26,Regular Season
1642352,Keshad Johnson,1610612748,MIA,24.0,20,195.0,44,33,11,16,0,8,18,3,1,4,0.75,0.25,1,6,7,4,7,0.143,0.857,1.0,0.571,2025-26,Regular Season
1642933,Keshon Gilbert,1610612737,ATL,22.0,3,48.0,8,6,2,4,0,0,0,1,1,2,0.5,0.5,0,0,0,0,0,0.0,0.0,0.0,0.0,2025-26,Regular Season
201142,Kevin Durant,1610612745,HOU,37.0,74,2690.0,422,224,198,115,0,34,75,16,20,36,0.444,0.556,0,23,23,13,23,0.0,1.0,1.0,0.565,2025-26,Regular Season
1628989,Kevin Huerter,1610612765,DET,27.0,65,1456.0,246,130,116,111,1,21,47,6,12,18,0.333,0.667,0,22,22,13,22,0.0,1.0,1.0,0.591,2025-26,Regular Season
201567,Kevin Love,1610612762,UTA,37.0,36,609.0,75,39,36,31,3,43,100,7,12,19,0.368,0.632,15,40,52,35,55,0.273,0.727,0.945,0.636,2025-26,Regular Season
1641755,Kevin McCullar Jr.,1610612752,NYK,25.0,12,112.0,20,13,7,16,1,2,5,2,2,4,0.5,0.5,0,0,0,0,0,0.0,0.0,0.0,0.0,2025-26,Regular Season
1629645,Kevin Porter Jr.,1610612749,MIL,25.0,38,1261.0,192,104,88,140,0,3,6,14,25,39,0.359,0.641,3,7,10,5,10,0.3,0.7,1.0,0.5,2025-26,Regular Season
1626172,Kevon Looney,1610612740,NOP,30.0,19,254.0,86,50,36,14,0,36,88,3,1,4,0.75,0.25,8,14,22,14,22,0.364,0.636,1.0,0.636,2025-26,Regular Season
1641718,Keyonte George,1610612762,UTA,22.0,53,1773.0,171,66,105,94,2,25,58,14,17,31,0.452,0.548,1,18,19,8,19,0.053,0.947,1.0,0.421,2025-26,Regular Season
1642863,Khaman Maluach,1610612756,PHX,19.0,39,338.0,137,99,38,11,0,29,74,2,1,3,0.667,0.333,7,16,23,15,23,0.304,0.696,1.0,0.652,2025-26,Regular Season
203114,Khris Middleton,1610612742,DAL,34.0,57,1339.0,146,71,75,95,5,13,30,13,8,21,0.619,0.381,6,30,35,23,36,0.167,0.833,0.972,0.639,2025-26,Regular Season
1630165,Killian Hayes,1610612758,SAC,24.0,18,314.0,44,22,22,32,1,4,10,3,1,4,0.75,0.25,0,2,2,1,2,0.0,1.0,1.0,0.5,2025-26,Regular Season
202691,Klay Thompson,1610612742,DAL,36.0,63,1360.0,141,81,60,43,0,18,38,4,9,13,0.308,0.692,0,7,7,2,7,0.0,1.0,1.0,0.286,2025-26,Regular Season
1641738,Kobe Brown,1610612754,IND,26.0,46,785.0,104,64,40,39,3,12,28,6,7,13,0.462,0.538,10,16,25,21,26,0.385,0.615,0.962,0.808,2025-26,Regular Season
1641723,Kobe Bufkin,1610612747,LAL,22.0,6,76.0,8,8,0,2,1,0,0,0,0,0,0.0,0.0,0,1,1,0,1,0.0,1.0,1.0,0.0,2025-26,Regular Season
1642920,Kobe Sanders,1610612746,LAC,23.0,61,1235.0,179,116,63,80,1,14,34,10,16,26,0.385,0.615,1,22,21,7,23,0.043,0.957,0.955,0.318,2025-26,Regular Season
1642886,Koby Brea,1610612756,PHX,23.0,6,30.0,6,3,3,2,0,1,2,0,0,0,0.0,0.0,0,0,0,0,0,0.0,0.0,0.0,0.0,2025-26,Regular Season
1642851,Kon Knueppel,1610612766,CHA,20.0,77,2424.0,409,276,133,142,3,36,82,32,20,52,0.615,0.385,3,31,33,11,34,0.088,0.912,0.971,0.324,2025-26,Regular Season
1627739,Kris Dunn,1610612746,LAC,32.0,77,2101.0,250,99,151,281,0,41,95,11,25,36,0.306,0.694,2,11,13,6,13,0.154,0.846,1.0,0.462,2025-26,Regular Season
1631200,Kris Murray,1610612757,POR,25.0,52,1244.0,181,134,47,98,2,17,39,9,15,24,0.375,0.625,19,27,45,23,46,0.413,0.587,0.978,0.5,2025-26,Regular Season
204001,Kristaps Porziņģis,1610612744,GSW,30.0,29,696.0,280,208,72,39,0,43,97,4,2,6,0.667,0.333,8,35,43,26,43,0.186,0.814,1.0,0.605,2025-26,Regular Season
203937,Kyle Anderson,1610612750,MIN,32.0,39,763.0,136,78,58,93,0,62,145,2,2,4,0.5,0.5,3,20,23,15,23,0.13,0.87,1.0,0.652,2025-26,Regular Season
1642271,Kyle Filipowski,1610612762,UTA,22.0,74,1741.0,427,249,178,125,3,104,240,20,8,28,0.714,0.286,16,59,75,59,75,0.213,0.787,1.0,0.787,2025-26,Regular Season
1628398,Kyle Kuzma,1610612749,MIL,30.0,66,1745.0,244,152,92,56,3,31,72,6,8,14,0.429,0.571,8,33,41,25,41,0.195,0.805,1.0,0.61,2025-26,Regular Season
200768,Kyle Lowry,1610612755,PHI,40.0,9,91.0,7,4,3,3,0,4,10,0,0,0,0.0,0.0,0,1,1,0,1,0.0,1.0,1.0,0.0,2025-26,Regular Season
1642273,Kyshawn George,1610612764,WAS,22.0,48,1391.0,322,185,137,120,6,27,65,11,15,26,0.423,0.577,4,30,33,12,34,0.118,0.882,0.971,0.353,2025-26,Regular Season
1643018,LJ Cryer,1610612744,GSW,24.0,13,233.0,15,6,9,7,0,2,4,0,3,3,0.0,1.0,0,1,1,0,1,0.0,1.0,1.0,0.0,2025-26,Regular Season
1630163,LaMelo Ball,1610612766,CHA,24.0,65,1832.0,130,72,58,139,0,20,49,15,23,38,0.395,0.605,1,19,19,10,20,0.05,0.95,1.0,0.526,2025-26,Regular Season
1642950,Lachlan Olbrich,1610612741,CHI,22.0,28,220.0,64,42,22,13,0,14,33,5,0,5,1.0,0.0,4,12,15,7,16,0.25,0.75,0.938,0.438,2025-26,Regular Season
1629013,Landry Shamet,1610612752,NYK,29.0,47,1100.0,177,96,81,69,1,20,46,3,6,9,0.333,0.667,1,18,18,3,19,0.053,0.947,0.947,0.158,2025-26,Regular Season
1626204,Larry Nance Jr.,1610612739,CLE,33.0,29,360.0,43,26,17,41,3,14,34,5,3,8,0.625,0.375,4,8,12,6,12,0.333,0.667,1.0,0.5,2025-26,Regular Season
1628374,Lauri Markkanen,1610612762,UTA,28.0,42,1443.0,254,183,71,71,0,50,122,7,11,18,0.389,0.611,5,26,31,21,31,0.161,0.839,1.0,0.677,2025-26,Regular Season
1643133,Lawson Lovering,1610612763,MEM,22.0,2,49.0,12,12,0,4,0,8,17,1,1,2,0.5,0.5,0,2,2,1,2,0.0,1.0,1.0,0.5,2025-26,Regular Season
2544,LeBron James,1610612747,LAL,41.0,56,1870.0,145,76,69,94,0,36,85,19,17,36,0.528,0.472,3,21,24,19,24,0.125,0.875,1.0,0.792,2025-26,Regular Season
1641778,Leaky Black,1610612764,WAS,26.0,10,285.0,32,20,12,16,0,9,18,2,1,3,0.667,0.333,0,2,2,0,2,0.0,1.0,1.0,0.0,2025-26,Regular Season
1631159,Leonard Miller,1610612741,CHI,22.0,32,524.0,128,70,58,27,0,22,47,8,4,12,0.667,0.333,2,12,13,9,14,0.143,0.857,0.929,0.643,2025-26,Regular Season
1642862,Liam McNeeley,1610612766,CHA,20.0,24,315.0,63,40,23,12,0,4,9,2,2,4,0.5,0.5,2,6,8,4,8,0.25,0.75,1.0,0.5,2025-26,Regular Season
1630322,Lindy Waters III,1610612759,SAS,28.0,27,249.0,27,14,13,11,2,11,22,1,1,2,0.5,0.5,0,7,7,3,7,0.0,1.0,1.0,0.429,2025-26,Regular Season
1628366,Lonzo Ball,1610612739,CLE,28.0,35,728.0,96,47,49,77,0,20,49,8,13,21,0.381,0.619,6,12,18,15,18,0.333,0.667,1.0,0.833,2025-26,Regular Season
1631351,Lucas Williamson,1610612763,MEM,27.0,1,20.0,0,0,0,1,0,0,0,0,0,0,0.0,0.0,0,0,0,0,0,0.0,0.0,0.0,0.0,2025-26,Regular Season
1629652,Luguentz Dort,1610612760,OKC,26.0,64,1744.0,241,85,156,99,2,64,146,5,10,15,0.333,0.667,6,26,32,13,32,0.188,0.813,1.0,0.406,2025-26,Regular Season
1629029,Luka Dončić,1610612747,LAL,27.0,64,2289.0,317,148,169,196,14,5,10,16,22,38,0.421,0.579,1,18,18,13,19,0.053,0.947,1.0,0.722,2025-26,Regular Season
1630568,Luka Garza,1610612738,BOS,27.0,66,1062.0,281,217,64,87,5,160,372,16,3,19,0.842,0.158,46,68,114,59,114,0.404,0.596,1.0,0.518,2025-26,Regular Season
1628379,Luke Kennard,1610612747,LAL,29.0,72,1534.0,159,85,74,96,0,32,76,8,8,16,0.5,0.5,1,15,16,5,16,0.063,0.938,1.0,0.313,2025-26,Regular Season
1628436,Luke Kornet,1610612759,SAS,30.0,64,1350.0,618,481,137,52,4,221,498,6,5,11,0.545,0.455,41,47,88,69,88,0.466,0.534,1.0,0.784,2025-26,Regular Season
1631247,Luke Travers,1610612739,CLE,24.0,10,94.0,17,13,4,11,0,2,5,2,1,3,0.667,0.333,0,0,0,0,0,0.0,0.0,0.0,0.0,2025-26,Regular Season
1630644,Mac McClung,1610612741,CHI,27.0,5,61.0,11,8,3,5,0,1,3,0,2,2,0.0,1.0,1,0,1,1,1,1.0,0.0,1.0,1.0,2025-26,Regular Season
1641869,Malachi Smith,1610612751,BKN,26.0,10,182.0,23,12,11,18,0,0,0,0,1,1,0.0,1.0,0,1,1,0,1,0.0,1.0,1.0,0.0,2025-26,Regular Season
1631103,Malaki Branham,1610612764,WAS,22.0,23,261.0,44,25,19,12,0,3,8,5,3,8,0.625,0.375,0,2,2,2,2,0.0,1.0,1.0,1.0,2025-26,Regular Season
1642502,Malevy Leons,1610612744,GSW,26.0,18,195.0,44,30,14,20,0,3,8,2,2,4,0.5,0.5,1,8,9,5,9,0.111,0.889,1.0,0.556,2025-26,Regular Season
1628370,Malik Monk,1610612758,SAC,28.0,57,1318.0,154,86,68,79,1,18,39,13,9,22,0.591,0.409,1,4,4,0,5,0.2,0.8,1.0,0.0,2025-26,Regular Season
1630699,MarJon Beauchamp,1610612755,PHI,25.0,11,187.0,24,10,14,17,0,3,7,1,3,4,0.25,0.75,0,0,0,0,0,0.0,0.0,0.0,0.0,2025-26,Regular Season
1631204,Marcus Sasser,1610612765,DET,25.0,26,371.0,37,15,22,33,0,1,3,2,3,5,0.4,0.6,0,3,3,0,3,0.0,1.0,1.0,0.0,2025-26,Regular Season
203935,Marcus Smart,1610612747,LAL,32.0,60,1725.0,185,72,113,164,20,37,90,16,20,36,0.444,0.556,1,38,38,10,39,0.026,0.974,0.974,0.256,2025-26,Regular Season
1641813,Mark Sears,1610612749,MIL,24.0,4,20.0,4,2,2,2,0,0,0,1,0,1,1.0,0.0,0,0,0,0,0,0.0,0.0,0.0,0.0,2025-26,Regular Season
1631109,Mark Williams,1610612756,PHX,24.0,57,1342.0,474,328,146,131,0,142,328,11,13,24,0.458,0.542,17,61,77,52,78,0.218,0.782,0.987,0.667,2025-26,Regular Season
1628365,Markelle Fultz,1610612761,TOR,27.0,3,27.0,3,0,3,3,0,0,0,0,0,0,0.0,0.0,0,0,0,0,0,0.0,0.0,0.0,0.0,2025-26,Regular Season
1628963,Marvin Bagley III,1610612742,DAL,27.0,56,1119.0,334,231,103,52,7,167,395,13,8,21,0.619,0.381,26,43,69,55,69,0.377,0.623,1.0,0.797,2025-26,Regular Season
203486,Mason Plumlee,1610612759,SAS,36.0,17,152.0,38,27,11,12,1,19,44,3,0,3,1.0,0.0,6,4,10,9,10,0.6,0.4,1.0,0.9,2025-26,Regular Season
1641824,Matas Buzelis,1610612741,CHI,21.0,76,2222.0,601,390,211,103,2,30,71,19,14,33,0.576,0.424,3,27,29,18,30,0.1,0.9,0.967,0.6,2025-26,Regular Season
1629680,Matisse Thybulle,1610612757,POR,29.0,26,397.0,38,18,20,94,1,5,12,5,4,9,0.556,0.444,0,3,3,1,3,0.0,1.0,1.0,0.333,2025-26,Regular Season
1631108,Max Christie,1610612742,DAL,23.0,72,2114.0,354,219,135,72,2,49,106,9,12,21,0.429,0.571,0,11,11,5,11,0.0,1.0,1.0,0.455,2025-26,Regular Season
1642917,Max Shulga,1610612738,BOS,23.0,3,7.0,3,1,2,0,0,0,0,0,0,0,0.0,0.0,0,0,0,0,0,0.0,0.0,0.0,0.0,2025-26,Regular Season
1629622,Max Strus,1610612739,CLE,30.0,8,195.0,27,12,15,8,0,8,17,1,0,1,1.0,0.0,0,4,4,0,4,0.0,1.0,1.0,0.0,2025-26,Regular Season
1628467,Maxi Kleber,1610612747,LAL,34.0,35,400.0,112,83,29,24,1,48,113,3,2,5,0.6,0.4,8,14,21,10,22,0.364,0.636,0.955,0.455,2025-26,Regular Season
1642875,Maxime Raynaud,1610612758,SAC,22.0,70,1828.0,518,350,168,79,0,198,441,11,13,24,0.458,0.542,29,62,91,70,91,0.319,0.681,1.0,0.769,2025-26,Regular Season
1642877,Micah Peavy,1610612740,NOP,24.0,47,726.0,91,54,37,70,1,8,20,7,6,13,0.538,0.462,3,12,14,8,15,0.2,0.8,1.0,0.571,2025-26,Regular Season
1630695,Micah Potter,1610612754,IND,27.0,41,774.0,271,199,72,32,0,69,158,4,5,9,0.444,0.556,5,35,40,24,40,0.125,0.875,1.0,0.6,2025-26,Regular Season
1629008,Michael Porter Jr.,1610612751,BKN,27.0,52,1689.0,165,98,67,97,0,34,76,16,15,31,0.516,0.484,14,20,34,28,34,0.412,0.588,1.0,0.824,2025-26,Regular Season
1628969,Mikal Bridges,1610612752,NYK,29.0,78,2596.0,415,265,150,175,1,21,45,18,19,37,0.486,0.514,1,43,44,10,44,0.023,0.977,1.0,0.227,2025-26,Regular Season
201144,Mike Conley,1610612750,MIN,38.0,49,890.0,106,58,48,56,0,15,35,8,8,16,0.5,0.5,0,7,7,3,7,0.0,1.0,1.0,0.429,2025-26,Regular Season
1628970,Miles Bridges,1610612766,CHA,28.0,73,2274.0,435,240,195,96,0,41,105,24,14,38,0.632,0.368,5,37,42,23,42,0.119,0.881,1.0,0.548,2025-26,Regular Season
1642939,Miles Kelly,1610612742,DAL,23.0,10,119.0,12,9,3,7,0,1,2,3,1,4,0.75,0.25,0,3,3,2,3,0.0,1.0,1.0,0.667,2025-26,Regular Season
1630540,Miles McBride,1610612752,NYK,25.0,38,1017.0,165,97,68,67,0,17,40,12,9,21,0.571,0.429,0,10,9,1,10,0.0,1.0,0.9,0.1,2025-26,Regular Season
1629011,Mitchell Robinson,1610612752,NYK,28.0,58,1136.0,245,153,92,120,0,139,314,20,10,30,0.667,0.333,82,71,152,121,153,0.536,0.464,0.993,0.791,2025-26,Regular Season
1628964,Mo Bamba,1610612762,UTA,27.0,4,44.0,20,11,9,1,0,1,2,0,2,2,0.0,1.0,1,2,3,3,3,0.333,0.667,1.0,1.0,2025-26,Regular Season
1642885,Mohamed Diawara,1610612752,NYK,20.0,44,510.0,69,43,26,28,0,9,20,3,2,5,0.6,0.4,2,10,12,2,12,0.167,0.833,1.0,0.167,2025-26,Regular Season
1628420,Monte Morris,1610612754,IND,30.0,5,62.0,8,3,5,5,0,0,0,1,0,1,1.0,0.0,0,0,0,0,0,0.0,0.0,0.0,0.0,2025-26,Regular Season
1629021,Moritz Wagner,1610612753,ORL,28.0,33,412.0,65,45,20,38,5,26,60,5,8,13,0.385,0.615,6,16,22,15,22,0.273,0.727,1.0,0.682,2025-26,Regular Season
1630541,Moses Moody,1610612744,GSW,23.0,59,1514.0,216,140,76,145,3,10,24,19,24,43,0.442,0.558,1,27,28,10,28,0.036,0.964,1.0,0.357,2025-26,Regular Season
1631243,Mouhamed Gueye,1610612737,ATL,23.0,73,1124.0,263,159,104,131,2,52,124,11,13,24,0.458,0.542,12,48,60,34,60,0.2,0.8,1.0,0.567,2025-26,Regular Season
1630619,Moussa Cisse,1610612742,DAL,23.0,34,447.0,172,129,43,36,0,60,143,10,5,15,0.667,0.333,16,20,36,27,36,0.444,0.556,1.0,0.75,2025-26,Regular Season
1631217,Moussa Diabaté,1610612766,CHA,24.0,69,1791.0,517,349,168,90,0,194,465,27,10,37,0.73,0.27,96,76,168,112,172,0.558,0.442,0.977,0.651,2025-26,Regular Season
1626167,Myles Turner,1610612749,MIL,30.0,69,1863.0,549,412,137,121,0,119,290,9,10,19,0.474,0.526,15,79,94,48,94,0.16,0.84,1.0,0.511,2025-26,Regular Season
1642066,Myron Gardner,1610612748,MIA,24.0,34,384.0,60,38,22,44,0,2,5,5,2,7,0.714,0.286,5,6,11,5,11,0.455,0.545,1.0,0.455,2025-26,Regular Season
1642368,N'Faly Dante,1610612737,ATL,24.0,4,15.0,4,4,0,2,0,1,3,0,0,0,0.0,0.0,0,1,1,1,1,0.0,1.0,1.0,1.0,2025-26,Regular Season
1641772,Nae'Qwan Tomlin,1610612739,CLE,25.0,56,900.0,148,82,66,109,0,27,65,12,9,21,0.571,0.429,11,20,31,17,31,0.355,0.645,1.0,0.548,2025-26,Regular Season
1630230,Naji Marshall,1610612742,DAL,28.0,72,2132.0,282,140,142,130,0,25,55,16,19,35,0.457,0.543,6,30,36,19,36,0.167,0.833,1.0,0.528,2025-26,Regular Season
1631466,Nate Williams,1610612744,GSW,27.0,12,192.0,26,9,17,21,0,0,0,3,1,4,0.75,0.25,2,1,3,2,3,0.667,0.333,1.0,0.667,2025-26,Regular Season
1629675,Naz Reid,1610612750,MIN,26.0,73,1930.0,420,257,163,122,4,44,107,17,20,37,0.459,0.541,8,55,61,35,63,0.127,0.873,0.968,0.556,2025-26,Regular Season
1629674,Neemias Queta,1610612738,BOS,26.0,72,1830.0,563,413,150,122,0,262,641,13,9,22,0.591,0.409,53,97,150,89,150,0.353,0.647,1.0,0.593,2025-26,Regular Season
1629651,Nic Claxton,1610612751,BKN,26.0,69,1920.0,501,327,174,118,0,197,481,20,9,29,0.69,0.31,38,47,84,65,85,0.447,0.553,0.988,0.765,2025-26,Regular Season
1630208,Nick Richards,1610612741,CHI,28.0,47,701.0,193,140,53,33,0,89,207,5,1,6,0.833,0.167,13,25,37,29,38,0.342,0.658,0.974,0.763,2025-26,Regular Season
1641733,Nick Smith Jr.,1610612747,LAL,21.0,20,302.0,32,12,20,10,0,5,11,2,4,6,0.333,0.667,0,0,0,0,0,0.0,0.0,0.0,0.0,2025-26,Regular Season
1629638,Nickeil Alexander-Walker,1610612737,ATL,27.0,75,2493.0,243,165,78,263,4,36,79,24,27,51,0.471,0.529,1,34,34,14,35,0.029,0.971,0.971,0.4,2025-26,Regular Season
201587,Nicolas Batum,1610612746,LAC,37.0,67,1227.0,207,120,87,93,0,15,32,7,12,19,0.368,0.632,1,17,17,8,18,0.056,0.944,0.944,0.444,2025-26,Regular Season
1628502,Nigel Hayes-Davis,1610612756,PHX,31.0,18,172.0,21,17,4,18,0,6,16,3,2,5,0.6,0.4,0,2,2,1,2,0.0,1.0,1.0,0.5,2025-26,Regular Season
203999,Nikola Jokić,1610612743,DEN,31.0,61,2128.0,355,237,118,166,1,202,473,20,15,35,0.571,0.429,35,106,140,112,141,0.248,0.752,1.0,0.8,2025-26,Regular Season
1631107,Nikola Jović,1610612748,MIA,22.0,41,782.0,190,125,65,41,1,10,24,4,4,8,0.5,0.5,3,18,21,13,21,0.143,0.857,1.0,0.619,2025-26,Regular Season
1642260,Nikola Topić,1610612760,OKC,20.0,4,47.0,6,4,2,1,0,0,0,1,0,1,1.0,0.0,0,1,1,1,1,0.0,1.0,1.0,1.0,2025-26,Regular Season
202696,Nikola Vučević,1610612738,BOS,35.0,60,1740.0,486,322,164,86,1,132,285,10,6,16,0.625,0.375,24,96,118,86,120,0.2,0.8,0.983,0.717,2025-26,Regular Season
1642363,Nique Clifford,1610612758,SAC,24.0,71,1732.0,302,158,144,134,9,26,59,11,14,25,0.44,0.56,3,13,16,12,16,0.188,0.813,1.0,0.75,2025-26,Regular Season
1642855,Noa Essengue,1610612741,CHI,19.0,1,4.0,1,1,0,0,0,0,0,0,0,0,0.0,0.0,1,0,1,0,1,1.0,0.0,1.0,0.0,2025-26,Regular Season
1641730,Noah Clowney,1610612751,BKN,21.0,66,1780.0,414,260,154,108,4,24,56,11,15,26,0.423,0.577,2,34,36,19,36,0.056,0.944,1.0,0.528,2025-26,Regular Season
1642869,Noah Penda,1610612753,ORL,21.0,49,699.0,136,93,43,58,0,18,40,8,13,21,0.381,0.619,10,12,22,19,22,0.455,0.545,1.0,0.864,2025-26,Regular Season
1642849,Nolan Traore,1610612751,BKN,19.0,52,1181.0,193,145,48,71,1,7,16,11,8,19,0.579,0.421,1,14,13,2,15,0.067,0.933,0.867,0.133,2025-26,Regular Season
1641807,Norchad Omier,1610612746,LAC,24.0,3,14.0,3,2,1,2,0,2,4,0,0,0,0.0,0.0,0,0,0,0,0,0.0,0.0,0.0,0.0,2025-26,Regular Season
1626181,Norman Powell,1610612748,MIA,32.0,54,1644.0,130,62,68,144,0,11,25,9,20,29,0.31,0.69,0,19,18,11,19,0.0,1.0,0.947,0.579,2025-26,Regular Season
1628384,OG Anunoby,1610612752,NYK,28.0,64,2135.0,444,250,194,180,3,21,50,20,22,42,0.476,0.524,6,66,72,43,72,0.083,0.917,1.0,0.597,2025-26,Regular Season
1630167,Obi Toppin,1610612754,IND,28.0,19,322.0,47,25,22,17,0,11,24,3,4,7,0.429,0.571,0,7,7,3,7,0.0,1.0,1.0,0.429,2025-26,Regular Season
1630534,Ochai Agbaji,1610612751,BKN,25.0,56,932.0,192,123,69,67,0,13,29,7,5,12,0.583,0.417,0,12,12,4,12,0.0,1.0,1.0,0.333,2025-26,Regular Season
1641765,Olivier-Maxence Prosper,1610612763,MEM,23.0,47,946.0,200,134,66,59,1,63,154,11,8,19,0.579,0.421,3,32,35,16,35,0.086,0.914,1.0,0.457,2025-26,Regular Season
1630209,Omer Yurtseven,1610612744,GSW,27.0,8,97.0,21,17,4,3,1,16,36,2,0,2,1.0,0.0,3,2,5,5,5,0.6,0.4,1.0,1.0,2025-26,Regular Season
1630168,Onyeka Okongwu,1610612737,ATL,25.0,71,2201.0,542,372,170,170,2,147,347,29,25,54,0.537,0.463,16,79,94,63,95,0.168,0.832,0.989,0.663,2025-26,Regular Season
1631115,Orlando Robinson,1610612753,ORL,25.0,4,25.0,7,6,1,2,0,2,5,0,0,0,0.0,0.0,1,0,1,1,1,1.0,0.0,1.0,1.0,2025-26,Regular Season
1631131,Oscar Tshiebwe,1610612762,UTA,26.0,23,347.0,64,38,26,26,0,27,60,7,3,10,0.7,0.3,10,4,14,13,14,0.714,0.286,1.0,0.929,2025-26,Regular Season
1642345,Oso Ighodaro,1610612756,PHX,23.0,77,1715.0,405,293,112,166,0,241,594,15,13,28,0.536,0.464,21,55,76,43,76,0.276,0.724,1.0,0.566,2025-26,Regular Season
1631172,Ousmane Dieng,1610612749,MIL,22.0,50,925.0,205,122,83,54,0,10,24,5,7,12,0.417,0.583,0,8,8,4,8,0.0,1.0,1.0,0.5,2025-26,Regular Season
1629023,P.J. Washington,1610612742,DAL,27.0,55,1706.0,369,219,150,103,1,39,85,12,18,30,0.4,0.6,6,35,41,28,41,0.146,0.854,1.0,0.683,2025-26,Regular Season
1641790,PJ Hall,1610612766,CHA,24.0,17,213.0,79,52,27,5,0,15,40,2,3,5,0.4,0.6,9,10,18,12,19,0.474,0.526,1.0,0.667,2025-26,Regular Season
1642359,Pacôme Dadiet,1610612752,NYK,20.0,13,66.0,10,7,3,9,0,0,0,0,2,2,0.0,1.0,0,1,1,0,1,0.0,1.0,1.0,0.0,2025-26,Regular Season
1631094,Paolo Banchero,1610612753,ORL,23.0,67,2332.0,422,254,168,79,0,63,142,24,10,34,0.706,0.294,5,37,42,31,42,0.119,0.881,1.0,0.738,2025-26,Regular Season
1627783,Pascal Siakam,1610612754,IND,32.0,62,2057.0,360,236,124,140,0,47,114,20,14,34,0.588,0.412,6,54,59,29,60,0.1,0.9,0.983,0.483,2025-26,Regular Season
1626192,Pat Connaughton,1610612766,CHA,33.0,28,262.0,44,18,26,11,1,3,9,4,2,6,0.667,0.333,1,6,7,6,7,0.143,0.857,1.0,0.857,2025-26,Regular Season
1630311,Pat Spencer,1610612744,GSW,29.0,53,1064.0,117,59,58,67,0,9,22,15,10,25,0.6,0.4,0,9,9,3,9,0.0,1.0,1.0,0.333,2025-26,Regular Season
1631116,Patrick Baldwin Jr.,1610612758,SAC,23.0,6,88.0,17,13,4,8,0,1,2,0,0,0,0.0,0.0,2,2,4,3,4,0.5,0.5,1.0,0.75,2025-26,Regular Season
1630172,Patrick Williams,1610612741,CHI,24.0,64,1290.0,210,121,89,87,0,24,55,9,12,21,0.429,0.571,4,50,53,23,54,0.074,0.926,0.981,0.426,2025-26,Regular Season
202331,Paul George,1610612755,PHI,35.0,32,990.0,166,94,72,133,4,10,23,10,9,19,0.526,0.474,3,23,25,16,26,0.115,0.885,0.962,0.615,2025-26,Regular Season
1630194,Paul Reed,1610612765,DET,26.0,58,814.0,278,199,79,114,1,94,229,19,10,29,0.655,0.345,10,31,41,29,41,0.244,0.756,1.0,0.707,2025-26,Regular Season
1630202,Payton Pritchard,1610612738,BOS,28.0,72,2340.0,126,37,89,101,2,21,49,23,18,41,0.561,0.439,3,30,33,9,34,0.088,0.882,1.0,0.273,2025-26,Regular Season
1642362,Payton Sandfort,1610612760,OKC,23.0,1,5.0,1,0,1,1,0,0,0,0,0,0,0.0,0.0,0,0,0,0,0,0.0,0.0,0.0,0.0,2025-26,Regular Season
1641796,Pelle Larsson,1610612748,MIA,25.0,67,1764.0,314,178,136,117,12,14,33,6,8,14,0.429,0.571,9,30,36,21,39,0.231,0.769,0.923,0.538,2025-26,Regular Season
1631250,Pete Nance,1610612749,MIL,26.0,38,651.0,124,82,42,28,0,28,64,4,2,6,0.667,0.333,3,9,12,7,12,0.25,0.75,1.0,0.583,2025-26,Regular Season
1631212,Peyton Watson,1610612743,DEN,23.0,54,1598.0,330,206,124,85,3,29,73,17,18,35,0.486,0.514,3,8,11,10,11,0.273,0.727,1.0,0.909,2025-26,Regular Season
1630173,Precious Achiuwa,1610612758,SAC,26.0,69,1631.0,381,240,141,123,3,57,133,24,9,33,0.727,0.273,33,24,57,40,57,0.579,0.421,1.0,0.702,2025-26,Regular Season
1629656,Quentin Grimes,1610612755,PHI,25.0,69,2057.0,253,126,127,140,1,12,26,21,19,40,0.525,0.475,0,12,12,5,12,0.0,1.0,1.0,0.417,2025-26,Regular Season
1631245,Quenton Jackson,1610612754,IND,27.0,41,743.0,90,37,53,68,0,9,20,8,10,18,0.444,0.556,1,5,6,1,6,0.167,0.833,1.0,0.167,2025-26,Regular Season
1642366,Quinten Post,1610612744,GSW,26.0,66,1155.0,411,313,98,39,0,60,148,5,16,21,0.238,0.762,17,42,58,43,59,0.288,0.712,0.983,0.729,2025-26,Regular Season
1629628,RJ Barrett,1610612761,TOR,25.0,53,1595.0,250,140,110,101,3,22,53,13,13,26,0.5,0.5,6,17,23,14,23,0.261,0.739,1.0,0.609,2025-26,Regular Season
1642853,Rasheer Fleming,1610612756,PHX,21.0,44,570.0,91,53,38,54,0,7,16,5,2,7,0.714,0.286,2,8,10,5,10,0.2,0.8,1.0,0.5,2025-26,Regular Season
1642484,RayJ Dennis,1610612737,ATL,25.0,12,165.0,12,8,4,23,0,1,2,0,3,3,0.0,1.0,0,2,2,0,2,0.0,1.0,1.0,0.0,2025-26,Regular Season
1641712,Rayan Rupert,1610612763,MEM,21.0,51,905.0,121,64,57,94,0,9,21,8,7,15,0.533,0.467,2,6,7,3,8,0.25,0.75,0.875,0.375,2025-26,Regular Season
1642263,Reed Sheppard,1610612745,HOU,21.0,77,2037.0,298,151,147,276,0,11,24,23,22,45,0.511,0.489,0,14,14,6,14,0.0,1.0,1.0,0.429,2025-26,Regular Season
1642434,Riley Minix,1610612739,CLE,25.0,5,22.0,6,1,5,5,0,0,0,0,0,0,0.0,0.0,0,0,0,0,0,0.0,0.0,0.0,0.0,2025-26,Regular Season
1642265,Rob Dillingham,1610612741,CHI,21.0,54,810.0,101,53,48,73,0,3,7,9,8,17,0.529,0.471,1,3,3,2,4,0.25,0.75,0.75,0.5,2025-26,Regular Season
1629057,Robert Williams III,1610612757,POR,28.0,55,932.0,287,202,85,63,0,64,150,7,5,12,0.583,0.417,16,28,42,34,44,0.364,0.636,0.955,0.773,2025-26,Regular Season
1642911,Rocco Zikarsky,1610612750,MIN,19.0,3,12.0,13,10,3,1,0,1,3,1,0,1,1.0,0.0,0,0,0,0,0,0.0,0.0,0.0,0.0,2025-26,Regular Season
1631199,Ron Harper Jr.,1610612738,BOS,25.0,18,238.0,38,25,13,16,0,3,6,4,3,7,0.571,0.429,1,3,4,4,4,0.25,0.75,1.0,1.0,2025-26,Regular Season
1641842,Ronald Holland II,1610612765,DET,20.0,71,1422.0,141,71,70,156,2,15,37,16,21,37,0.432,0.568,4,7,10,7,11,0.364,0.636,0.909,0.636,2025-26,Regular Season
1626220,Royce O'Neale,1610612756,PHX,32.0,74,2129.0,176,84,92,164,0,41,95,17,19,36,0.472,0.528,3,35,38,21,38,0.079,0.921,1.0,0.553,2025-26,Regular Season
203497,Rudy Gobert,1610612750,MIN,33.0,74,2317.0,794,611,183,135,1,294,733,17,5,22,0.773,0.227,92,94,186,147,186,0.495,0.505,1.0,0.79,2025-26,Regular Season
1629060,Rui Hachimura,1610612747,LAL,28.0,62,1747.0,218,142,76,75,1,26,59,10,8,18,0.556,0.444,1,36,36,14,37,0.027,0.973,1.0,0.389,2025-26,Regular Season
201566,Russell Westbrook,1610612758,SAC,37.0,60,1749.0,110,49,61,137,0,10,22,25,21,46,0.543,0.457,2,7,9,7,9,0.222,0.778,1.0,0.778,2025-26,Regular Season
1642346,Ryan Dunn,1610612756,PHX,23.0,65,1268.0,236,123,113,121,0,24,57,14,10,24,0.583,0.417,5,8,13,9,13,0.385,0.615,1.0,0.692,2025-26,Regular Season
1641750,Ryan Kalkbrenner,1610612766,CHA,24.0,65,1404.0,611,473,138,69,2,150,358,9,14,23,0.391,0.609,50,118,167,91,168,0.298,0.702,0.994,0.542,2025-26,Regular Season
1642948,Ryan Nembhard,1610612742,DAL,23.0,52,1009.0,91,44,47,33,2,10,22,11,13,24,0.458,0.542,0,8,8,2,8,0.0,1.0,1.0,0.25,2025-26,Regular Season
1631157,Ryan Rollins,1610612749,MIL,23.0,72,2310.0,280,149,131,293,4,10,21,20,26,46,0.435,0.565,0,18,18,8,18,0.0,1.0,1.0,0.444,2025-26,Regular Season
1630180,Saddiq Bey,1610612740,NOP,26.0,70,2179.0,178,94,84,93,1,17,40,19,20,39,0.487,0.513,8,32,40,26,40,0.2,0.8,1.0,0.65,2025-26,Regular Season
1630573,Sam Hauser,1610612738,BOS,28.0,73,1825.0,290,175,115,91,0,54,127,12,10,22,0.545,0.455,1,44,45,20,45,0.022,0.978,1.0,0.444,2025-26,Regular Season
1630241,Sam Merrill,1610612739,CLE,29.0,50,1322.0,151,96,55,74,3,32,73,9,8,17,0.529,0.471,2,13,15,5,15,0.133,0.867,1.0,0.333,2025-26,Regular Season
1630572,Sandro Mamukelashvili,1610612761,TOR,26.0,75,1643.0,432,300,132,133,0,79,178,12,18,30,0.4,0.6,11,58,67,30,69,0.159,0.841,0.971,0.435,2025-26,Regular Season
1630583,Santi Aldama,1610612763,MEM,25.0,43,1198.0,286,183,103,62,2,25,59,9,8,17,0.529,0.471,2,28,30,19,30,0.067,0.933,1.0,0.633,2025-26,Regular Season
1630703,Scoot Henderson,1610612757,POR,22.0,26,616.0,54,22,32,62,0,1,2,4,2,6,0.667,0.333,1,12,11,2,13,0.077,0.923,0.917,0.167,2025-26,Regular Season
1630567,Scottie Barnes,1610612761,TOR,24.0,75,2528.0,448,309,139,244,1,76,173,22,24,46,0.478,0.522,33,67,99,79,100,0.33,0.67,0.99,0.79,2025-26,Regular Season
1630590,Scotty Pippen Jr.,1610612763,MEM,25.0,10,212.0,29,9,20,37,0,0,0,2,0,2,1.0,0.0,0,2,2,1,2,0.0,1.0,1.0,0.5,2025-26,Regular Season
1642951,Sean Pedulla,1610612746,LAC,23.0,4,18.0,2,1,1,2,0,0,0,0,2,2,0.0,1.0,0,1,1,0,1,0.0,1.0,1.0,0.0,2025-26,Regular Season
203552,Seth Curry,1610612744,GSW,35.0,5,61.0,5,1,4,2,0,0,0,1,0,1,1.0,0.0,0,0,0,0,0,0.0,0.0,0.0,0.0,2025-26,Regular Season
1631101,Shaedon Sharpe,1610612757,POR,22.0,48,1439.0,120,50,70,93,1,3,6,16,12,28,0.571,0.429,0,20,20,8,20,0.0,1.0,1.0,0.4,2025-26,Regular Season
1628983,Shai Gilgeous-Alexander,1610612760,OKC,27.0,65,2177.0,285,150,135,193,1,17,38,27,26,53,0.509,0.491,0,16,16,9,16,0.0,1.0,1.0,0.563,2025-26,Regular Season
1630536,Sharife Cooper,1610612764,WAS,24.0,29,565.0,38,27,11,28,5,3,7,7,2,9,0.778,0.222,0,2,2,1,2,0.0,1.0,1.0,0.5,2025-26,Regular Season
1631321,Sidy Cissoko,1610612757,POR,22.0,65,1375.0,162,98,64,109,8,20,47,16,10,26,0.615,0.385,5,12,17,10,17,0.294,0.706,1.0,0.588,2025-26,Regular Season
1631323,Simone Fontecchio,1610612748,MIA,30.0,65,1132.0,144,78,66,68,0,6,15,12,11,23,0.522,0.478,10,18,28,19,28,0.357,0.643,1.0,0.679,2025-26,Regular Season
1642883,Sion James,1610612766,CHA,23.0,78,1764.0,262,162,100,102,1,41,97,8,8,16,0.5,0.5,4,28,32,10,32,0.125,0.875,1.0,0.313,2025-26,Regular Season
1627746,Skal Labissiere,1610612764,WAS,30.0,3,38.0,10,8,2,3,0,7,16,0,1,1,0.0,1.0,1,3,4,2,4,0.25,0.75,1.0,0.5,2025-26,Regular Season
1642461,Spencer Jones,1610612743,DEN,24.0,63,1416.0,281,187,94,125,4,55,137,17,12,29,0.586,0.414,3,31,32,17,34,0.088,0.912,0.941,0.5,2025-26,Regular Season
1630649,Stanley Umude,1610612759,SAS,26.0,2,7.0,1,1,0,1,0,0,0,0,0,0,0.0,0.0,0,0,0,0,0,0.0,0.0,0.0,0.0,2025-26,Regular Season
201939,Stephen Curry,1610612744,GSW,38.0,39,1222.0,107,55,52,98,2,35,79,20,16,36,0.556,0.444,2,9,11,5,11,0.182,0.818,1.0,0.455,2025-26,Regular Season
1642264,Stephon Castle,1610612759,SAS,21.0,65,1937.0,284,167,117,153,1,29,70,24,12,36,0.667,0.333,2,16,18,5,18,0.111,0.889,1.0,0.278,2025-26,Regular Season
203500,Steven Adams,1610612745,HOU,32.0,32,730.0,178,127,51,31,0,91,200,13,3,16,0.813,0.188,53,26,77,61,79,0.671,0.329,0.975,0.772,2025-26,Regular Season
1629004,Svi Mykhailiuk,1610612762,UTA,28.0,48,1123.0,127,65,62,76,1,17,38,10,14,24,0.417,0.583,0,14,14,8,14,0.0,1.0,1.0,0.571,2025-26,Regular Season
204456,T.J. McConnell,1610612754,IND,34.0,54,934.0,78,36,42,115,4,3,9,11,22,33,0.333,0.667,0,7,7,3,7,0.0,1.0,1.0,0.429,2025-26,Regular Season
1643007,Taelon Peter,1610612754,IND,24.0,26,366.0,71,44,27,32,3,1,2,1,5,6,0.167,0.833,0,5,5,1,5,0.0,1.0,1.0,0.2,2025-26,Regular Season
201959,Taj Gibson,1610612763,MEM,40.0,7,65.0,16,11,5,4,0,9,26,0,0,0,0.0,0.0,1,2,3,2,3,0.333,0.667,1.0,0.667,2025-26,Regular Season
1631106,Tari Eason,1610612745,HOU,24.0,55,1424.0,256,165,91,132,0,10,24,23,18,41,0.561,0.439,3,14,17,11,17,0.176,0.824,1.0,0.647,2025-26,Regular Season
1627752,Taurean Prince,1610612749,MIL,32.0,21,456.0,45,19,26,25,0,3,6,0,1,1,0.0,1.0,0,5,5,4,5,0.0,1.0,1.0,0.8,2025-26,Regular Season
1641707,Taylor Hendricks,1610612763,MEM,22.0,56,1083.0,217,129,88,90,0,64,149,8,6,14,0.571,0.429,2,12,14,5,14,0.143,0.857,1.0,0.357,2025-26,Regular Season
1629611,Terance Mann,1610612751,BKN,29.0,63,1529.0,172,98,74,124,3,27,66,10,8,18,0.556,0.444,5,15,20,9,20,0.25,0.75,1.0,0.45,2025-26,Regular Season
1630545,Terrence Shannon Jr.,1610612750,MIN,25.0,34,420.0,61,35,26,26,2,6,14,3,2,5,0.6,0.4,0,8,7,1,8,0.0,1.0,0.875,0.125,2025-26,Regular Season
203648,Thanasis Antetokounmpo,1610612749,MIL,33.0,22,97.0,11,7,4,20,0,3,6,3,0,3,1.0,0.0,1,0,1,1,1,1.0,0.0,1.0,1.0,2025-26,Regular Season
1628418,Thomas Bryant,1610612739,CLE,28.0,56,695.0,178,152,26,35,1,56,129,9,4,13,0.692,0.308,14,32,46,32,46,0.304,0.696,1.0,0.696,2025-26,Regular Season
1642275,Tidjane Salaün,1610612766,CHA,20.0,33,565.0,95,54,41,37,1,18,44,3,6,9,0.333,0.667,3,19,22,14,22,0.136,0.864,1.0,0.636,2025-26,Regular Season
203501,Tim Hardaway Jr.,1610612743,DEN,34.0,75,2021.0,221,115,106,66,7,30,72,5,10,15,0.333,0.667,1,17,18,9,18,0.056,0.944,1.0,0.5,2025-26,Regular Season
202699,Tobias Harris,1610612765,DET,33.0,58,1643.0,232,121,111,80,0,21,46,14,16,30,0.467,0.533,5,53,57,29,58,0.086,0.914,1.0,0.509,2025-26,Regular Season
1643253,Toby Okani,1610612763,MEM,24.0,1,28.0,2,2,0,3,0,0,0,0,0,0,0.0,0.0,0,0,0,0,0,0.0,0.0,0.0,0.0,2025-26,Regular Season
1642449,Tolu Smith,1610612765,DET,25.0,10,114.0,27,19,8,3,0,15,38,1,0,1,1.0,0.0,5,10,15,11,15,0.333,0.667,1.0,0.733,2025-26,Regular Season
1628396,Tony Bradley,1610612754,IND,28.0,35,409.0,107,78,29,13,0,33,77,4,3,7,0.571,0.429,13,26,39,23,39,0.333,0.667,1.0,0.59,2025-26,Regular Season
1641787,Tosan Evbuomwan,1610612766,CHA,25.0,2,5.0,3,2,1,0,0,0,0,1,0,1,1.0,0.0,0,0,0,0,0,0.0,0.0,0.0,0.0,2025-26,Regular Season
1641739,Toumani Camara,1610612757,POR,25.0,78,2590.0,402,239,163,200,18,62,150,22,17,39,0.564,0.436,14,35,48,22,49,0.286,0.714,0.98,0.449,2025-26,Regular Season
1629027,Trae Young,1610612764,WAS,27.0,15,384.0,16,7,9,23,1,2,4,4,3,7,0.571,0.429,0,4,4,2,4,0.0,1.0,1.0,0.5,2025-26,Regular Season
1631218,Trayce Jackson-Davis,1610612761,TOR,26.0,46,477.0,172,134,38,28,0,56,132,8,4,12,0.667,0.333,21,24,43,31,45,0.467,0.533,0.956,0.689,2025-26,Regular Season
1642848,Tre Johnson,1610612764,WAS,20.0,58,1401.0,149,80,69,81,0,9,22,7,6,13,0.538,0.462,1,10,11,4,11,0.091,0.909,1.0,0.364,2025-26,Regular Season
1630200,Tre Jones,1610612741,CHI,26.0,60,1619.0,151,93,58,136,7,18,43,12,11,23,0.522,0.478,0,19,19,12,19,0.0,1.0,1.0,0.632,2025-26,Regular Season
1630544,Tre Mann,1610612766,CHA,25.0,42,630.0,77,43,34,50,0,9,23,6,8,14,0.429,0.571,0,6,6,2,6,0.0,1.0,1.0,0.333,2025-26,Regular Season
1630570,Trendon Watford,1610612755,PHI,25.0,50,847.0,182,97,85,43,0,17,41,13,6,19,0.684,0.316,2,8,10,4,10,0.2,0.8,1.0,0.4,2025-26,Regular Season
1642280,Trentyn Flowers,1610612741,CHI,21.0,2,6.0,2,2,0,1,0,0,0,1,0,1,1.0,0.0,0,0,0,0,0,0.0,0.0,0.0,0.0,2025-26,Regular Season
1630286,Trevon Scott,1610612751,BKN,29.0,1,8.0,2,2,0,1,0,0,0,0,0,0,0.0,0.0,0,0,0,0,0,0.0,0.0,0.0,0.0,2025-26,Regular Season
1641725,Trey Alexander,1610612740,NOP,22.0,4,40.0,7,6,1,7,0,0,0,0,0,0,0.0,0.0,0,4,4,0,4,0.0,1.0,1.0,0.0,2025-26,Regular Season
1641998,Trey Jemison III,1610612752,NYK,26.0,9,57.0,12,11,1,5,0,6,14,1,1,2,0.5,0.5,0,5,5,2,5,0.0,1.0,1.0,0.4,2025-26,Regular Season
1630530,Trey Murphy III,1610612740,NOP,25.0,66,2341.0,315,172,143,184,0,39,84,16,25,41,0.39,0.61,2,17,18,9,19,0.105,0.895,0.947,0.474,2025-26,Regular Season
1642400,Tristan Enaruna,1610612739,CLE,24.0,3,18.0,3,2,1,1,0,1,3,1,0,1,1.0,0.0,0,0,0,0,0,0.0,0.0,0.0,0.0,2025-26,Regular Season
1641774,Tristan Vukcevic,1610612764,WAS,23.0,47,665.0,203,143,60,55,1,74,176,8,4,12,0.667,0.333,3,24,27,13,27,0.111,0.889,1.0,0.481,2025-26,Regular Season
1641783,Tristan da Silva,1610612753,ORL,24.0,72,1784.0,278,180,98,123,0,27,57,13,11,24,0.542,0.458,1,42,43,25,43,0.023,0.977,1.0,0.581,2025-26,Regular Season
1629660,Ty Jerome,1610612763,MEM,28.0,15,339.0,32,12,20,41,0,2,6,3,1,4,0.75,0.25,1,2,3,3,3,0.333,0.667,1.0,1.0,2025-26,Regular Season
1631102,TyTy Washington Jr.,1610612746,LAC,24.0,6,53.0,7,3,4,6,0,0,0,1,0,1,1.0,0.0,0,1,1,0,1,0.0,1.0,1.0,0.0,2025-26,Regular Season
1631174,Tyler Burton,1610612763,MEM,26.0,12,307.0,44,27,17,29,0,2,4,2,6,8,0.25,0.75,0,2,2,2,2,0.0,1.0,1.0,1.0,2025-26,Regular Season
1629639,Tyler Herro,1610612748,MIA,26.0,30,952.0,100,74,26,38,0,1,3,5,6,11,0.455,0.545,0,1,1,0,1,0.0,1.0,1.0,0.0,2025-26,Regular Season
1642278,Tyler Kolek,1610612752,NYK,25.0,49,684.0,72,42,30,38,2,5,11,6,10,16,0.375,0.625,0,8,8,3,8,0.0,1.0,1.0,0.375,2025-26,Regular Season
1641890,Tyler Smith,1610612742,DAL,21.0,8,77.0,16,9,7,2,0,2,4,1,0,1,1.0,0.0,0,3,3,1,3,0.0,1.0,1.0,0.333,2025-26,Regular Season
1631213,Tyrese Martin,1610612755,PHI,27.0,40,732.0,97,51,46,53,0,6,14,10,12,22,0.455,0.545,2,8,10,7,10,0.2,0.8,1.0,0.7,2025-26,Regular Season
1630178,Tyrese Maxey,1610612755,PHI,25.0,65,2490.0,259,113,146,235,3,20,45,16,32,48,0.333,0.667,1,13,13,4,14,0.071,0.929,0.929,0.286,2025-26,Regular Season
1642878,Tyrese Proctor,1610612739,CLE,22.0,37,429.0,38,16,22,52,1,7,16,4,6,10,0.4,0.6,1,6,7,2,7,0.143,0.857,1.0,0.286,2025-26,Regular Season
1630623,Tyson Etienne,1610612751,BKN,26.0,13,204.0,16,11,5,11,0,0,0,2,3,5,0.4,0.6,0,3,3,0,3,0.0,1.0,1.0,0.0,2025-26,Regular Season
1626145,Tyus Jones,1610612743,DEN,29.0,50,788.0,44,13,31,53,0,5,12,2,3,5,0.4,0.6,0,5,5,3,5,0.0,1.0,1.0,0.6,2025-26,Regular Season
1642845,VJ Edgecombe,1610612755,PHI,20.0,70,2436.0,302,176,126,228,0,18,40,36,40,76,0.474,0.526,2,21,23,12,23,0.087,0.913,1.0,0.522,2025-26,Regular Season
1641705,Victor Wembanyama,1610612759,SAS,22.0,61,1784.0,559,398,161,160,3,86,186,18,13,31,0.581,0.419,20,43,63,48,63,0.317,0.683,1.0,0.762,2025-26,Regular Season
1631246,Vince Williams Jr.,1610612762,UTA,25.0,40,819.0,112,65,47,72,1,6,15,11,5,16,0.688,0.313,2,6,8,4,8,0.25,0.75,1.0,0.5,2025-26,Regular Season
1642884,Vladislav Goldin,1610612748,MIA,24.0,3,11.0,5,4,1,2,0,0,0,0,0,0,0.0,0.0,0,1,1,1,1,0.0,1.0,1.0,1.0,2025-26,Regular Season
1630249,Vít Krejčí,1610612757,POR,25.0,63,1381.0,269,154,115,92,0,21,47,9,16,25,0.36,0.64,0,19,19,6,19,0.0,1.0,1.0,0.316,2025-26,Regular Season
1631117,Walker Kessler,1610612762,UTA,24.0,5,154.0,43,34,9,16,0,16,39,4,0,4,1.0,0.0,4,8,11,7,12,0.333,0.667,0.917,0.583,2025-26,Regular Season
1642383,Walter Clayton Jr.,1610612763,MEM,23.0,65,1321.0,276,123,153,85,4,13,30,9,10,19,0.474,0.526,0,13,13,8,13,0.0,1.0,1.0,0.615,2025-26,Regular Season
1628976,Wendell Carter Jr.,1610612753,ORL,26.0,73,2162.0,564,421,143,117,1,202,459,20,21,41,0.488,0.512,35,144,179,99,179,0.196,0.804,1.0,0.553,2025-26,Regular Season
1631111,Wendell Moore Jr.,1610612765,DET,24.0,5,54.0,9,5,4,4,0,1,2,0,0,0,0.0,0.0,0,0,0,0,0,0.0,0.0,0.0,0.0,2025-26,Regular Season
1642954,Will Richard,1610612744,GSW,23.0,64,1316.0,142,75,67,151,5,14,32,9,10,19,0.474,0.526,7,13,20,15,20,0.35,0.65,1.0,0.75,2025-26,Regular Season
1642860,Will Riley,1610612764,WAS,20.0,63,1442.0,207,136,71,74,1,11,28,4,9,13,0.308,0.692,2,16,17,10,18,0.111,0.889,0.944,0.556,2025-26,Regular Season
1630214,Xavier Tillman,1610612766,CHA,27.0,19,160.0,53,28,25,18,0,20,47,0,4,4,0.0,1.0,7,4,11,8,12,0.583,0.333,1.0,0.727,2025-26,Regular Season
1642905,Yang Hansen,1610612757,POR,20.0,36,283.0,113,76,37,17,0,37,86,5,0,5,1.0,0.0,4,22,25,10,26,0.154,0.846,0.962,0.385,2025-26,Regular Season
1642949,Yanic Konan Niederhäuser,1610612746,LAC,23.0,33,399.0,137,114,23,21,2,46,103,1,0,1,1.0,0.0,7,18,25,17,25,0.28,0.72,1.0,0.68,2025-26,Regular Season
1642530,Yuki Kawamura,1610612741,CHI,24.0,9,131.0,8,1,7,11,1,0,0,0,1,1,0.0,1.0,2,2,4,2,4,0.5,0.5,1.0,0.5,2025-26,Regular Season
1642274,Yves Missi,1610612740,NOP,21.0,65,1257.0,435,281,154,50,0,122,263,21,12,33,0.636,0.364,33,42,74,43,75,0.44,0.56,0.987,0.573,2025-26,Regular Season
1642258,Zaccharie Risacher,1610612737,ATL,20.0,64,1453.0,284,181,103,137,0,8,20,8,14,22,0.364,0.636,4,13,17,10,17,0.235,0.765,1.0,0.588,2025-26,Regular Season
1628380,Zach Collins,1610612741,CHI,28.0,10,184.0,57,42,15,10,0,23,53,2,1,3,0.667,0.333,3,10,13,9,13,0.231,0.769,1.0,0.692,2025-26,Regular Season
1641744,Zach Edey,1610612763,MEM,23.0,11,284.0,88,74,14,12,0,35,78,2,1,3,0.667,0.333,19,26,45,36,45,0.422,0.578,1.0,0.8,2025-26,Regular Season
203897,Zach LaVine,1610612758,SAC,31.0,39,1224.0,166,75,91,50,0,7,16,3,6,9,0.333,0.667,0,7,7,3,7,0.0,1.0,1.0,0.429,2025-26,Regular Season
1630192,Zeke Nnaji,1610612743,DEN,25.0,46,577.0,163,105,58,43,1,54,133,4,6,10,0.4,0.6,5,12,16,8,17,0.294,0.706,0.941,0.471,2025-26,Regular Season
1630533,Ziaire Williams,1610612751,BKN,24.0,55,1266.0,202,91,111,173,1,8,18,10,17,27,0.37,0.63,0,10,10,5,10,0.0,1.0,1.0,0.5,2025-26,Regular Season
1629627,Zion Williamson,1610612740,NOP,25.0,61,1813.0,253,115,138,123,1,49,120,24,10,34,0.706,0.294,11,39,49,36,50,0.22,0.78,0.98,0.72,2025-26,Regular Season
1642389,Zyon Pullin,1610612750,MIN,25.0,1,5.0,0,0,0,1,0,0,0,0,0,0,0.0,0.0,0,0,0,0,0,0.0,0.0,0.0,0.0,2025-26,Regular Season
