PLAYER_ID,PLAYER_NAME,TEAM_ID,TEAM_ABBREVIATION,GP,W,L,MIN,POINTS,TOUCHES,FRONT_CT_TOUCHES,TIME_OF_POSS,AVG_SEC_PER_TOUCH,AVG_DRIB_PER_TOUCH,PTS_PER_TOUCH,ELBOW_TOUCHES,POST_TOUCHES,PAINT_TOUCHES,PTS_PER_ELBOW_TOUCH,PTS_PER_POST_TOUCH,PTS_PER_PAINT_TOUCH,SEASON,SEASON_TYPE,PT_MEASURE_TYPE
1630639,A.J. Lawson,1610612761,TOR,19,9,10,182.0,86,217,131,5.8,1.6,0.85,0.396,5,0,14,0.8,0.0,1.071,2025-26,Regular Season,Possessions
1631260,AJ Green,1610612749,MIL,73,29,44,2097.0,716,3157,1730,96.5,1.83,0.98,0.227,21,0,27,0.095,0.0,0.444,2025-26,Regular Season,Possessions
1642358,AJ Johnson,1610612742,DAL,44,8,36,386.0,122,593,301,38.3,3.88,3.45,0.206,6,0,21,0.167,0.0,0.762,2025-26,Regular Season,Possessions
203932,Aaron Gordon,1610612743,DEN,33,24,9,910.0,538,1571,794,94.6,3.61,2.51,0.342,56,56,158,0.625,0.571,1.082,2025-26,Regular Season,Possessions
1628988,Aaron Holiday,1610612745,HOU,52,34,18,698.0,280,1033,477,70.2,4.08,3.77,0.271,4,0,2,0.5,0.0,0.0,2025-26,Regular Season,Possessions
1630174,Aaron Nesmith,1610612754,IND,45,10,35,1335.0,621,2246,1403,69.6,1.86,1.16,0.276,21,0,45,0.667,0.0,0.556,2025-26,Regular Season,Possessions
1630598,Aaron Wiggins,1610612760,OKC,60,47,13,1330.0,583,2037,1018,108.7,3.2,2.81,0.286,22,0,72,0.864,0.0,0.944,2025-26,Regular Season,Possessions
1642846,Ace Bailey,1610612762,UTA,69,18,51,1896.0,941,2285,1649,81.0,2.13,1.4,0.412,53,13,137,0.679,0.462,0.978,2025-26,Regular Season,Possessions
1642380,Adama Bal,1610612763,MEM,4,1,3,102.0,25,114,78,3.6,1.91,1.34,0.219,2,0,5,0.0,0.0,0.8,2025-26,Regular Season,Possessions
1641737,Adem Bona,1610612755,PHI,67,39,28,1160.0,325,1130,589,27.9,1.48,0.43,0.288,48,6,221,0.542,0.667,0.905,2025-26,Regular Season,Possessions
1642876,Adou Thiero,1610612747,LAL,21,12,9,108.0,29,133,58,4.3,1.96,0.94,0.218,2,1,15,1.0,0.0,0.6,2025-26,Regular Season,Possessions
1642349,Ajay Mitchell,1610612760,OKC,54,47,7,1408.0,751,2468,1093,195.3,4.75,4.85,0.304,32,0,48,0.688,0.0,0.917,2025-26,Regular Season,Possessions
201143,Al Horford,1610612744,GSW,43,22,21,933.0,357,1889,1190,47.8,1.52,0.47,0.189,58,97,115,0.483,0.33,0.574,2025-26,Regular Season,Possessions
1630828,Alex Antetokounmpo,1610612749,MIL,3,1,2,11.0,4,9,9,0.2,1.29,0.78,0.444,0,0,1,0.0,0.0,1.0,2025-26,Regular Season,Possessions
1627936,Alex Caruso,1610612760,OKC,53,44,9,984.0,335,1600,788,68.3,2.56,1.8,0.209,44,1,54,0.455,0.0,0.611,2025-26,Regular Season,Possessions
1631457,Alex Morales,1610612753,ORL,1,0,1,12.0,2,16,8,0.7,2.57,2.0,0.125,0,0,1,0.0,0.0,0.0,2025-26,Regular Season,Possessions
1642259,Alex Sarr,1610612764,WAS,48,11,37,1305.0,783,2729,1630,93.1,2.05,1.17,0.287,232,42,264,0.651,0.81,1.008,2025-26,Regular Season,Possessions
1642918,Alijah Martin,1610612761,TOR,20,9,11,130.0,48,184,101,10.2,3.33,2.53,0.261,3,0,16,0.667,0.0,0.5,2025-26,Regular Season,Possessions
1631214,Alondes Williams,1610612764,WAS,4,2,2,101.0,44,116,61,3.8,1.97,1.33,0.379,0,1,9,0.0,0.0,1.333,2025-26,Regular Season,Possessions
1630578,Alperen Sengun,1610612745,HOU,68,43,25,2271.0,1400,4851,3173,262.3,3.24,2.08,0.289,366,358,438,0.505,0.612,0.737,2025-26,Regular Season,Possessions
1642873,Amari Williams,1610612738,BOS,21,14,7,136.0,28,164,111,3.9,1.43,0.46,0.171,10,0,23,0.6,0.0,0.739,2025-26,Regular Season,Possessions
1641708,Amen Thompson,1610612745,HOU,75,46,29,2795.0,1343,5432,2067,406.7,4.49,3.82,0.247,132,1,506,0.553,2.0,0.785,2025-26,Regular Season,Possessions
1629599,Amir Coffey,1610612756,PHX,43,18,25,437.0,125,405,282,12.9,1.91,1.01,0.309,3,0,12,1.0,0.0,0.5,2025-26,Regular Season,Possessions
1643158,Andersson Garcia,1610612762,UTA,5,1,4,169.0,26,209,100,5.7,1.65,0.85,0.124,3,0,26,1.333,0.0,0.231,2025-26,Regular Season,Possessions
203083,Andre Drummond,1610612755,PHI,58,31,27,1123.0,367,1288,799,32.7,1.52,0.39,0.285,58,11,278,0.397,1.0,0.781,2025-26,Regular Season,Possessions
1641748,Andre Jackson Jr.,1610612749,MIL,44,11,33,342.0,97,717,340,34.5,2.89,2.13,0.135,22,0,42,0.364,0.0,0.381,2025-26,Regular Season,Possessions
1629614,Andrew Nembhard,1610612754,IND,57,13,44,1786.0,966,4984,2042,344.4,4.15,3.79,0.194,21,9,33,0.571,0.222,0.727,2025-26,Regular Season,Possessions
203952,Andrew Wiggins,1610612748,MIA,63,32,31,1934.0,980,2783,1816,115.8,2.5,1.78,0.352,23,59,145,1.13,0.661,0.931,2025-26,Regular Season,Possessions
1629014,Anfernee Simons,1610612741,CHI,55,31,24,1372.0,785,2456,1218,175.0,4.28,3.77,0.32,12,0,22,0.917,0.0,0.591,2025-26,Regular Season,Possessions
1641710,Anthony Black,1610612753,ORL,60,33,27,1841.0,917,3507,1732,203.3,3.48,2.91,0.261,36,6,93,0.75,0.667,1.043,2025-26,Regular Season,Possessions
203076,Anthony Davis,1610612764,WAS,20,10,10,626.0,407,1187,758,49.3,2.49,1.22,0.343,85,64,156,0.682,0.359,1.122,2025-26,Regular Season,Possessions
1630162,Anthony Edwards,1610612750,MIN,60,36,24,2109.0,1735,4373,1969,359.6,4.93,4.88,0.397,32,75,52,1.031,0.533,0.827,2025-26,Regular Season,Possessions
1630264,Anthony Gill,1610612764,WAS,49,6,43,769.0,252,972,608,28.9,1.79,0.58,0.259,60,3,108,0.533,0.667,0.889,2025-26,Regular Season,Possessions
1641810,Antonio Reeves,1610612766,CHA,10,4,6,68.0,27,70,47,2.1,1.81,1.39,0.386,0,0,2,0.0,0.0,0.0,2025-26,Regular Season,Possessions
1630574,Ariel Hukporti,1610612752,NYK,52,34,18,455.0,101,461,333,14.9,1.94,0.56,0.219,53,5,119,0.189,0.0,0.63,2025-26,Regular Season,Possessions
1642854,Asa Newell,1610612737,ATL,42,22,20,453.0,208,583,359,15.1,1.55,0.69,0.357,25,7,63,1.04,0.0,0.968,2025-26,Regular Season,Possessions
1641709,Ausar Thompson,1610612765,DET,68,49,19,1769.0,670,2791,1320,157.5,3.39,2.75,0.24,101,11,304,0.624,0.636,0.734,2025-26,Regular Season,Possessions
1630559,Austin Reaves,1610612747,LAL,51,36,15,1762.0,1187,3705,1407,288.8,4.68,4.17,0.32,30,0,43,0.7,0.0,0.814,2025-26,Regular Season,Possessions
1630245,Ayo Dosunmu,1610612750,MIN,66,34,32,1787.0,971,3500,1760,190.6,3.27,2.84,0.277,37,0,61,0.757,0.0,0.754,2025-26,Regular Season,Possessions
1628389,Bam Adebayo,1610612748,MIA,68,34,34,2199.0,1378,3927,2149,163.2,2.49,1.61,0.351,145,172,285,0.772,0.419,0.933,2025-26,Regular Season,Possessions
1631248,Baylor Scheierman,1610612738,BOS,72,50,22,1309.0,360,1510,882,56.9,2.26,1.35,0.238,21,0,35,0.429,0.0,0.4,2025-26,Regular Season,Possessions
1642879,Ben Saraf,1610612751,BKN,40,9,31,785.0,264,1805,719,142.4,4.73,4.44,0.146,12,0,28,0.667,0.0,0.571,2025-26,Regular Season,Possessions
1641767,Ben Sheppard,1610612754,IND,65,16,49,1390.0,459,2203,1238,72.7,1.98,1.32,0.208,17,0,53,0.412,0.0,0.491,2025-26,Regular Season,Possessions
1631097,Bennedict Mathurin,1610612746,LAC,49,19,30,1504.0,905,2571,1443,131.1,3.06,2.33,0.352,69,10,122,0.768,0.7,1.098,2025-26,Regular Season,Possessions
1643016,Bez Mbeng,1610612762,UTA,12,1,11,358.0,55,436,215,17.2,2.37,1.93,0.126,8,0,17,0.5,0.0,0.647,2025-26,Regular Season,Possessions
1641731,Bilal Coulibaly,1610612764,WAS,53,14,39,1397.0,601,2398,1078,126.0,3.15,2.45,0.251,25,4,106,0.92,0.5,0.915,2025-26,Regular Season,Possessions
202687,Bismack Biyombo,1610612759,SAS,24,20,4,136.0,21,159,75,4.9,1.85,0.4,0.132,9,1,21,0.0,0.0,0.714,2025-26,Regular Season,Possessions
1642396,Blake Hinson,1610612762,UTA,11,3,8,214.0,117,255,164,7.7,1.81,1.01,0.459,5,0,10,0.4,0.0,0.6,2025-26,Regular Season,Possessions
1631104,Blake Wesley,1610612757,POR,28,18,10,353.0,145,758,329,54.3,4.3,3.9,0.191,5,0,14,0.4,0.0,0.714,2025-26,Regular Season,Possessions
1626171,Bobby Portis,1610612749,MIL,67,26,41,1619.0,915,3093,1765,97.9,1.9,1.0,0.296,71,166,181,0.648,0.627,0.934,2025-26,Regular Season,Possessions
1641752,Bobi Klintman,1610612765,DET,12,8,4,71.0,22,101,56,3.0,1.76,0.81,0.218,3,0,9,0.0,0.0,0.222,2025-26,Regular Season,Possessions
203992,Bogdan Bogdanović,1610612746,LAC,21,6,15,429.0,154,755,331,48.2,3.83,3.26,0.204,5,0,6,0.0,0.0,0.667,2025-26,Regular Season,Possessions
1630538,Bones Hyland,1610612750,MIN,68,41,27,1105.0,558,2595,1139,169.3,3.91,3.17,0.215,8,1,20,0.75,2.0,0.4,2025-26,Regular Season,Possessions
203078,Bradley Beal,1610612746,LAC,6,2,4,121.0,49,177,109,8.6,2.92,2.54,0.277,1,0,7,0.0,0.0,1.143,2025-26,Regular Season,Possessions
1642382,Branden Carlson,1610612760,OKC,38,30,8,393.0,174,550,292,11.7,1.28,0.24,0.316,21,1,87,0.762,0.0,1.057,2025-26,Regular Season,Possessions
1641764,Brandin Podziemski,1610612744,GSW,77,36,41,2189.0,1038,4696,2256,285.6,3.65,2.94,0.221,60,8,127,0.517,0.5,0.598,2025-26,Regular Season,Possessions
1629634,Brandon Clarke,1610612763,MEM,2,1,1,20.0,8,27,18,1.0,2.24,1.04,0.296,4,0,5,0.5,0.0,0.8,2025-26,Regular Season,Possessions
1627742,Brandon Ingram,1610612761,TOR,72,40,32,2437.0,1538,3951,2692,226.3,3.44,2.34,0.389,72,112,120,0.556,0.518,0.908,2025-26,Regular Season,Possessions
1641706,Brandon Miller,1610612766,CHA,61,39,22,1842.0,1243,3614,1985,193.7,3.22,2.41,0.344,77,15,112,0.597,0.467,0.857,2025-26,Regular Season,Possessions
1630314,Brandon Williams,1610612742,DAL,65,22,43,1438.0,846,3148,1066,267.6,5.1,5.35,0.269,19,0,41,0.632,0.0,0.585,2025-26,Regular Season,Possessions
1641729,Brice Sensabaugh,1610612762,UTA,72,18,54,1679.0,1049,2595,1593,108.6,2.51,1.84,0.404,42,1,59,0.714,0.0,0.627,2025-26,Regular Season,Possessions
1642355,Bronny James,1610612747,LAL,37,21,16,292.0,89,559,249,39.6,4.25,3.87,0.159,0,0,9,0.0,0.0,0.667,2025-26,Regular Season,Possessions
201572,Brook Lopez,1610612746,LAC,70,38,32,1502.0,572,1773,1184,50.0,1.69,0.61,0.323,64,88,120,0.484,0.784,0.892,2025-26,Regular Season,Possessions
1642964,Brooks Barnhizer,1610612760,OKC,37,28,9,283.0,47,303,136,13.2,2.61,2.21,0.155,7,0,18,0.0,0.0,0.444,2025-26,Regular Season,Possessions
1628971,Bruce Brown,1610612743,DEN,77,49,28,1883.0,601,2839,1267,166.4,3.52,2.9,0.212,63,0,183,0.683,0.0,0.76,2025-26,Regular Season,Possessions
1631121,Bryce McGowens,1610612740,NOP,42,14,28,880.0,340,1147,544,42.7,2.23,1.46,0.296,7,1,22,0.714,0.0,1.045,2025-26,Regular Season,Possessions
1642267,Bub Carrington,1610612764,WAS,76,17,59,2100.0,778,4475,1642,312.8,4.19,3.86,0.174,14,6,39,0.429,0.667,0.462,2025-26,Regular Season,Possessions
1631205,Buddy Boeheim,1610612760,OKC,4,2,2,15.0,6,12,10,0.3,1.34,0.59,0.5,0,0,0,0.0,0.0,0.0,2025-26,Regular Season,Possessions
1627741,Buddy Hield,1610612737,ATL,50,25,25,798.0,359,1450,849,48.3,2.0,1.28,0.248,26,1,44,1.0,0.0,0.909,2025-26,Regular Season,Possessions
1643047,CJ Huntley,1610612756,PHX,2,2,0,7.0,2,5,3,0.1,1.14,0.4,0.4,0,0,2,0.0,0.0,1.0,2025-26,Regular Season,Possessions
203468,CJ McCollum,1610612737,ATL,73,36,37,2173.0,1366,4183,1868,324.7,4.66,4.27,0.327,43,3,50,0.721,0.667,0.64,2025-26,Regular Season,Possessions
1630595,Cade Cunningham,1610612765,DET,61,44,17,2096.0,1497,5502,2307,447.4,4.88,4.43,0.272,60,71,89,0.683,0.606,0.787,2025-26,Regular Season,Possessions
1631216,Caleb Houstan,1610612737,ATL,18,12,6,75.0,42,94,74,2.4,1.55,0.52,0.447,2,0,5,1.0,0.0,0.4,2025-26,Regular Season,Possessions
1631126,Caleb Love,1610612757,POR,47,23,24,1009.0,509,1842,850,114.4,3.73,3.44,0.276,11,0,13,0.909,0.0,0.923,2025-26,Regular Season,Possessions
1628997,Caleb Martin,1610612742,DAL,58,20,38,856.0,227,1040,444,54.4,3.14,2.45,0.218,16,1,31,0.188,0.0,0.323,2025-26,Regular Season,Possessions
1642353,Cam Christie,1610612746,LAC,51,24,27,461.0,152,689,340,33.6,2.93,2.38,0.221,6,0,31,0.667,0.0,0.742,2025-26,Regular Season,Possessions
1642285,Cam Spencer,1610612763,MEM,71,23,48,1694.0,789,3760,1980,223.6,3.57,3.28,0.21,25,0,51,0.4,0.0,0.529,2025-26,Regular Season,Possessions
1630560,Cam Thomas,1610612749,MIL,42,12,30,881.0,567,1721,1010,119.0,4.15,3.69,0.329,12,8,15,0.583,1.25,0.933,2025-26,Regular Season,Possessions
1641715,Cam Whitmore,1610612764,WAS,21,3,18,354.0,193,432,244,19.8,2.75,2.35,0.447,8,2,48,1.25,2.0,1.0,2025-26,Regular Season,Possessions
1629661,Cameron Johnson,1610612743,DEN,51,34,17,1541.0,608,1903,1218,72.5,2.29,1.65,0.319,29,0,50,0.759,0.0,0.92,2025-26,Regular Season,Possessions
1626166,Cameron Payne,1610612755,PHI,21,12,9,366.0,161,872,344,62.5,4.3,3.41,0.185,1,0,3,0.0,0.0,0.667,2025-26,Regular Season,Possessions
1627747,Caris LeVert,1610612765,DET,56,40,16,1085.0,417,1956,1115,119.8,3.68,3.13,0.213,20,1,44,0.6,0.0,0.659,2025-26,Regular Season,Possessions
1642868,Carter Bryant,1610612759,SAS,66,53,13,720.0,251,872,531,28.5,1.96,1.02,0.288,22,0,53,0.273,0.0,0.868,2025-26,Regular Season,Possessions
1641717,Cason Wallace,1610612760,OKC,74,58,16,1980.0,636,2751,1251,155.5,3.39,2.98,0.231,39,2,92,0.462,1.0,0.609,2025-26,Regular Season,Possessions
1642907,Cedric Coward,1610612763,MEM,60,20,40,1559.0,804,3319,1598,149.0,2.69,1.98,0.242,32,12,139,0.781,1.083,0.928,2025-26,Regular Season,Possessions
1643052,Chaney Johnson,1610612751,BKN,14,2,12,282.0,109,412,258,14.2,2.07,1.18,0.265,25,1,41,0.48,0.0,0.78,2025-26,Regular Season,Possessions
1629646,Charles Bassey,1610612738,BOS,8,3,5,52.0,23,58,28,1.1,1.18,0.36,0.397,3,0,20,0.333,0.0,1.05,2025-26,Regular Season,Possessions
1642404,Chaz Lanier,1610612765,DET,29,24,5,230.0,73,221,186,7.1,1.94,1.06,0.33,2,0,2,1.0,0.0,0.0,2025-26,Regular Season,Possessions
1631096,Chet Holmgren,1610612760,OKC,66,53,13,1922.0,1115,2982,1598,109.3,2.2,1.1,0.374,113,65,361,0.655,0.846,1.13,2025-26,Regular Season,Possessions
1628449,Chris Boucher,1610612738,BOS,9,4,5,94.0,21,113,63,3.1,1.66,0.47,0.186,2,0,7,1.0,0.0,1.143,2025-26,Regular Season,Possessions
1641753,Chris Livingston,1610612739,CLE,3,2,1,17.0,9,21,13,0.7,2.08,1.86,0.429,0,0,0,0.0,0.0,0.0,2025-26,Regular Season,Possessions
1643024,Chris Mañon,1610612747,LAL,6,2,4,25.0,2,31,11,1.0,1.99,1.32,0.065,2,0,3,0.0,0.0,0.0,2025-26,Regular Season,Possessions
101108,Chris Paul,1610612746,LAC,16,4,12,228.0,47,510,207,42.1,4.96,4.26,0.092,6,3,4,0.0,0.0,0.0,2025-26,Regular Season,Possessions
1642959,Chris Youngblood,1610612757,POR,33,28,5,183.0,71,183,119,4.9,1.62,0.82,0.388,1,0,3,3.0,0.0,1.333,2025-26,Regular Season,Possessions
1631128,Christian Braun,1610612743,DEN,41,26,15,1294.0,483,1938,1023,80.7,2.5,1.5,0.249,74,1,168,0.703,1.0,0.851,2025-26,Regular Season,Possessions
1631132,Christian Koloko,1610612737,ATL,26,16,10,335.0,69,383,207,8.4,1.32,0.37,0.18,20,1,97,0.15,0.0,0.526,2025-26,Regular Season,Possessions
1642935,Chucky Hepburn,1610612761,TOR,2,0,2,13.0,0,31,12,1.7,3.37,3.58,0.0,0,0,0,0.0,0.0,0.0,2025-26,Regular Season,Possessions
203991,Clint Capela,1610612745,HOU,70,43,27,868.0,252,1090,617,27.6,1.52,0.42,0.231,86,6,278,0.442,0.667,0.752,2025-26,Regular Season,Possessions
1629632,Coby White,1610612766,CHA,47,27,20,1198.0,821,2505,1166,181.6,4.35,3.77,0.328,13,2,18,0.538,0.0,0.722,2025-26,Regular Season,Possessions
1628998,Cody Martin,1610612754,IND,4,0,4,55.0,7,73,33,2.9,2.37,1.88,0.096,1,0,2,0.0,0.0,0.0,2025-26,Regular Season,Possessions
1642262,Cody Williams,1610612762,UTA,63,15,48,1487.0,533,1929,965,79.5,2.47,1.83,0.276,55,0,125,0.782,0.0,0.856,2025-26,Regular Season,Possessions
1641732,Colby Jones,1610612765,DET,1,0,1,7.0,2,11,4,0.5,2.87,2.18,0.182,0,0,0,0.0,0.0,0.0,2025-26,Regular Season,Possessions
1630175,Cole Anthony,1610612749,MIL,35,12,23,527.0,234,1285,445,111.8,5.22,5.01,0.182,2,0,11,0.0,0.0,0.545,2025-26,Regular Season,Possessions
1630658,Colin Castleton,1610612753,ORL,1,0,1,10.0,2,15,7,0.4,1.62,0.53,0.133,1,0,3,0.0,0.0,0.667,2025-26,Regular Season,Possessions
1631221,Collin Gillespie,1610612756,PHX,76,41,35,2191.0,985,4612,2049,295.5,3.84,3.66,0.214,38,0,76,0.289,0.0,0.25,2025-26,Regular Season,Possessions
1642867,Collin Murray-Boyles,1610612761,TOR,53,28,25,1164.0,447,1771,1110,41.9,1.42,0.47,0.252,119,16,356,0.496,0.75,0.632,2025-26,Regular Season,Possessions
1629012,Collin Sexton,1610612741,CHI,63,23,40,1463.0,959,2984,1345,223.2,4.49,4.26,0.321,33,2,55,0.606,0.0,0.727,2025-26,Regular Season,Possessions
1642843,Cooper Flagg,1610612742,DAL,65,20,45,2197.0,1349,4462,1992,278.2,3.74,3.02,0.302,74,33,131,0.946,0.515,1.023,2025-26,Regular Season,Possessions
1630557,Corey Kispert,1610612737,ATL,55,26,29,1035.0,503,1385,871,39.8,1.72,0.96,0.363,19,0,47,0.842,0.0,1.17,2025-26,Regular Season,Possessions
1642504,Cormac Ryan,1610612749,MIL,6,0,6,111.0,56,134,89,5.1,2.3,1.94,0.418,2,0,5,1.0,0.0,1.6,2025-26,Regular Season,Possessions
1641854,Craig Porter Jr.,1610612739,CLE,60,40,20,1054.0,260,2049,922,104.5,3.06,2.45,0.127,42,1,86,0.429,0.0,0.349,2025-26,Regular Season,Possessions
1642938,Curtis Jones,1610612743,DEN,7,5,2,33.0,9,49,29,2.4,2.89,2.72,0.184,1,0,1,2.0,0.0,2.0,2025-26,Regular Season,Possessions
1626156,D'Angelo Russell,1610612764,WAS,26,9,17,495.0,264,1209,486,84.8,4.21,3.65,0.218,2,1,10,0.0,2.0,0.6,2025-26,Regular Season,Possessions
1629610,DaQuan Jeffries,1610612758,SAC,3,0,3,60.0,31,52,35,1.8,2.04,1.4,0.596,1,0,3,0.0,0.0,0.667,2025-26,Regular Season,Possessions
1641747,DaRon Holmes II,1610612743,DEN,22,14,8,200.0,88,258,186,7.3,1.69,0.65,0.341,15,2,19,0.0,0.0,0.368,2025-26,Regular Season,Possessions
1631342,Daeqwon Plowden,1610612758,SAC,28,8,20,723.0,290,944,524,30.2,1.92,1.17,0.307,19,0,43,1.158,0.0,1.116,2025-26,Regular Season,Possessions
1630625,Dalano Banton,1610612738,BOS,5,3,2,25.0,10,51,22,4.4,5.2,3.9,0.196,0,0,1,0.0,0.0,2.0,2025-26,Regular Season,Possessions
1631207,Dalen Terry,1610612755,PHI,47,21,26,547.0,174,929,492,39.5,2.55,2.3,0.187,9,0,32,0.778,0.0,0.313,2025-26,Regular Season,Possessions
1642261,Dalton Knecht,1610612747,LAL,50,31,19,515.0,201,651,367,24.2,2.23,1.32,0.309,13,0,21,0.615,0.0,1.143,2025-26,Regular Season,Possessions
1629655,Daniel Gafford,1610612742,DAL,54,11,43,1175.0,517,1540,845,42.1,1.64,0.5,0.336,103,39,330,0.748,0.667,1.109,2025-26,Regular Season,Possessions
1642450,Daniss Jenkins,1610612765,DET,67,50,17,1333.0,620,2943,1221,242.6,4.95,4.72,0.211,23,0,41,0.609,0.0,0.902,2025-26,Regular Season,Possessions
1642874,Danny Wolf,1610612751,BKN,57,14,43,1187.0,508,2023,1159,88.0,2.61,1.83,0.251,38,15,92,0.526,0.4,0.783,2025-26,Regular Season,Possessions
203967,Dario Saric,1610612758,SAC,5,1,4,41.0,5,40,22,0.8,1.14,0.38,0.125,0,0,3,0.0,0.0,0.0,2025-26,Regular Season,Possessions
1641727,Dariq Whitehead,1610612763,MEM,1,0,1,22.0,8,37,22,1.4,2.3,1.57,0.216,0,0,0,0.0,0.0,0.0,2025-26,Regular Season,Possessions
1642468,Darius Brown,1610612739,CLE,1,1,0,3.0,0,5,2,0.6,7.06,7.8,0.0,0,0,0,0.0,0.0,0.0,2025-26,Regular Season,Possessions
1629636,Darius Garland,1610612746,LAC,41,23,18,1224.0,775,2734,1031,223.2,4.9,4.5,0.283,9,1,21,0.667,0.0,0.571,2025-26,Regular Season,Possessions
1642357,David Jones Garcia,1610612759,SAS,11,7,4,68.0,32,132,53,9.2,4.19,3.39,0.242,1,0,2,0.0,0.0,1.0,2025-26,Regular Season,Possessions
1631223,David Roddy,1610612743,DEN,3,2,1,14.0,4,36,14,1.9,3.16,1.92,0.111,0,0,1,0.0,0.0,0.0,2025-26,Regular Season,Possessions
1630558,Davion Mitchell,1610612748,MIA,66,35,31,1888.0,606,4322,1743,238.9,3.32,3.17,0.14,13,0,23,0.308,0.0,0.174,2025-26,Regular Season,Possessions
1630549,Day'Ron Sharpe,1610612751,BKN,62,17,45,1160.0,540,2177,1440,72.6,2.0,0.92,0.248,177,48,422,0.395,0.729,0.95,2025-26,Regular Season,Possessions
1628368,De'Aaron Fox,1610612759,SAS,67,52,15,2069.0,1242,4382,1649,315.4,4.32,3.87,0.283,38,2,55,0.711,1.0,0.964,2025-26,Regular Season,Possessions
1629631,De'Andre Hunter,1610612758,SAC,45,24,21,1175.0,615,1836,1024,73.3,2.4,1.71,0.335,37,4,58,0.946,0.0,0.879,2025-26,Regular Season,Possessions
1629001,De'Anthony Melton,1610612744,GSW,44,21,23,1012.0,552,2242,996,144.5,3.87,3.44,0.246,36,4,73,0.278,1.5,0.603,2025-26,Regular Season,Possessions
201599,DeAndre Jordan,1610612740,NOP,12,6,6,199.0,53,241,127,5.3,1.33,0.23,0.22,14,1,47,0.571,1.0,0.957,2025-26,Regular Season,Possessions
1630610,DeJon Jarreau,1610612763,MEM,11,2,9,231.0,88,522,255,27.7,3.19,2.29,0.169,11,0,15,0.545,0.0,0.533,2025-26,Regular Season,Possessions
201942,DeMar DeRozan,1610612758,SAC,76,20,56,2395.0,1410,3313,2192,229.0,4.15,3.48,0.426,107,216,56,0.551,0.593,0.875,2025-26,Regular Season,Possessions
1629731,Dean Wade,1610612739,CLE,57,35,22,1279.0,331,1632,873,41.6,1.53,0.63,0.203,36,0,81,0.75,0.0,0.63,2025-26,Regular Season,Possessions
1629028,Deandre Ayton,1610612747,LAL,67,43,24,1830.0,828,2504,1171,61.8,1.48,0.39,0.331,253,63,628,0.601,0.873,1.03,2025-26,Regular Season,Possessions
1627749,Dejounte Murray,1610612740,NOP,14,5,9,389.0,234,932,281,87.5,5.64,5.43,0.251,1,1,6,2.0,0.0,0.667,2025-26,Regular Season,Possessions
1630166,Deni Avdija,1610612757,POR,62,33,29,2054.0,1483,5138,2129,358.4,4.19,3.75,0.289,66,34,98,0.621,0.294,0.765,2025-26,Regular Season,Possessions
203471,Dennis Schröder,1610612739,CLE,66,26,40,1617.0,716,3779,1490,286.7,4.55,4.03,0.189,8,3,18,0.5,0.0,0.389,2025-26,Regular Season,Possessions
1641726,Dereck Lively II,1610612742,DAL,7,3,4,115.0,30,170,103,4.8,1.7,0.42,0.176,14,0,33,0.143,0.0,0.848,2025-26,Regular Season,Possessions
1642852,Derik Queen,1610612740,NOP,77,25,52,1888.0,874,3752,1949,180.2,2.88,1.79,0.233,108,89,211,0.685,0.427,1.033,2025-26,Regular Season,Possessions
1627884,Derrick Jones Jr.,1610612746,LAC,45,23,22,1226.0,466,1518,770,50.9,2.01,1.1,0.307,32,1,119,1.063,0.0,1.008,2025-26,Regular Season,Possessions
1628401,Derrick White,1610612738,BOS,73,49,24,2500.0,1228,5776,2515,397.8,4.13,3.62,0.213,16,0,82,0.75,0.0,0.512,2025-26,Regular Season,Possessions
1630217,Desmond Bane,1610612753,ORL,77,41,36,2625.0,1567,4651,2502,256.9,3.31,2.37,0.337,37,1,114,0.811,0.0,0.921,2025-26,Regular Season,Possessions
1626164,Devin Booker,1610612756,PHX,61,35,26,2035.0,1570,3910,2392,305.7,4.69,4.05,0.402,47,50,79,0.681,0.38,0.734,2025-26,Regular Season,Possessions
1642269,Devin Carter,1610612758,SAC,34,7,27,574.0,275,1206,516,80.5,4.01,3.6,0.228,9,1,49,0.667,0.0,0.857,2025-26,Regular Season,Possessions
1630170,Devin Vassell,1610612759,SAS,62,49,13,1883.0,867,2630,1595,100.0,2.28,1.6,0.33,30,1,28,0.367,0.0,0.429,2025-26,Regular Season,Possessions
1628415,Dillon Brooks,1610612756,PHX,52,30,22,1581.0,1066,2212,1233,129.8,3.52,2.87,0.482,18,59,46,0.833,0.915,0.87,2025-26,Regular Season,Possessions
1641794,Dillon Jones,1610612752,NYK,6,5,1,27.0,7,48,19,3.0,3.72,3.06,0.146,0,0,0,0.0,0.0,0.0,2025-26,Regular Season,Possessions
1627734,Domantas Sabonis,1610612758,SAC,19,3,16,564.0,301,1212,727,38.7,1.91,0.99,0.248,137,42,199,0.723,0.357,0.889,2025-26,Regular Season,Possessions
1631230,Dominick Barlow,1610612755,PHI,66,38,28,1581.0,520,1837,1036,46.8,1.53,0.78,0.283,53,2,221,0.528,1.0,0.95,2025-26,Regular Season,Possessions
1642270,Donovan Clingan,1610612757,POR,73,39,34,1983.0,874,3052,1852,82.5,1.62,0.36,0.286,119,22,650,0.487,0.864,0.846,2025-26,Regular Season,Possessions
1628378,Donovan Mitchell,1610612739,CLE,68,43,25,2275.0,1883,4787,2129,358.0,4.49,4.09,0.393,30,1,61,0.933,0.0,0.967,2025-26,Regular Season,Possessions
1628978,Donte DiVincenzo,1610612750,MIN,77,46,31,2379.0,950,4267,2452,147.3,2.07,1.4,0.223,18,0,55,0.444,0.0,0.455,2025-26,Regular Season,Possessions
1627827,Dorian Finney-Smith,1610612745,HOU,36,22,14,599.0,114,717,375,18.7,1.56,0.51,0.159,10,0,41,0.0,0.0,0.537,2025-26,Regular Season,Possessions
203926,Doug McDermott,1610612758,SAC,25,7,18,360.0,135,468,342,9.2,1.18,0.45,0.288,4,0,4,0.5,0.0,1.0,2025-26,Regular Season,Possessions
1642962,Drake Powell,1610612751,BKN,59,14,45,1204.0,374,1644,859,86.5,3.16,2.48,0.227,19,0,20,0.526,0.0,1.1,2025-26,Regular Season,Possessions
203110,Draymond Green,1610612744,GSW,64,30,34,1762.0,553,4447,2414,147.7,1.99,1.07,0.124,124,13,147,0.177,0.0,0.619,2025-26,Regular Season,Possessions
1629234,Drew Eubanks,1610612758,SAC,42,10,32,552.0,219,666,428,18.0,1.62,0.65,0.329,80,6,155,0.588,0.667,0.91,2025-26,Regular Season,Possessions
1641809,Drew Peterson,1610612766,CHA,6,1,5,64.0,5,78,48,2.5,1.9,1.09,0.064,2,0,3,0.0,0.0,0.0,2025-26,Regular Season,Possessions
1631166,Drew Timme,1610612747,LAL,23,15,8,186.0,72,273,161,8.9,1.95,0.9,0.264,7,12,19,0.571,0.5,1.158,2025-26,Regular Season,Possessions
1630696,Dru Smith,1610612748,MIA,69,37,32,1129.0,389,2299,1069,120.9,3.15,2.8,0.169,31,2,73,0.613,0.0,0.548,2025-26,Regular Season,Possessions
1629130,Duncan Robinson,1610612765,DET,73,54,19,2018.0,880,2396,1751,69.1,1.73,0.79,0.367,9,0,36,1.222,0.0,0.917,2025-26,Regular Season,Possessions
1641871,Duop Reath,1610612757,POR,32,16,16,258.0,94,305,187,7.6,1.49,0.51,0.308,9,2,17,0.667,1.5,0.824,2025-26,Regular Season,Possessions
203939,Dwight Powell,1610612742,DAL,58,17,41,813.0,191,983,572,27.0,1.65,0.8,0.194,81,0,155,0.568,0.0,0.626,2025-26,Regular Season,Possessions
1642928,Dylan Cardwell,1610612758,SAC,40,12,28,809.0,202,942,580,23.8,1.51,0.58,0.214,83,9,270,0.289,0.111,0.659,2025-26,Regular Season,Possessions
1642844,Dylan Harper,1610612759,SAS,64,50,14,1433.0,749,3024,1285,217.9,4.32,3.9,0.248,40,0,65,0.475,0.0,0.769,2025-26,Regular Season,Possessions
1630700,Dyson Daniels,1610612737,ATL,73,43,30,2419.0,865,4719,2038,261.4,3.32,2.81,0.183,143,2,365,0.643,0.0,0.718,2025-26,Regular Season,Possessions
1630604,E.J. Liddell,1610612751,BKN,21,3,18,203.0,55,282,167,9.6,2.05,1.29,0.195,7,1,13,0.429,0.0,1.154,2025-26,Regular Season,Possessions
1642856,Egor Dëmin,1610612751,BKN,52,14,38,1308.0,536,2810,1114,160.5,3.43,2.98,0.191,20,1,23,0.65,2.0,0.739,2025-26,Regular Season,Possessions
1641989,Elijah Harkless,1610612762,UTA,26,5,21,545.0,178,914,404,48.6,3.19,2.78,0.195,5,0,11,0.4,0.0,1.091,2025-26,Regular Season,Possessions
1641801,Emanuel Miller,1610612759,SAS,5,0,5,33.0,15,44,31,1.1,1.45,0.84,0.341,1,0,3,2.0,0.0,1.333,2025-26,Regular Season,Possessions
1642402,Enrique Freeman,1610612750,MIN,2,1,1,8.0,0,8,2,0.2,1.67,0.5,0.0,0,0,0,0.0,0.0,0.0,2025-26,Regular Season,Possessions
201569,Eric Gordon,1610612755,PHI,6,3,3,74.0,33,103,70,3.2,1.87,0.92,0.32,0,0,1,0.0,0.0,0.0,2025-26,Regular Season,Possessions
1630679,Ethan Thompson,1610612754,IND,27,7,20,488.0,153,717,389,26.4,2.21,1.54,0.213,6,0,21,0.833,0.0,0.571,2025-26,Regular Season,Possessions
1630596,Evan Mobley,1610612739,CLE,62,38,24,1991.0,1124,4026,2118,157.7,2.35,1.44,0.279,211,89,469,0.536,0.494,0.932,2025-26,Regular Season,Possessions
1630532,Franz Wagner,1610612753,ORL,30,17,13,928.0,626,1675,952,86.6,3.1,2.38,0.374,57,17,81,0.491,0.765,0.815,2025-26,Regular Season,Possessions
1641713,GG Jackson,1610612763,MEM,54,16,38,1160.0,675,2066,1097,82.0,2.38,1.67,0.327,19,6,76,0.947,0.167,1.079,2025-26,Regular Season,Possessions
1629216,Gabe Vincent,1610612737,ATL,50,35,15,840.0,218,1152,586,65.5,3.41,2.87,0.189,6,0,9,0.667,0.0,0.444,2025-26,Regular Season,Possessions
202066,Garrett Temple,1610612761,TOR,21,9,12,69.0,14,137,51,8.6,3.76,3.18,0.102,0,1,1,0.0,2.0,1.0,2025-26,Regular Season,Possessions
1629726,Garrison Mathews,1610612754,IND,15,4,11,196.0,78,255,155,5.8,1.36,0.45,0.306,3,0,1,1.333,0.0,0.0,2025-26,Regular Season,Possessions
203914,Gary Harris,1610612749,MIL,46,15,31,632.0,121,680,434,22.3,1.97,1.19,0.178,4,0,17,0.0,0.0,0.471,2025-26,Regular Season,Possessions
1627780,Gary Payton II,1610612744,GSW,68,32,36,1051.0,499,1947,1203,58.8,1.81,0.96,0.256,71,12,255,0.761,0.0,0.933,2025-26,Regular Season,Possessions
1629018,Gary Trent Jr.,1610612749,MIL,64,24,40,1358.0,522,1307,1022,46.0,2.11,1.62,0.399,3,0,5,0.667,0.0,1.2,2025-26,Regular Season,Possessions
203507,Giannis Antetokounmpo,1610612749,MIL,36,17,19,1039.0,993,2553,1204,170.2,4.0,2.79,0.389,168,186,248,0.583,0.511,1.077,2025-26,Regular Season,Possessions
1629048,Goga Bitadze,1610612753,ORL,59,30,29,877.0,326,1272,795,34.0,1.6,0.5,0.256,64,15,253,0.438,1.067,1.0,2025-26,Regular Season,Possessions
1641711,Gradey Dick,1610612761,TOR,71,40,31,1042.0,441,1194,812,33.9,1.7,1.05,0.369,26,0,57,1.077,0.0,0.754,2025-26,Regular Season,Possessions
1641761,Grant Nelson,1610612751,BKN,4,0,4,35.0,17,59,46,1.7,1.75,0.75,0.288,15,1,15,0.067,0.0,0.533,2025-26,Regular Season,Possessions
1629684,Grant Williams,1610612766,CHA,32,23,9,624.0,225,853,530,24.0,1.69,0.54,0.264,14,12,48,0.429,0.417,0.417,2025-26,Regular Season,Possessions
1628960,Grayson Allen,1610612756,PHX,48,25,23,1413.0,819,2653,1429,153.8,3.48,2.71,0.309,20,0,29,0.5,0.0,0.414,2025-26,Regular Season,Possessions
1627824,Guerschon Yabusele,1610612741,CHI,64,30,34,932.0,351,1318,850,37.9,1.72,0.81,0.266,40,20,86,0.4,0.45,0.372,2025-26,Regular Season,Possessions
1630611,Gui Santos,1610612744,GSW,65,29,36,1320.0,596,2473,1413,97.5,2.37,1.51,0.241,49,26,175,0.449,0.308,0.8,2025-26,Regular Season,Possessions
203084,Harrison Barnes,1610612759,SAS,72,54,18,1873.0,719,2304,1440,80.6,2.1,1.0,0.312,47,11,63,0.34,0.636,0.762,2025-26,Regular Season,Possessions
1631127,Harrison Ingram,1610612759,SAS,6,5,1,20.0,11,31,18,0.9,1.77,1.13,0.355,1,0,4,2.0,0.0,1.0,2025-26,Regular Season,Possessions
1629312,Haywood Highsmith,1610612756,PHX,6,3,3,80.0,33,92,52,3.1,1.99,1.09,0.359,1,0,6,0.0,0.0,0.833,2025-26,Regular Season,Possessions
1630529,Herbert Jones,1610612740,NOP,55,22,33,1580.0,491,2488,1267,113.5,2.74,1.71,0.197,23,1,54,0.391,0.0,0.815,2025-26,Regular Season,Possessions
1642864,Hugo González,1610612738,BOS,72,49,23,1057.0,279,1243,599,34.8,1.68,0.8,0.224,18,0,87,0.778,0.0,0.713,2025-26,Regular Season,Possessions
1630621,Hunter Dickinson,1610612740,NOP,1,0,1,5.0,2,7,7,0.1,1.25,0.57,0.286,1,0,1,0.0,0.0,0.0,2025-26,Regular Season,Possessions
1642282,Hunter Sallis,1610612755,PHI,7,3,4,26.0,7,62,20,4.5,4.35,4.05,0.113,0,0,0,0.0,0.0,0.0,2025-26,Regular Season,Possessions
1641816,Hunter Tyson,1610612743,DEN,21,15,6,162.0,46,212,127,8.3,2.34,1.21,0.217,2,0,6,0.0,0.0,0.333,2025-26,Regular Season,Possessions
1630193,Immanuel Quickley,1610612761,TOR,67,38,29,2174.0,1132,4921,1911,364.4,4.44,3.89,0.23,38,0,55,0.658,0.0,0.782,2025-26,Regular Season,Possessions
1642403,Isaac Jones,1610612765,DET,6,4,2,26.0,7,18,9,0.5,1.57,0.56,0.389,0,0,3,0.0,0.0,1.333,2025-26,Regular Season,Possessions
1630171,Isaac Okoro,1610612741,CHI,61,25,36,1642.0,563,1786,1177,55.9,1.88,1.18,0.315,36,11,126,0.556,0.182,0.746,2025-26,Regular Season,Possessions
1642268,Isaiah Collier,1610612762,UTA,59,16,43,1517.0,688,4024,1358,354.5,5.29,4.99,0.171,16,4,26,0.875,0.5,0.769,2025-26,Regular Season,Possessions
1642384,Isaiah Crawford,1610612745,HOU,13,7,6,76.0,17,67,35,1.8,1.6,0.97,0.254,0,0,4,0.0,0.0,0.0,2025-26,Regular Season,Possessions
1628392,Isaiah Hartenstein,1610612760,OKC,44,36,8,1089.0,412,2066,1205,57.8,1.68,0.53,0.199,149,13,375,0.523,0.462,0.819,2025-26,Regular Season,Possessions
1630543,Isaiah Jackson,1610612746,LAC,55,20,35,908.0,370,1176,708,31.5,1.61,0.61,0.315,76,20,269,0.526,1.2,0.922,2025-26,Regular Season,Possessions
1630198,Isaiah Joe,1610612760,OKC,68,53,15,1452.0,737,1907,1237,69.0,2.17,1.55,0.386,20,0,35,0.5,0.0,0.457,2025-26,Regular Season,Possessions
1630587,Isaiah Livers,1610612756,PHX,36,21,15,347.0,65,379,200,11.9,1.89,1.12,0.172,6,0,30,0.333,0.0,0.433,2025-26,Regular Season,Possessions
1641815,Isaiah Stevens,1610612758,SAC,3,0,3,43.0,10,94,39,5.1,3.25,3.16,0.106,2,0,2,1.0,0.0,1.0,2025-26,Regular Season,Possessions
1630191,Isaiah Stewart,1610612765,DET,55,39,16,1273.0,552,1434,957,39.9,1.67,0.75,0.385,123,58,271,0.52,0.69,1.081,2025-26,Regular Season,Possessions
1627826,Ivica Zubac,1610612754,IND,48,17,31,1447.0,677,2304,1455,69.3,1.81,0.69,0.294,227,232,524,0.542,0.547,0.834,2025-26,Regular Season,Possessions
1631120,JD Davison,1610612745,HOU,27,22,5,192.0,60,359,141,28.8,4.81,4.41,0.167,2,0,3,0.0,0.0,0.0,2025-26,Regular Season,Possessions
1629630,Ja Morant,1610612763,MEM,20,7,13,568.0,389,1431,509,123.7,5.19,4.64,0.272,6,7,18,0.667,0.571,0.778,2025-26,Regular Season,Possessions
1642266,Ja'Kobe Walter,1610612761,TOR,67,38,29,1337.0,483,1625,896,50.2,1.85,1.05,0.297,25,0,94,0.96,0.0,0.734,2025-26,Regular Season,Possessions
1631095,Jabari Smith Jr.,1610612745,HOU,73,45,28,2561.0,1137,3778,1903,133.9,2.13,1.23,0.301,88,36,180,0.602,0.556,0.9,2025-26,Regular Season,Possessions
1631133,Jabari Walker,1610612755,PHI,61,35,26,745.0,267,892,533,23.0,1.55,0.6,0.299,25,2,121,0.56,0.0,0.917,2025-26,Regular Season,Possessions
1631210,Jacob Toppin,1610612737,ATL,5,3,2,17.0,8,35,19,1.2,2.01,1.09,0.229,1,0,3,0.0,0.0,2.0,2025-26,Regular Season,Possessions
1630702,Jaden Hardy,1610612764,WAS,54,13,41,843.0,490,1229,575,67.6,3.3,2.91,0.399,3,0,6,0.667,0.0,1.333,2025-26,Regular Season,Possessions
1631093,Jaden Ivey,1610612741,CHI,37,23,14,670.0,316,1119,634,61.2,3.28,2.73,0.282,11,0,34,0.818,0.0,1.029,2025-26,Regular Season,Possessions
1630183,Jaden McDaniels,1610612750,MIN,71,43,28,2262.0,1050,3322,1850,121.9,2.2,1.55,0.316,33,8,117,0.909,0.5,0.974,2025-26,Regular Season,Possessions
1630256,Jae'Sean Tate,1610612745,HOU,42,30,12,353.0,112,454,245,19.6,2.59,1.69,0.247,10,9,42,1.5,0.444,0.905,2025-26,Regular Season,Possessions
1642942,Jahmai Mashack,1610612763,MEM,28,10,18,554.0,159,804,445,30.4,2.27,1.63,0.198,22,0,51,0.727,0.0,0.588,2025-26,Regular Season,Possessions
1642443,Jahmir Young,1610612748,MIA,11,8,3,51.0,20,113,56,5.8,3.07,3.05,0.177,1,0,3,0.0,0.0,0.0,2025-26,Regular Season,Possessions
1643141,Jahmyl Telfort,1610612746,LAC,8,2,6,32.0,1,30,11,1.7,3.37,2.4,0.033,0,0,0,0.0,0.0,0.0,2025-26,Regular Season,Possessions
1631170,Jaime Jaquez Jr.,1610612748,MIA,70,38,32,1977.0,1048,4621,2028,250.8,3.26,3.03,0.227,54,37,132,0.722,0.486,1.008,2025-26,Regular Season,Possessions
1631222,Jake LaRavia,1610612747,LAL,77,50,27,1920.0,638,2817,1469,99.7,2.12,1.28,0.226,42,3,187,1.024,0.667,0.882,2025-26,Regular Season,Possessions
1627751,Jakob Poeltl,1610612761,TOR,41,23,18,1047.0,441,1551,932,40.6,1.57,0.34,0.284,150,16,309,0.787,0.563,0.951,2025-26,Regular Season,Possessions
1628973,Jalen Brunson,1610612752,NYK,71,47,24,2482.0,1843,6495,2477,564.5,5.21,4.83,0.284,28,41,33,0.571,0.61,0.485,2025-26,Regular Season,Possessions
1631105,Jalen Duren,1610612765,DET,66,47,19,1864.0,1290,3280,1706,111.0,2.03,1.11,0.393,260,80,700,0.738,0.888,1.093,2025-26,Regular Season,Possessions
1630224,Jalen Green,1610612756,PHX,29,15,14,757.0,528,1399,671,110.0,4.72,4.55,0.377,8,1,18,1.5,0.0,0.722,2025-26,Regular Season,Possessions
1630552,Jalen Johnson,1610612737,ATL,69,41,28,2432.0,1570,6192,2749,340.4,3.3,2.36,0.254,155,67,197,0.826,0.701,1.091,2025-26,Regular Season,Possessions
1629618,Jalen Pickett,1610612743,DEN,47,31,16,741.0,231,1321,613,89.7,4.07,3.52,0.175,16,4,26,0.375,0.0,0.538,2025-26,Regular Season,Possessions
1641771,Jalen Slawson,1610612754,IND,8,2,6,172.0,46,301,150,8.6,1.71,0.7,0.153,3,1,10,1.333,0.0,0.8,2025-26,Regular Season,Possessions
1630188,Jalen Smith,1610612741,CHI,53,26,27,1095.0,541,1827,1132,42.3,1.39,0.52,0.296,83,10,196,0.566,0.8,0.801,2025-26,Regular Season,Possessions
1630591,Jalen Suggs,1610612753,ORL,52,30,22,1423.0,717,3328,1360,212.5,3.83,3.15,0.215,10,4,44,0.2,0.5,0.955,2025-26,Regular Season,Possessions
1631114,Jalen Williams,1610612760,OKC,31,23,8,878.0,530,1695,739,115.8,4.1,3.85,0.313,25,0,45,0.72,0.0,0.911,2025-26,Regular Season,Possessions
1630592,Jalen Wilson,1610612751,BKN,49,8,41,716.0,284,992,558,46.1,2.79,1.85,0.286,7,2,18,0.286,0.0,0.833,2025-26,Regular Season,Possessions
1631288,Jamal Cain,1610612753,ORL,35,18,17,390.0,174,460,280,17.0,2.22,1.27,0.378,8,0,35,0.5,0.0,0.971,2025-26,Regular Season,Possessions
1627750,Jamal Murray,1610612743,DEN,72,45,27,2533.0,1844,5485,2455,463.3,5.07,4.67,0.336,72,47,70,0.861,0.83,1.071,2025-26,Regular Season,Possessions
1642347,Jamal Shead,1610612761,TOR,77,43,34,1734.0,516,3781,1440,278.0,4.41,3.78,0.136,25,0,42,0.24,0.0,0.524,2025-26,Regular Season,Possessions
1631123,Jamaree Bouyea,1610612756,PHX,42,21,21,573.0,232,1101,506,76.2,4.15,3.6,0.211,6,0,13,0.667,0.0,0.692,2025-26,Regular Season,Possessions
201935,James Harden,1610612739,CLE,67,38,29,2345.0,1583,5143,2040,479.0,5.59,4.99,0.308,26,39,25,0.538,0.615,0.72,2025-26,Regular Season,Possessions
1630164,James Wiseman,1610612754,IND,4,0,4,58.0,13,61,38,1.5,1.51,0.59,0.213,1,2,13,1.0,0.0,0.769,2025-26,Regular Season,Possessions
1642364,Jamir Watkins,1610612764,WAS,44,10,34,854.0,281,1023,538,32.4,1.9,1.06,0.275,28,1,53,0.607,0.0,0.849,2025-26,Regular Season,Possessions
1642419,Jamison Battle,1610612761,TOR,56,32,24,498.0,181,553,338,12.8,1.39,0.61,0.327,10,1,45,0.8,0.0,0.822,2025-26,Regular Season,Possessions
1641716,Jarace Walker,1610612754,IND,73,15,58,1866.0,842,3063,1707,115.2,2.26,1.58,0.275,53,13,82,0.566,0.231,0.646,2025-26,Regular Season,Possessions
1642272,Jared McCain,1610612760,OKC,62,43,19,1075.0,512,1802,890,97.7,3.25,3.09,0.284,11,0,15,0.364,0.0,0.333,2025-26,Regular Season,Possessions
1628991,Jaren Jackson Jr.,1610612762,UTA,48,19,29,1455.0,931,2340,1463,91.0,2.33,1.49,0.398,44,152,124,0.614,0.645,0.887,2025-26,Regular Season,Possessions
1629020,Jarred Vanderbilt,1610612747,LAL,60,36,24,1051.0,268,1346,634,43.1,1.92,1.02,0.199,27,0,141,0.407,0.0,0.652,2025-26,Regular Season,Possessions
1628386,Jarrett Allen,1610612739,CLE,54,35,19,1465.0,831,2062,1409,54.5,1.59,0.58,0.403,223,53,505,0.767,0.906,1.024,2025-26,Regular Season,Possessions
1642859,Jase Richardson,1610612753,ORL,51,23,28,571.0,228,890,457,53.3,3.6,3.3,0.256,7,0,20,0.571,0.0,0.9,2025-26,Regular Season,Possessions
1642914,Javon Small,1610612763,MEM,40,13,27,804.0,378,1561,706,113.3,4.35,4.12,0.242,15,0,33,0.6,0.0,0.697,2025-26,Regular Season,Possessions
1631451,Javonte Cooke,1610612757,POR,19,6,13,94.0,23,175,74,10.6,3.64,2.71,0.131,2,0,6,0.0,0.0,1.333,2025-26,Regular Season,Possessions
1629750,Javonte Green,1610612765,DET,77,56,21,1370.0,530,1892,966,49.7,1.58,0.66,0.28,46,0,120,0.674,0.0,0.742,2025-26,Regular Season,Possessions
1629637,Jaxson Hayes,1610612747,LAL,65,43,22,1179.0,474,1306,781,29.5,1.35,0.34,0.363,113,10,366,0.664,0.0,1.008,2025-26,Regular Season,Possessions
1630643,Jay Huff,1610612754,IND,77,18,59,1603.0,730,2211,1621,52.8,1.43,0.43,0.33,51,42,213,0.51,0.738,0.925,2025-26,Regular Season,Possessions
1627759,Jaylen Brown,1610612738,BOS,68,44,24,2335.0,1954,4670,2629,337.2,4.33,3.67,0.418,54,83,92,0.537,0.554,0.652,2025-26,Regular Season,Possessions
1641740,Jaylen Clark,1610612750,MIN,63,37,26,784.0,242,691,445,20.1,1.74,1.12,0.35,10,0,61,0.2,0.0,0.738,2025-26,Regular Season,Possessions
1642377,Jaylen Wells,1610612763,MEM,69,24,45,1821.0,865,2167,1509,93.2,2.58,2.01,0.399,30,1,87,1.067,0.0,0.966,2025-26,Regular Season,Possessions
1631119,Jaylin Williams,1610612760,OKC,62,51,11,1237.0,458,2602,1421,70.2,1.62,0.42,0.176,54,5,68,0.593,0.2,0.471,2025-26,Regular Season,Possessions
1642281,Jaylon Tyson,1610612739,CLE,64,40,24,1727.0,839,2578,1405,91.4,2.13,1.48,0.325,98,1,188,0.663,0.0,0.755,2025-26,Regular Season,Possessions
1643257,Jayson Kent,1610612757,POR,3,2,1,19.0,10,17,6,0.4,1.28,0.23,0.588,1,0,2,3.0,0.0,2.5,2025-26,Regular Season,Possessions
1628369,Jayson Tatum,1610612738,BOS,13,11,2,409.0,278,955,470,56.1,3.52,2.34,0.291,13,8,18,0.615,0.5,1.056,2025-26,Regular Season,Possessions
201145,Jeff Green,1610612745,HOU,29,21,8,151.0,61,153,104,4.9,1.92,0.52,0.399,3,7,11,0.667,0.571,0.727,2025-26,Regular Season,Possessions
203924,Jerami Grant,1610612757,POR,57,27,30,1695.0,1060,2637,1598,126.0,2.87,2.06,0.402,39,33,60,0.41,0.515,1.1,2025-26,Regular Season,Possessions
1642847,Jeremiah Fears,1610612740,NOP,78,25,53,1952.0,1038,4244,1392,331.1,4.68,4.76,0.245,26,4,72,0.885,0.0,0.708,2025-26,Regular Season,Possessions
1630526,Jeremiah Robinson-Earl,1610612742,DAL,22,8,14,361.0,101,477,224,11.4,1.44,0.73,0.212,4,0,40,1.0,0.0,0.875,2025-26,Regular Season,Possessions
1631110,Jeremy Sochan,1610612752,NYK,42,29,13,443.0,146,650,360,24.2,2.23,1.35,0.225,39,5,90,0.795,1.0,0.822,2025-26,Regular Season,Possessions
1630579,Jericho Sims,1610612749,MIL,62,23,39,1155.0,273,1663,891,43.6,1.57,0.69,0.164,108,1,276,0.278,0.0,0.714,2025-26,Regular Season,Possessions
1641724,Jett Howard,1610612753,ORL,55,28,27,695.0,301,755,527,29.2,2.32,1.82,0.399,8,2,17,0.75,1.0,0.765,2025-26,Regular Season,Possessions
1628975,Jevon Carter,1610612753,ORL,48,22,26,776.0,307,1480,672,86.4,3.5,3.04,0.207,5,0,11,0.4,0.0,0.455,2025-26,Regular Season,Possessions
202710,Jimmy Butler III,1610612744,GSW,38,23,15,1182.0,760,2441,1544,151.4,3.72,2.58,0.311,64,67,246,0.703,0.433,0.813,2025-26,Regular Season,Possessions
1642866,Joan Beringer,1610612750,MIN,35,19,16,228.0,103,272,162,5.6,1.24,0.44,0.379,13,6,95,0.769,0.333,0.863,2025-26,Regular Season,Possessions
1629111,Jock Landale,1610612737,ATL,68,36,32,1506.0,718,2182,1519,49.8,1.37,0.37,0.329,110,122,488,0.6,0.623,0.791,2025-26,Regular Season,Possessions
204060,Joe Ingles,1610612750,MIN,25,12,13,102.0,19,172,89,7.7,2.67,1.43,0.11,1,0,1,2.0,0.0,0.0,2025-26,Regular Season,Possessions
203954,Joel Embiid,1610612755,PHI,37,24,13,1162.0,987,2550,1839,102.7,2.42,1.17,0.387,120,196,138,0.908,0.684,1.109,2025-26,Regular Season,Possessions
1628381,John Collins,1610612746,LAC,64,29,35,1758.0,868,2336,1158,71.6,1.84,0.83,0.372,60,77,229,1.067,1.0,1.096,2025-26,Regular Season,Possessions
1629723,John Konchar,1610612762,UTA,52,17,35,988.0,212,1420,717,38.2,1.62,0.82,0.149,36,0,87,0.417,0.0,0.713,2025-26,Regular Season,Possessions
1642967,John Poulakidas,1610612742,DAL,8,1,7,133.0,44,146,86,4.4,1.82,0.9,0.301,3,0,2,0.0,0.0,0.0,2025-26,Regular Season,Possessions
1642910,John Tonje,1610612738,BOS,5,4,1,12.0,2,18,10,1.0,3.21,1.55,0.111,0,0,0,0.0,0.0,0.0,2025-26,Regular Season,Possessions
1641780,Johni Broome,1610612755,PHI,11,5,6,55.0,10,99,60,2.7,1.65,0.76,0.101,8,4,13,0.0,0.5,0.308,2025-26,Regular Season,Possessions
1642277,Johnny Furphy,1610612754,IND,35,10,25,643.0,180,958,498,26.3,1.65,0.84,0.188,10,2,68,0.2,0.0,0.632,2025-26,Regular Season,Possessions
1630548,Johnny Juzang,1610612750,MIN,21,13,8,88.0,43,121,64,6.2,3.07,2.6,0.355,2,0,5,2.0,0.0,1.2,2025-26,Regular Season,Possessions
202685,Jonas Valančiūnas,1610612743,DEN,60,37,23,792.0,493,1599,999,55.6,2.09,0.66,0.308,132,126,235,0.621,0.825,1.009,2025-26,Regular Season,Possessions
1628371,Jonathan Isaac,1610612753,ORL,52,29,23,521.0,134,613,307,13.6,1.33,0.34,0.219,34,0,91,0.265,0.0,0.769,2025-26,Regular Season,Possessions
1630228,Jonathan Kuminga,1610612737,ATL,33,21,12,754.0,394,1373,776,71.4,3.12,2.3,0.287,35,24,73,0.486,0.542,0.918,2025-26,Regular Season,Possessions
1642367,Jonathan Mogbo,1610612761,TOR,35,17,18,220.0,53,302,143,10.4,2.06,1.09,0.175,20,1,46,0.6,0.0,0.652,2025-26,Regular Season,Possessions
203903,Jordan Clarkson,1610612752,NYK,68,42,26,1223.0,599,1564,978,71.7,2.75,2.06,0.383,30,0,83,0.733,0.0,0.952,2025-26,Regular Season,Possessions
1630692,Jordan Goodwin,1610612756,PHX,67,37,30,1509.0,577,2642,1285,116.7,2.65,2.0,0.218,22,0,131,0.273,0.0,0.656,2025-26,Regular Season,Possessions
1641722,Jordan Hawkins,1610612740,NOP,47,12,35,587.0,193,719,427,24.7,2.06,1.54,0.268,9,0,14,0.222,0.0,0.5,2025-26,Regular Season,Possessions
1629162,Jordan McLaughlin,1610612759,SAS,41,35,6,266.0,82,577,264,39.9,4.15,3.53,0.142,4,0,4,0.0,0.0,1.0,2025-26,Regular Season,Possessions
1641757,Jordan Miller,1610612746,LAC,55,33,22,1194.0,536,1822,864,102.6,3.38,2.94,0.294,33,7,82,0.758,0.857,1.134,2025-26,Regular Season,Possessions
1629673,Jordan Poole,1610612740,NOP,37,15,22,873.0,479,1646,740,113.1,4.12,3.6,0.291,3,0,8,1.333,0.0,1.0,2025-26,Regular Season,Possessions
1641775,Jordan Walsh,1610612738,BOS,63,42,21,1108.0,331,1140,642,34.2,1.8,0.86,0.29,21,0,110,0.286,0.0,0.845,2025-26,Regular Season,Possessions
1630631,Jose Alvarado,1610612752,NYK,67,27,40,1318.0,482,2778,1041,209.3,4.52,4.56,0.174,15,0,20,0.8,0.0,0.5,2025-26,Regular Season,Possessions
1630581,Josh Giddey,1610612741,CHI,54,21,33,1731.0,919,5079,2169,300.2,3.55,3.02,0.181,48,5,90,0.458,0.0,0.7,2025-26,Regular Season,Possessions
1630182,Josh Green,1610612766,CHA,54,35,19,877.0,243,777,474,23.3,1.8,1.02,0.313,19,0,27,0.316,0.0,0.37,2025-26,Regular Season,Possessions
1628404,Josh Hart,1610612752,NYK,63,41,22,1899.0,761,3755,1758,162.6,2.6,1.91,0.203,70,1,138,0.343,0.0,0.565,2025-26,Regular Season,Possessions
1631169,Josh Minott,1610612751,BKN,48,22,26,815.0,349,907,522,29.3,1.94,1.03,0.385,13,0,68,0.385,0.0,1.059,2025-26,Regular Season,Possessions
1629006,Josh Okogie,1610612745,HOU,73,45,28,1259.0,336,1297,723,41.0,1.9,1.07,0.259,38,1,97,0.158,0.0,0.464,2025-26,Regular Season,Possessions
201950,Jrue Holiday,1610612757,POR,49,26,23,1426.0,801,3307,1328,220.9,4.01,3.75,0.242,60,19,115,0.367,0.263,0.496,2025-26,Regular Season,Possessions
1630577,Julian Champagnie,1610612759,SAS,77,59,18,2127.0,863,2905,1519,71.3,1.47,0.58,0.297,24,0,90,0.792,0.0,0.911,2025-26,Regular Season,Possessions
1641763,Julian Phillips,1610612750,MIN,44,17,27,370.0,116,324,195,8.3,1.54,0.74,0.358,3,0,41,0.667,0.0,0.78,2025-26,Regular Season,Possessions
1642882,Julian Reese,1610612764,WAS,7,1,6,217.0,80,312,198,10.3,1.98,0.57,0.256,39,7,62,0.487,0.857,0.903,2025-26,Regular Season,Possessions
1631124,Julian Strawther,1610612743,DEN,52,33,19,748.0,339,1043,578,49.0,2.82,2.25,0.325,10,0,18,0.5,0.0,1.056,2025-26,Regular Season,Possessions
203944,Julius Randle,1610612750,MIN,77,46,31,2550.0,1622,4687,3017,258.4,3.31,2.26,0.346,148,190,239,0.628,0.395,0.929,2025-26,Regular Season,Possessions
1630551,Justin Champagnie,1610612764,WAS,65,13,52,1278.0,556,1896,938,51.4,1.63,0.68,0.293,35,1,197,0.714,0.0,1.112,2025-26,Regular Season,Possessions
1642348,Justin Edwards,1610612755,PHI,59,35,24,910.0,361,1317,784,43.2,1.97,1.32,0.274,9,0,35,0.333,0.0,0.743,2025-26,Regular Season,Possessions
203994,Jusuf Nurkić,1610612762,UTA,41,14,27,1083.0,447,2372,1412,73.4,1.86,0.72,0.188,123,47,243,0.748,0.723,0.815,2025-26,Regular Season,Possessions
1642354,KJ Simpson,1610612743,DEN,18,8,10,248.0,89,544,241,40.7,4.49,4.3,0.164,4,0,8,0.5,0.0,1.0,2025-26,Regular Season,Possessions
1642955,Kadary Richmond,1610612764,WAS,3,2,1,67.0,25,85,38,2.7,1.89,1.23,0.294,1,0,4,2.0,0.0,1.5,2025-26,Regular Season,Possessions
1642880,Kam Jones,1610612754,IND,32,5,27,511.0,139,1020,467,65.9,3.88,3.31,0.136,10,1,15,0.4,2.0,0.667,2025-26,Regular Season,Possessions
1626157,Karl-Anthony Towns,1610612752,NYK,72,46,26,2230.0,1445,3749,2557,136.8,2.19,0.8,0.385,147,194,364,0.701,0.593,0.948,2025-26,Regular Season,Possessions
1631255,Karlo Matković,1610612740,NOP,62,24,38,912.0,352,1031,602,23.4,1.36,0.46,0.341,38,5,157,0.395,0.4,1.076,2025-26,Regular Season,Possessions
1642857,Kasparas Jakučionis,1610612748,MIA,48,25,23,846.0,290,1549,726,67.6,2.62,2.24,0.187,7,0,39,0.0,0.0,0.513,2025-26,Regular Season,Possessions
202695,Kawhi Leonard,1610612746,LAC,61,35,26,1957.0,1709,3494,1897,262.8,4.51,3.96,0.489,86,94,114,0.988,0.777,1.14,2025-26,Regular Season,Possessions
1630811,Keaton Wallace,1610612737,ATL,51,30,21,496.0,178,1145,446,82.1,4.3,4.03,0.155,3,0,4,0.667,0.0,0.0,2025-26,Regular Season,Possessions
1631099,Keegan Murray,1610612758,SAC,23,5,18,793.0,321,1055,594,41.2,2.34,1.58,0.304,23,6,43,0.609,0.667,0.674,2025-26,Regular Season,Possessions
1642276,Kel'el Ware,1610612748,MIA,72,36,36,1589.0,787,2196,1074,47.6,1.3,0.32,0.358,36,30,424,0.528,0.467,1.054,2025-26,Regular Season,Possessions
1629640,Keldon Johnson,1610612759,SAS,77,59,18,1794.0,1003,2807,1462,106.1,2.27,1.28,0.357,45,12,169,0.733,1.5,1.018,2025-26,Regular Season,Possessions
203482,Kelly Olynyk,1610612759,SAS,42,33,9,360.0,133,668,400,26.7,2.4,1.04,0.199,29,10,45,0.207,0.7,0.867,2025-26,Regular Season,Possessions
1626162,Kelly Oubre Jr.,1610612755,PHI,45,25,20,1439.0,655,2105,1203,83.6,2.38,1.45,0.311,14,4,80,0.714,0.5,1.088,2025-26,Regular Season,Possessions
1631113,Kennedy Chandler,1610612762,UTA,8,0,8,251.0,103,566,227,38.2,4.05,3.57,0.182,5,0,7,0.4,0.0,0.571,2025-26,Regular Season,Possessions
1629026,Kenrich Williams,1610612760,OKC,51,38,13,767.0,325,1080,617,46.6,2.59,1.74,0.301,25,2,77,0.6,1.0,0.805,2025-26,Regular Season,Possessions
203484,Kentavious Caldwell-Pope,1610612763,MEM,51,20,31,1088.0,428,2061,1214,95.8,2.79,1.95,0.208,11,2,20,0.364,0.0,0.9,2025-26,Regular Season,Possessions
1631165,Keon Ellis,1610612739,CLE,68,28,40,1377.0,441,1645,878,57.8,2.11,1.43,0.268,35,0,59,0.6,0.0,0.559,2025-26,Regular Season,Possessions
1642352,Keshad Johnson,1610612748,MIA,27,13,14,210.0,101,379,218,13.2,2.09,1.15,0.266,10,1,32,0.3,0.0,0.75,2025-26,Regular Season,Possessions
1642933,Keshon Gilbert,1610612737,ATL,3,0,3,48.0,6,52,23,2.2,2.51,2.14,0.115,1,0,3,0.0,0.0,1.333,2025-26,Regular Season,Possessions
201142,Kevin Durant,1610612745,HOU,74,45,29,2690.0,1909,4758,3238,299.5,3.78,2.57,0.401,132,102,61,0.902,0.833,1.41,2025-26,Regular Season,Possessions
1628989,Kevin Huerter,1610612765,DET,65,37,28,1456.0,651,2427,1519,85.1,2.1,1.31,0.268,32,0,99,1.063,0.0,1.061,2025-26,Regular Season,Possessions
201567,Kevin Love,1610612762,UTA,37,10,27,613.0,248,1129,604,31.7,1.68,0.44,0.22,12,3,59,0.25,0.333,0.661,2025-26,Regular Season,Possessions
1641755,Kevin McCullar Jr.,1610612752,NYK,20,11,9,130.0,36,216,116,8.1,2.26,1.65,0.167,2,0,11,0.0,0.0,0.727,2025-26,Regular Season,Possessions
1629645,Kevin Porter Jr.,1610612749,MIL,38,18,20,1261.0,661,3025,1221,255.4,5.06,5.03,0.219,18,2,43,0.444,2.0,0.698,2025-26,Regular Season,Possessions
1626172,Kevon Looney,1610612740,NOP,19,2,17,254.0,52,412,265,10.8,1.57,0.6,0.126,21,0,55,0.19,0.0,0.764,2025-26,Regular Season,Possessions
1641718,Keyonte George,1610612762,UTA,54,16,38,1786.0,1275,4252,1869,317.6,4.48,3.9,0.3,28,0,35,1.179,0.0,1.114,2025-26,Regular Season,Possessions
1642863,Khaman Maluach,1610612756,PHX,42,20,22,343.0,113,428,221,11.1,1.56,0.47,0.264,17,3,93,0.941,0.0,0.871,2025-26,Regular Season,Possessions
203114,Khris Middleton,1610612742,DAL,58,16,42,1353.0,604,1887,1225,96.2,3.06,2.2,0.32,25,97,59,0.44,0.577,0.661,2025-26,Regular Season,Possessions
1630165,Killian Hayes,1610612758,SAC,19,9,10,315.0,92,679,247,53.9,4.76,4.18,0.135,3,0,8,0.667,0.0,0.5,2025-26,Regular Season,Possessions
202691,Klay Thompson,1610612742,DAL,66,19,47,1442.0,776,1659,1239,56.4,2.04,1.33,0.468,17,2,30,0.412,0.0,0.933,2025-26,Regular Season,Possessions
1641738,Kobe Brown,1610612754,IND,57,17,40,845.0,313,1234,668,50.1,2.44,1.62,0.254,15,12,88,0.533,0.167,0.75,2025-26,Regular Season,Possessions
1641723,Kobe Bufkin,1610612747,LAL,13,9,4,94.0,35,158,64,12.0,4.56,4.14,0.222,1,0,2,2.0,0.0,1.0,2025-26,Regular Season,Possessions
1642920,Kobe Sanders,1610612746,LAC,63,33,30,1249.0,435,1725,826,99.8,3.47,2.94,0.252,22,0,43,0.545,0.0,0.884,2025-26,Regular Season,Possessions
1642886,Koby Brea,1610612756,PHX,9,4,5,40.0,22,70,46,3.2,2.75,2.04,0.314,1,0,0,0.0,0.0,0.0,2025-26,Regular Season,Possessions
1642851,Kon Knueppel,1610612766,CHA,77,42,35,2424.0,1450,3959,2384,163.7,2.48,1.78,0.366,60,5,108,0.667,1.2,0.62,2025-26,Regular Season,Possessions
1627739,Kris Dunn,1610612746,LAC,77,39,38,2101.0,569,3967,1476,241.2,3.65,2.95,0.143,72,9,110,0.375,0.222,0.564,2025-26,Regular Season,Possessions
1631200,Kris Murray,1610612757,POR,53,26,27,1249.0,309,1094,673,37.4,2.05,1.3,0.282,30,1,132,0.367,0.0,0.598,2025-26,Regular Season,Possessions
204001,Kristaps Porziņģis,1610612744,GSW,29,13,16,696.0,501,1182,857,36.0,1.83,0.7,0.424,86,107,132,0.756,0.822,1.015,2025-26,Regular Season,Possessions
203937,Kyle Anderson,1610612750,MIN,39,13,26,763.0,233,1288,659,62.5,2.91,1.73,0.181,50,4,71,0.44,1.5,0.746,2025-26,Regular Season,Possessions
1642271,Kyle Filipowski,1610612762,UTA,75,21,54,1745.0,850,3078,1645,117.4,2.29,1.19,0.276,124,46,239,0.653,0.609,0.916,2025-26,Regular Season,Possessions
1628398,Kyle Kuzma,1610612749,MIL,67,29,38,1763.0,884,2943,1681,124.0,2.53,1.43,0.3,85,25,161,0.671,0.52,0.919,2025-26,Regular Season,Possessions
200768,Kyle Lowry,1610612755,PHI,13,8,5,113.0,17,166,91,5.5,1.98,1.17,0.102,1,0,0,0.0,0.0,0.0,2025-26,Regular Season,Possessions
1642273,Kyshawn George,1610612764,WAS,48,10,38,1391.0,710,2798,1372,159.2,3.41,2.67,0.254,27,32,50,0.37,0.469,0.82,2025-26,Regular Season,Possessions
1643018,LJ Cryer,1610612744,GSW,17,6,11,277.0,140,504,288,25.5,3.04,2.49,0.278,4,0,6,0.0,0.0,0.333,2025-26,Regular Season,Possessions
1630163,LaMelo Ball,1610612766,CHA,68,39,29,1888.0,1328,4936,2111,399.2,4.85,4.59,0.269,22,1,62,0.273,2.0,0.774,2025-26,Regular Season,Possessions
1642950,Lachlan Olbrich,1610612741,CHI,32,7,25,227.0,63,361,234,9.9,1.64,0.8,0.175,20,3,46,0.5,0.667,0.761,2025-26,Regular Season,Possessions
1629013,Landry Shamet,1610612752,NYK,48,32,16,1102.0,463,1353,829,49.5,2.2,1.68,0.342,12,1,40,1.083,0.0,0.85,2025-26,Regular Season,Possessions
1626204,Larry Nance Jr.,1610612739,CLE,31,22,9,369.0,101,476,313,14.5,1.83,0.9,0.212,19,4,56,0.211,0.0,0.482,2025-26,Regular Season,Possessions
1628374,Lauri Markkanen,1610612762,UTA,42,17,25,1443.0,1123,2223,1419,74.1,2.0,1.06,0.505,99,39,218,0.899,0.795,1.188,2025-26,Regular Season,Possessions
1643133,Lawson Lovering,1610612763,MEM,2,1,1,49.0,14,43,24,0.8,1.06,0.24,0.326,4,2,14,0.5,0.0,0.929,2025-26,Regular Season,Possessions
2544,LeBron James,1610612747,LAL,56,36,20,1870.0,1154,3870,2187,207.7,3.22,2.32,0.298,139,152,196,0.734,0.395,0.969,2025-26,Regular Season,Possessions
1641778,Leaky Black,1610612764,WAS,9,1,8,281.0,73,313,164,10.5,2.02,1.06,0.233,6,2,17,1.0,0.0,0.765,2025-26,Regular Season,Possessions
1631159,Leonard Miller,1610612741,CHI,41,16,25,548.0,273,892,420,25.5,1.71,0.87,0.306,19,3,72,0.789,0.667,1.083,2025-26,Regular Season,Possessions
1642862,Liam McNeeley,1610612766,CHA,30,11,19,363.0,132,467,242,15.7,2.02,1.23,0.283,6,0,11,0.333,0.0,0.364,2025-26,Regular Season,Possessions
1630322,Lindy Waters III,1610612759,SAS,39,30,9,280.0,92,393,239,14.8,2.26,1.59,0.234,1,0,4,0.0,0.0,0.5,2025-26,Regular Season,Possessions
1628366,Lonzo Ball,1610612739,CLE,35,19,16,728.0,160,1621,676,71.5,2.65,1.87,0.099,15,1,36,0.133,0.0,0.361,2025-26,Regular Season,Possessions
1631351,Lucas Williamson,1610612763,MEM,2,0,2,28.0,7,46,25,1.5,1.99,1.11,0.152,2,0,2,1.0,0.0,0.0,2025-26,Regular Season,Possessions
1629652,Luguentz Dort,1610612760,OKC,64,50,14,1744.0,538,1835,1077,71.3,2.33,1.65,0.293,31,0,75,0.484,0.0,0.44,2025-26,Regular Season,Possessions
1629029,Luka Dončić,1610612747,LAL,64,43,21,2289.0,2143,5621,2225,482.7,5.15,4.29,0.381,48,139,60,0.938,0.813,0.817,2025-26,Regular Season,Possessions
1630568,Luka Garza,1610612738,BOS,67,45,22,1064.0,516,1505,973,35.7,1.42,0.43,0.343,54,10,282,1.0,0.7,0.918,2025-26,Regular Season,Possessions
1628379,Luke Kennard,1610612747,LAL,73,42,31,1545.0,591,1965,1273,75.2,2.3,1.64,0.301,28,0,39,0.714,0.0,0.769,2025-26,Regular Season,Possessions
1628436,Luke Kornet,1610612759,SAS,64,49,15,1350.0,422,1707,1098,41.0,1.44,0.38,0.247,122,7,426,0.336,0.857,0.817,2025-26,Regular Season,Possessions
1631247,Luke Travers,1610612739,CLE,12,6,6,103.0,28,158,83,4.6,1.74,1.13,0.177,5,0,11,0.8,0.0,0.545,2025-26,Regular Season,Possessions
1630644,Mac McClung,1610612741,CHI,6,0,6,63.0,31,125,73,6.6,3.18,2.76,0.248,2,0,4,2.0,0.0,1.75,2025-26,Regular Season,Possessions
1641869,Malachi Smith,1610612751,BKN,10,1,9,182.0,73,351,158,19.4,3.32,3.11,0.208,2,0,8,0.0,0.0,0.25,2025-26,Regular Season,Possessions
1631103,Malaki Branham,1610612764,WAS,28,7,21,275.0,128,446,205,21.0,2.82,2.23,0.287,3,0,12,1.333,0.0,1.167,2025-26,Regular Season,Possessions
1642502,Malevy Leons,1610612744,GSW,21,6,15,203.0,54,276,166,8.4,1.84,0.93,0.196,2,3,40,0.0,0.0,0.5,2025-26,Regular Season,Possessions
1628370,Malik Monk,1610612758,SAC,59,17,42,1329.0,750,2308,1188,146.9,3.82,3.37,0.325,13,0,28,1.0,0.0,0.929,2025-26,Regular Season,Possessions
1630699,MarJon Beauchamp,1610612755,PHI,12,6,6,190.0,92,266,149,10.0,2.25,1.76,0.346,7,0,7,0.571,0.0,0.714,2025-26,Regular Season,Possessions
1631204,Marcus Sasser,1610612765,DET,33,24,9,413.0,184,756,403,49.0,3.89,3.5,0.243,4,0,5,1.0,0.0,0.8,2025-26,Regular Season,Possessions
203935,Marcus Smart,1610612747,LAL,60,39,21,1725.0,568,2640,1186,139.7,3.17,2.52,0.215,20,24,40,0.2,0.375,0.7,2025-26,Regular Season,Possessions
1641813,Mark Sears,1610612749,MIL,7,1,6,26.0,22,54,26,4.6,5.11,5.11,0.407,0,0,0,0.0,0.0,0.0,2025-26,Regular Season,Possessions
1631109,Mark Williams,1610612756,PHX,57,33,24,1342.0,660,1983,1108,49.8,1.51,0.35,0.333,130,25,432,1.1,0.64,1.116,2025-26,Regular Season,Possessions
1628365,Markelle Fultz,1610612761,TOR,5,3,2,36.0,4,64,17,5.7,5.34,5.89,0.063,3,0,0,0.667,0.0,0.0,2025-26,Regular Season,Possessions
1628963,Marvin Bagley III,1610612742,DAL,56,15,41,1119.0,575,1727,1025,50.7,1.76,0.65,0.333,140,19,294,0.536,0.526,1.082,2025-26,Regular Season,Possessions
203486,Mason Plumlee,1610612759,SAS,19,10,9,156.0,29,226,120,7.4,1.96,0.56,0.128,11,1,35,0.182,2.0,0.629,2025-26,Regular Season,Possessions
1641824,Matas Buzelis,1610612741,CHI,76,28,48,2222.0,1238,3973,2009,171.5,2.59,1.78,0.312,62,3,163,1.048,0.0,0.994,2025-26,Regular Season,Possessions
1629680,Matisse Thybulle,1610612757,POR,26,15,11,397.0,149,545,308,16.0,1.77,1.16,0.273,8,0,12,0.625,0.0,0.167,2025-26,Regular Season,Possessions
1631108,Max Christie,1610612742,DAL,72,22,50,2114.0,879,2859,1541,124.4,2.61,2.05,0.307,16,3,39,0.75,0.0,0.718,2025-26,Regular Season,Possessions
1642917,Max Shulga,1610612738,BOS,9,6,3,13.0,4,24,10,1.8,4.52,3.88,0.167,0,0,2,0.0,0.0,1.0,2025-26,Regular Season,Possessions
1629622,Max Strus,1610612739,CLE,8,6,2,195.0,110,321,167,10.3,1.92,1.11,0.343,1,0,5,2.0,0.0,0.8,2025-26,Regular Season,Possessions
1628467,Maxi Kleber,1610612747,LAL,38,17,21,403.0,78,453,238,10.2,1.35,0.35,0.172,24,2,54,0.625,0.0,0.481,2025-26,Regular Season,Possessions
1642875,Maxime Raynaud,1610612758,SAC,70,20,50,1828.0,850,3048,1533,74.2,1.46,0.41,0.279,242,52,526,0.62,0.75,0.985,2025-26,Regular Season,Possessions
1642877,Micah Peavy,1610612740,NOP,57,16,41,772.0,216,824,551,27.4,1.99,1.12,0.262,10,0,69,0.2,0.0,0.797,2025-26,Regular Season,Possessions
1630695,Micah Potter,1610612754,IND,42,10,32,774.0,380,1201,748,28.1,1.41,0.37,0.316,47,36,140,0.809,0.806,0.986,2025-26,Regular Season,Possessions
1629008,Michael Porter Jr.,1610612751,BKN,52,14,38,1689.0,1259,3063,1921,109.0,2.14,1.16,0.411,59,18,184,1.102,0.667,1.201,2025-26,Regular Season,Possessions
1628969,Mikal Bridges,1610612752,NYK,78,50,28,2596.0,1143,4381,2351,185.3,2.54,1.85,0.261,101,18,182,0.812,0.556,0.923,2025-26,Regular Season,Possessions
201144,Mike Conley,1610612750,MIN,51,31,20,925.0,217,1916,907,117.8,3.69,3.27,0.113,5,1,12,0.0,0.0,0.0,2025-26,Regular Season,Possessions
1628970,Miles Bridges,1610612766,CHA,73,40,33,2274.0,1259,3795,2199,167.1,2.64,1.95,0.332,56,65,156,0.661,0.754,1.122,2025-26,Regular Season,Possessions
1642939,Miles Kelly,1610612742,DAL,14,7,7,134.0,43,155,110,4.1,1.59,1.0,0.277,2,0,4,0.0,0.0,1.75,2025-26,Regular Season,Possessions
1630540,Miles McBride,1610612752,NYK,38,23,15,1017.0,460,1803,884,94.5,3.15,2.79,0.255,11,1,28,0.909,0.0,0.536,2025-26,Regular Season,Possessions
1629011,Mitchell Robinson,1610612752,NYK,58,38,20,1136.0,325,1132,735,27.4,1.45,0.4,0.287,44,1,354,0.273,0.0,0.833,2025-26,Regular Season,Possessions
1628964,Mo Bamba,1610612762,UTA,4,3,1,44.0,10,63,34,1.6,1.56,0.35,0.159,3,0,16,1.333,0.0,0.5,2025-26,Regular Season,Possessions
1642885,Mohamed Diawara,1610612752,NYK,67,41,26,590.0,238,924,514,34.4,2.23,1.46,0.258,8,5,25,0.25,0.8,0.48,2025-26,Regular Season,Possessions
1628420,Monte Morris,1610612754,IND,6,0,6,65.0,18,152,71,9.2,3.64,3.07,0.118,3,0,3,0.667,0.0,1.333,2025-26,Regular Season,Possessions
1629021,Moritz Wagner,1610612753,ORL,34,19,15,416.0,241,707,450,22.5,1.91,0.86,0.341,32,33,76,0.938,0.788,0.803,2025-26,Regular Season,Possessions
1630541,Moses Moody,1610612744,GSW,60,30,30,1540.0,728,1871,1384,69.9,2.24,1.48,0.389,25,2,87,0.8,0.0,0.713,2025-26,Regular Season,Possessions
1631243,Mouhamed Gueye,1610612737,ATL,74,43,31,1143.0,334,1400,749,36.3,1.56,0.69,0.239,49,8,181,0.469,0.25,0.779,2025-26,Regular Season,Possessions
1630619,Moussa Cisse,1610612742,DAL,35,10,25,448.0,135,482,265,12.1,1.51,0.49,0.28,32,2,143,0.219,1.0,0.755,2025-26,Regular Season,Possessions
1631217,Moussa Diabaté,1610612766,CHA,69,38,31,1791.0,553,2510,1428,74.8,1.79,0.52,0.22,188,16,568,0.431,0.313,0.657,2025-26,Regular Season,Possessions
1626167,Myles Turner,1610612749,MIL,69,28,41,1863.0,814,2205,1611,56.6,1.54,0.64,0.369,99,69,210,0.576,0.58,0.848,2025-26,Regular Season,Possessions
1642066,Myron Gardner,1610612748,MIA,41,22,19,395.0,159,673,360,21.5,1.92,1.21,0.236,8,1,45,0.625,1.0,0.511,2025-26,Regular Season,Possessions
1642368,N'Faly Dante,1610612737,ATL,4,3,1,15.0,3,20,10,0.4,1.3,0.75,0.15,4,0,3,0.0,0.0,0.0,2025-26,Regular Season,Possessions
1641772,Nae'Qwan Tomlin,1610612739,CLE,60,39,21,913.0,331,1011,604,30.3,1.8,1.12,0.327,35,2,168,0.514,1.0,0.881,2025-26,Regular Season,Possessions
1630230,Naji Marshall,1610612742,DAL,72,24,48,2132.0,1109,3490,1656,194.7,3.35,2.77,0.318,75,3,118,0.733,1.333,0.992,2025-26,Regular Season,Possessions
1631466,Nate Williams,1610612744,GSW,12,2,10,192.0,86,211,160,7.0,1.99,1.17,0.408,9,0,30,0.667,0.0,0.733,2025-26,Regular Season,Possessions
1629675,Naz Reid,1610612750,MIN,74,45,29,1935.0,1008,3702,1860,110.8,1.8,1.06,0.272,54,82,119,0.593,0.793,0.891,2025-26,Regular Season,Possessions
1629674,Neemias Queta,1610612738,BOS,72,49,23,1830.0,729,2533,1594,70.5,1.67,0.57,0.288,180,12,597,0.678,0.167,0.983,2025-26,Regular Season,Possessions
1629651,Nic Claxton,1610612751,BKN,69,17,52,1920.0,810,3348,2366,136.4,2.45,1.09,0.242,308,28,488,0.435,0.393,0.893,2025-26,Regular Season,Possessions
1630208,Nick Richards,1610612741,CHI,48,20,28,701.0,276,973,554,22.7,1.4,0.48,0.284,62,9,221,0.806,0.556,0.814,2025-26,Regular Season,Possessions
1641733,Nick Smith Jr.,1610612747,LAL,25,12,13,318.0,146,593,209,49.2,4.98,4.73,0.246,4,0,6,1.0,0.0,0.667,2025-26,Regular Season,Possessions
1629638,Nickeil Alexander-Walker,1610612737,ATL,75,42,33,2493.0,1545,4460,2181,246.0,3.31,2.86,0.346,36,0,90,0.75,0.0,0.911,2025-26,Regular Season,Possessions
201587,Nicolas Batum,1610612746,LAC,71,38,33,1262.0,281,1668,811,35.5,1.28,0.28,0.168,15,0,13,0.133,0.0,0.154,2025-26,Regular Season,Possessions
1628502,Nigel Hayes-Davis,1610612756,PHX,27,15,12,195.0,34,230,114,8.7,2.28,1.43,0.148,12,3,13,0.333,1.0,0.769,2025-26,Regular Season,Possessions
203999,Nikola Jokić,1610612743,DEN,61,39,22,2128.0,1687,6136,3415,279.8,2.74,1.32,0.275,553,447,470,0.59,0.642,1.036,2025-26,Regular Season,Possessions
1631107,Nikola Jović,1610612748,MIA,46,23,23,795.0,339,1542,848,55.4,2.16,1.44,0.22,22,21,55,0.818,0.333,0.545,2025-26,Regular Season,Possessions
1642260,Nikola Topić,1610612760,OKC,6,4,2,65.0,18,149,65,9.0,3.62,3.39,0.121,3,0,5,0.0,0.0,0.4,2025-26,Regular Season,Possessions
202696,Nikola Vučević,1610612738,BOS,60,32,28,1740.0,935,3653,2744,89.7,1.47,0.56,0.256,237,243,417,0.54,0.366,0.753,2025-26,Regular Season,Possessions
1642363,Nique Clifford,1610612758,SAC,71,20,51,1732.0,571,2688,1271,136.3,3.04,2.45,0.212,27,0,73,0.852,0.0,0.781,2025-26,Regular Season,Possessions
1642855,Noa Essengue,1610612741,CHI,2,1,1,6.0,0,9,7,0.1,0.68,0.11,0.0,0,0,1,0.0,0.0,0.0,2025-26,Regular Season,Possessions
1641730,Noah Clowney,1610612751,BKN,66,17,49,1780.0,809,2507,1429,92.2,2.21,1.34,0.323,46,5,66,0.174,0.4,0.697,2025-26,Regular Season,Possessions
1642869,Noah Penda,1610612753,ORL,56,27,29,741.0,227,1253,633,39.4,1.89,1.12,0.181,21,8,76,0.095,0.25,0.434,2025-26,Regular Season,Possessions
1642849,Nolan Traore,1610612751,BKN,53,12,41,1190.0,457,2874,1130,227.4,4.75,4.09,0.159,9,0,19,0.778,0.0,0.632,2025-26,Regular Season,Possessions
1641807,Norchad Omier,1610612746,LAC,3,3,0,14.0,8,26,13,0.7,1.6,0.54,0.308,1,2,6,2.0,2.0,1.0,2025-26,Regular Season,Possessions
1626181,Norman Powell,1610612748,MIA,55,28,27,1654.0,1215,2523,1724,104.6,2.49,2.09,0.482,30,3,24,0.633,1.333,1.083,2025-26,Regular Season,Possessions
1628384,OG Anunoby,1610612752,NYK,64,42,22,2135.0,1081,2832,1728,98.9,2.1,1.34,0.382,73,33,175,0.74,0.424,0.886,2025-26,Regular Season,Possessions
1630167,Obi Toppin,1610612754,IND,19,3,16,322.0,190,690,400,20.4,1.77,0.95,0.275,12,17,46,0.833,0.471,1.152,2025-26,Regular Season,Possessions
1630534,Ochai Agbaji,1610612751,BKN,61,27,34,955.0,302,1184,655,30.8,1.56,0.8,0.255,30,0,78,0.467,0.0,0.936,2025-26,Regular Season,Possessions
1630846,Olivier Sarr,1610612739,CLE,1,1,0,4.0,1,6,3,0.2,2.21,0.67,0.167,0,0,0,0.0,0.0,0.0,2025-26,Regular Season,Possessions
1641765,Olivier-Maxence Prosper,1610612763,MEM,51,16,35,950.0,493,1310,704,41.7,1.91,1.26,0.376,54,5,119,0.889,0.8,0.866,2025-26,Regular Season,Possessions
1630209,Omer Yurtseven,1610612744,GSW,9,3,6,104.0,34,190,102,4.7,1.5,0.3,0.179,8,7,27,0.375,0.857,0.815,2025-26,Regular Season,Possessions
1630168,Onyeka Okongwu,1610612737,ATL,71,40,31,2201.0,1091,3698,2414,90.7,1.47,0.56,0.295,155,64,382,0.671,0.547,0.848,2025-26,Regular Season,Possessions
1631115,Orlando Robinson,1610612753,ORL,4,2,2,25.0,7,45,28,1.3,1.72,0.67,0.156,0,1,4,0.0,0.0,1.0,2025-26,Regular Season,Possessions
1631131,Oscar Tshiebwe,1610612762,UTA,23,2,21,347.0,150,430,271,11.0,1.53,0.43,0.349,39,3,129,0.692,0.667,0.853,2025-26,Regular Season,Possessions
1642345,Oso Ighodaro,1610612756,PHX,77,42,35,1715.0,503,2585,1562,100.4,2.33,1.29,0.195,174,8,324,0.58,0.625,0.809,2025-26,Regular Season,Possessions
1631172,Ousmane Dieng,1610612749,MIL,52,31,21,932.0,364,1565,773,90.3,3.46,2.87,0.233,14,0,37,0.429,0.0,0.459,2025-26,Regular Season,Possessions
1629023,P.J. Washington,1610612742,DAL,55,15,40,1706.0,778,2711,1193,95.9,2.12,1.24,0.287,105,44,181,0.752,0.568,0.95,2025-26,Regular Season,Possessions
1641790,PJ Hall,1610612766,CHA,19,7,12,213.0,86,298,180,7.9,1.58,0.49,0.289,17,4,89,0.647,0.0,0.64,2025-26,Regular Season,Possessions
1642359,Pacôme Dadiet,1610612752,NYK,27,17,10,105.0,34,157,80,5.0,1.92,1.03,0.217,4,0,9,1.5,0.0,0.222,2025-26,Regular Season,Possessions
1631094,Paolo Banchero,1610612753,ORL,67,34,33,2332.0,1488,5099,2593,312.5,3.68,2.72,0.292,123,147,182,0.626,0.537,1.016,2025-26,Regular Season,Possessions
1627783,Pascal Siakam,1610612754,IND,62,17,45,2057.0,1485,4308,2434,195.2,2.72,1.98,0.345,118,194,194,0.661,0.629,0.959,2025-26,Regular Season,Possessions
1626192,Pat Connaughton,1610612766,CHA,39,24,15,287.0,110,451,243,14.9,1.98,1.06,0.244,11,0,15,0.545,0.0,0.333,2025-26,Regular Season,Possessions
1630311,Pat Spencer,1610612744,GSW,61,29,32,1105.0,434,2717,1270,180.9,3.99,3.64,0.16,36,9,82,0.694,0.222,0.646,2025-26,Regular Season,Possessions
1631116,Patrick Baldwin Jr.,1610612758,SAC,9,3,6,102.0,33,111,67,2.8,1.5,0.74,0.297,1,0,12,1.0,0.0,0.417,2025-26,Regular Season,Possessions
1630172,Patrick Williams,1610612741,CHI,67,22,45,1316.0,444,1972,1098,67.1,2.04,1.4,0.225,22,8,54,0.227,0.25,0.5,2025-26,Regular Season,Possessions
202331,Paul George,1610612755,PHI,32,20,12,990.0,566,2037,961,98.7,2.91,2.1,0.278,25,29,31,0.68,0.655,0.484,2025-26,Regular Season,Possessions
1630194,Paul Reed,1610612765,DET,60,43,17,823.0,445,1337,789,42.9,1.93,0.91,0.333,140,7,239,0.607,0.286,0.82,2025-26,Regular Season,Possessions
1630202,Payton Pritchard,1610612738,BOS,75,51,24,2431.0,1272,5181,2312,392.9,4.55,4.5,0.246,29,2,54,0.552,0.0,0.63,2025-26,Regular Season,Possessions
1642362,Payton Sandfort,1610612760,OKC,2,2,0,7.0,4,11,9,0.1,0.78,0.09,0.364,0,0,2,0.0,0.0,0.5,2025-26,Regular Season,Possessions
1641796,Pelle Larsson,1610612748,MIA,66,36,30,1740.0,743,2522,1578,99.4,2.36,1.47,0.295,30,3,132,0.833,0.667,0.803,2025-26,Regular Season,Possessions
1631250,Pete Nance,1610612749,MIL,44,13,31,669.0,241,1024,618,30.3,1.77,0.73,0.235,23,4,72,0.174,1.0,0.861,2025-26,Regular Season,Possessions
1631212,Peyton Watson,1610612743,DEN,54,36,18,1598.0,789,2777,1184,156.5,3.38,2.18,0.284,96,1,156,0.719,0.0,0.763,2025-26,Regular Season,Possessions
1630173,Precious Achiuwa,1610612758,SAC,69,19,50,1631.0,683,2064,1102,75.7,2.2,1.31,0.331,97,20,307,0.732,0.4,0.941,2025-26,Regular Season,Possessions
1629656,Quentin Grimes,1610612755,PHI,70,40,30,2095.0,957,3409,2017,161.1,2.84,2.49,0.281,32,4,51,0.625,0.5,0.941,2025-26,Regular Season,Possessions
1631245,Quenton Jackson,1610612754,IND,44,9,35,761.0,375,1621,750,86.0,3.18,2.54,0.231,12,0,23,0.917,0.0,1.043,2025-26,Regular Season,Possessions
1642366,Quinten Post,1610612744,GSW,67,32,35,1159.0,513,2144,1377,55.8,1.56,0.6,0.239,52,47,144,0.346,0.468,0.819,2025-26,Regular Season,Possessions
1629628,RJ Barrett,1610612761,TOR,53,31,22,1595.0,1019,2863,1536,126.7,2.65,1.91,0.356,64,31,137,0.891,0.645,1.212,2025-26,Regular Season,Possessions
1642853,Rasheer Fleming,1610612756,PHX,51,27,24,597.0,216,518,373,12.7,1.47,0.84,0.417,17,1,66,0.941,0.0,0.53,2025-26,Regular Season,Possessions
1642484,RayJ Dennis,1610612737,ATL,16,3,13,180.0,64,479,203,31.1,3.89,3.28,0.134,4,0,7,0.5,0.0,0.0,2025-26,Regular Season,Possessions
1641712,Rayan Rupert,1610612763,MEM,61,29,32,952.0,262,1217,603,40.6,2.0,1.58,0.215,14,0,60,0.143,0.0,0.55,2025-26,Regular Season,Possessions
1642263,Reed Sheppard,1610612745,HOU,77,48,29,2037.0,1050,4228,1784,287.2,4.08,4.29,0.248,19,0,15,0.684,0.0,0.4,2025-26,Regular Season,Possessions
1642434,Riley Minix,1610612739,CLE,6,5,1,24.0,19,50,24,2.3,2.75,1.42,0.38,0,0,4,0.0,0.0,1.5,2025-26,Regular Season,Possessions
1642265,Rob Dillingham,1610612741,CHI,60,27,33,838.0,330,1690,709,116.8,4.15,4.24,0.195,9,0,14,0.444,0.0,0.429,2025-26,Regular Season,Possessions
1629057,Robert Williams III,1610612757,POR,55,28,27,932.0,368,1299,707,26.7,1.23,0.3,0.283,45,1,300,0.667,1.0,0.967,2025-26,Regular Season,Possessions
1642911,Rocco Zikarsky,1610612750,MIN,4,0,4,16.0,6,25,11,0.5,1.17,0.2,0.24,1,1,4,0.0,0.0,1.0,2025-26,Regular Season,Possessions
1631199,Ron Harper Jr.,1610612738,BOS,26,19,7,268.0,89,358,208,15.1,2.54,1.83,0.249,4,0,14,0.5,0.0,0.571,2025-26,Regular Season,Possessions
1641842,Ronald Holland II,1610612765,DET,73,52,21,1448.0,590,2290,1130,83.3,2.18,1.43,0.258,26,0,106,0.731,0.0,0.925,2025-26,Regular Season,Possessions
1626220,Royce O'Neale,1610612756,PHX,74,41,33,2129.0,734,3986,1931,144.0,2.17,1.22,0.184,25,0,43,0.24,0.0,0.419,2025-26,Regular Season,Possessions
203497,Rudy Gobert,1610612750,MIN,74,45,29,2317.0,812,3298,1741,75.1,1.37,0.28,0.246,164,26,632,0.646,0.385,1.033,2025-26,Regular Season,Possessions
1629060,Rui Hachimura,1610612747,LAL,63,44,19,1773.0,697,1862,1031,55.6,1.79,0.92,0.374,48,39,109,1.125,0.538,1.064,2025-26,Regular Season,Possessions
201566,Russell Westbrook,1610612758,SAC,64,16,48,1853.0,971,4416,1710,342.9,4.66,4.28,0.22,18,39,100,0.944,0.615,0.61,2025-26,Regular Season,Possessions
1642346,Ryan Dunn,1610612756,PHX,66,38,28,1277.0,386,1655,854,58.0,2.1,1.4,0.233,42,0,139,0.667,0.0,0.734,2025-26,Regular Season,Possessions
1641750,Ryan Kalkbrenner,1610612766,CHA,65,37,28,1404.0,502,1517,948,44.6,1.77,0.4,0.331,87,14,415,0.621,0.643,1.06,2025-26,Regular Season,Possessions
1642948,Ryan Nembhard,1610612742,DAL,56,19,37,1045.0,348,2301,781,200.9,5.24,5.14,0.151,4,0,10,0.0,0.0,0.2,2025-26,Regular Season,Possessions
1631157,Ryan Rollins,1610612749,MIL,72,28,44,2310.0,1234,5125,2090,382.9,4.48,3.97,0.241,14,0,51,0.714,0.0,0.529,2025-26,Regular Season,Possessions
1630180,Saddiq Bey,1610612740,NOP,71,24,47,2207.0,1239,3038,2034,128.1,2.53,1.72,0.408,50,163,159,0.64,0.632,0.969,2025-26,Regular Season,Possessions
1630573,Sam Hauser,1610612738,BOS,74,51,23,1832.0,676,2642,1453,66.1,1.5,0.57,0.256,25,0,56,0.56,0.0,0.804,2025-26,Regular Season,Possessions
1630241,Sam Merrill,1610612739,CLE,50,35,15,1322.0,636,2040,1220,58.2,1.71,1.22,0.312,36,1,54,0.528,0.0,0.87,2025-26,Regular Season,Possessions
1630572,Sandro Mamukelashvili,1610612761,TOR,75,41,34,1643.0,841,2625,1591,76.4,1.75,0.8,0.32,115,21,258,0.678,0.762,0.822,2025-26,Regular Season,Possessions
1630583,Santi Aldama,1610612763,MEM,43,19,24,1198.0,602,2326,1320,71.2,1.84,0.93,0.259,56,21,140,0.571,0.857,0.914,2025-26,Regular Season,Possessions
1630703,Scoot Henderson,1610612757,POR,26,16,10,616.0,365,1407,605,102.6,4.37,3.8,0.259,9,0,18,0.444,0.0,0.556,2025-26,Regular Season,Possessions
1630567,Scottie Barnes,1610612761,TOR,75,42,33,2528.0,1367,5282,2644,241.3,2.74,1.9,0.259,214,160,384,0.64,0.5,0.802,2025-26,Regular Season,Possessions
1630590,Scotty Pippen Jr.,1610612763,MEM,10,2,8,212.0,114,497,250,31.7,3.83,3.54,0.229,5,0,9,0.8,0.0,0.778,2025-26,Regular Season,Possessions
1642951,Sean Pedulla,1610612746,LAC,5,3,2,26.0,13,46,19,3.7,4.81,4.43,0.283,0,0,0,0.0,0.0,0.0,2025-26,Regular Season,Possessions
203552,Seth Curry,1610612744,GSW,6,0,6,69.0,39,91,70,3.4,2.24,1.41,0.429,0,0,1,0.0,0.0,2.0,2025-26,Regular Season,Possessions
1631101,Shaedon Sharpe,1610612757,POR,48,22,26,1439.0,1025,2672,1311,172.5,3.87,3.44,0.384,60,2,94,0.867,0.0,1.191,2025-26,Regular Season,Possessions
1628983,Shai Gilgeous-Alexander,1610612760,OKC,65,53,12,2177.0,2052,4367,1528,414.2,5.69,5.53,0.47,68,79,66,0.765,0.684,0.894,2025-26,Regular Season,Possessions
1630536,Sharife Cooper,1610612764,WAS,35,6,29,582.0,254,1245,455,102.3,4.93,4.46,0.204,3,0,21,0.0,0.0,0.762,2025-26,Regular Season,Possessions
1631321,Sidy Cissoko,1610612757,POR,71,37,34,1414.0,379,1751,1023,64.4,2.21,1.35,0.216,33,0,69,0.576,0.0,0.551,2025-26,Regular Season,Possessions
1631323,Simone Fontecchio,1610612748,MIA,68,34,34,1127.0,565,1705,1085,48.7,1.71,1.02,0.331,35,0,67,0.714,0.0,0.836,2025-26,Regular Season,Possessions
1642883,Sion James,1610612766,CHA,78,42,36,1764.0,424,2651,1228,146.0,3.3,2.52,0.16,43,1,54,0.465,0.0,0.519,2025-26,Regular Season,Possessions
1627746,Skal Labissiere,1610612764,WAS,3,2,1,38.0,13,67,44,2.1,1.89,0.78,0.194,7,0,8,0.857,0.0,1.0,2025-26,Regular Season,Possessions
1642461,Spencer Jones,1610612743,DEN,64,41,23,1417.0,352,1087,620,24.8,1.37,0.52,0.324,39,0,144,0.436,0.0,0.785,2025-26,Regular Season,Possessions
1630649,Stanley Umude,1610612759,SAS,2,2,0,7.0,2,8,6,0.2,1.73,1.0,0.25,0,0,1,0.0,0.0,0.0,2025-26,Regular Season,Possessions
201939,Stephen Curry,1610612744,GSW,39,23,16,1222.0,1061,2591,1171,173.3,4.01,3.99,0.409,37,0,61,0.838,0.0,1.262,2025-26,Regular Season,Possessions
1642264,Stephon Castle,1610612759,SAS,65,50,15,1937.0,1084,4386,1775,322.7,4.42,3.69,0.247,82,8,152,0.659,0.5,0.974,2025-26,Regular Season,Possessions
203500,Steven Adams,1610612745,HOU,32,21,11,730.0,187,901,535,25.0,1.67,0.41,0.208,80,7,238,0.35,0.857,0.597,2025-26,Regular Season,Possessions
1629004,Svi Mykhailiuk,1610612762,UTA,49,14,35,1132.0,452,1404,781,50.9,2.18,1.39,0.322,13,0,39,0.462,0.0,0.897,2025-26,Regular Season,Possessions
204456,T.J. McConnell,1610612754,IND,56,15,41,963.0,525,2800,970,231.7,4.97,4.75,0.188,24,0,46,1.083,0.0,0.783,2025-26,Regular Season,Possessions
1643007,Taelon Peter,1610612754,IND,33,5,28,394.0,138,652,359,23.2,2.14,1.64,0.212,7,0,10,0.571,0.0,1.0,2025-26,Regular Season,Possessions
201959,Taj Gibson,1610612763,MEM,7,1,6,65.0,28,66,51,1.4,1.27,0.42,0.424,8,1,12,0.75,0.0,0.417,2025-26,Regular Season,Possessions
1631106,Tari Eason,1610612745,HOU,55,34,21,1424.0,578,2162,1007,88.8,2.46,1.79,0.267,38,4,126,0.553,0.5,0.746,2025-26,Regular Season,Possessions
1627752,Taurean Prince,1610612749,MIL,21,8,13,456.0,157,591,381,20.0,2.03,0.95,0.266,3,0,2,0.0,0.0,0.0,2025-26,Regular Season,Possessions
1641707,Taylor Hendricks,1610612763,MEM,57,12,45,1084.0,411,1210,689,33.8,1.68,0.95,0.34,41,7,108,0.659,0.571,0.806,2025-26,Regular Season,Possessions
1629611,Terance Mann,1610612751,BKN,63,15,48,1529.0,455,2586,1173,165.8,3.85,3.28,0.176,32,4,90,0.594,0.0,0.633,2025-26,Regular Season,Possessions
1630545,Terrence Shannon Jr.,1610612750,MIN,38,21,17,436.0,157,533,280,26.7,3.0,2.46,0.295,3,0,9,1.333,0.0,0.444,2025-26,Regular Season,Possessions
203648,Thanasis Antetokounmpo,1610612749,MIL,31,8,23,115.0,37,176,106,7.6,2.6,2.19,0.21,3,2,17,0.667,0.5,0.588,2025-26,Regular Season,Possessions
1628418,Thomas Bryant,1610612739,CLE,59,36,23,706.0,356,1148,694,30.8,1.61,0.38,0.31,55,15,148,0.673,0.8,1.115,2025-26,Regular Season,Possessions
1642275,Tidjane Salaün,1610612766,CHA,36,18,18,571.0,222,824,395,23.0,1.67,0.7,0.269,15,1,48,0.533,0.0,0.708,2025-26,Regular Season,Possessions
203501,Tim Hardaway Jr.,1610612743,DEN,76,48,28,2031.0,1040,2387,1471,74.7,1.88,1.04,0.436,31,1,35,1.226,2.0,1.4,2025-26,Regular Season,Possessions
202699,Tobias Harris,1610612765,DET,59,42,17,1649.0,775,2514,1485,114.2,2.73,1.73,0.308,51,182,102,0.863,0.758,0.931,2025-26,Regular Season,Possessions
1643253,Toby Okani,1610612763,MEM,1,0,1,28.0,7,28,16,0.8,1.73,0.64,0.25,0,0,4,0.0,0.0,0.5,2025-26,Regular Season,Possessions
1642449,Tolu Smith,1610612765,DET,12,9,3,118.0,43,173,116,5.1,1.78,0.83,0.249,17,2,45,0.471,0.0,0.644,2025-26,Regular Season,Possessions
1628396,Tony Bradley,1610612754,IND,38,9,29,416.0,151,449,296,10.3,1.38,0.45,0.336,31,6,112,0.839,1.333,0.777,2025-26,Regular Season,Possessions
1641787,Tosan Evbuomwan,1610612766,CHA,5,4,1,8.0,0,8,5,0.2,1.87,1.38,0.0,0,0,0,0.0,0.0,0.0,2025-26,Regular Season,Possessions
1641739,Toumani Camara,1610612757,POR,78,40,38,2590.0,1032,4334,2220,150.4,2.08,1.29,0.238,76,3,211,0.776,0.0,0.777,2025-26,Regular Season,Possessions
1629027,Trae Young,1610612764,WAS,15,2,13,384.0,269,935,349,76.5,4.91,4.5,0.288,1,0,2,0.0,0.0,1.0,2025-26,Regular Season,Possessions
1631218,Trayce Jackson-Davis,1610612761,TOR,50,27,23,487.0,177,817,520,22.7,1.66,0.66,0.217,49,16,157,0.551,0.25,0.803,2025-26,Regular Season,Possessions
1642848,Tre Johnson,1610612764,WAS,59,12,47,1418.0,722,1957,1187,91.7,2.81,2.47,0.369,16,3,22,0.625,0.0,0.545,2025-26,Regular Season,Possessions
1630200,Tre Jones,1610612741,CHI,60,25,35,1619.0,805,3628,1561,228.7,3.78,3.49,0.222,26,0,66,0.846,0.0,1.061,2025-26,Regular Season,Possessions
1630544,Tre Mann,1610612766,CHA,51,29,22,661.0,289,1389,603,119.0,5.14,4.69,0.208,6,0,13,0.0,0.0,0.231,2025-26,Regular Season,Possessions
1630570,Trendon Watford,1610612755,PHI,51,26,25,852.0,340,2025,922,98.9,2.93,2.16,0.168,50,61,69,0.3,0.508,0.797,2025-26,Regular Season,Possessions
1642280,Trentyn Flowers,1610612741,CHI,2,0,2,6.0,4,8,7,0.3,2.59,1.62,0.5,0,0,2,0.0,0.0,2.0,2025-26,Regular Season,Possessions
1630286,Trevon Scott,1610612751,BKN,1,0,1,8.0,6,10,7,0.3,1.84,0.8,0.6,0,0,0,0.0,0.0,0.0,2025-26,Regular Season,Possessions
1631211,Trevor Keels,1610612748,MIA,4,4,0,5.0,0,12,9,0.3,1.55,0.67,0.0,0,0,0,0.0,0.0,0.0,2025-26,Regular Season,Possessions
1641725,Trey Alexander,1610612740,NOP,5,1,4,42.0,14,51,23,2.4,2.82,1.88,0.275,0,0,0,0.0,0.0,0.0,2025-26,Regular Season,Possessions
1641998,Trey Jemison III,1610612752,NYK,11,9,2,61.0,9,54,34,1.6,1.78,0.85,0.167,4,0,11,0.0,0.0,0.364,2025-26,Regular Season,Possessions
1630530,Trey Murphy III,1610612740,NOP,66,21,45,2341.0,1420,4040,2112,187.3,2.78,2.23,0.351,42,0,163,0.976,0.0,1.288,2025-26,Regular Season,Possessions
1642400,Tristan Enaruna,1610612739,CLE,6,6,0,34.0,13,50,32,1.6,1.86,1.3,0.26,1,0,8,0.0,0.0,1.25,2025-26,Regular Season,Possessions
1641774,Tristan Vukcevic,1610612764,WAS,49,8,41,671.0,441,1160,758,35.7,1.85,0.88,0.38,86,5,96,0.721,0.8,1.146,2025-26,Regular Season,Possessions
1641783,Tristan da Silva,1610612753,ORL,72,39,33,1784.0,726,2240,1238,82.3,2.21,1.31,0.324,54,3,114,0.463,1.333,0.895,2025-26,Regular Season,Possessions
1629660,Ty Jerome,1610612763,MEM,15,3,12,339.0,295,784,334,65.9,5.04,4.53,0.376,4,0,4,1.0,0.0,1.0,2025-26,Regular Season,Possessions
1631102,TyTy Washington Jr.,1610612746,LAC,12,6,6,72.0,21,126,56,10.0,4.76,4.63,0.167,1,0,2,0.0,0.0,0.0,2025-26,Regular Season,Possessions
1631174,Tyler Burton,1610612763,MEM,12,2,10,307.0,129,403,233,12.1,1.8,1.05,0.32,5,0,11,1.8,0.0,0.909,2025-26,Regular Season,Possessions
1629639,Tyler Herro,1610612748,MIA,30,13,17,952.0,643,1826,955,94.9,3.12,2.46,0.352,13,2,19,0.769,0.0,0.947,2025-26,Regular Season,Possessions
1642278,Tyler Kolek,1610612752,NYK,62,39,23,727.0,274,1809,689,128.4,4.26,4.17,0.151,12,0,16,0.167,0.0,0.625,2025-26,Regular Season,Possessions
1641890,Tyler Smith,1610612742,DAL,8,1,7,77.0,21,94,44,2.2,1.39,0.38,0.223,3,0,10,0.0,0.0,0.4,2025-26,Regular Season,Possessions
1631213,Tyrese Martin,1610612755,PHI,45,11,34,775.0,290,1508,683,92.5,3.68,2.88,0.192,15,0,36,1.0,0.0,0.639,2025-26,Regular Season,Possessions
1630178,Tyrese Maxey,1610612755,PHI,65,36,29,2490.0,1865,6283,2663,468.7,4.48,3.87,0.297,13,11,21,0.769,0.727,0.667,2025-26,Regular Season,Possessions
1642878,Tyrese Proctor,1610612739,CLE,46,30,16,472.0,225,847,411,53.2,3.77,3.57,0.266,6,0,21,1.167,0.0,0.381,2025-26,Regular Season,Possessions
1630623,Tyson Etienne,1610612751,BKN,19,3,16,223.0,114,329,171,17.3,3.15,2.91,0.347,0,0,0,0.0,0.0,0.0,2025-26,Regular Season,Possessions
1626145,Tyus Jones,1610612743,DEN,64,34,30,932.0,185,2025,797,141.0,4.18,3.81,0.091,4,0,5,0.0,0.0,0.4,2025-26,Regular Season,Possessions
1642845,VJ Edgecombe,1610612755,PHI,70,41,29,2436.0,1121,4911,2309,277.1,3.38,2.76,0.228,46,7,132,0.739,0.857,0.72,2025-26,Regular Season,Possessions
1641705,Victor Wembanyama,1610612759,SAS,61,48,13,1784.0,1509,3561,2158,139.1,2.34,1.24,0.424,274,179,380,0.628,0.592,1.166,2025-26,Regular Season,Possessions
1631246,Vince Williams Jr.,1610612762,UTA,40,16,24,819.0,300,1976,901,117.5,3.57,2.76,0.152,18,4,44,0.444,0.0,0.636,2025-26,Regular Season,Possessions
1642884,Vladislav Goldin,1610612748,MIA,5,3,2,14.0,4,14,8,0.4,1.59,0.21,0.286,0,1,5,0.0,2.0,0.8,2025-26,Regular Season,Possessions
1630249,Vít Krejčí,1610612757,POR,64,31,33,1387.0,548,1957,1277,63.9,1.96,1.18,0.28,18,0,38,0.611,0.0,0.5,2025-26,Regular Season,Possessions
1631117,Walker Kessler,1610612762,UTA,5,2,3,154.0,72,265,175,8.4,1.9,0.59,0.272,13,0,46,0.462,0.0,0.935,2025-26,Regular Season,Possessions
1642383,Walter Clayton Jr.,1610612763,MEM,66,17,49,1338.0,493,2965,1246,203.9,4.13,3.66,0.166,15,0,26,1.0,0.0,0.538,2025-26,Regular Season,Possessions
1628976,Wendell Carter Jr.,1610612753,ORL,73,39,34,2162.0,879,2895,1929,71.3,1.48,0.45,0.304,228,26,398,0.469,0.5,0.915,2025-26,Regular Season,Possessions
1631111,Wendell Moore Jr.,1610612765,DET,5,4,1,54.0,10,59,27,3.1,3.15,2.26,0.169,2,0,1,2.0,0.0,2.0,2025-26,Regular Season,Possessions
1642954,Will Richard,1610612744,GSW,66,34,32,1348.0,441,1636,1066,51.1,1.87,1.15,0.27,33,2,151,0.758,0.0,0.874,2025-26,Regular Season,Possessions
1642860,Will Riley,1610612764,WAS,68,16,52,1429.0,656,2182,1203,108.4,2.98,2.16,0.301,34,0,81,1.176,0.0,1.173,2025-26,Regular Season,Possessions
1630214,Xavier Tillman,1610612766,CHA,28,20,8,178.0,38,238,148,7.0,1.76,0.68,0.16,6,2,29,0.0,0.0,0.552,2025-26,Regular Season,Possessions
1642905,Yang Hansen,1610612757,POR,41,22,19,296.0,95,390,250,13.5,2.08,0.83,0.244,22,24,57,0.773,0.667,0.842,2025-26,Regular Season,Possessions
1642949,Yanic Konan Niederhäuser,1610612746,LAC,41,22,19,424.0,176,473,276,13.8,1.76,0.68,0.372,40,4,115,0.675,1.0,0.948,2025-26,Regular Season,Possessions
1642530,Yuki Kawamura,1610612741,CHI,13,4,9,142.0,36,300,147,15.4,3.09,3.0,0.12,2,0,3,0.0,0.0,0.0,2025-26,Regular Season,Possessions
1642274,Yves Missi,1610612740,NOP,65,19,46,1257.0,359,1560,939,42.3,1.63,0.69,0.23,102,7,280,0.392,0.286,0.668,2025-26,Regular Season,Possessions
1642258,Zaccharie Risacher,1610612737,ATL,64,38,26,1453.0,623,1689,1031,53.8,1.91,1.14,0.369,35,2,130,1.114,0.0,1.031,2025-26,Regular Season,Possessions
1628380,Zach Collins,1610612741,CHI,10,6,4,184.0,97,300,207,7.4,1.47,0.61,0.323,25,5,49,0.8,1.2,1.041,2025-26,Regular Season,Possessions
1641744,Zach Edey,1610612763,MEM,11,7,4,284.0,150,401,250,8.7,1.3,0.22,0.374,28,47,144,0.25,0.809,0.882,2025-26,Regular Season,Possessions
203897,Zach LaVine,1610612758,SAC,39,9,30,1224.0,748,1999,1109,100.1,3.01,2.26,0.374,11,7,32,1.091,0.286,0.688,2025-26,Regular Season,Possessions
1630192,Zeke Nnaji,1610612743,DEN,49,35,14,585.0,179,691,440,19.8,1.72,0.68,0.259,53,2,87,0.528,0.0,0.92,2025-26,Regular Season,Possessions
1630533,Ziaire Williams,1610612751,BKN,56,13,43,1281.0,573,1493,879,53.7,2.16,1.48,0.384,17,1,50,0.588,0.0,1.12,2025-26,Regular Season,Possessions
1629627,Zion Williamson,1610612740,NOP,61,22,39,1813.0,1285,2991,1566,176.1,3.53,3.01,0.43,111,93,221,0.766,0.452,1.05,2025-26,Regular Season,Possessions
1642389,Zyon Pullin,1610612750,MIN,2,2,0,6.0,4,16,7,0.7,2.72,2.56,0.25,0,0,0,0.0,0.0,0.0,2025-26,Regular Season,Possessions
