PLAYER_ID,PLAYER_NAME,TEAM_ID,TEAM_ABBREVIATION,GP,W,L,MIN,POINTS,DRIVE_PTS,DRIVE_FG_PCT,CATCH_SHOOT_PTS,CATCH_SHOOT_FG_PCT,PULL_UP_PTS,PULL_UP_FG_PCT,PAINT_TOUCH_PTS,PAINT_TOUCH_FG_PCT,POST_TOUCH_PTS,POST_TOUCH_FG_PCT,ELBOW_TOUCH_PTS,ELBOW_TOUCH_FG_PCT,EFF_FG_PCT,SEASON,SEASON_TYPE,PT_MEASURE_TYPE
1630639,A.J. Lawson,1610612761,TOR,19,9,10,182.0,86,4,0.167,48,0.457,0,0.0,15,1.0,0,0.0,4,0.667,0.597,2025-26,Regular Season,Efficiency
1631260,AJ Green,1610612749,MIL,73,29,44,2097.0,716,14,0.438,458,0.405,184,0.426,12,0.545,0,0.0,2,0.2,0.602,2025-26,Regular Season,Efficiency
1642358,AJ Johnson,1610612742,DAL,44,8,36,386.0,122,40,0.315,18,0.207,15,0.227,16,0.625,0,0.0,1,0.0,0.363,2025-26,Regular Season,Efficiency
203932,Aaron Gordon,1610612743,DEN,33,24,9,910.0,538,92,0.5,132,0.395,86,0.375,171,0.689,32,0.267,35,0.619,0.571,2025-26,Regular Season,Efficiency
1628988,Aaron Holiday,1610612745,HOU,52,34,18,698.0,280,72,0.5,164,0.41,32,0.245,0,0.0,0,0.0,2,0.333,0.53,2025-26,Regular Season,Efficiency
1630174,Aaron Nesmith,1610612754,IND,45,10,35,1335.0,621,183,0.455,280,0.405,101,0.352,25,0.435,0,0.0,14,0.583,0.517,2025-26,Regular Season,Efficiency
1630598,Aaron Wiggins,1610612760,OKC,60,47,13,1330.0,583,150,0.431,221,0.372,82,0.348,68,0.738,0,0.0,19,0.6,0.524,2025-26,Regular Season,Efficiency
1642846,Ace Bailey,1610612762,UTA,69,18,51,1896.0,941,179,0.536,280,0.311,281,0.415,134,0.682,6,0.375,36,0.64,0.522,2025-26,Regular Season,Efficiency
1642380,Adama Bal,1610612763,MEM,4,1,3,102.0,25,4,0.5,15,0.333,0,0.0,4,0.667,0,0.0,0,0.0,0.46,2025-26,Regular Season,Efficiency
1641737,Adem Bona,1610612755,PHI,67,39,28,1160.0,325,25,0.438,6,0.286,0,0.0,200,0.589,4,0.667,26,0.625,0.596,2025-26,Regular Season,Efficiency
1642876,Adou Thiero,1610612747,LAL,21,12,9,108.0,29,12,0.625,0,0.0,0,0.0,9,0.5,0,0.0,2,1.0,0.455,2025-26,Regular Season,Efficiency
1642349,Ajay Mitchell,1610612760,OKC,54,47,7,1408.0,751,393,0.54,122,0.328,155,0.489,44,0.759,0,0.0,22,0.786,0.542,2025-26,Regular Season,Efficiency
201143,Al Horford,1610612744,GSW,43,22,21,933.0,357,24,0.476,222,0.373,13,0.462,66,0.571,32,0.519,28,0.813,0.539,2025-26,Regular Season,Efficiency
1630828,Alex Antetokounmpo,1610612749,MIL,3,1,2,11.0,4,0,0.0,0,0.0,0,0.0,1,0.0,0,0.0,0,0.0,0.0,2025-26,Regular Season,Efficiency
1627936,Alex Caruso,1610612760,OKC,53,44,9,984.0,335,52,0.442,145,0.314,19,0.267,33,0.615,0,0.0,20,0.714,0.507,2025-26,Regular Season,Efficiency
1631457,Alex Morales,1610612753,ORL,1,0,1,12.0,2,0,0.0,0,0.0,0,0.0,0,0.0,0,0.0,0,0.0,0.5,2025-26,Regular Season,Efficiency
1642259,Alex Sarr,1610612764,WAS,48,11,37,1305.0,783,154,0.426,156,0.348,59,0.342,266,0.639,34,0.556,151,0.513,0.52,2025-26,Regular Season,Efficiency
1642918,Alijah Martin,1610612761,TOR,20,9,11,130.0,48,13,0.308,14,0.294,2,0.1,8,0.6,0,0.0,2,1.0,0.386,2025-26,Regular Season,Efficiency
1631214,Alondes Williams,1610612764,WAS,4,2,2,101.0,44,6,1.0,15,0.417,0,0.0,12,1.0,0,0.0,0,0.0,0.712,2025-26,Regular Season,Efficiency
1630578,Alperen Sengun,1610612745,HOU,68,43,25,2271.0,1400,425,0.548,135,0.364,140,0.346,323,0.602,219,0.563,185,0.566,0.54,2025-26,Regular Season,Efficiency
1642873,Amari Williams,1610612738,BOS,21,14,7,136.0,28,0,0.0,0,0.0,0,0.0,17,0.5,0,0.0,6,0.4,0.474,2025-26,Regular Season,Efficiency
1641708,Amen Thompson,1610612745,HOU,75,46,29,2795.0,1343,461,0.507,85,0.25,96,0.307,397,0.678,2,1.0,73,0.549,0.538,2025-26,Regular Season,Efficiency
1629599,Amir Coffey,1610612756,PHX,43,18,25,437.0,125,43,0.593,39,0.333,26,0.52,6,1.0,0,0.0,3,1.0,0.554,2025-26,Regular Season,Efficiency
1643158,Andersson Garcia,1610612762,UTA,5,1,4,169.0,26,8,0.5,3,0.083,0,0.0,6,0.429,0,0.0,4,1.0,0.328,2025-26,Regular Season,Efficiency
203083,Andre Drummond,1610612755,PHI,58,31,27,1123.0,367,3,0.143,84,0.341,6,0.4,217,0.527,11,0.625,23,0.556,0.52,2025-26,Regular Season,Efficiency
1641748,Andre Jackson Jr.,1610612749,MIL,44,11,33,342.0,97,11,0.235,27,0.214,20,0.304,16,0.438,0,0.0,8,0.3,0.407,2025-26,Regular Season,Efficiency
1629614,Andrew Nembhard,1610612754,IND,57,13,44,1786.0,966,378,0.509,184,0.42,353,0.382,24,0.632,2,0.167,12,0.5,0.513,2025-26,Regular Season,Efficiency
203952,Andrew Wiggins,1610612748,MIA,63,32,31,1934.0,980,202,0.426,325,0.402,160,0.417,135,0.616,39,0.484,26,0.667,0.557,2025-26,Regular Season,Efficiency
1629014,Anfernee Simons,1610612741,CHI,55,31,24,1372.0,785,212,0.538,255,0.427,311,0.394,13,0.75,0,0.0,11,1.0,0.552,2025-26,Regular Season,Efficiency
1641710,Anthony Black,1610612753,ORL,60,33,27,1841.0,917,237,0.441,195,0.353,159,0.32,97,0.729,4,0.5,27,0.706,0.516,2025-26,Regular Season,Efficiency
203076,Anthony Davis,1610612764,WAS,20,10,10,626.0,407,64,0.443,42,0.309,64,0.383,175,0.673,23,0.4,58,0.468,0.521,2025-26,Regular Season,Efficiency
1630162,Anthony Edwards,1610612750,MIN,60,36,24,2109.0,1735,606,0.588,226,0.487,674,0.406,43,0.514,40,0.405,33,0.565,0.572,2025-26,Regular Season,Efficiency
1630264,Anthony Gill,1610612764,WAS,49,6,43,769.0,252,43,0.594,41,0.341,8,0.444,96,0.692,2,0.5,32,0.636,0.656,2025-26,Regular Season,Efficiency
1641810,Antonio Reeves,1610612766,CHA,10,4,6,68.0,27,6,0.6,15,0.5,6,0.5,0,0.0,0,0.0,0,0.0,0.675,2025-26,Regular Season,Efficiency
1630574,Ariel Hukporti,1610612752,NYK,52,34,18,455.0,101,4,0.4,3,0.111,0,0.0,75,0.636,0,0.0,10,0.4,0.551,2025-26,Regular Season,Efficiency
1642854,Asa Newell,1610612737,ATL,42,22,20,453.0,208,16,0.5,84,0.4,2,0.25,61,0.718,0,0.0,26,0.929,0.63,2025-26,Regular Season,Efficiency
1641709,Ausar Thompson,1610612765,DET,68,49,19,1769.0,670,190,0.44,14,0.185,58,0.359,223,0.614,7,1.0,63,0.614,0.521,2025-26,Regular Season,Efficiency
1630559,Austin Reaves,1610612747,LAL,51,36,15,1762.0,1187,479,0.577,192,0.414,282,0.368,35,0.737,0,0.0,21,0.727,0.567,2025-26,Regular Season,Efficiency
1630245,Ayo Dosunmu,1610612750,MIN,66,34,32,1787.0,971,258,0.491,298,0.435,113,0.511,46,0.514,0,0.0,28,0.565,0.6,2025-26,Regular Season,Efficiency
1628389,Bam Adebayo,1610612748,MIA,68,34,34,2199.0,1378,366,0.466,343,0.344,208,0.355,266,0.661,72,0.366,112,0.536,0.494,2025-26,Regular Season,Efficiency
1631248,Baylor Scheierman,1610612738,BOS,72,50,22,1309.0,360,60,0.551,195,0.384,84,0.458,14,0.778,0,0.0,9,1.0,0.59,2025-26,Regular Season,Efficiency
1642879,Ben Saraf,1610612751,BKN,40,9,31,785.0,264,150,0.447,39,0.224,13,0.167,16,0.5,0,0.0,8,0.8,0.414,2025-26,Regular Season,Efficiency
1641767,Ben Sheppard,1610612754,IND,65,16,49,1390.0,459,76,0.483,237,0.379,35,0.292,26,0.55,0,0.0,7,0.286,0.543,2025-26,Regular Season,Efficiency
1631097,Bennedict Mathurin,1610612746,LAC,49,19,30,1504.0,905,238,0.465,133,0.375,221,0.369,134,0.716,7,0.5,53,0.563,0.492,2025-26,Regular Season,Efficiency
1643016,Bez Mbeng,1610612762,UTA,12,1,11,358.0,55,11,0.4,3,0.067,6,0.286,11,0.714,0,0.0,4,1.0,0.425,2025-26,Regular Season,Efficiency
1641731,Bilal Coulibaly,1610612764,WAS,53,14,39,1397.0,601,157,0.374,167,0.335,48,0.273,97,0.678,2,0.0,23,0.727,0.477,2025-26,Regular Season,Efficiency
202687,Bismack Biyombo,1610612759,SAS,24,20,4,136.0,21,0,0.0,0,0.0,0,0.0,15,0.583,0,0.0,0,0.0,0.571,2025-26,Regular Season,Efficiency
1642396,Blake Hinson,1610612762,UTA,11,3,8,214.0,117,11,0.8,84,0.538,7,0.3,6,0.429,0,0.0,2,0.25,0.708,2025-26,Regular Season,Efficiency
1631104,Blake Wesley,1610612757,POR,28,18,10,353.0,145,55,0.523,32,0.306,8,0.19,10,0.556,0,0.0,2,0.333,0.5,2025-26,Regular Season,Efficiency
1626171,Bobby Portis,1610612749,MIL,67,26,41,1619.0,915,62,0.439,454,0.469,177,0.459,169,0.624,104,0.529,46,0.667,0.578,2025-26,Regular Season,Efficiency
1641752,Bobi Klintman,1610612765,DET,12,8,4,71.0,22,2,0.333,12,0.308,2,0.5,2,0.25,0,0.0,0,0.0,0.407,2025-26,Regular Season,Efficiency
203992,Bogdan Bogdanović,1610612746,LAC,21,6,15,429.0,154,45,0.484,36,0.261,74,0.439,4,0.5,0,0.0,0,0.0,0.475,2025-26,Regular Season,Efficiency
1630538,Bones Hyland,1610612750,MIN,68,41,27,1105.0,558,108,0.516,187,0.406,171,0.408,8,0.571,2,1.0,6,1.0,0.57,2025-26,Regular Season,Efficiency
203078,Bradley Beal,1610612746,LAC,6,2,4,121.0,49,4,0.1,21,0.438,8,0.222,8,0.5,0,0.0,0,0.0,0.448,2025-26,Regular Season,Efficiency
1642382,Branden Carlson,1610612760,OKC,38,30,8,393.0,174,4,0.25,60,0.317,3,0.25,92,0.772,0,0.0,16,0.636,0.598,2025-26,Regular Season,Efficiency
1641764,Brandin Podziemski,1610612744,GSW,77,36,41,2189.0,1038,278,0.491,286,0.392,269,0.357,76,0.66,4,1.0,31,0.65,0.539,2025-26,Regular Season,Efficiency
1629634,Brandon Clarke,1610612763,MEM,2,1,1,20.0,8,0,0.0,0,0.0,0,0.0,4,0.5,0,0.0,2,0.5,0.333,2025-26,Regular Season,Efficiency
1627742,Brandon Ingram,1610612761,TOR,72,40,32,2437.0,1538,451,0.513,368,0.412,561,0.458,109,0.672,58,0.436,40,0.4,0.524,2025-26,Regular Season,Efficiency
1641706,Brandon Miller,1610612766,CHA,61,39,22,1842.0,1243,319,0.444,428,0.399,340,0.393,96,0.763,7,0.25,46,0.526,0.537,2025-26,Regular Season,Efficiency
1630314,Brandon Williams,1610612742,DAL,65,22,43,1438.0,846,444,0.516,83,0.237,129,0.42,24,0.692,0,0.0,12,0.5,0.5,2025-26,Regular Season,Efficiency
1641729,Brice Sensabaugh,1610612762,UTA,72,18,54,1679.0,1049,276,0.553,340,0.367,249,0.402,37,0.419,0,0.0,30,0.619,0.553,2025-26,Regular Season,Efficiency
1642355,Bronny James,1610612747,LAL,37,21,16,292.0,89,16,0.35,26,0.429,37,0.313,6,0.75,0,0.0,0,0.0,0.477,2025-26,Regular Season,Efficiency
201572,Brook Lopez,1610612746,LAC,70,38,32,1502.0,572,57,0.423,304,0.361,67,0.397,107,0.62,69,0.588,31,0.5,0.527,2025-26,Regular Season,Efficiency
1642964,Brooks Barnhizer,1610612760,OKC,37,28,9,283.0,47,9,0.333,17,0.333,4,0.182,8,0.667,0,0.0,0,0.0,0.422,2025-26,Regular Season,Efficiency
1628971,Bruce Brown,1610612743,DEN,77,49,28,1883.0,601,117,0.421,157,0.387,41,0.311,139,0.533,0,0.0,43,0.5,0.528,2025-26,Regular Season,Efficiency
1631121,Bryce McGowens,1610612740,NOP,42,14,28,880.0,340,111,0.447,99,0.407,39,0.425,23,0.8,0,0.0,5,0.667,0.561,2025-26,Regular Season,Efficiency
1642267,Bub Carrington,1610612764,WAS,76,17,59,2100.0,778,127,0.406,209,0.387,428,0.447,18,0.571,4,0.4,6,0.75,0.529,2025-26,Regular Season,Efficiency
1631205,Buddy Boeheim,1610612760,OKC,4,2,2,15.0,6,0,0.0,6,0.5,0,0.0,0,0.0,0,0.0,0,0.0,0.5,2025-26,Regular Season,Efficiency
1627741,Buddy Hield,1610612737,ATL,50,25,25,798.0,359,51,0.629,162,0.365,51,0.247,40,0.667,0,0.0,26,0.857,0.532,2025-26,Regular Season,Efficiency
1643047,CJ Huntley,1610612756,PHX,2,2,0,7.0,2,0,0.0,0,0.0,0,0.0,2,1.0,0,0.0,0,0.0,0.5,2025-26,Regular Season,Efficiency
203468,CJ McCollum,1610612737,ATL,73,36,37,2173.0,1366,445,0.511,280,0.381,548,0.43,32,0.813,2,0.5,31,0.733,0.537,2025-26,Regular Season,Efficiency
1630595,Cade Cunningham,1610612765,DET,61,44,17,2096.0,1497,603,0.498,146,0.347,463,0.415,70,0.556,43,0.541,41,0.654,0.515,2025-26,Regular Season,Efficiency
1631216,Caleb Houstan,1610612737,ATL,18,12,6,75.0,42,0,0.0,35,0.6,0,0.0,2,0.5,0,0.0,2,0.5,0.75,2025-26,Regular Season,Efficiency
1631126,Caleb Love,1610612757,POR,47,23,24,1009.0,509,132,0.491,210,0.35,117,0.329,12,0.833,0,0.0,10,0.833,0.484,2025-26,Regular Season,Efficiency
1628997,Caleb Martin,1610612742,DAL,58,20,38,856.0,227,63,0.404,67,0.353,17,0.258,10,0.625,0,0.0,3,0.25,0.503,2025-26,Regular Season,Efficiency
1642353,Cam Christie,1610612746,LAC,51,24,27,461.0,152,53,0.39,33,0.289,17,0.296,23,0.5,0,0.0,4,1.0,0.432,2025-26,Regular Season,Efficiency
1642285,Cam Spencer,1610612763,MEM,71,23,48,1694.0,789,161,0.492,222,0.467,360,0.46,27,0.667,0,0.0,10,0.625,0.603,2025-26,Regular Season,Efficiency
1630560,Cam Thomas,1610612749,MIL,42,12,30,881.0,567,244,0.47,65,0.349,225,0.373,14,0.6,10,0.6,7,0.5,0.466,2025-26,Regular Season,Efficiency
1641715,Cam Whitmore,1610612764,WAS,21,3,18,354.0,193,27,0.375,18,0.375,38,0.259,48,0.611,4,1.0,10,0.5,0.503,2025-26,Regular Season,Efficiency
1629661,Cameron Johnson,1610612743,DEN,51,34,17,1541.0,608,74,0.377,262,0.417,81,0.386,46,0.815,0,0.0,22,0.667,0.586,2025-26,Regular Season,Efficiency
1626166,Cameron Payne,1610612755,PHI,21,12,9,366.0,161,50,0.429,42,0.333,72,0.386,2,0.5,0,0.0,0,0.0,0.486,2025-26,Regular Season,Efficiency
1627747,Caris LeVert,1610612765,DET,56,40,16,1085.0,417,109,0.425,110,0.346,109,0.355,29,0.647,0,0.0,12,0.625,0.495,2025-26,Regular Season,Efficiency
1642868,Carter Bryant,1610612759,SAS,66,53,13,720.0,251,22,0.32,120,0.32,14,0.261,46,0.75,0,0.0,6,0.429,0.475,2025-26,Regular Season,Efficiency
1641717,Cason Wallace,1610612760,OKC,74,58,16,1980.0,636,140,0.39,245,0.35,68,0.342,56,0.675,2,1.0,18,0.8,0.517,2025-26,Regular Season,Efficiency
1642907,Cedric Coward,1610612763,MEM,60,20,40,1559.0,804,207,0.473,205,0.335,126,0.364,129,0.732,13,0.8,25,0.615,0.534,2025-26,Regular Season,Efficiency
1643052,Chaney Johnson,1610612751,BKN,14,2,12,282.0,109,25,0.714,15,0.238,16,0.7,32,0.75,0,0.0,12,0.5,0.604,2025-26,Regular Season,Efficiency
1629646,Charles Bassey,1610612738,BOS,8,3,5,52.0,23,0,0.0,0,0.0,0,0.0,21,0.692,0,0.0,1,0.0,0.625,2025-26,Regular Season,Efficiency
1642404,Chaz Lanier,1610612765,DET,29,24,5,230.0,73,4,0.333,58,0.351,8,0.25,0,0.0,0,0.0,2,1.0,0.442,2025-26,Regular Season,Efficiency
1631096,Chet Holmgren,1610612760,OKC,66,53,13,1922.0,1115,209,0.504,236,0.366,129,0.438,408,0.748,55,0.636,74,0.564,0.604,2025-26,Regular Season,Efficiency
1628449,Chris Boucher,1610612738,BOS,9,4,5,94.0,21,0,0.0,6,0.143,0,0.0,8,0.8,0,0.0,2,1.0,0.36,2025-26,Regular Season,Efficiency
1641753,Chris Livingston,1610612739,CLE,3,2,1,17.0,9,4,1.0,0,0.0,0,0.0,0,0.0,0,0.0,0,0.0,0.571,2025-26,Regular Season,Efficiency
1643024,Chris Mañon,1610612747,LAL,6,2,4,25.0,2,0,0.0,0,0.0,0,0.0,0,0.0,0,0.0,0,0.0,0.0,2025-26,Regular Season,Efficiency
101108,Chris Paul,1610612746,LAC,16,4,12,228.0,47,12,0.375,9,0.273,29,0.289,0,0.0,0,0.0,0,0.0,0.411,2025-26,Regular Season,Efficiency
1642959,Chris Youngblood,1610612757,POR,33,28,5,183.0,71,2,0.0,51,0.34,5,0.286,4,1.0,0,0.0,3,1.0,0.492,2025-26,Regular Season,Efficiency
1631128,Christian Braun,1610612743,DEN,41,26,15,1294.0,483,31,0.48,106,0.316,20,0.242,143,0.682,1,0.0,52,0.594,0.57,2025-26,Regular Season,Efficiency
1631132,Christian Koloko,1610612737,ATL,26,16,10,335.0,69,0,0.0,7,0.2,2,1.0,51,0.523,0,0.0,3,0.167,0.442,2025-26,Regular Season,Efficiency
1642935,Chucky Hepburn,1610612761,TOR,2,0,2,13.0,0,0,0.0,0,0.0,0,0.0,0,0.0,0,0.0,0,0.0,0.0,2025-26,Regular Season,Efficiency
203991,Clint Capela,1610612745,HOU,70,43,27,868.0,252,11,0.385,0,0.0,0,0.0,209,0.538,4,0.667,38,0.56,0.512,2025-26,Regular Season,Efficiency
1629632,Coby White,1610612766,CHA,47,27,20,1198.0,821,294,0.523,213,0.407,174,0.333,13,0.833,0,0.0,7,0.5,0.534,2025-26,Regular Season,Efficiency
1628998,Cody Martin,1610612754,IND,4,0,4,55.0,7,2,0.0,0,0.0,0,0.0,0,0.0,0,0.0,0,0.0,0.2,2025-26,Regular Season,Efficiency
1642262,Cody Williams,1610612762,UTA,63,15,48,1487.0,533,133,0.456,80,0.245,64,0.41,107,0.714,0,0.0,43,0.594,0.509,2025-26,Regular Season,Efficiency
1641732,Colby Jones,1610612765,DET,1,0,1,7.0,2,2,1.0,0,0.0,0,0.0,0,0.0,0,0.0,0,0.0,0.333,2025-26,Regular Season,Efficiency
1630175,Cole Anthony,1610612749,MIL,35,12,23,527.0,234,122,0.487,42,0.318,90,0.41,6,0.5,0,0.0,0,0.0,0.472,2025-26,Regular Season,Efficiency
1630658,Colin Castleton,1610612753,ORL,1,0,1,10.0,2,0,0.0,0,0.0,0,0.0,2,0.5,0,0.0,0,0.0,0.333,2025-26,Regular Season,Efficiency
1631221,Collin Gillespie,1610612756,PHX,76,41,35,2191.0,985,168,0.451,395,0.473,417,0.382,19,0.643,0,0.0,11,0.8,0.562,2025-26,Regular Season,Efficiency
1642867,Collin Murray-Boyles,1610612761,TOR,53,28,25,1164.0,447,37,0.542,56,0.317,5,0.286,225,0.61,12,0.75,59,0.658,0.598,2025-26,Regular Season,Efficiency
1629012,Collin Sexton,1610612741,CHI,63,23,40,1463.0,959,359,0.517,219,0.433,171,0.376,40,0.607,0,0.0,20,0.438,0.57,2025-26,Regular Season,Efficiency
1642843,Cooper Flagg,1610612742,DAL,65,20,45,2197.0,1349,577,0.488,96,0.306,338,0.361,134,0.735,17,0.5,70,0.718,0.502,2025-26,Regular Season,Efficiency
1630557,Corey Kispert,1610612737,ATL,55,26,29,1035.0,503,118,0.605,213,0.366,37,0.326,55,0.75,0,0.0,16,0.5,0.57,2025-26,Regular Season,Efficiency
1642504,Cormac Ryan,1610612749,MIL,6,0,6,111.0,56,12,0.714,27,0.429,3,0.25,8,0.667,0,0.0,2,0.0,0.611,2025-26,Regular Season,Efficiency
1641854,Craig Porter Jr.,1610612739,CLE,60,40,20,1054.0,260,94,0.453,42,0.341,82,0.388,30,0.6,0,0.0,18,0.615,0.502,2025-26,Regular Season,Efficiency
1642938,Curtis Jones,1610612743,DEN,7,5,2,33.0,9,2,0.5,5,0.286,0,0.0,2,1.0,0,0.0,2,1.0,0.321,2025-26,Regular Season,Efficiency
1626156,D'Angelo Russell,1610612764,WAS,26,9,17,495.0,264,100,0.52,56,0.322,103,0.373,6,0.5,2,1.0,0,0.0,0.476,2025-26,Regular Season,Efficiency
1629610,DaQuan Jeffries,1610612758,SAC,3,0,3,60.0,31,8,0.6,9,0.5,3,0.333,2,1.0,0,0.0,0,0.0,0.684,2025-26,Regular Season,Efficiency
1641747,DaRon Holmes II,1610612743,DEN,22,14,8,200.0,88,6,0.75,58,0.465,3,1.0,7,0.333,0,0.0,0,0.0,0.681,2025-26,Regular Season,Efficiency
1631342,Daeqwon Plowden,1610612758,SAC,28,8,20,723.0,290,28,0.391,147,0.333,17,0.438,48,0.75,0,0.0,22,0.778,0.538,2025-26,Regular Season,Efficiency
1630625,Dalano Banton,1610612738,BOS,5,3,2,25.0,10,8,0.375,0,0.0,2,1.0,2,1.0,0,0.0,0,0.0,0.444,2025-26,Regular Season,Efficiency
1631207,Dalen Terry,1610612755,PHI,47,21,26,547.0,174,42,0.432,60,0.357,16,0.375,10,0.385,0,0.0,7,1.0,0.513,2025-26,Regular Season,Efficiency
1642261,Dalton Knecht,1610612747,LAL,50,31,19,515.0,201,48,0.553,81,0.321,44,0.455,24,0.625,0,0.0,8,0.8,0.534,2025-26,Regular Season,Efficiency
1629655,Daniel Gafford,1610612742,DAL,54,11,43,1175.0,517,42,0.457,4,0.5,4,0.4,366,0.72,26,0.6,77,0.653,0.657,2025-26,Regular Season,Efficiency
1642450,Daniss Jenkins,1610612765,DET,67,50,17,1333.0,620,201,0.391,152,0.473,153,0.349,37,0.727,0,0.0,14,0.556,0.482,2025-26,Regular Season,Efficiency
1642874,Danny Wolf,1610612751,BKN,57,14,43,1187.0,508,145,0.452,174,0.326,40,0.278,72,0.625,6,0.333,20,0.462,0.482,2025-26,Regular Season,Efficiency
203967,Dario Saric,1610612758,SAC,5,1,4,41.0,5,0,0.0,3,0.333,0,0.0,0,0.0,0,0.0,0,0.0,0.25,2025-26,Regular Season,Efficiency
1641727,Dariq Whitehead,1610612763,MEM,1,0,1,22.0,8,2,1.0,0,0.0,3,0.25,0,0.0,0,0.0,0,0.0,0.35,2025-26,Regular Season,Efficiency
1642468,Darius Brown,1610612739,CLE,1,1,0,3.0,0,0,0.0,0,0.0,0,0.0,0,0.0,0,0.0,0,0.0,0.0,2025-26,Regular Season,Efficiency
1629636,Darius Garland,1610612746,LAC,41,23,18,1224.0,775,265,0.491,155,0.423,294,0.414,12,0.6,0,0.0,6,0.75,0.559,2025-26,Regular Season,Efficiency
1642357,David Jones Garcia,1610612759,SAS,11,7,4,68.0,32,19,0.533,3,0.333,6,0.667,2,0.5,0,0.0,0,0.0,0.58,2025-26,Regular Season,Efficiency
1631223,David Roddy,1610612743,DEN,3,2,1,14.0,4,4,1.0,0,0.0,0,0.0,0,0.0,0,0.0,0,0.0,0.2,2025-26,Regular Season,Efficiency
1630558,Davion Mitchell,1610612748,MIA,66,35,31,1888.0,606,271,0.564,194,0.392,113,0.438,4,0.5,0,0.0,4,0.667,0.567,2025-26,Regular Season,Efficiency
1630549,Day'Ron Sharpe,1610612751,BKN,62,17,45,1160.0,540,42,0.5,24,0.229,3,0.143,401,0.671,35,0.55,70,0.66,0.614,2025-26,Regular Season,Efficiency
1628368,De'Aaron Fox,1610612759,SAS,67,52,15,2069.0,1242,490,0.558,219,0.398,380,0.404,53,0.758,2,0.5,27,0.722,0.553,2025-26,Regular Season,Efficiency
1629631,De'Andre Hunter,1610612758,SAC,45,24,21,1175.0,615,146,0.478,193,0.333,134,0.397,51,0.688,0,0.0,35,0.737,0.49,2025-26,Regular Season,Efficiency
1629001,De'Anthony Melton,1610612744,GSW,44,21,23,1012.0,552,218,0.497,160,0.335,55,0.229,44,0.526,6,1.0,10,0.5,0.468,2025-26,Regular Season,Efficiency
201599,DeAndre Jordan,1610612740,NOP,12,6,6,199.0,53,0,0.0,0,0.0,0,0.0,45,0.679,1,0.0,8,1.0,0.656,2025-26,Regular Season,Efficiency
1630610,DeJon Jarreau,1610612763,MEM,11,2,9,231.0,88,33,0.542,16,0.214,10,0.294,8,0.571,0,0.0,6,0.75,0.422,2025-26,Regular Season,Efficiency
201942,DeMar DeRozan,1610612758,SAC,76,20,56,2395.0,1410,431,0.555,202,0.416,512,0.453,49,0.769,128,0.495,59,0.489,0.518,2025-26,Regular Season,Efficiency
1629731,Dean Wade,1610612739,CLE,57,35,22,1279.0,331,22,0.444,199,0.358,13,0.333,51,0.618,0,0.0,27,0.714,0.557,2025-26,Regular Season,Efficiency
1629028,Deandre Ayton,1610612747,LAL,67,43,24,1830.0,828,34,0.593,74,0.481,10,0.278,647,0.723,55,0.625,152,0.535,0.674,2025-26,Regular Season,Efficiency
1627749,Dejounte Murray,1610612740,NOP,14,5,9,389.0,234,100,0.581,33,0.333,84,0.475,4,0.5,0,0.0,2,1.0,0.536,2025-26,Regular Season,Efficiency
1630166,Deni Avdija,1610612757,POR,62,33,29,2054.0,1483,616,0.505,257,0.367,182,0.327,75,0.617,10,0.571,41,0.56,0.517,2025-26,Regular Season,Efficiency
203471,Dennis Schröder,1610612739,CLE,66,26,40,1617.0,716,304,0.433,178,0.355,159,0.362,7,0.667,0,0.0,4,0.667,0.463,2025-26,Regular Season,Efficiency
1641726,Dereck Lively II,1610612742,DAL,7,3,4,115.0,30,0,0.0,0,0.0,0,0.0,28,0.733,0,0.0,2,0.25,0.611,2025-26,Regular Season,Efficiency
1642852,Derik Queen,1610612740,NOP,77,25,52,1888.0,874,326,0.473,82,0.307,86,0.333,218,0.669,38,0.361,74,0.604,0.488,2025-26,Regular Season,Efficiency
1627884,Derrick Jones Jr.,1610612746,LAC,45,23,22,1226.0,466,58,0.4,146,0.363,14,0.25,120,0.684,0,0.0,34,0.722,0.576,2025-26,Regular Season,Efficiency
1628401,Derrick White,1610612738,BOS,73,49,24,2500.0,1228,353,0.453,312,0.327,480,0.364,42,0.633,0,0.0,12,0.833,0.487,2025-26,Regular Season,Efficiency
1630217,Desmond Bane,1610612753,ORL,77,41,36,2625.0,1567,571,0.528,281,0.428,353,0.384,105,0.657,0,0.0,30,0.583,0.554,2025-26,Regular Season,Efficiency
1626164,Devin Booker,1610612756,PHX,61,35,26,2035.0,1570,592,0.518,154,0.384,611,0.413,58,0.5,19,0.368,32,0.6,0.507,2025-26,Regular Season,Efficiency
1642269,Devin Carter,1610612758,SAC,34,7,27,574.0,275,95,0.423,42,0.219,36,0.255,42,0.72,0,0.0,6,0.75,0.448,2025-26,Regular Season,Efficiency
1630170,Devin Vassell,1610612759,SAS,62,49,13,1883.0,867,102,0.447,454,0.418,215,0.439,12,0.5,0,0.0,11,0.5,0.549,2025-26,Regular Season,Efficiency
1628415,Dillon Brooks,1610612756,PHX,52,30,22,1581.0,1066,356,0.497,238,0.362,449,0.431,40,0.556,54,0.59,15,0.7,0.505,2025-26,Regular Season,Efficiency
1641794,Dillon Jones,1610612752,NYK,6,5,1,27.0,7,4,0.0,3,0.5,0,0.0,0,0.0,0,0.0,0,0.0,0.25,2025-26,Regular Season,Efficiency
1627734,Domantas Sabonis,1610612758,SAC,19,3,16,564.0,301,22,0.556,35,0.349,2,0.5,177,0.632,15,0.313,99,0.689,0.554,2025-26,Regular Season,Efficiency
1631230,Dominick Barlow,1610612755,PHI,66,38,28,1581.0,520,91,0.457,73,0.28,4,0.111,210,0.711,2,1.0,28,0.571,0.573,2025-26,Regular Season,Efficiency
1642270,Donovan Clingan,1610612757,POR,73,39,34,1983.0,874,8,0.333,222,0.346,8,0.188,550,0.65,19,0.778,58,0.5,0.578,2025-26,Regular Season,Efficiency
1628378,Donovan Mitchell,1610612739,CLE,68,43,25,2275.0,1883,666,0.579,299,0.41,620,0.398,59,0.659,0,0.0,28,0.867,0.56,2025-26,Regular Season,Efficiency
1628978,Donte DiVincenzo,1610612750,MIN,77,46,31,2379.0,950,98,0.394,557,0.388,163,0.371,25,0.611,0,0.0,8,1.0,0.554,2025-26,Regular Season,Efficiency
1627827,Dorian Finney-Smith,1610612745,HOU,36,22,14,599.0,114,9,0.667,75,0.275,3,0.2,22,0.556,0,0.0,0,0.0,0.435,2025-26,Regular Season,Efficiency
203926,Doug McDermott,1610612758,SAC,25,7,18,360.0,135,4,0.667,117,0.411,8,0.273,4,1.0,0,0.0,2,0.5,0.588,2025-26,Regular Season,Efficiency
1642962,Drake Powell,1610612751,BKN,59,14,45,1204.0,374,109,0.472,125,0.3,76,0.425,22,0.643,0,0.0,10,0.714,0.494,2025-26,Regular Season,Efficiency
203110,Draymond Green,1610612744,GSW,64,30,34,1762.0,553,81,0.593,307,0.33,8,0.267,91,0.567,0,0.0,22,0.391,0.52,2025-26,Regular Season,Efficiency
1629234,Drew Eubanks,1610612758,SAC,42,10,32,552.0,219,13,0.455,19,0.375,16,0.667,141,0.653,4,0.667,47,0.488,0.599,2025-26,Regular Season,Efficiency
1641809,Drew Peterson,1610612766,CHA,6,1,5,64.0,5,3,0.333,0,0.0,0,0.0,0,0.0,0,0.0,0,0.0,0.125,2025-26,Regular Season,Efficiency
1631166,Drew Timme,1610612747,LAL,23,15,8,186.0,72,10,0.625,25,0.45,7,0.429,22,0.833,6,0.375,4,0.667,0.667,2025-26,Regular Season,Efficiency
1630696,Dru Smith,1610612748,MIA,69,37,32,1129.0,389,148,0.486,101,0.312,35,0.395,40,0.5,0,0.0,19,0.643,0.475,2025-26,Regular Season,Efficiency
1629130,Duncan Robinson,1610612765,DET,73,54,19,2018.0,880,95,0.474,502,0.419,143,0.386,33,0.842,0,0.0,11,0.714,0.605,2025-26,Regular Season,Efficiency
1641871,Duop Reath,1610612757,POR,32,16,16,258.0,94,9,0.429,69,0.418,0,0.0,14,0.6,3,0.5,6,0.6,0.601,2025-26,Regular Season,Efficiency
203939,Dwight Powell,1610612742,DAL,58,17,41,813.0,191,13,0.8,5,0.4,0,0.0,97,0.654,0,0.0,46,0.636,0.672,2025-26,Regular Season,Efficiency
1642928,Dylan Cardwell,1610612758,SAC,40,12,28,809.0,202,0,0.0,4,0.286,2,0.333,178,0.65,1,0.0,24,0.423,0.571,2025-26,Regular Season,Efficiency
1642844,Dylan Harper,1610612759,SAS,64,50,14,1433.0,749,317,0.556,153,0.385,95,0.385,50,0.622,0,0.0,19,0.471,0.549,2025-26,Regular Season,Efficiency
1630700,Dyson Daniels,1610612737,ATL,73,43,30,2419.0,865,270,0.47,71,0.232,49,0.48,262,0.665,0,0.0,92,0.682,0.533,2025-26,Regular Season,Efficiency
1630604,E.J. Liddell,1610612751,BKN,21,3,18,203.0,55,12,0.5,23,0.242,0,0.0,15,0.778,0,0.0,3,1.0,0.447,2025-26,Regular Season,Efficiency
1642856,Egor Dëmin,1610612751,BKN,52,14,38,1308.0,536,60,0.391,253,0.409,141,0.329,17,0.583,2,1.0,13,0.75,0.537,2025-26,Regular Season,Efficiency
1641989,Elijah Harkless,1610612762,UTA,26,5,21,545.0,178,51,0.39,54,0.25,19,0.258,12,0.571,0,0.0,2,0.5,0.401,2025-26,Regular Season,Efficiency
1641801,Emanuel Miller,1610612759,SAS,5,0,5,33.0,15,3,0.333,8,0.429,0,0.0,4,0.667,0,0.0,2,1.0,0.538,2025-26,Regular Season,Efficiency
1642402,Enrique Freeman,1610612750,MIN,2,1,1,8.0,0,0,0.0,0,0.0,0,0.0,0,0.0,0,0.0,0,0.0,0.0,2025-26,Regular Season,Efficiency
201569,Eric Gordon,1610612755,PHI,6,3,3,74.0,33,9,0.571,24,0.615,0,0.0,0,0.0,0,0.0,0,0.0,0.762,2025-26,Regular Season,Efficiency
1630679,Ethan Thompson,1610612754,IND,27,7,20,488.0,153,25,0.522,74,0.342,24,0.29,12,0.545,0,0.0,5,0.667,0.493,2025-26,Regular Season,Efficiency
1630596,Evan Mobley,1610612739,CLE,62,38,24,1991.0,1124,300,0.543,161,0.311,78,0.358,437,0.753,44,0.514,113,0.558,0.582,2025-26,Regular Season,Efficiency
1630532,Franz Wagner,1610612753,ORL,30,17,13,928.0,626,231,0.48,81,0.373,111,0.398,66,0.527,13,0.571,28,0.367,0.528,2025-26,Regular Season,Efficiency
1641713,GG Jackson,1610612763,MEM,54,16,38,1160.0,675,247,0.543,134,0.344,81,0.352,82,0.685,1,0.0,18,0.9,0.561,2025-26,Regular Season,Efficiency
1629216,Gabe Vincent,1610612737,ATL,50,35,15,840.0,218,23,0.385,122,0.35,55,0.286,4,0.667,0,0.0,4,1.0,0.476,2025-26,Regular Season,Efficiency
202066,Garrett Temple,1610612761,TOR,21,9,12,69.0,14,0,0.0,6,0.222,2,0.333,1,0.0,2,1.0,0,0.0,0.286,2025-26,Regular Season,Efficiency
1629726,Garrison Mathews,1610612754,IND,15,4,11,196.0,78,11,0.333,51,0.415,2,0.167,0,0.0,0,0.0,4,1.0,0.567,2025-26,Regular Season,Efficiency
203914,Gary Harris,1610612749,MIL,46,15,31,632.0,121,20,0.5,78,0.456,7,0.2,8,1.0,0,0.0,0,0.0,0.595,2025-26,Regular Season,Efficiency
1627780,Gary Payton II,1610612744,GSW,68,32,36,1051.0,499,43,0.543,99,0.289,14,0.417,238,0.728,0,0.0,54,0.862,0.622,2025-26,Regular Season,Efficiency
1629018,Gary Trent Jr.,1610612749,MIL,64,24,40,1358.0,522,52,0.377,291,0.393,142,0.369,6,0.5,0,0.0,2,0.5,0.524,2025-26,Regular Season,Efficiency
203507,Giannis Antetokounmpo,1610612749,MIL,36,17,19,1039.0,993,293,0.665,32,0.423,65,0.265,267,0.741,95,0.592,98,0.597,0.636,2025-26,Regular Season,Efficiency
1629048,Goga Bitadze,1610612753,ORL,59,30,29,877.0,326,5,1.0,10,0.25,0,0.0,253,0.708,16,1.0,28,0.688,0.677,2025-26,Regular Season,Efficiency
1641711,Gradey Dick,1610612761,TOR,71,40,31,1042.0,441,54,0.386,149,0.305,60,0.361,43,0.643,0,0.0,28,0.706,0.491,2025-26,Regular Season,Efficiency
1641761,Grant Nelson,1610612751,BKN,4,0,4,35.0,17,3,0.333,0,0.0,0,0.0,8,0.75,0,0.0,1,0.0,0.556,2025-26,Regular Season,Efficiency
1629684,Grant Williams,1610612766,CHA,32,23,9,624.0,225,14,0.429,133,0.422,24,0.345,20,0.75,5,0.25,6,1.0,0.561,2025-26,Regular Season,Efficiency
1628960,Grayson Allen,1610612756,PHX,48,25,23,1413.0,819,222,0.466,293,0.386,200,0.324,12,0.625,0,0.0,10,0.8,0.525,2025-26,Regular Season,Efficiency
1627824,Guerschon Yabusele,1610612741,CHI,64,30,34,932.0,351,61,0.512,190,0.356,13,0.357,32,0.481,9,0.375,16,0.5,0.516,2025-26,Regular Season,Efficiency
1630611,Gui Santos,1610612744,GSW,65,29,36,1320.0,596,125,0.571,221,0.378,8,0.15,140,0.731,8,0.333,22,0.643,0.598,2025-26,Regular Season,Efficiency
203084,Harrison Barnes,1610612759,SAS,72,54,18,1873.0,719,191,0.533,357,0.39,58,0.328,48,0.8,7,0.5,16,0.462,0.573,2025-26,Regular Season,Efficiency
1631127,Harrison Ingram,1610612759,SAS,6,5,1,20.0,11,4,1.0,3,1.0,0,0.0,4,0.667,0,0.0,2,1.0,0.917,2025-26,Regular Season,Efficiency
1629312,Haywood Highsmith,1610612756,PHX,6,3,3,80.0,33,4,0.667,21,0.636,5,0.5,5,0.5,0,0.0,0,0.0,0.7,2025-26,Regular Season,Efficiency
1630529,Herbert Jones,1610612740,NOP,55,22,33,1580.0,491,127,0.434,206,0.309,61,0.325,44,0.581,0,0.0,9,0.3,0.465,2025-26,Regular Season,Efficiency
1642864,Hugo González,1610612738,BOS,72,49,23,1057.0,279,42,0.513,120,0.377,6,0.214,62,0.69,0,0.0,14,0.875,0.556,2025-26,Regular Season,Efficiency
1630621,Hunter Dickinson,1610612740,NOP,1,0,1,5.0,2,0,0.0,2,0.5,0,0.0,0,0.0,0,0.0,0,0.0,0.5,2025-26,Regular Season,Efficiency
1642282,Hunter Sallis,1610612755,PHI,7,3,4,26.0,7,5,0.5,0,0.0,0,0.0,0,0.0,0,0.0,0,0.0,0.6,2025-26,Regular Season,Efficiency
1641816,Hunter Tyson,1610612743,DEN,21,15,6,162.0,46,11,0.3,20,0.226,3,0.167,2,0.5,0,0.0,0,0.0,0.337,2025-26,Regular Season,Efficiency
1630193,Immanuel Quickley,1610612761,TOR,67,38,29,2174.0,1132,345,0.486,428,0.42,268,0.375,43,0.731,0,0.0,25,0.588,0.543,2025-26,Regular Season,Efficiency
1642403,Isaac Jones,1610612765,DET,6,4,2,26.0,7,0,0.0,0,0.0,0,0.0,4,1.0,0,0.0,0,0.0,0.5,2025-26,Regular Season,Efficiency
1630171,Isaac Okoro,1610612741,CHI,61,25,36,1642.0,563,105,0.449,192,0.339,26,0.375,94,0.618,2,0.0,20,0.5,0.538,2025-26,Regular Season,Efficiency
1642268,Isaiah Collier,1610612762,UTA,59,16,43,1517.0,688,335,0.481,47,0.246,96,0.375,20,1.0,2,1.0,14,0.875,0.521,2025-26,Regular Season,Efficiency
1642384,Isaiah Crawford,1610612745,HOU,13,7,6,76.0,17,6,1.0,6,0.222,2,0.333,0,0.0,0,0.0,0,0.0,0.389,2025-26,Regular Season,Efficiency
1628392,Isaiah Hartenstein,1610612760,OKC,44,36,8,1089.0,412,15,0.5,44,0.458,12,0.429,307,0.667,6,0.6,78,0.554,0.618,2025-26,Regular Season,Efficiency
1630543,Isaiah Jackson,1610612746,LAC,55,20,35,908.0,370,26,0.364,0,0.0,4,0.25,248,0.654,24,0.8,40,0.63,0.637,2025-26,Regular Season,Efficiency
1630198,Isaiah Joe,1610612760,OKC,68,53,15,1452.0,737,64,0.463,443,0.427,114,0.425,16,0.556,0,0.0,10,0.667,0.609,2025-26,Regular Season,Efficiency
1630587,Isaiah Livers,1610612756,PHX,36,21,15,347.0,65,4,0.4,33,0.314,5,0.2,13,0.455,0,0.0,2,1.0,0.438,2025-26,Regular Season,Efficiency
1641815,Isaiah Stevens,1610612758,SAC,3,0,3,43.0,10,2,0.333,0,0.0,0,0.0,2,1.0,0,0.0,2,1.0,0.429,2025-26,Regular Season,Efficiency
1630191,Isaiah Stewart,1610612765,DET,55,39,16,1273.0,552,30,0.433,109,0.333,3,0.167,293,0.683,40,0.533,64,0.571,0.592,2025-26,Regular Season,Efficiency
1627826,Ivica Zubac,1610612754,IND,48,17,31,1447.0,677,28,0.75,28,0.538,2,0.125,437,0.594,127,0.553,123,0.576,0.598,2025-26,Regular Season,Efficiency
1631120,JD Davison,1610612745,HOU,27,22,5,192.0,60,18,0.368,18,0.3,18,0.381,0,0.0,0,0.0,0,0.0,0.473,2025-26,Regular Season,Efficiency
1629630,Ja Morant,1610612763,MEM,20,7,13,568.0,389,194,0.442,32,0.289,100,0.326,14,0.875,4,0.333,4,1.0,0.441,2025-26,Regular Season,Efficiency
1642266,Ja'Kobe Walter,1610612761,TOR,67,38,29,1337.0,483,31,0.387,278,0.41,12,0.2,69,0.533,0,0.0,24,0.9,0.565,2025-26,Regular Season,Efficiency
1631095,Jabari Smith Jr.,1610612745,HOU,73,45,28,2561.0,1137,159,0.465,446,0.359,254,0.448,162,0.62,20,0.529,53,0.489,0.538,2025-26,Regular Season,Efficiency
1631133,Jabari Walker,1610612755,PHI,61,35,26,745.0,267,21,0.368,93,0.33,2,0.2,111,0.56,0,0.0,14,0.444,0.521,2025-26,Regular Season,Efficiency
1631210,Jacob Toppin,1610612737,ATL,5,3,2,17.0,8,2,0.5,0,0.0,2,0.5,6,1.0,0,0.0,0,0.0,0.667,2025-26,Regular Season,Efficiency
1630702,Jaden Hardy,1610612764,WAS,54,13,41,843.0,490,122,0.451,216,0.396,122,0.415,8,1.0,0,0.0,2,0.5,0.548,2025-26,Regular Season,Efficiency
1631093,Jaden Ivey,1610612741,CHI,37,23,14,670.0,316,48,0.485,122,0.383,68,0.433,35,0.636,0,0.0,9,0.8,0.543,2025-26,Regular Season,Efficiency
1630183,Jaden McDaniels,1610612750,MIN,71,43,28,2262.0,1050,287,0.492,227,0.458,253,0.441,114,0.722,4,0.5,30,0.75,0.584,2025-26,Regular Season,Efficiency
1630256,Jae'Sean Tate,1610612745,HOU,42,30,12,353.0,112,26,0.464,24,0.296,5,0.286,38,0.773,4,0.4,15,0.875,0.547,2025-26,Regular Season,Efficiency
1642942,Jahmai Mashack,1610612763,MEM,28,10,18,554.0,159,46,0.467,48,0.291,4,0.125,30,0.542,0,0.0,16,0.438,0.449,2025-26,Regular Season,Efficiency
1642443,Jahmir Young,1610612748,MIA,11,8,3,51.0,20,12,0.556,6,0.286,0,0.0,0,0.0,0,0.0,0,0.0,0.409,2025-26,Regular Season,Efficiency
1643141,Jahmyl Telfort,1610612746,LAC,8,2,6,32.0,1,0,0.0,0,0.0,0,0.0,0,0.0,0,0.0,0,0.0,0.0,2025-26,Regular Season,Efficiency
1631170,Jaime Jaquez Jr.,1610612748,MIA,70,38,32,1977.0,1048,459,0.476,147,0.333,97,0.354,133,0.708,18,0.6,39,0.68,0.527,2025-26,Regular Season,Efficiency
1631222,Jake LaRavia,1610612747,LAL,77,50,27,1920.0,638,113,0.413,189,0.313,46,0.333,165,0.707,2,0.333,43,0.731,0.535,2025-26,Regular Season,Efficiency
1627751,Jakob Poeltl,1610612761,TOR,41,23,18,1047.0,441,8,0.5,36,0.474,0,0.0,294,0.725,9,0.8,118,0.697,0.696,2025-26,Regular Season,Efficiency
1628973,Jalen Brunson,1610612752,NYK,71,47,24,2482.0,1843,752,0.519,270,0.412,780,0.44,16,0.533,25,0.417,16,0.8,0.531,2025-26,Regular Season,Efficiency
1631105,Jalen Duren,1610612765,DET,66,47,19,1864.0,1290,246,0.57,6,0.25,32,0.471,765,0.692,71,0.449,192,0.61,0.645,2025-26,Regular Season,Efficiency
1630224,Jalen Green,1610612756,PHX,29,15,14,757.0,528,184,0.454,105,0.327,196,0.403,13,0.6,0,0.0,12,1.0,0.494,2025-26,Regular Season,Efficiency
1630552,Jalen Johnson,1610612737,ATL,69,41,28,2432.0,1570,527,0.461,287,0.391,286,0.393,215,0.712,47,0.613,128,0.671,0.541,2025-26,Regular Season,Efficiency
1629618,Jalen Pickett,1610612743,DEN,47,31,16,741.0,231,46,0.489,106,0.411,56,0.328,14,0.6,0,0.0,6,0.5,0.532,2025-26,Regular Season,Efficiency
1641771,Jalen Slawson,1610612754,IND,8,2,6,172.0,46,6,0.222,24,0.333,2,0.333,8,0.667,0,0.0,4,1.0,0.442,2025-26,Regular Season,Efficiency
1630188,Jalen Smith,1610612741,CHI,53,26,27,1095.0,541,43,0.484,249,0.375,5,0.25,157,0.686,8,0.667,47,0.581,0.584,2025-26,Regular Season,Efficiency
1630591,Jalen Suggs,1610612753,ORL,52,30,22,1423.0,717,183,0.54,227,0.386,176,0.323,42,0.741,2,1.0,2,0.333,0.527,2025-26,Regular Season,Efficiency
1631114,Jalen Williams,1610612760,OKC,31,23,8,878.0,530,275,0.5,51,0.347,115,0.374,41,0.792,0,0.0,18,0.889,0.506,2025-26,Regular Season,Efficiency
1630592,Jalen Wilson,1610612751,BKN,49,8,41,716.0,284,89,0.4,138,0.351,15,0.333,15,0.545,0,0.0,2,0.5,0.491,2025-26,Regular Season,Efficiency
1631288,Jamal Cain,1610612753,ORL,35,18,17,390.0,174,32,0.48,58,0.377,28,0.5,34,0.625,0,0.0,4,0.333,0.565,2025-26,Regular Season,Efficiency
1627750,Jamal Murray,1610612743,DEN,72,45,27,2533.0,1844,587,0.535,283,0.473,740,0.438,75,0.757,39,0.531,62,0.7,0.573,2025-26,Regular Season,Efficiency
1642347,Jamal Shead,1610612761,TOR,77,43,34,1734.0,516,162,0.383,181,0.314,96,0.328,22,0.5,0,0.0,6,0.333,0.451,2025-26,Regular Season,Efficiency
1631123,Jamaree Bouyea,1610612756,PHX,42,21,21,573.0,232,98,0.512,33,0.282,61,0.338,9,0.8,0,0.0,4,1.0,0.515,2025-26,Regular Season,Efficiency
201935,James Harden,1610612739,CLE,67,38,29,2345.0,1583,576,0.497,167,0.378,575,0.392,18,0.667,24,0.5,14,0.571,0.532,2025-26,Regular Season,Efficiency
1630164,James Wiseman,1610612754,IND,4,0,4,58.0,13,0,0.0,0,0.0,0,0.0,10,0.714,0,0.0,1,0.0,0.6,2025-26,Regular Season,Efficiency
1642364,Jamir Watkins,1610612764,WAS,44,10,34,854.0,281,43,0.484,96,0.294,13,0.263,45,0.731,0,0.0,17,0.778,0.521,2025-26,Regular Season,Efficiency
1642419,Jamison Battle,1610612761,TOR,56,32,24,498.0,181,13,0.545,97,0.446,14,0.278,37,0.63,0,0.0,8,0.8,0.631,2025-26,Regular Season,Efficiency
1641716,Jarace Walker,1610612754,IND,73,15,58,1866.0,842,226,0.416,311,0.4,150,0.344,53,0.558,3,0.25,30,0.55,0.513,2025-26,Regular Season,Efficiency
1642272,Jared McCain,1610612760,OKC,62,43,19,1075.0,512,159,0.439,195,0.411,159,0.41,5,0.333,0,0.0,4,0.25,0.526,2025-26,Regular Season,Efficiency
1628991,Jaren Jackson Jr.,1610612762,UTA,48,19,29,1455.0,931,350,0.54,248,0.386,116,0.385,110,0.512,98,0.531,27,0.333,0.534,2025-26,Regular Season,Efficiency
1629020,Jarred Vanderbilt,1610612747,LAL,60,36,24,1051.0,268,23,0.4,83,0.301,0,0.0,92,0.606,0,0.0,11,0.571,0.527,2025-26,Regular Season,Efficiency
1628386,Jarrett Allen,1610612739,CLE,54,35,19,1465.0,831,84,0.6,49,0.387,8,0.308,517,0.705,48,0.679,171,0.556,0.642,2025-26,Regular Season,Efficiency
1642859,Jase Richardson,1610612753,ORL,51,23,28,571.0,228,73,0.469,68,0.426,42,0.367,18,0.9,0,0.0,4,0.667,0.541,2025-26,Regular Season,Efficiency
1642914,Javon Small,1610612763,MEM,40,13,27,804.0,378,78,0.443,58,0.465,140,0.417,23,0.55,0,0.0,9,0.429,0.58,2025-26,Regular Season,Efficiency
1631451,Javonte Cooke,1610612757,POR,19,6,13,94.0,23,2,0.0,6,0.118,3,0.143,8,0.8,0,0.0,0,0.0,0.256,2025-26,Regular Season,Efficiency
1629750,Javonte Green,1610612765,DET,77,56,21,1370.0,530,23,0.308,256,0.382,6,0.154,89,0.603,0,0.0,31,0.571,0.554,2025-26,Regular Season,Efficiency
1629637,Jaxson Hayes,1610612747,LAL,65,43,22,1179.0,474,25,0.786,13,0.833,0,0.0,369,0.737,0,0.0,75,0.737,0.76,2025-26,Regular Season,Efficiency
1630643,Jay Huff,1610612754,IND,77,18,59,1603.0,730,123,0.681,325,0.313,26,0.526,197,0.757,31,0.684,26,0.412,0.57,2025-26,Regular Season,Efficiency
1627759,Jaylen Brown,1610612738,BOS,68,44,24,2335.0,1954,908,0.539,204,0.363,648,0.421,60,0.556,46,0.514,29,0.5,0.521,2025-26,Regular Season,Efficiency
1641740,Jaylen Clark,1610612750,MIN,63,37,26,784.0,242,63,0.417,75,0.321,7,0.2,45,0.581,0,0.0,2,1.0,0.497,2025-26,Regular Season,Efficiency
1642377,Jaylen Wells,1610612763,MEM,69,24,45,1821.0,865,165,0.473,340,0.374,181,0.419,84,0.593,0,0.0,32,0.778,0.524,2025-26,Regular Season,Efficiency
1631119,Jaylin Williams,1610612760,OKC,62,51,11,1237.0,458,34,0.407,299,0.4,14,0.292,32,0.55,1,0.0,32,0.632,0.561,2025-26,Regular Season,Efficiency
1642281,Jaylon Tyson,1610612739,CLE,64,40,24,1727.0,839,120,0.49,392,0.449,40,0.486,142,0.593,0,0.0,65,0.537,0.598,2025-26,Regular Season,Efficiency
1643257,Jayson Kent,1610612757,POR,3,2,1,19.0,10,0,0.0,3,0.333,0,0.0,5,1.0,0,0.0,3,1.0,0.75,2025-26,Regular Season,Efficiency
1628369,Jayson Tatum,1610612738,BOS,13,11,2,409.0,278,91,0.507,31,0.324,123,0.354,19,0.667,4,0.4,8,0.8,0.494,2025-26,Regular Season,Efficiency
201145,Jeff Green,1610612745,HOU,29,21,8,151.0,61,4,0.667,35,0.324,7,0.273,8,0.667,4,0.5,2,0.5,0.483,2025-26,Regular Season,Efficiency
203924,Jerami Grant,1610612757,POR,57,27,30,1695.0,1060,339,0.463,370,0.38,76,0.352,66,0.75,17,0.889,16,0.5,0.547,2025-26,Regular Season,Efficiency
1642847,Jeremiah Fears,1610612740,NOP,78,25,53,1952.0,1038,376,0.447,174,0.333,235,0.364,51,0.611,0,0.0,23,0.688,0.484,2025-26,Regular Season,Efficiency
1630526,Jeremiah Robinson-Earl,1610612742,DAL,22,8,14,361.0,101,8,0.154,34,0.273,2,0.2,35,0.571,0,0.0,4,0.5,0.42,2025-26,Regular Season,Efficiency
1631110,Jeremy Sochan,1610612752,NYK,42,29,13,443.0,146,17,0.636,35,0.283,0,0.0,74,0.66,5,0.667,31,0.737,0.538,2025-26,Regular Season,Efficiency
1630579,Jericho Sims,1610612749,MIL,62,23,39,1155.0,273,14,0.778,4,0.333,0,0.0,197,0.813,0,0.0,30,0.813,0.793,2025-26,Regular Season,Efficiency
1641724,Jett Howard,1610612753,ORL,55,28,27,695.0,301,65,0.463,132,0.376,42,0.333,13,0.455,2,0.0,6,0.75,0.526,2025-26,Regular Season,Efficiency
1628975,Jevon Carter,1610612753,ORL,48,22,26,776.0,307,30,0.343,143,0.356,125,0.413,5,0.5,0,0.0,2,0.0,0.516,2025-26,Regular Season,Efficiency
202710,Jimmy Butler III,1610612744,GSW,38,23,15,1182.0,760,249,0.533,84,0.4,68,0.313,200,0.667,29,0.579,45,0.571,0.554,2025-26,Regular Season,Efficiency
1642866,Joan Beringer,1610612750,MIN,35,19,16,228.0,103,2,1.0,0,0.0,0,0.0,82,0.643,2,0.5,10,0.556,0.652,2025-26,Regular Season,Efficiency
1629111,Jock Landale,1610612737,ATL,68,36,32,1506.0,718,12,0.556,247,0.388,3,0.125,386,0.606,76,0.516,66,0.604,0.582,2025-26,Regular Season,Efficiency
204060,Joe Ingles,1610612750,MIN,25,12,13,102.0,19,6,0.667,8,0.5,5,0.5,0,0.0,0,0.0,2,1.0,0.654,2025-26,Regular Season,Efficiency
203954,Joel Embiid,1610612755,PHI,37,24,13,1162.0,987,160,0.468,238,0.433,205,0.456,153,0.592,134,0.544,109,0.619,0.529,2025-26,Regular Season,Efficiency
1628381,John Collins,1610612746,LAC,64,29,35,1758.0,868,112,0.474,275,0.447,50,0.431,251,0.747,77,0.75,64,0.771,0.629,2025-26,Regular Season,Efficiency
1629723,John Konchar,1610612762,UTA,52,17,35,988.0,212,20,0.636,71,0.276,12,0.455,62,0.765,0,0.0,15,0.778,0.544,2025-26,Regular Season,Efficiency
1642967,John Poulakidas,1610612742,DAL,8,1,7,133.0,44,4,1.0,32,0.423,10,0.286,0,0.0,0,0.0,0,0.0,0.525,2025-26,Regular Season,Efficiency
1642910,John Tonje,1610612738,BOS,5,4,1,12.0,2,2,0.0,0,0.0,0,0.0,0,0.0,0,0.0,0,0.0,0.0,2025-26,Regular Season,Efficiency
1641780,Johni Broome,1610612755,PHI,11,5,6,55.0,10,2,0.5,0,0.0,0,0.0,4,0.25,2,0.0,0,0.0,0.167,2025-26,Regular Season,Efficiency
1642277,Johnny Furphy,1610612754,IND,35,10,25,643.0,180,20,0.368,66,0.324,3,0.167,43,0.679,0,0.0,2,1.0,0.547,2025-26,Regular Season,Efficiency
1630548,Johnny Juzang,1610612750,MIN,21,13,8,88.0,43,7,0.5,12,0.235,14,0.462,6,1.0,0,0.0,4,1.0,0.5,2025-26,Regular Season,Efficiency
202685,Jonas Valančiūnas,1610612743,DEN,60,37,23,792.0,493,27,0.579,74,0.447,24,0.462,237,0.596,104,0.585,82,0.569,0.581,2025-26,Regular Season,Efficiency
1628371,Jonathan Isaac,1610612753,ORL,52,29,23,521.0,134,11,0.286,25,0.205,0,0.0,70,0.609,0,0.0,9,0.429,0.454,2025-26,Regular Season,Efficiency
1630228,Jonathan Kuminga,1610612737,ATL,33,21,12,754.0,394,120,0.446,89,0.392,48,0.344,67,0.675,13,0.5,17,0.545,0.52,2025-26,Regular Season,Efficiency
1642367,Jonathan Mogbo,1610612761,TOR,35,17,18,220.0,53,8,0.5,0,0.0,2,0.5,30,0.56,0,0.0,12,0.857,0.561,2025-26,Regular Season,Efficiency
203903,Jordan Clarkson,1610612752,NYK,68,42,26,1223.0,599,183,0.461,184,0.358,86,0.336,79,0.667,0,0.0,22,0.625,0.52,2025-26,Regular Season,Efficiency
1630692,Jordan Goodwin,1610612756,PHX,67,37,30,1509.0,577,88,0.429,263,0.371,83,0.311,86,0.468,0,0.0,6,0.25,0.502,2025-26,Regular Season,Efficiency
1641722,Jordan Hawkins,1610612740,NOP,47,12,35,587.0,193,25,0.474,95,0.376,62,0.297,7,0.375,0,0.0,2,0.2,0.44,2025-26,Regular Season,Efficiency
1629162,Jordan McLaughlin,1610612759,SAS,41,35,6,266.0,82,17,0.333,36,0.4,14,0.313,4,1.0,0,0.0,0,0.0,0.52,2025-26,Regular Season,Efficiency
1641757,Jordan Miller,1610612746,LAC,55,33,22,1194.0,536,251,0.558,87,0.333,42,0.426,93,0.725,6,0.5,25,0.688,0.564,2025-26,Regular Season,Efficiency
1629673,Jordan Poole,1610612740,NOP,37,15,22,873.0,479,100,0.366,156,0.349,129,0.307,8,0.667,0,0.0,4,1.0,0.471,2025-26,Regular Season,Efficiency
1641775,Jordan Walsh,1610612738,BOS,63,42,21,1108.0,331,47,0.5,129,0.406,0,0.0,93,0.645,0,0.0,6,0.5,0.601,2025-26,Regular Season,Efficiency
1630631,Jose Alvarado,1610612752,NYK,67,27,40,1318.0,482,117,0.481,195,0.378,121,0.317,10,0.833,0,0.0,12,0.857,0.527,2025-26,Regular Season,Efficiency
1630581,Josh Giddey,1610612741,CHI,54,21,33,1731.0,919,360,0.459,233,0.389,150,0.337,63,0.659,0,0.0,22,0.471,0.52,2025-26,Regular Season,Efficiency
1630182,Josh Green,1610612766,CHA,54,35,19,877.0,243,24,0.45,170,0.438,2,0.125,10,0.833,0,0.0,6,1.0,0.619,2025-26,Regular Season,Efficiency
1628404,Josh Hart,1610612752,NYK,63,41,22,1899.0,761,182,0.497,190,0.383,183,0.469,78,0.744,0,0.0,24,0.667,0.59,2025-26,Regular Season,Efficiency
1631169,Josh Minott,1610612751,BKN,48,22,26,815.0,349,36,0.412,174,0.423,17,0.333,72,0.757,0,0.0,5,1.0,0.629,2025-26,Regular Season,Efficiency
1629006,Josh Okogie,1610612745,HOU,73,45,28,1259.0,336,33,0.355,176,0.393,12,0.5,45,0.5,0,0.0,6,0.25,0.547,2025-26,Regular Season,Efficiency
201950,Jrue Holiday,1610612757,POR,49,26,23,1426.0,801,248,0.507,154,0.433,311,0.382,57,0.634,5,0.222,22,0.471,0.557,2025-26,Regular Season,Efficiency
1630577,Julian Champagnie,1610612759,SAS,77,59,18,2127.0,863,68,0.417,515,0.392,48,0.286,82,0.784,0,0.0,19,0.778,0.578,2025-26,Regular Season,Efficiency
1641763,Julian Phillips,1610612750,MIN,44,17,27,370.0,116,13,0.333,53,0.327,2,0.5,32,0.593,0,0.0,2,0.5,0.51,2025-26,Regular Season,Efficiency
1642882,Julian Reese,1610612764,WAS,7,1,6,217.0,80,7,0.333,0,0.0,0,0.0,56,0.676,6,0.333,19,0.5,0.582,2025-26,Regular Season,Efficiency
1631124,Julian Strawther,1610612743,DEN,52,33,19,748.0,339,103,0.5,114,0.388,61,0.386,19,0.818,0,0.0,5,0.5,0.541,2025-26,Regular Season,Efficiency
203944,Julius Randle,1610612750,MIN,77,46,31,2550.0,1622,560,0.543,231,0.328,332,0.395,222,0.634,75,0.431,93,0.614,0.525,2025-26,Regular Season,Efficiency
1630551,Justin Champagnie,1610612764,WAS,65,13,52,1278.0,556,56,0.358,123,0.32,18,0.261,219,0.721,0,0.0,25,0.556,0.572,2025-26,Regular Season,Efficiency
1642348,Justin Edwards,1610612755,PHI,59,35,24,910.0,361,93,0.576,162,0.37,62,0.409,26,0.632,0,0.0,3,0.2,0.558,2025-26,Regular Season,Efficiency
203994,Jusuf Nurkić,1610612762,UTA,41,14,27,1083.0,447,22,0.3,102,0.459,7,0.25,198,0.575,34,0.448,92,0.592,0.538,2025-26,Regular Season,Efficiency
1642354,KJ Simpson,1610612743,DEN,18,8,10,248.0,89,29,0.3,27,0.3,19,0.286,8,0.667,0,0.0,2,1.0,0.402,2025-26,Regular Season,Efficiency
1642955,Kadary Richmond,1610612764,WAS,3,2,1,67.0,25,8,0.429,6,0.5,0,0.0,6,1.0,0,0.0,2,1.0,0.688,2025-26,Regular Season,Efficiency
1642880,Kam Jones,1610612754,IND,32,5,27,511.0,139,58,0.474,42,0.288,23,0.471,10,1.0,2,1.0,4,1.0,0.496,2025-26,Regular Season,Efficiency
1626157,Karl-Anthony Towns,1610612752,NYK,72,46,26,2230.0,1445,424,0.527,303,0.363,68,0.333,345,0.568,115,0.5,103,0.621,0.551,2025-26,Regular Season,Efficiency
1631255,Karlo Matković,1610612740,NOP,62,24,38,912.0,352,8,0.3,115,0.424,3,0.333,169,0.813,2,0.25,15,0.667,0.685,2025-26,Regular Season,Efficiency
1642857,Kasparas Jakučionis,1610612748,MIA,48,25,23,846.0,290,45,0.324,168,0.471,9,0.107,20,0.5,0,0.0,0,0.0,0.56,2025-26,Regular Season,Efficiency
202695,Kawhi Leonard,1610612746,LAC,61,35,26,1957.0,1709,477,0.525,240,0.402,678,0.459,130,0.707,73,0.569,85,0.62,0.572,2025-26,Regular Season,Efficiency
1630811,Keaton Wallace,1610612737,ATL,51,30,21,496.0,178,50,0.468,81,0.429,66,0.394,0,0.0,0,0.0,2,1.0,0.538,2025-26,Regular Season,Efficiency
1631099,Keegan Murray,1610612758,SAC,23,5,18,793.0,321,82,0.5,102,0.343,77,0.352,29,0.6,4,0.4,14,0.375,0.472,2025-26,Regular Season,Efficiency
1642276,Kel'el Ware,1610612748,MIA,72,36,36,1589.0,787,33,0.481,240,0.391,13,0.192,447,0.655,14,0.25,19,0.529,0.593,2025-26,Regular Season,Efficiency
1629640,Keldon Johnson,1610612759,SAS,77,59,18,1794.0,1003,349,0.573,260,0.375,37,0.483,172,0.685,18,0.9,33,0.737,0.593,2025-26,Regular Season,Efficiency
203482,Kelly Olynyk,1610612759,SAS,42,33,9,360.0,133,30,0.556,40,0.298,2,0.143,39,0.9,7,1.0,6,0.5,0.552,2025-26,Regular Season,Efficiency
1626162,Kelly Oubre Jr.,1610612755,PHI,45,25,20,1439.0,655,211,0.497,225,0.385,49,0.333,87,0.621,2,0.333,10,1.0,0.549,2025-26,Regular Season,Efficiency
1631113,Kennedy Chandler,1610612762,UTA,8,0,8,251.0,103,40,0.326,18,0.286,20,0.36,4,1.0,0,0.0,2,1.0,0.432,2025-26,Regular Season,Efficiency
1629026,Kenrich Williams,1610612760,OKC,51,38,13,767.0,325,62,0.418,122,0.418,53,0.436,62,0.707,2,0.5,15,0.857,0.581,2025-26,Regular Season,Efficiency
203484,Kentavious Caldwell-Pope,1610612763,MEM,51,20,31,1088.0,428,93,0.437,128,0.349,127,0.379,18,0.6,0,0.0,4,0.4,0.485,2025-26,Regular Season,Efficiency
1631165,Keon Ellis,1610612739,CLE,68,28,40,1377.0,441,43,0.432,197,0.357,83,0.386,33,0.667,0,0.0,21,0.563,0.553,2025-26,Regular Season,Efficiency
1642352,Keshad Johnson,1610612748,MIA,27,13,14,210.0,101,18,0.467,38,0.361,2,0.25,24,0.474,0,0.0,3,0.333,0.512,2025-26,Regular Season,Efficiency
1642933,Keshon Gilbert,1610612737,ATL,3,0,3,48.0,6,0,0.0,0,0.0,0,0.0,4,1.0,0,0.0,0,0.0,0.25,2025-26,Regular Season,Efficiency
201142,Kevin Durant,1610612745,HOU,74,45,29,2690.0,1909,543,0.565,444,0.453,751,0.499,86,0.822,85,0.59,119,0.679,0.585,2025-26,Regular Season,Efficiency
1628989,Kevin Huerter,1610612765,DET,65,37,28,1456.0,651,136,0.524,230,0.307,71,0.322,105,0.667,0,0.0,34,0.739,0.536,2025-26,Regular Season,Efficiency
201567,Kevin Love,1610612762,UTA,37,10,27,613.0,248,9,0.429,152,0.397,19,0.333,39,0.389,1,0.0,3,0.25,0.53,2025-26,Regular Season,Efficiency
1641755,Kevin McCullar Jr.,1610612752,NYK,20,11,9,130.0,36,8,0.5,15,0.385,3,0.125,8,0.571,0,0.0,0,0.0,0.472,2025-26,Regular Season,Efficiency
1629645,Kevin Porter Jr.,1610612749,MIL,38,18,20,1261.0,661,314,0.515,81,0.391,197,0.412,30,0.619,4,1.0,8,0.375,0.51,2025-26,Regular Season,Efficiency
1626172,Kevon Looney,1610612740,NOP,19,2,17,254.0,52,0,0.0,3,0.1,2,0.167,42,0.613,0,0.0,4,0.286,0.435,2025-26,Regular Season,Efficiency
1641718,Keyonte George,1610612762,UTA,54,16,38,1786.0,1275,425,0.453,258,0.445,314,0.356,39,0.696,0,0.0,33,0.818,0.532,2025-26,Regular Season,Efficiency
1642863,Khaman Maluach,1610612756,PHX,42,20,22,343.0,113,3,0.0,11,0.25,0,0.0,81,0.614,0,0.0,16,0.7,0.555,2025-26,Regular Season,Efficiency
203114,Khris Middleton,1610612742,DAL,58,16,42,1353.0,604,134,0.473,152,0.401,211,0.386,39,0.5,56,0.481,11,0.5,0.48,2025-26,Regular Season,Efficiency
1630165,Killian Hayes,1610612758,SAC,19,9,10,315.0,92,31,0.308,24,0.25,35,0.288,4,0.667,0,0.0,2,0.5,0.347,2025-26,Regular Season,Efficiency
202691,Klay Thompson,1610612742,DAL,66,19,47,1442.0,776,46,0.418,458,0.388,216,0.373,28,0.583,0,0.0,7,0.375,0.535,2025-26,Regular Season,Efficiency
1641738,Kobe Brown,1610612754,IND,57,17,40,845.0,313,70,0.587,117,0.355,17,0.316,66,0.609,2,0.125,8,0.6,0.565,2025-26,Regular Season,Efficiency
1641723,Kobe Bufkin,1610612747,LAL,13,9,4,94.0,35,18,0.545,6,0.125,7,0.214,2,1.0,0,0.0,2,1.0,0.329,2025-26,Regular Season,Efficiency
1642920,Kobe Sanders,1610612746,LAC,63,33,30,1249.0,435,101,0.494,211,0.413,69,0.41,38,0.667,0,0.0,12,0.5,0.56,2025-26,Regular Season,Efficiency
1642886,Koby Brea,1610612756,PHX,9,4,5,40.0,22,0,0.0,15,0.5,3,0.2,0,0.0,0,0.0,0,0.0,0.588,2025-26,Regular Season,Efficiency
1642851,Kon Knueppel,1610612766,CHA,77,42,35,2424.0,1450,347,0.556,631,0.438,295,0.455,67,0.667,6,1.0,40,0.6,0.612,2025-26,Regular Season,Efficiency
1627739,Kris Dunn,1610612746,LAC,77,39,38,2101.0,569,147,0.496,225,0.381,30,0.361,62,0.644,2,0.5,27,0.5,0.561,2025-26,Regular Season,Efficiency
1631200,Kris Murray,1610612757,POR,53,26,27,1249.0,309,80,0.614,93,0.274,0,0.0,79,0.582,0,0.0,11,0.8,0.515,2025-26,Regular Season,Efficiency
204001,Kristaps Porziņģis,1610612744,GSW,29,13,16,696.0,501,29,0.304,157,0.344,84,0.488,134,0.667,88,0.586,65,0.548,0.528,2025-26,Regular Season,Efficiency
203937,Kyle Anderson,1610612750,MIN,39,13,26,763.0,233,105,0.483,9,0.364,31,0.519,53,0.649,6,1.0,22,0.667,0.537,2025-26,Regular Season,Efficiency
1642271,Kyle Filipowski,1610612762,UTA,75,21,54,1745.0,850,185,0.508,213,0.333,24,0.323,219,0.641,28,0.571,81,0.574,0.556,2025-26,Regular Season,Efficiency
1628398,Kyle Kuzma,1610612749,MIL,67,29,38,1763.0,884,250,0.552,228,0.354,60,0.324,148,0.602,13,0.545,57,0.522,0.55,2025-26,Regular Season,Efficiency
200768,Kyle Lowry,1610612755,PHI,13,8,5,113.0,17,0,0.0,9,0.176,3,0.333,0,0.0,0,0.0,0,0.0,0.3,2025-26,Regular Season,Efficiency
1642273,Kyshawn George,1610612764,WAS,48,10,38,1391.0,710,210,0.469,195,0.425,210,0.367,41,0.72,15,0.385,10,0.714,0.524,2025-26,Regular Season,Efficiency
1643018,LJ Cryer,1610612744,GSW,17,6,11,277.0,140,13,0.455,66,0.407,47,0.378,2,1.0,0,0.0,0,0.0,0.554,2025-26,Regular Season,Efficiency
1630163,LaMelo Ball,1610612766,CHA,68,39,29,1888.0,1328,391,0.438,348,0.37,512,0.364,48,0.667,2,1.0,6,0.5,0.51,2025-26,Regular Season,Efficiency
1642950,Lachlan Olbrich,1610612741,CHI,32,7,25,227.0,63,7,0.429,5,0.167,3,0.5,35,0.727,2,0.5,10,0.556,0.52,2025-26,Regular Season,Efficiency
1629013,Landry Shamet,1610612752,NYK,48,32,16,1102.0,463,57,0.469,240,0.42,86,0.352,34,0.75,0,0.0,13,0.714,0.584,2025-26,Regular Season,Efficiency
1626204,Larry Nance Jr.,1610612739,CLE,31,22,9,369.0,101,2,0.333,57,0.317,2,1.0,27,0.406,0,0.0,4,0.333,0.475,2025-26,Regular Season,Efficiency
1628374,Lauri Markkanen,1610612762,UTA,42,17,25,1443.0,1123,212,0.483,340,0.372,83,0.304,259,0.679,31,0.526,89,0.642,0.548,2025-26,Regular Season,Efficiency
1643133,Lawson Lovering,1610612763,MEM,2,1,1,49.0,14,0,0.0,0,0.0,0,0.0,13,0.667,0,0.0,2,0.5,0.6,2025-26,Regular Season,Efficiency
2544,LeBron James,1610612747,LAL,56,36,20,1870.0,1154,257,0.515,133,0.324,234,0.371,190,0.698,60,0.426,102,0.623,0.553,2025-26,Regular Season,Efficiency
1641778,Leaky Black,1610612764,WAS,9,1,8,281.0,73,10,0.4,30,0.385,20,0.5,13,0.545,0,0.0,6,0.6,0.541,2025-26,Regular Season,Efficiency
1631159,Leonard Miller,1610612741,CHI,41,16,25,548.0,273,39,0.485,66,0.306,12,0.385,78,0.818,2,1.0,15,0.6,0.602,2025-26,Regular Season,Efficiency
1642862,Liam McNeeley,1610612766,CHA,30,11,19,363.0,132,35,0.423,66,0.386,8,0.5,4,0.5,0,0.0,2,0.5,0.532,2025-26,Regular Season,Efficiency
1630322,Lindy Waters III,1610612759,SAS,39,30,9,280.0,92,5,0.5,63,0.35,21,0.4,2,1.0,0,0.0,0,0.0,0.523,2025-26,Regular Season,Efficiency
1628366,Lonzo Ball,1610612739,CLE,35,19,16,728.0,160,10,0.4,83,0.259,43,0.326,13,0.714,0,0.0,2,0.333,0.415,2025-26,Regular Season,Efficiency
1631351,Lucas Williamson,1610612763,MEM,2,0,2,28.0,7,2,0.0,3,0.333,0,0.0,0,0.0,0,0.0,2,1.0,0.417,2025-26,Regular Season,Efficiency
1629652,Luguentz Dort,1610612760,OKC,64,50,14,1744.0,538,70,0.389,334,0.345,78,0.393,33,0.813,0,0.0,15,0.75,0.5,2025-26,Regular Season,Efficiency
1629029,Luka Dončić,1610612747,LAL,64,43,21,2289.0,2143,677,0.603,219,0.376,977,0.433,49,0.667,113,0.554,45,0.76,0.563,2025-26,Regular Season,Efficiency
1630568,Luka Garza,1610612738,BOS,67,45,22,1064.0,516,9,0.429,173,0.455,3,0.333,259,0.641,7,0.5,54,0.815,0.663,2025-26,Regular Season,Efficiency
1628379,Luke Kennard,1610612747,LAL,73,42,31,1545.0,591,92,0.544,303,0.502,140,0.569,30,0.7,0,0.0,20,0.818,0.685,2025-26,Regular Season,Efficiency
1628436,Luke Kornet,1610612759,SAS,64,49,15,1350.0,422,4,1.0,8,0.444,0,0.0,348,0.635,6,0.5,41,0.737,0.642,2025-26,Regular Season,Efficiency
1631247,Luke Travers,1610612739,CLE,12,6,6,103.0,28,9,0.308,3,0.063,0,0.0,6,0.5,0,0.0,4,0.0,0.264,2025-26,Regular Season,Efficiency
1630644,Mac McClung,1610612741,CHI,6,0,6,63.0,31,12,0.5,3,0.091,3,0.25,7,1.0,0,0.0,4,0.5,0.406,2025-26,Regular Season,Efficiency
1641869,Malachi Smith,1610612751,BKN,10,1,9,182.0,73,24,0.55,27,0.6,11,0.364,2,0.333,0,0.0,0,0.0,0.636,2025-26,Regular Season,Efficiency
1631103,Malaki Branham,1610612764,WAS,28,7,21,275.0,128,47,0.412,36,0.48,10,0.267,14,0.8,0,0.0,4,1.0,0.549,2025-26,Regular Season,Efficiency
1642502,Malevy Leons,1610612744,GSW,21,6,15,203.0,54,12,0.385,9,0.273,0,0.0,20,0.556,0,0.0,0,0.0,0.452,2025-26,Regular Season,Efficiency
1628370,Malik Monk,1610612758,SAC,59,17,42,1329.0,750,185,0.36,222,0.454,232,0.356,26,0.684,0,0.0,13,0.6,0.531,2025-26,Regular Season,Efficiency
1630699,MarJon Beauchamp,1610612755,PHI,12,6,6,190.0,92,17,0.7,33,0.324,19,0.389,5,0.5,0,0.0,4,0.667,0.541,2025-26,Regular Season,Efficiency
1631204,Marcus Sasser,1610612765,DET,33,24,9,413.0,184,21,0.308,85,0.483,52,0.284,4,1.0,0,0.0,4,0.667,0.535,2025-26,Regular Season,Efficiency
203935,Marcus Smart,1610612747,LAL,60,39,21,1725.0,568,134,0.5,259,0.341,81,0.438,28,0.632,9,0.375,4,0.4,0.502,2025-26,Regular Season,Efficiency
1641813,Mark Sears,1610612749,MIL,7,1,6,26.0,22,6,0.4,9,0.75,5,0.333,0,0.0,0,0.0,0,0.0,0.615,2025-26,Regular Season,Efficiency
1631109,Mark Williams,1610612756,PHX,57,33,24,1342.0,660,17,0.389,21,0.4,8,0.667,482,0.669,16,0.412,143,0.707,0.638,2025-26,Regular Season,Efficiency
1628365,Markelle Fultz,1610612761,TOR,5,3,2,36.0,4,2,0.167,0,0.0,2,0.167,0,0.0,0,0.0,2,0.333,0.182,2025-26,Regular Season,Efficiency
1628963,Marvin Bagley III,1610612742,DAL,56,15,41,1119.0,575,88,0.541,60,0.457,11,0.5,318,0.707,10,0.385,75,0.583,0.642,2025-26,Regular Season,Efficiency
203486,Mason Plumlee,1610612759,SAS,19,10,9,156.0,29,0,0.0,0,0.0,0,0.0,22,0.8,2,1.0,2,0.5,0.769,2025-26,Regular Season,Efficiency
1641824,Matas Buzelis,1610612741,CHI,76,28,48,2222.0,1238,318,0.519,429,0.369,108,0.315,162,0.733,0,0.0,65,0.706,0.557,2025-26,Regular Season,Efficiency
1629680,Matisse Thybulle,1610612757,POR,26,15,11,397.0,149,25,0.35,83,0.394,12,0.4,2,0.2,0,0.0,5,1.0,0.571,2025-26,Regular Season,Efficiency
1631108,Max Christie,1610612742,DAL,72,22,50,2114.0,879,177,0.447,375,0.44,193,0.354,28,0.571,0,0.0,12,0.667,0.567,2025-26,Regular Season,Efficiency
1642917,Max Shulga,1610612738,BOS,9,6,3,13.0,4,2,0.5,0,0.0,0,0.0,2,0.0,0,0.0,0,0.0,0.25,2025-26,Regular Season,Efficiency
1629622,Max Strus,1610612739,CLE,8,6,2,195.0,110,10,0.667,78,0.52,9,0.333,4,1.0,0,0.0,2,0.0,0.739,2025-26,Regular Season,Efficiency
1628467,Maxi Kleber,1610612747,LAL,38,17,21,403.0,78,22,0.818,20,0.259,4,0.4,26,0.45,0,0.0,15,0.714,0.508,2025-26,Regular Season,Efficiency
1642875,Maxime Raynaud,1610612758,SAC,70,20,50,1828.0,850,65,0.521,137,0.421,14,0.333,518,0.641,39,0.405,150,0.496,0.585,2025-26,Regular Season,Efficiency
1642877,Micah Peavy,1610612740,NOP,57,16,41,772.0,216,46,0.333,65,0.244,20,0.29,55,0.553,0,0.0,2,0.2,0.424,2025-26,Regular Season,Efficiency
1630695,Micah Potter,1610612754,IND,42,10,32,774.0,380,12,0.429,184,0.425,2,0.5,138,0.734,29,0.588,38,0.632,0.638,2025-26,Regular Season,Efficiency
1629008,Michael Porter Jr.,1610612751,BKN,52,14,38,1689.0,1259,193,0.503,410,0.379,248,0.35,221,0.718,12,0.714,65,0.686,0.555,2025-26,Regular Season,Efficiency
1628969,Mikal Bridges,1610612752,NYK,78,50,28,2596.0,1143,205,0.497,465,0.388,249,0.456,168,0.708,10,0.286,82,0.692,0.568,2025-26,Regular Season,Efficiency
201144,Mike Conley,1610612750,MIN,51,31,20,925.0,217,26,0.286,108,0.356,52,0.267,0,0.0,0,0.0,0,0.0,0.435,2025-26,Regular Season,Efficiency
1628970,Miles Bridges,1610612766,CHA,73,40,33,2274.0,1259,417,0.477,351,0.365,117,0.265,175,0.763,49,0.564,37,0.667,0.526,2025-26,Regular Season,Efficiency
1642939,Miles Kelly,1610612742,DAL,14,7,7,134.0,43,0,0.0,32,0.314,4,1.0,7,0.75,0,0.0,0,0.0,0.477,2025-26,Regular Season,Efficiency
1630540,Miles McBride,1610612752,NYK,38,23,15,1017.0,460,45,0.333,213,0.397,162,0.427,15,0.636,0,0.0,10,0.667,0.562,2025-26,Regular Season,Efficiency
1629011,Mitchell Robinson,1610612752,NYK,58,38,20,1136.0,325,4,0.667,0,0.0,0,0.0,295,0.73,0,0.0,12,0.556,0.724,2025-26,Regular Season,Efficiency
1628964,Mo Bamba,1610612762,UTA,4,3,1,44.0,10,0,0.0,2,1.0,0,0.0,8,0.444,0,0.0,4,1.0,0.455,2025-26,Regular Season,Efficiency
1642885,Mohamed Diawara,1610612752,NYK,67,41,26,590.0,238,43,0.447,143,0.446,21,0.296,12,0.5,4,1.0,2,0.5,0.554,2025-26,Regular Season,Efficiency
1628420,Monte Morris,1610612754,IND,6,0,6,65.0,18,3,0.25,3,0.167,5,0.5,4,1.0,0,0.0,2,0.5,0.4,2025-26,Regular Season,Efficiency
1629021,Moritz Wagner,1610612753,ORL,34,19,15,416.0,241,39,0.394,60,0.303,7,0.5,61,0.478,26,0.444,30,0.579,0.484,2025-26,Regular Season,Efficiency
1630541,Moses Moody,1610612744,GSW,60,30,30,1540.0,728,105,0.465,429,0.419,60,0.298,62,0.643,0,0.0,20,0.8,0.575,2025-26,Regular Season,Efficiency
1631243,Mouhamed Gueye,1610612737,ATL,74,43,31,1143.0,334,13,0.353,117,0.299,9,0.267,141,0.6,2,0.333,23,0.471,0.521,2025-26,Regular Season,Efficiency
1630619,Moussa Cisse,1610612742,DAL,35,10,25,448.0,135,4,0.5,0,0.0,0,0.0,108,0.57,2,0.5,7,0.75,0.589,2025-26,Regular Season,Efficiency
1631217,Moussa Diabaté,1610612766,CHA,69,38,31,1791.0,553,42,0.469,17,0.8,0,0.0,373,0.642,5,0.5,81,0.471,0.632,2025-26,Regular Season,Efficiency
1626167,Myles Turner,1610612749,MIL,69,28,41,1863.0,814,73,0.463,440,0.412,57,0.303,178,0.615,40,0.417,57,0.6,0.554,2025-26,Regular Season,Efficiency
1642066,Myron Gardner,1610612748,MIA,41,22,19,395.0,159,32,0.591,69,0.383,11,0.364,23,0.556,1,0.0,5,0.667,0.588,2025-26,Regular Season,Efficiency
1642368,N'Faly Dante,1610612737,ATL,4,3,1,15.0,3,0,0.0,0,0.0,0,0.0,0,0.0,0,0.0,0,0.0,0.25,2025-26,Regular Season,Efficiency
1641772,Nae'Qwan Tomlin,1610612739,CLE,60,39,21,913.0,331,30,0.5,60,0.2,3,0.2,148,0.653,2,1.0,18,0.5,0.507,2025-26,Regular Season,Efficiency
1630230,Naji Marshall,1610612742,DAL,72,24,48,2132.0,1109,471,0.537,176,0.308,148,0.441,117,0.681,4,0.5,55,0.639,0.551,2025-26,Regular Season,Efficiency
1631466,Nate Williams,1610612744,GSW,12,2,10,192.0,86,10,0.267,27,0.429,0,0.0,22,0.625,0,0.0,6,0.5,0.551,2025-26,Regular Season,Efficiency
1629675,Naz Reid,1610612750,MIN,74,45,29,1935.0,1008,208,0.5,404,0.39,148,0.351,106,0.681,65,0.644,32,0.583,0.55,2025-26,Regular Season,Efficiency
1629674,Neemias Queta,1610612738,BOS,72,49,23,1830.0,729,43,0.476,14,0.333,0,0.0,587,0.694,2,0.25,122,0.646,0.643,2025-26,Regular Season,Efficiency
1629651,Nic Claxton,1610612751,BKN,69,17,52,1920.0,810,259,0.495,21,0.225,14,0.28,436,0.678,11,0.364,134,0.6,0.574,2025-26,Regular Season,Efficiency
1630208,Nick Richards,1610612741,CHI,48,20,28,701.0,276,14,0.667,27,0.393,2,0.143,180,0.532,5,0.333,50,0.516,0.525,2025-26,Regular Season,Efficiency
1641733,Nick Smith Jr.,1610612747,LAL,25,12,13,318.0,146,46,0.468,47,0.4,68,0.397,4,0.4,0,0.0,4,0.667,0.523,2025-26,Regular Season,Efficiency
1629638,Nickeil Alexander-Walker,1610612737,ATL,75,42,33,2493.0,1545,372,0.497,565,0.424,290,0.375,82,0.723,0,0.0,27,0.667,0.557,2025-26,Regular Season,Efficiency
201587,Nicolas Batum,1610612746,LAC,71,38,33,1262.0,281,0,0.0,255,0.404,15,0.333,2,0.333,0,0.0,2,0.333,0.589,2025-26,Regular Season,Efficiency
1628502,Nigel Hayes-Davis,1610612756,PHX,27,15,12,195.0,34,11,0.417,8,0.188,10,0.357,10,0.556,3,1.0,4,0.25,0.348,2025-26,Regular Season,Efficiency
203999,Nikola Jokić,1610612743,DEN,61,39,22,2128.0,1687,218,0.618,363,0.458,156,0.456,487,0.667,287,0.622,326,0.655,0.624,2025-26,Regular Season,Efficiency
1631107,Nikola Jović,1610612748,MIA,46,23,23,795.0,339,60,0.407,119,0.255,17,0.261,30,0.545,7,0.375,18,0.889,0.438,2025-26,Regular Season,Efficiency
1642260,Nikola Topić,1610612760,OKC,6,4,2,65.0,18,4,0.286,3,0.25,5,0.5,2,0.5,0,0.0,0,0.0,0.5,2025-26,Regular Season,Efficiency
202696,Nikola Vučević,1610612738,BOS,60,32,28,1740.0,935,94,0.56,377,0.416,54,0.482,314,0.59,89,0.432,128,0.544,0.558,2025-26,Regular Season,Efficiency
1642363,Nique Clifford,1610612758,SAC,71,20,51,1732.0,571,159,0.411,164,0.337,140,0.349,57,0.711,0,0.0,23,0.611,0.479,2025-26,Regular Season,Efficiency
1642855,Noa Essengue,1610612741,CHI,2,1,1,6.0,0,0,0.0,0,0.0,0,0.0,0,0.0,0,0.0,0,0.0,0.0,2025-26,Regular Season,Efficiency
1641730,Noah Clowney,1610612751,BKN,66,17,49,1780.0,809,242,0.49,370,0.337,43,0.286,46,0.581,2,1.0,8,0.167,0.498,2025-26,Regular Season,Efficiency
1642869,Noah Penda,1610612753,ORL,56,27,29,741.0,227,54,0.357,72,0.329,26,0.345,33,0.536,2,0.5,2,1.0,0.487,2025-26,Regular Season,Efficiency
1642849,Nolan Traore,1610612751,BKN,53,12,41,1190.0,457,210,0.412,126,0.311,64,0.295,12,0.5,0,0.0,7,0.4,0.438,2025-26,Regular Season,Efficiency
1641807,Norchad Omier,1610612746,LAC,3,3,0,14.0,8,0,0.0,0,0.0,0,0.0,6,1.0,4,1.0,2,1.0,0.8,2025-26,Regular Season,Efficiency
1626181,Norman Powell,1610612748,MIA,55,28,27,1654.0,1215,417,0.572,295,0.417,282,0.397,26,0.8,4,0.667,19,0.412,0.56,2025-26,Regular Season,Efficiency
1628384,OG Anunoby,1610612752,NYK,64,42,22,2135.0,1081,256,0.509,401,0.415,91,0.274,155,0.736,14,0.545,54,0.667,0.582,2025-26,Regular Season,Efficiency
1630167,Obi Toppin,1610612754,IND,19,3,16,322.0,190,26,0.643,83,0.403,8,0.19,53,0.862,8,0.8,10,0.667,0.588,2025-26,Regular Season,Efficiency
1630534,Ochai Agbaji,1610612751,BKN,61,27,34,955.0,302,48,0.45,81,0.243,29,0.462,73,0.688,0,0.0,14,0.556,0.494,2025-26,Regular Season,Efficiency
1630846,Olivier Sarr,1610612739,CLE,1,1,0,4.0,1,0,0.0,0,0.0,0,0.0,0,0.0,0,0.0,0,0.0,0.0,2025-26,Regular Season,Efficiency
1641765,Olivier-Maxence Prosper,1610612763,MEM,51,16,35,950.0,493,85,0.567,150,0.385,17,0.286,103,0.737,4,0.5,48,0.667,0.623,2025-26,Regular Season,Efficiency
1630209,Omer Yurtseven,1610612744,GSW,9,3,6,104.0,34,0,0.0,4,0.286,0,0.0,22,0.5,6,1.0,3,1.0,0.423,2025-26,Regular Season,Efficiency
1630168,Onyeka Okongwu,1610612737,ATL,71,40,31,2201.0,1091,185,0.497,425,0.384,30,0.341,324,0.63,35,0.389,104,0.582,0.567,2025-26,Regular Season,Efficiency
1631115,Orlando Robinson,1610612753,ORL,4,2,2,25.0,7,0,0.0,3,0.5,0,0.0,4,0.667,0,0.0,0,0.0,0.7,2025-26,Regular Season,Efficiency
1631131,Oscar Tshiebwe,1610612762,UTA,23,2,21,347.0,150,5,0.667,8,0.571,0,0.0,110,0.681,2,1.0,27,0.522,0.631,2025-26,Regular Season,Efficiency
1642345,Oso Ighodaro,1610612756,PHX,77,42,35,1715.0,503,82,0.5,24,0.4,14,0.5,262,0.688,5,0.5,101,0.584,0.651,2025-26,Regular Season,Efficiency
1631172,Ousmane Dieng,1610612749,MIL,52,31,21,932.0,364,99,0.495,119,0.421,131,0.357,17,0.533,0,0.0,6,0.333,0.512,2025-26,Regular Season,Efficiency
1629023,P.J. Washington,1610612742,DAL,55,15,40,1706.0,778,203,0.47,208,0.34,43,0.297,172,0.605,25,0.435,79,0.625,0.504,2025-26,Regular Season,Efficiency
1641790,PJ Hall,1610612766,CHA,19,7,12,213.0,86,2,0.5,9,0.429,0,0.0,57,0.489,0,0.0,11,0.667,0.534,2025-26,Regular Season,Efficiency
1642359,Pacôme Dadiet,1610612752,NYK,27,17,10,105.0,34,0,0.0,15,0.227,3,0.143,2,0.5,0,0.0,6,1.0,0.4,2025-26,Regular Season,Efficiency
1631094,Paolo Banchero,1610612753,ORL,67,34,33,2332.0,1488,603,0.46,178,0.441,247,0.3,185,0.725,79,0.531,77,0.6,0.494,2025-26,Regular Season,Efficiency
1627783,Pascal Siakam,1610612754,IND,62,17,45,2057.0,1485,519,0.529,259,0.34,330,0.421,186,0.685,122,0.505,78,0.469,0.529,2025-26,Regular Season,Efficiency
1626192,Pat Connaughton,1610612766,CHA,39,24,15,287.0,110,24,0.526,60,0.4,5,0.667,5,0.667,0,0.0,6,0.75,0.584,2025-26,Regular Season,Efficiency
1630311,Pat Spencer,1610612744,GSW,61,29,32,1105.0,434,153,0.476,99,0.393,138,0.362,53,0.61,2,0.25,25,0.643,0.5,2025-26,Regular Season,Efficiency
1631116,Patrick Baldwin Jr.,1610612758,SAC,9,3,6,102.0,33,6,0.4,15,0.385,5,1.0,5,0.286,0,0.0,1,0.0,0.519,2025-26,Regular Season,Efficiency
1630172,Patrick Williams,1610612741,CHI,67,22,45,1316.0,444,109,0.413,210,0.347,82,0.41,27,0.414,2,0.25,5,0.2,0.469,2025-26,Regular Season,Efficiency
202331,Paul George,1610612755,PHI,32,20,12,990.0,566,106,0.455,214,0.426,173,0.402,15,0.417,19,0.471,17,0.6,0.539,2025-26,Regular Season,Efficiency
1630194,Paul Reed,1610612765,DET,60,43,17,823.0,445,68,0.625,54,0.368,12,0.4,196,0.622,2,0.25,85,0.527,0.617,2025-26,Regular Season,Efficiency
1630202,Payton Pritchard,1610612738,BOS,75,51,24,2431.0,1272,480,0.555,378,0.404,493,0.432,34,0.727,0,0.0,16,0.583,0.557,2025-26,Regular Season,Efficiency
1642362,Payton Sandfort,1610612760,OKC,2,2,0,7.0,4,0,0.0,3,0.25,0,0.0,1,0.0,0,0.0,0,0.0,0.3,2025-26,Regular Season,Efficiency
1641796,Pelle Larsson,1610612748,MIA,66,36,30,1740.0,743,258,0.552,165,0.337,27,0.316,106,0.662,2,0.333,25,0.533,0.554,2025-26,Regular Season,Efficiency
1631250,Pete Nance,1610612749,MIL,44,13,31,669.0,241,6,0.429,141,0.452,6,0.182,62,0.721,4,0.667,4,0.333,0.671,2025-26,Regular Season,Efficiency
1631212,Peyton Watson,1610612743,DEN,54,36,18,1598.0,789,164,0.434,231,0.457,102,0.353,119,0.527,0,0.0,69,0.625,0.56,2025-26,Regular Season,Efficiency
1630173,Precious Achiuwa,1610612758,SAC,69,19,50,1631.0,683,144,0.504,85,0.319,26,0.317,289,0.627,8,0.444,71,0.582,0.563,2025-26,Regular Season,Efficiency
1629656,Quentin Grimes,1610612755,PHI,70,40,30,2095.0,957,264,0.556,273,0.381,138,0.277,48,0.75,2,1.0,20,0.714,0.54,2025-26,Regular Season,Efficiency
1631245,Quenton Jackson,1610612754,IND,44,9,35,761.0,375,114,0.474,86,0.403,40,0.288,24,0.733,0,0.0,11,1.0,0.556,2025-26,Regular Season,Efficiency
1642366,Quinten Post,1610612744,GSW,67,32,35,1159.0,513,31,0.412,279,0.351,28,0.375,118,0.757,22,0.643,18,0.5,0.546,2025-26,Regular Season,Efficiency
1629628,RJ Barrett,1610612761,TOR,53,31,22,1595.0,1019,304,0.493,260,0.344,58,0.351,166,0.773,20,0.467,57,0.595,0.556,2025-26,Regular Season,Efficiency
1642853,Rasheer Fleming,1610612756,PHX,51,27,24,597.0,216,13,0.375,120,0.348,0,0.0,35,0.394,0,0.0,16,0.778,0.51,2025-26,Regular Season,Efficiency
1642484,RayJ Dennis,1610612737,ATL,16,3,13,180.0,64,18,0.28,24,0.258,14,0.238,0,0.0,0,0.0,2,0.5,0.384,2025-26,Regular Season,Efficiency
1641712,Rayan Rupert,1610612763,MEM,61,29,32,952.0,262,48,0.368,96,0.323,39,0.41,33,0.533,0,0.0,2,0.2,0.467,2025-26,Regular Season,Efficiency
1642263,Reed Sheppard,1610612745,HOU,77,48,29,2037.0,1050,204,0.481,455,0.413,324,0.388,6,0.5,0,0.0,13,0.5,0.551,2025-26,Regular Season,Efficiency
1642434,Riley Minix,1610612739,CLE,6,5,1,24.0,19,2,0.5,9,0.6,2,0.5,6,1.0,0,0.0,0,0.0,0.792,2025-26,Regular Season,Efficiency
1642265,Rob Dillingham,1610612741,CHI,60,27,33,838.0,330,139,0.438,76,0.377,81,0.321,6,0.429,0,0.0,4,0.5,0.427,2025-26,Regular Season,Efficiency
1629057,Robert Williams III,1610612757,POR,55,28,27,932.0,368,4,0.5,29,0.355,2,1.0,290,0.753,1,0.0,30,0.75,0.731,2025-26,Regular Season,Efficiency
1642911,Rocco Zikarsky,1610612750,MIN,4,0,4,16.0,6,0,0.0,0,0.0,0,0.0,4,0.667,0,0.0,0,0.0,0.6,2025-26,Regular Season,Efficiency
1631199,Ron Harper Jr.,1610612738,BOS,26,19,7,268.0,89,10,0.556,60,0.351,10,0.444,8,0.667,0,0.0,2,1.0,0.53,2025-26,Regular Season,Efficiency
1641842,Ronald Holland II,1610612765,DET,73,52,21,1448.0,590,165,0.489,117,0.231,9,0.108,98,0.647,0,0.0,19,0.5,0.471,2025-26,Regular Season,Efficiency
1626220,Royce O'Neale,1610612756,PHX,74,41,33,2129.0,734,45,0.365,477,0.412,145,0.398,18,0.6,0,0.0,6,0.75,0.588,2025-26,Regular Season,Efficiency
203497,Rudy Gobert,1610612750,MIN,74,45,29,2317.0,812,24,0.423,8,0.267,0,0.0,653,0.755,10,0.8,106,0.632,0.686,2025-26,Regular Season,Efficiency
1629060,Rui Hachimura,1610612747,LAL,63,44,19,1773.0,697,89,0.513,317,0.436,175,0.548,116,0.671,21,0.429,54,0.733,0.602,2025-26,Regular Season,Efficiency
201566,Russell Westbrook,1610612758,SAC,64,16,48,1853.0,971,298,0.506,306,0.343,206,0.366,61,0.591,24,0.615,17,0.875,0.503,2025-26,Regular Season,Efficiency
1642346,Ryan Dunn,1610612756,PHX,66,38,28,1277.0,386,42,0.34,159,0.349,5,0.118,102,0.61,0,0.0,28,0.667,0.53,2025-26,Regular Season,Efficiency
1641750,Ryan Kalkbrenner,1610612766,CHA,65,37,28,1404.0,502,0,0.0,6,0.429,0,0.0,440,0.762,9,0.667,54,0.821,0.746,2025-26,Regular Season,Efficiency
1642948,Ryan Nembhard,1610612742,DAL,56,19,37,1045.0,348,106,0.395,90,0.392,162,0.365,2,1.0,0,0.0,0,0.0,0.475,2025-26,Regular Season,Efficiency
1631157,Ryan Rollins,1610612749,MIL,72,28,44,2310.0,1234,415,0.511,297,0.419,434,0.428,27,0.6,0,0.0,10,0.833,0.56,2025-26,Regular Season,Efficiency
1630180,Saddiq Bey,1610612740,NOP,71,24,47,2207.0,1239,344,0.524,350,0.378,166,0.33,154,0.659,103,0.382,32,0.542,0.53,2025-26,Regular Season,Efficiency
1630573,Sam Hauser,1610612738,BOS,74,51,23,1832.0,676,31,0.538,467,0.392,139,0.422,45,0.655,0,0.0,14,0.714,0.582,2025-26,Regular Season,Efficiency
1630241,Sam Merrill,1610612739,CLE,50,35,15,1322.0,636,54,0.525,358,0.438,124,0.354,47,0.778,0,0.0,19,0.615,0.624,2025-26,Regular Season,Efficiency
1630572,Sandro Mamukelashvili,1610612761,TOR,75,41,34,1643.0,841,112,0.56,310,0.377,20,0.333,212,0.645,16,0.5,78,0.659,0.612,2025-26,Regular Season,Efficiency
1630583,Santi Aldama,1610612763,MEM,43,19,24,1198.0,602,137,0.527,204,0.366,56,0.353,128,0.6,18,0.5,32,0.6,0.553,2025-26,Regular Season,Efficiency
1630703,Scoot Henderson,1610612757,POR,26,16,10,616.0,365,124,0.436,80,0.342,101,0.4,10,0.714,0,0.0,4,0.4,0.498,2025-26,Regular Season,Efficiency
1630567,Scottie Barnes,1610612761,TOR,75,42,33,2528.0,1367,397,0.521,226,0.366,234,0.424,308,0.645,80,0.419,137,0.615,0.534,2025-26,Regular Season,Efficiency
1630590,Scotty Pippen Jr.,1610612763,MEM,10,2,8,212.0,114,36,0.433,24,0.444,26,0.343,7,0.429,0,0.0,4,0.5,0.5,2025-26,Regular Season,Efficiency
1642951,Sean Pedulla,1610612746,LAC,5,3,2,26.0,13,4,0.667,6,0.333,3,0.25,0,0.0,0,0.0,0,0.0,0.5,2025-26,Regular Season,Efficiency
203552,Seth Curry,1610612744,GSW,6,0,6,69.0,39,6,0.75,18,0.462,10,0.625,2,1.0,0,0.0,0,0.0,0.692,2025-26,Regular Season,Efficiency
1631101,Shaedon Sharpe,1610612757,POR,48,22,26,1439.0,1025,356,0.474,90,0.352,349,0.346,112,0.739,0,0.0,52,0.583,0.515,2025-26,Regular Season,Efficiency
1628983,Shai Gilgeous-Alexander,1610612760,OKC,65,53,12,2177.0,2052,927,0.589,84,0.451,817,0.495,59,0.651,54,0.5,52,0.639,0.594,2025-26,Regular Season,Efficiency
1630536,Sharife Cooper,1610612764,WAS,35,6,29,582.0,254,112,0.505,33,0.344,65,0.4,16,0.889,0,0.0,0,0.0,0.53,2025-26,Regular Season,Efficiency
1631321,Sidy Cissoko,1610612757,POR,71,37,34,1414.0,379,61,0.462,156,0.289,25,0.321,38,0.8,0,0.0,19,0.8,0.488,2025-26,Regular Season,Efficiency
1631323,Simone Fontecchio,1610612748,MIA,68,34,34,1127.0,565,40,0.347,293,0.358,58,0.385,56,0.676,0,0.0,25,0.611,0.526,2025-26,Regular Season,Efficiency
1642883,Sion James,1610612766,CHA,78,42,36,1764.0,424,101,0.373,218,0.372,24,0.242,28,0.478,0,0.0,20,0.667,0.494,2025-26,Regular Season,Efficiency
1627746,Skal Labissiere,1610612764,WAS,3,2,1,38.0,13,0,0.0,5,0.333,2,1.0,8,1.0,0,0.0,6,1.0,0.65,2025-26,Regular Season,Efficiency
1642461,Spencer Jones,1610612743,DEN,64,41,23,1417.0,352,12,0.857,171,0.397,8,0.375,113,0.696,0,0.0,17,0.471,0.613,2025-26,Regular Season,Efficiency
1630649,Stanley Umude,1610612759,SAS,2,2,0,7.0,2,2,1.0,0,0.0,2,1.0,0,0.0,0,0.0,0,0.0,0.5,2025-26,Regular Season,Efficiency
201939,Stephen Curry,1610612744,GSW,39,23,16,1222.0,1061,197,0.521,257,0.371,366,0.443,77,0.789,0,0.0,31,0.6,0.585,2025-26,Regular Season,Efficiency
1642264,Stephon Castle,1610612759,SAS,65,50,15,1937.0,1084,444,0.486,218,0.381,114,0.325,148,0.738,4,0.333,54,0.676,0.523,2025-26,Regular Season,Efficiency
203500,Steven Adams,1610612745,HOU,32,21,11,730.0,187,6,0.6,6,0.5,0,0.0,142,0.483,6,1.0,28,0.478,0.504,2025-26,Regular Season,Efficiency
1629004,Svi Mykhailiuk,1610612762,UTA,49,14,35,1132.0,452,54,0.489,195,0.43,108,0.408,35,0.708,0,0.0,6,1.0,0.617,2025-26,Regular Season,Efficiency
204456,T.J. McConnell,1610612754,IND,56,15,41,963.0,525,285,0.554,62,0.421,242,0.519,36,0.64,0,0.0,26,0.857,0.556,2025-26,Regular Season,Efficiency
1643007,Taelon Peter,1610612754,IND,33,5,28,394.0,138,7,0.5,90,0.333,15,0.278,10,0.714,0,0.0,4,0.667,0.512,2025-26,Regular Season,Efficiency
201959,Taj Gibson,1610612763,MEM,7,1,6,65.0,28,8,1.0,11,0.571,0,0.0,5,0.333,0,0.0,6,0.75,0.639,2025-26,Regular Season,Efficiency
1631106,Tari Eason,1610612745,HOU,55,34,21,1424.0,578,85,0.34,254,0.359,40,0.254,94,0.573,2,0.5,21,0.5,0.499,2025-26,Regular Season,Efficiency
1627752,Taurean Prince,1610612749,MIL,21,8,13,456.0,157,27,0.462,92,0.413,34,0.448,0,0.0,0,0.0,0,0.0,0.58,2025-26,Regular Season,Efficiency
1641707,Taylor Hendricks,1610612763,MEM,57,12,45,1084.0,411,68,0.492,165,0.331,21,0.429,87,0.603,4,0.333,27,0.588,0.534,2025-26,Regular Season,Efficiency
1629611,Terance Mann,1610612751,BKN,63,15,48,1529.0,455,142,0.486,136,0.404,84,0.34,57,0.575,0,0.0,19,0.636,0.533,2025-26,Regular Season,Efficiency
1630545,Terrence Shannon Jr.,1610612750,MIN,38,21,17,436.0,157,41,0.368,45,0.319,22,0.381,4,1.0,0,0.0,4,1.0,0.496,2025-26,Regular Season,Efficiency
203648,Thanasis Antetokounmpo,1610612749,MIL,31,8,23,115.0,37,12,0.333,0,0.0,0,0.0,10,0.667,1,0.0,2,1.0,0.458,2025-26,Regular Season,Efficiency
1628418,Thomas Bryant,1610612739,CLE,59,36,23,706.0,356,3,0.2,145,0.368,4,0.333,165,0.711,12,0.455,37,0.619,0.587,2025-26,Regular Season,Efficiency
1642275,Tidjane Salaün,1610612766,CHA,36,18,18,571.0,222,27,0.429,102,0.425,6,0.667,34,0.7,0,0.0,8,0.4,0.62,2025-26,Regular Season,Efficiency
203501,Tim Hardaway Jr.,1610612743,DEN,76,48,28,2031.0,1040,104,0.486,527,0.424,224,0.441,49,0.741,2,1.0,38,0.833,0.595,2025-26,Regular Season,Efficiency
202699,Tobias Harris,1610612765,DET,59,42,17,1649.0,775,149,0.453,208,0.357,163,0.451,95,0.639,138,0.614,44,0.654,0.522,2025-26,Regular Season,Efficiency
1643253,Toby Okani,1610612763,MEM,1,0,1,28.0,7,2,1.0,3,0.5,0,0.0,2,0.25,0,0.0,0,0.0,0.438,2025-26,Regular Season,Efficiency
1642449,Tolu Smith,1610612765,DET,12,9,3,118.0,43,4,0.25,0,0.0,0,0.0,29,0.55,0,0.0,8,0.5,0.5,2025-26,Regular Season,Efficiency
1628396,Tony Bradley,1610612754,IND,38,9,29,416.0,151,10,0.556,7,0.429,4,0.667,87,0.485,8,0.5,26,0.769,0.561,2025-26,Regular Season,Efficiency
1641787,Tosan Evbuomwan,1610612766,CHA,5,4,1,8.0,0,0,0.0,0,0.0,0,0.0,0,0.0,0,0.0,0,0.0,0.0,2025-26,Regular Season,Efficiency
1641739,Toumani Camara,1610612757,POR,78,40,38,2590.0,1032,141,0.426,503,0.378,114,0.325,164,0.723,0,0.0,59,0.722,0.56,2025-26,Regular Season,Efficiency
1629027,Trae Young,1610612764,WAS,15,2,13,384.0,269,104,0.576,24,0.4,103,0.408,2,1.0,0,0.0,0,0.0,0.534,2025-26,Regular Season,Efficiency
1631218,Trayce Jackson-Davis,1610612761,TOR,50,27,23,487.0,177,5,1.0,3,1.0,0,0.0,126,0.593,4,0.5,27,0.556,0.574,2025-26,Regular Season,Efficiency
1642848,Tre Johnson,1610612764,WAS,59,12,47,1418.0,722,208,0.443,222,0.353,304,0.451,12,0.556,0,0.0,10,0.5,0.509,2025-26,Regular Season,Efficiency
1630200,Tre Jones,1610612741,CHI,60,25,35,1619.0,805,392,0.552,81,0.281,84,0.514,70,0.861,0,0.0,22,0.8,0.586,2025-26,Regular Season,Efficiency
1630544,Tre Mann,1610612766,CHA,51,29,22,661.0,289,99,0.391,84,0.359,112,0.317,3,0.5,0,0.0,0,0.0,0.446,2025-26,Regular Season,Efficiency
1630570,Trendon Watford,1610612755,PHI,51,26,25,852.0,340,135,0.495,30,0.222,14,0.25,55,0.722,31,0.583,15,0.438,0.53,2025-26,Regular Season,Efficiency
1642280,Trentyn Flowers,1610612741,CHI,2,0,2,6.0,4,0,0.0,0,0.0,0,0.0,4,1.0,0,0.0,0,0.0,0.667,2025-26,Regular Season,Efficiency
1630286,Trevon Scott,1610612751,BKN,1,0,1,8.0,6,0,0.0,3,1.0,0,0.0,0,0.0,0,0.0,0,0.0,0.833,2025-26,Regular Season,Efficiency
1631211,Trevor Keels,1610612748,MIA,4,4,0,5.0,0,0,0.0,0,0.0,0,0.0,0,0.0,0,0.0,0,0.0,0.0,2025-26,Regular Season,Efficiency
1641725,Trey Alexander,1610612740,NOP,5,1,4,42.0,14,6,0.6,6,0.667,4,1.0,0,0.0,0,0.0,0,0.0,0.778,2025-26,Regular Season,Efficiency
1641998,Trey Jemison III,1610612752,NYK,11,9,2,61.0,9,3,0.5,0,0.0,0,0.0,4,0.667,0,0.0,0,0.0,0.571,2025-26,Regular Season,Efficiency
1630530,Trey Murphy III,1610612740,NOP,66,21,45,2341.0,1420,269,0.445,443,0.433,289,0.321,210,0.782,0,0.0,41,0.762,0.572,2025-26,Regular Season,Efficiency
1642400,Tristan Enaruna,1610612739,CLE,6,6,0,34.0,13,0,0.0,3,0.2,0,0.0,10,0.625,0,0.0,0,0.0,0.406,2025-26,Regular Season,Efficiency
1641774,Tristan Vukcevic,1610612764,WAS,49,8,41,671.0,441,71,0.625,149,0.36,63,0.391,110,0.721,4,1.0,62,0.489,0.558,2025-26,Regular Season,Efficiency
1641783,Tristan da Silva,1610612753,ORL,72,39,33,1784.0,726,127,0.439,296,0.373,113,0.411,102,0.658,4,0.667,25,0.48,0.549,2025-26,Regular Season,Efficiency
1629660,Ty Jerome,1610612763,MEM,15,3,12,339.0,295,106,0.5,31,0.379,151,0.472,4,0.667,0,0.0,4,1.0,0.572,2025-26,Regular Season,Efficiency
1631102,TyTy Washington Jr.,1610612746,LAC,12,6,6,72.0,21,8,0.571,6,0.5,7,0.375,0,0.0,0,0.0,0,0.0,0.553,2025-26,Regular Season,Efficiency
1631174,Tyler Burton,1610612763,MEM,12,2,10,307.0,129,26,0.391,63,0.375,9,0.222,10,0.5,0,0.0,9,0.75,0.473,2025-26,Regular Season,Efficiency
1629639,Tyler Herro,1610612748,MIA,30,13,17,952.0,643,235,0.595,118,0.367,237,0.445,18,0.7,0,0.0,10,0.5,0.563,2025-26,Regular Season,Efficiency
1642278,Tyler Kolek,1610612752,NYK,62,39,23,727.0,274,96,0.434,86,0.392,78,0.373,10,0.833,0,0.0,2,0.25,0.524,2025-26,Regular Season,Efficiency
1641890,Tyler Smith,1610612742,DAL,8,1,7,77.0,21,0,0.0,9,0.176,0,0.0,4,0.4,0,0.0,0,0.0,0.38,2025-26,Regular Season,Efficiency
1631213,Tyrese Martin,1610612755,PHI,45,11,34,775.0,290,57,0.393,135,0.333,38,0.319,23,0.667,0,0.0,15,0.778,0.489,2025-26,Regular Season,Efficiency
1630178,Tyrese Maxey,1610612755,PHI,65,36,29,2490.0,1865,644,0.487,286,0.418,597,0.38,14,0.5,8,0.5,10,1.0,0.538,2025-26,Regular Season,Efficiency
1642878,Tyrese Proctor,1610612739,CLE,46,30,16,472.0,225,62,0.5,78,0.366,61,0.353,8,0.5,0,0.0,7,0.75,0.505,2025-26,Regular Season,Efficiency
1630623,Tyson Etienne,1610612751,BKN,19,3,16,223.0,114,14,0.429,72,0.407,24,0.643,0,0.0,0,0.0,0,0.0,0.605,2025-26,Regular Season,Efficiency
1626145,Tyus Jones,1610612743,DEN,64,34,30,932.0,185,55,0.51,80,0.276,68,0.397,2,1.0,0,0.0,0,0.0,0.434,2025-26,Regular Season,Efficiency
1642845,VJ Edgecombe,1610612755,PHI,70,41,29,2436.0,1121,274,0.406,292,0.378,297,0.383,95,0.603,6,0.5,34,0.619,0.514,2025-26,Regular Season,Efficiency
1641705,Victor Wembanyama,1610612759,SAS,61,48,13,1784.0,1509,252,0.512,323,0.407,208,0.343,443,0.751,106,0.476,172,0.526,0.566,2025-26,Regular Season,Efficiency
1631246,Vince Williams Jr.,1610612762,UTA,40,16,24,819.0,300,63,0.361,134,0.36,65,0.29,28,0.688,0,0.0,8,0.444,0.447,2025-26,Regular Season,Efficiency
1642884,Vladislav Goldin,1610612748,MIA,5,3,2,14.0,4,0,0.0,0,0.0,0,0.0,4,0.667,2,1.0,0,0.0,0.667,2025-26,Regular Season,Efficiency
1630249,Vít Krejčí,1610612757,POR,64,31,33,1387.0,548,80,0.585,327,0.409,89,0.382,19,0.692,0,0.0,11,0.667,0.599,2025-26,Regular Season,Efficiency
1631117,Walker Kessler,1610612762,UTA,5,2,3,154.0,72,2,0.5,15,0.714,3,0.5,43,0.727,0,0.0,6,0.5,0.784,2025-26,Regular Season,Efficiency
1642383,Walter Clayton Jr.,1610612763,MEM,66,17,49,1338.0,493,158,0.442,120,0.31,141,0.345,14,0.875,0,0.0,15,0.875,0.455,2025-26,Regular Season,Efficiency
1628976,Wendell Carter Jr.,1610612753,ORL,73,39,34,2162.0,879,81,0.608,271,0.365,24,0.324,364,0.677,13,0.385,107,0.5,0.571,2025-26,Regular Season,Efficiency
1631111,Wendell Moore Jr.,1610612765,DET,5,4,1,54.0,10,2,0.5,0,0.0,0,0.0,2,1.0,0,0.0,4,1.0,0.571,2025-26,Regular Season,Efficiency
1642954,Will Richard,1610612744,GSW,66,34,32,1348.0,441,7,0.286,204,0.376,27,0.233,132,0.697,0,0.0,25,0.733,0.577,2025-26,Regular Season,Efficiency
1642860,Will Riley,1610612764,WAS,68,16,52,1429.0,656,198,0.454,149,0.336,117,0.32,95,0.75,0,0.0,40,0.696,0.511,2025-26,Regular Season,Efficiency
1630214,Xavier Tillman,1610612766,CHA,28,20,8,178.0,38,2,1.0,9,0.2,4,0.333,16,0.538,0,0.0,0,0.0,0.43,2025-26,Regular Season,Efficiency
1642905,Yang Hansen,1610612757,POR,41,22,19,296.0,95,4,0.167,15,0.122,0,0.0,48,0.567,16,0.4,17,0.455,0.335,2025-26,Regular Season,Efficiency
1642949,Yanic Konan Niederhäuser,1610612746,LAC,41,22,19,424.0,176,20,0.667,3,0.143,2,1.0,109,0.652,4,0.667,27,0.818,0.645,2025-26,Regular Season,Efficiency
1642530,Yuki Kawamura,1610612741,CHI,13,4,9,142.0,36,10,0.286,12,0.444,10,0.286,0,0.0,0,0.0,0,0.0,0.429,2025-26,Regular Season,Efficiency
1642274,Yves Missi,1610612740,NOP,65,19,46,1257.0,359,98,0.547,4,0.25,2,0.2,187,0.532,2,0.333,40,0.4,0.533,2025-26,Regular Season,Efficiency
1642258,Zaccharie Risacher,1610612737,ATL,64,38,26,1453.0,623,54,0.373,252,0.376,63,0.338,134,0.679,0,0.0,39,0.652,0.549,2025-26,Regular Season,Efficiency
1628380,Zach Collins,1610612741,CHI,10,6,4,184.0,97,4,1.0,35,0.481,0,0.0,51,0.724,6,0.667,20,0.667,0.648,2025-26,Regular Season,Efficiency
1641744,Zach Edey,1610612763,MEM,11,7,4,284.0,150,0,0.0,9,0.4,0,0.0,127,0.651,38,0.633,7,0.333,0.638,2025-26,Regular Season,Efficiency
203897,Zach LaVine,1610612758,SAC,39,9,30,1224.0,748,166,0.534,162,0.41,225,0.394,22,0.688,2,0.333,12,0.667,0.569,2025-26,Regular Season,Efficiency
1630192,Zeke Nnaji,1610612743,DEN,49,35,14,585.0,179,20,0.643,40,0.259,3,0.25,80,0.608,0,0.0,28,0.533,0.518,2025-26,Regular Season,Efficiency
1630533,Ziaire Williams,1610612751,BKN,56,13,43,1281.0,573,100,0.39,239,0.343,39,0.372,56,0.688,0,0.0,10,0.5,0.524,2025-26,Regular Season,Efficiency
1629627,Zion Williamson,1610612740,NOP,61,22,39,1813.0,1285,653,0.543,0,0.0,29,0.378,232,0.683,42,0.438,85,0.66,0.602,2025-26,Regular Season,Efficiency
1642389,Zyon Pullin,1610612750,MIN,2,2,0,6.0,4,0,0.0,0,0.0,0,0.0,0,0.0,0,0.0,0,0.0,1.0,2025-26,Regular Season,Efficiency
