PLAYER_ID,PLAYER_NAME,TEAM_ID,TEAM_ABBREVIATION,GP,W,L,MIN,TOUCHES,PAINT_TOUCHES,PAINT_TOUCH_FGM,PAINT_TOUCH_FGA,PAINT_TOUCH_FG_PCT,PAINT_TOUCH_FTM,PAINT_TOUCH_FTA,PAINT_TOUCH_FT_PCT,PAINT_TOUCH_PTS,PAINT_TOUCH_PTS_PCT,PAINT_TOUCH_PASSES,PAINT_TOUCH_PASSES_PCT,PAINT_TOUCH_AST,PAINT_TOUCH_AST_PCT,PAINT_TOUCH_TOV,PAINT_TOUCH_TOV_PCT,PAINT_TOUCH_FOULS,PAINT_TOUCH_FOULS_PCT,SEASON,SEASON_TYPE,PT_MEASURE_TYPE
1630639,A.J. Lawson,1610612761,TOR,19,9,10,182.0,217,14,6,6,1.0,2,2,1.0,15,1.071,6,0.429,1,0.071,1,0.071,1,0.071,2025-26,Regular Season,PaintTouch
1631260,AJ Green,1610612749,MIL,73,29,44,2097.0,3157,27,6,11,0.545,0,0,0.0,12,0.444,15,0.556,5,0.185,0,0.0,0,0.0,2025-26,Regular Season,PaintTouch
1642358,AJ Johnson,1610612742,DAL,44,8,36,386.0,593,21,5,8,0.625,5,6,0.833,16,0.762,5,0.238,2,0.095,5,0.238,3,0.143,2025-26,Regular Season,PaintTouch
203932,Aaron Gordon,1610612743,DEN,33,24,9,910.0,1571,158,71,103,0.689,23,32,0.719,171,1.082,33,0.209,8,0.051,4,0.025,15,0.095,2025-26,Regular Season,PaintTouch
1628988,Aaron Holiday,1610612745,HOU,52,34,18,698.0,1033,2,0,2,0.0,0,0,0.0,0,0.0,0,0.0,0,0.0,0,0.0,0,0.0,2025-26,Regular Season,PaintTouch
1630174,Aaron Nesmith,1610612754,IND,45,10,35,1335.0,2246,45,10,23,0.435,4,6,0.667,25,0.556,16,0.356,2,0.044,1,0.022,3,0.067,2025-26,Regular Season,PaintTouch
1630598,Aaron Wiggins,1610612760,OKC,60,47,13,1330.0,2037,72,31,42,0.738,5,8,0.625,68,0.944,16,0.222,1,0.014,4,0.056,4,0.056,2025-26,Regular Season,PaintTouch
1642846,Ace Bailey,1610612762,UTA,69,18,51,1896.0,2285,137,58,85,0.682,16,22,0.727,134,0.978,29,0.212,4,0.029,7,0.051,11,0.08,2025-26,Regular Season,PaintTouch
1642380,Adama Bal,1610612763,MEM,4,1,3,102.0,114,5,2,3,0.667,0,0,0.0,4,0.8,1,0.2,0,0.0,0,0.0,0,0.0,2025-26,Regular Season,PaintTouch
1641737,Adem Bona,1610612755,PHI,67,39,28,1160.0,1130,221,83,141,0.589,34,40,0.85,200,0.905,34,0.154,3,0.014,21,0.095,21,0.095,2025-26,Regular Season,PaintTouch
1642876,Adou Thiero,1610612747,LAL,21,12,9,108.0,133,15,4,8,0.5,1,2,0.5,9,0.6,5,0.333,2,0.133,0,0.0,1,0.067,2025-26,Regular Season,PaintTouch
1642349,Ajay Mitchell,1610612760,OKC,54,47,7,1408.0,2468,48,22,29,0.759,0,0,0.0,44,0.917,13,0.271,3,0.063,3,0.063,0,0.0,2025-26,Regular Season,PaintTouch
201143,Al Horford,1610612744,GSW,43,22,21,933.0,1889,115,28,49,0.571,9,10,0.9,66,0.574,51,0.443,14,0.122,8,0.07,5,0.043,2025-26,Regular Season,PaintTouch
1630828,Alex Antetokounmpo,1610612749,MIL,3,1,2,11.0,9,1,0,0,0.0,1,2,0.5,1,1.0,0,0.0,0,0.0,0,0.0,1,1.0,2025-26,Regular Season,PaintTouch
1627936,Alex Caruso,1610612760,OKC,53,44,9,984.0,1600,54,16,26,0.615,1,2,0.5,33,0.611,23,0.426,4,0.074,4,0.074,1,0.019,2025-26,Regular Season,PaintTouch
1631457,Alex Morales,1610612753,ORL,1,0,1,12.0,16,1,0,0,0.0,0,0,0.0,0,0.0,0,0.0,0,0.0,1,1.0,0,0.0,2025-26,Regular Season,PaintTouch
1642259,Alex Sarr,1610612764,WAS,48,11,37,1305.0,2729,264,115,180,0.639,29,48,0.604,266,1.008,31,0.117,5,0.019,15,0.057,24,0.091,2025-26,Regular Season,PaintTouch
1642918,Alijah Martin,1610612761,TOR,20,9,11,130.0,184,16,3,5,0.6,2,2,1.0,8,0.5,8,0.5,1,0.063,1,0.063,1,0.063,2025-26,Regular Season,PaintTouch
1631214,Alondes Williams,1610612764,WAS,4,2,2,101.0,116,9,5,5,1.0,2,2,1.0,12,1.333,2,0.222,0,0.0,1,0.111,1,0.111,2025-26,Regular Season,PaintTouch
1630578,Alperen Sengun,1610612745,HOU,68,43,25,2271.0,4851,438,136,226,0.602,36,52,0.692,323,0.737,150,0.342,44,0.1,16,0.037,25,0.057,2025-26,Regular Season,PaintTouch
1642873,Amari Williams,1610612738,BOS,21,14,7,136.0,164,23,7,14,0.5,2,4,0.5,17,0.739,6,0.261,1,0.043,0,0.0,2,0.087,2025-26,Regular Season,PaintTouch
1641708,Amen Thompson,1610612745,HOU,75,46,29,2795.0,5432,506,166,245,0.678,52,70,0.743,397,0.785,181,0.358,40,0.079,28,0.055,33,0.065,2025-26,Regular Season,PaintTouch
1629599,Amir Coffey,1610612756,PHX,43,18,25,437.0,405,12,3,3,1.0,0,0,0.0,6,0.5,7,0.583,2,0.167,0,0.0,2,0.167,2025-26,Regular Season,PaintTouch
1643158,Andersson Garcia,1610612762,UTA,5,1,4,169.0,209,26,3,7,0.429,0,0,0.0,6,0.231,15,0.577,1,0.038,3,0.115,0,0.0,2025-26,Regular Season,PaintTouch
203083,Andre Drummond,1610612755,PHI,58,31,27,1123.0,1288,278,96,182,0.527,21,38,0.553,217,0.781,54,0.194,11,0.04,16,0.058,17,0.061,2025-26,Regular Season,PaintTouch
1641748,Andre Jackson Jr.,1610612749,MIL,44,11,33,342.0,717,42,7,16,0.438,2,2,1.0,16,0.381,21,0.5,2,0.048,2,0.048,1,0.024,2025-26,Regular Season,PaintTouch
1629614,Andrew Nembhard,1610612754,IND,57,13,44,1786.0,4984,33,12,19,0.632,0,0,0.0,24,0.727,11,0.333,2,0.061,1,0.03,0,0.0,2025-26,Regular Season,PaintTouch
203952,Andrew Wiggins,1610612748,MIA,63,32,31,1934.0,2783,145,61,99,0.616,7,10,0.7,135,0.931,32,0.221,7,0.048,6,0.041,5,0.034,2025-26,Regular Season,PaintTouch
1629014,Anfernee Simons,1610612741,CHI,55,31,24,1372.0,2456,22,6,8,0.75,0,0,0.0,13,0.591,13,0.591,0,0.0,1,0.045,0,0.0,2025-26,Regular Season,PaintTouch
1641710,Anthony Black,1610612753,ORL,60,33,27,1841.0,3507,93,43,59,0.729,9,10,0.9,97,1.043,23,0.247,6,0.065,4,0.043,5,0.054,2025-26,Regular Season,PaintTouch
203076,Anthony Davis,1610612764,WAS,20,10,10,626.0,1187,156,76,113,0.673,20,28,0.714,175,1.122,12,0.077,5,0.032,11,0.071,14,0.09,2025-26,Regular Season,PaintTouch
1630162,Anthony Edwards,1610612750,MIN,60,36,24,2109.0,4373,52,18,35,0.514,9,10,0.9,43,0.827,8,0.154,3,0.058,2,0.038,5,0.096,2025-26,Regular Season,PaintTouch
1630264,Anthony Gill,1610612764,WAS,49,6,43,769.0,972,108,45,65,0.692,4,6,0.667,96,0.889,31,0.287,3,0.028,6,0.056,2,0.019,2025-26,Regular Season,PaintTouch
1641810,Antonio Reeves,1610612766,CHA,10,4,6,68.0,70,2,0,0,0.0,0,0,0.0,0,0.0,2,1.0,0,0.0,0,0.0,0,0.0,2025-26,Regular Season,PaintTouch
1630574,Ariel Hukporti,1610612752,NYK,52,34,18,455.0,461,119,28,44,0.636,18,22,0.818,75,0.63,48,0.403,6,0.05,10,0.084,11,0.092,2025-26,Regular Season,PaintTouch
1642854,Asa Newell,1610612737,ATL,42,22,20,453.0,583,63,28,39,0.718,3,6,0.5,61,0.968,16,0.254,3,0.048,2,0.032,3,0.048,2025-26,Regular Season,PaintTouch
1641709,Ausar Thompson,1610612765,DET,68,49,19,1769.0,2791,304,105,171,0.614,10,28,0.357,223,0.734,97,0.319,25,0.082,15,0.049,12,0.039,2025-26,Regular Season,PaintTouch
1630559,Austin Reaves,1610612747,LAL,51,36,15,1762.0,3705,43,14,19,0.737,6,6,1.0,35,0.814,16,0.372,4,0.093,3,0.07,3,0.07,2025-26,Regular Season,PaintTouch
1630245,Ayo Dosunmu,1610612750,MIN,66,34,32,1787.0,3500,61,18,35,0.514,10,12,0.833,46,0.754,15,0.246,2,0.033,2,0.033,6,0.098,2025-26,Regular Season,PaintTouch
1628389,Bam Adebayo,1610612748,MIA,68,34,34,2199.0,3927,285,113,171,0.661,36,46,0.783,266,0.933,69,0.242,9,0.032,10,0.035,23,0.081,2025-26,Regular Season,PaintTouch
1631248,Baylor Scheierman,1610612738,BOS,72,50,22,1309.0,1510,35,7,9,0.778,0,0,0.0,14,0.4,22,0.629,4,0.114,2,0.057,0,0.0,2025-26,Regular Season,PaintTouch
1642879,Ben Saraf,1610612751,BKN,40,9,31,785.0,1805,28,6,12,0.5,4,4,1.0,16,0.571,12,0.429,1,0.036,1,0.036,2,0.071,2025-26,Regular Season,PaintTouch
1641767,Ben Sheppard,1610612754,IND,65,16,49,1390.0,2203,53,11,20,0.55,4,6,0.667,26,0.491,29,0.547,3,0.057,0,0.0,3,0.057,2025-26,Regular Season,PaintTouch
1631097,Bennedict Mathurin,1610612746,LAC,49,19,30,1504.0,2571,122,48,67,0.716,36,41,0.878,134,1.098,25,0.205,3,0.025,4,0.033,19,0.156,2025-26,Regular Season,PaintTouch
1643016,Bez Mbeng,1610612762,UTA,12,1,11,358.0,436,17,5,7,0.714,1,2,0.5,11,0.647,6,0.353,1,0.059,1,0.059,0,0.0,2025-26,Regular Season,PaintTouch
1641731,Bilal Coulibaly,1610612764,WAS,53,14,39,1397.0,2398,106,40,59,0.678,14,20,0.7,97,0.915,27,0.255,4,0.038,7,0.066,10,0.094,2025-26,Regular Season,PaintTouch
202687,Bismack Biyombo,1610612759,SAS,24,20,4,136.0,159,21,7,12,0.583,1,2,0.5,15,0.714,4,0.19,0,0.0,2,0.095,1,0.048,2025-26,Regular Season,PaintTouch
1642396,Blake Hinson,1610612762,UTA,11,3,8,214.0,255,10,3,7,0.429,0,0,0.0,6,0.6,2,0.2,1,0.1,1,0.1,0,0.0,2025-26,Regular Season,PaintTouch
1631104,Blake Wesley,1610612757,POR,28,18,10,353.0,758,14,5,9,0.556,0,0,0.0,10,0.714,4,0.286,1,0.071,1,0.071,0,0.0,2025-26,Regular Season,PaintTouch
1626171,Bobby Portis,1610612749,MIL,67,26,41,1619.0,3093,181,78,125,0.624,10,14,0.714,169,0.934,38,0.21,8,0.044,7,0.039,6,0.033,2025-26,Regular Season,PaintTouch
1641752,Bobi Klintman,1610612765,DET,12,8,4,71.0,101,9,1,4,0.25,0,0,0.0,2,0.222,4,0.444,1,0.111,0,0.0,0,0.0,2025-26,Regular Season,PaintTouch
203992,Bogdan Bogdanović,1610612746,LAC,21,6,15,429.0,755,6,2,4,0.5,0,0,0.0,4,0.667,1,0.167,1,0.167,1,0.167,0,0.0,2025-26,Regular Season,PaintTouch
1630538,Bones Hyland,1610612750,MIN,68,41,27,1105.0,2595,20,4,7,0.571,0,0,0.0,8,0.4,12,0.6,2,0.1,1,0.05,0,0.0,2025-26,Regular Season,PaintTouch
203078,Bradley Beal,1610612746,LAC,6,2,4,121.0,177,7,2,4,0.5,4,4,1.0,8,1.143,1,0.143,1,0.143,0,0.0,2,0.286,2025-26,Regular Season,PaintTouch
1642382,Branden Carlson,1610612760,OKC,38,30,8,393.0,550,87,44,57,0.772,3,6,0.5,92,1.057,21,0.241,7,0.08,5,0.057,3,0.034,2025-26,Regular Season,PaintTouch
1641764,Brandin Podziemski,1610612744,GSW,77,36,41,2189.0,4696,127,33,50,0.66,9,10,0.9,76,0.598,57,0.449,11,0.087,8,0.063,5,0.039,2025-26,Regular Season,PaintTouch
1629634,Brandon Clarke,1610612763,MEM,2,1,1,20.0,27,5,2,4,0.5,0,0,0.0,4,0.8,1,0.2,1,0.2,0,0.0,0,0.0,2025-26,Regular Season,PaintTouch
1627742,Brandon Ingram,1610612761,TOR,72,40,32,2437.0,3951,120,45,67,0.672,18,22,0.818,109,0.908,29,0.242,7,0.058,6,0.05,10,0.083,2025-26,Regular Season,PaintTouch
1641706,Brandon Miller,1610612766,CHA,61,39,22,1842.0,3614,112,45,59,0.763,5,6,0.833,96,0.857,40,0.357,7,0.063,7,0.063,3,0.027,2025-26,Regular Season,PaintTouch
1630314,Brandon Williams,1610612742,DAL,65,22,43,1438.0,3148,41,9,13,0.692,5,6,0.833,24,0.585,20,0.488,4,0.098,3,0.073,3,0.073,2025-26,Regular Season,PaintTouch
1641729,Brice Sensabaugh,1610612762,UTA,72,18,54,1679.0,2595,59,13,31,0.419,7,8,0.875,37,0.627,16,0.271,1,0.017,2,0.034,6,0.102,2025-26,Regular Season,PaintTouch
1642355,Bronny James,1610612747,LAL,37,21,16,292.0,559,9,3,4,0.75,0,0,0.0,6,0.667,4,0.444,0,0.0,1,0.111,0,0.0,2025-26,Regular Season,PaintTouch
201572,Brook Lopez,1610612746,LAC,70,38,32,1502.0,1773,120,44,71,0.62,15,20,0.75,107,0.892,26,0.217,4,0.033,9,0.075,9,0.075,2025-26,Regular Season,PaintTouch
1642964,Brooks Barnhizer,1610612760,OKC,37,28,9,283.0,303,18,4,6,0.667,0,0,0.0,8,0.444,10,0.556,0,0.0,1,0.056,0,0.0,2025-26,Regular Season,PaintTouch
1628971,Bruce Brown,1610612743,DEN,77,49,28,1883.0,2839,183,57,107,0.533,20,26,0.769,139,0.76,47,0.257,9,0.049,12,0.066,14,0.077,2025-26,Regular Season,PaintTouch
1631121,Bryce McGowens,1610612740,NOP,42,14,28,880.0,1147,22,8,10,0.8,7,8,0.875,23,1.045,6,0.273,1,0.045,2,0.091,4,0.182,2025-26,Regular Season,PaintTouch
1642267,Bub Carrington,1610612764,WAS,76,17,59,2100.0,4475,39,8,14,0.571,1,4,0.25,18,0.462,19,0.487,7,0.179,2,0.051,2,0.051,2025-26,Regular Season,PaintTouch
1631205,Buddy Boeheim,1610612760,OKC,4,2,2,15.0,12,0,0,0,0.0,0,0,0.0,0,0.0,0,0.0,0,0.0,0,0.0,0,0.0,2025-26,Regular Season,PaintTouch
1627741,Buddy Hield,1610612737,ATL,50,25,25,798.0,1450,44,18,27,0.667,4,6,0.667,40,0.909,13,0.295,2,0.045,1,0.023,3,0.068,2025-26,Regular Season,PaintTouch
1643047,CJ Huntley,1610612756,PHX,2,2,0,7.0,5,2,1,1,1.0,0,0,0.0,2,1.0,0,0.0,0,0.0,0,0.0,0,0.0,2025-26,Regular Season,PaintTouch
203468,CJ McCollum,1610612737,ATL,73,36,37,2173.0,4183,50,13,16,0.813,5,6,0.833,32,0.64,28,0.56,7,0.14,2,0.04,3,0.06,2025-26,Regular Season,PaintTouch
1630595,Cade Cunningham,1610612765,DET,61,44,17,2096.0,5502,89,25,45,0.556,19,22,0.864,70,0.787,28,0.315,10,0.112,3,0.034,11,0.124,2025-26,Regular Season,PaintTouch
1631216,Caleb Houstan,1610612737,ATL,18,12,6,75.0,94,5,1,2,0.5,0,0,0.0,2,0.4,3,0.6,0,0.0,0,0.0,0,0.0,2025-26,Regular Season,PaintTouch
1631126,Caleb Love,1610612757,POR,47,23,24,1009.0,1842,13,5,6,0.833,2,2,1.0,12,0.923,6,0.462,0,0.0,0,0.0,1,0.077,2025-26,Regular Season,PaintTouch
1628997,Caleb Martin,1610612742,DAL,58,20,38,856.0,1040,31,5,8,0.625,0,0,0.0,10,0.323,19,0.613,2,0.065,3,0.097,0,0.0,2025-26,Regular Season,PaintTouch
1642353,Cam Christie,1610612746,LAC,51,24,27,461.0,689,31,9,18,0.5,5,6,0.833,23,0.742,9,0.29,0,0.0,0,0.0,3,0.097,2025-26,Regular Season,PaintTouch
1642285,Cam Spencer,1610612763,MEM,71,23,48,1694.0,3760,51,12,18,0.667,2,2,1.0,27,0.529,25,0.49,9,0.176,6,0.118,1,0.02,2025-26,Regular Season,PaintTouch
1630560,Cam Thomas,1610612749,MIL,42,12,30,881.0,1721,15,6,10,0.6,1,2,0.5,14,0.933,1,0.067,0,0.0,1,0.067,1,0.067,2025-26,Regular Season,PaintTouch
1641715,Cam Whitmore,1610612764,WAS,21,3,18,354.0,432,48,22,36,0.611,3,4,0.75,48,1.0,5,0.104,0,0.0,3,0.063,2,0.042,2025-26,Regular Season,PaintTouch
1629661,Cameron Johnson,1610612743,DEN,51,34,17,1541.0,1903,50,22,27,0.815,1,2,0.5,46,0.92,19,0.38,1,0.02,1,0.02,1,0.02,2025-26,Regular Season,PaintTouch
1626166,Cameron Payne,1610612755,PHI,21,12,9,366.0,872,3,1,2,0.5,0,0,0.0,2,0.667,1,0.333,0,0.0,0,0.0,0,0.0,2025-26,Regular Season,PaintTouch
1627747,Caris LeVert,1610612765,DET,56,40,16,1085.0,1956,44,11,17,0.647,6,8,0.75,29,0.659,18,0.409,2,0.045,3,0.068,3,0.068,2025-26,Regular Season,PaintTouch
1642868,Carter Bryant,1610612759,SAS,66,53,13,720.0,872,53,21,28,0.75,4,6,0.667,46,0.868,19,0.358,1,0.019,1,0.019,3,0.057,2025-26,Regular Season,PaintTouch
1641717,Cason Wallace,1610612760,OKC,74,58,16,1980.0,2751,92,27,40,0.675,2,4,0.5,56,0.609,42,0.457,11,0.12,5,0.054,1,0.011,2025-26,Regular Season,PaintTouch
1642907,Cedric Coward,1610612763,MEM,60,20,40,1559.0,3319,139,52,71,0.732,21,24,0.875,129,0.928,44,0.317,5,0.036,8,0.058,11,0.079,2025-26,Regular Season,PaintTouch
1643052,Chaney Johnson,1610612751,BKN,14,2,12,282.0,412,41,12,16,0.75,8,8,1.0,32,0.78,17,0.415,6,0.146,3,0.073,4,0.098,2025-26,Regular Season,PaintTouch
1629646,Charles Bassey,1610612738,BOS,8,3,5,52.0,58,20,9,13,0.692,3,6,0.5,21,1.05,4,0.2,2,0.1,0,0.0,3,0.15,2025-26,Regular Season,PaintTouch
1642404,Chaz Lanier,1610612765,DET,29,24,5,230.0,221,2,0,0,0.0,0,0,0.0,0,0.0,2,1.0,0,0.0,0,0.0,0,0.0,2025-26,Regular Season,PaintTouch
1631096,Chet Holmgren,1610612760,OKC,66,53,13,1922.0,2982,361,178,238,0.748,45,56,0.804,408,1.13,52,0.144,8,0.022,20,0.055,25,0.069,2025-26,Regular Season,PaintTouch
1628449,Chris Boucher,1610612738,BOS,9,4,5,94.0,113,7,4,5,0.8,0,0,0.0,8,1.143,1,0.143,0,0.0,0,0.0,0,0.0,2025-26,Regular Season,PaintTouch
1641753,Chris Livingston,1610612739,CLE,3,2,1,17.0,21,0,0,0,0.0,0,0,0.0,0,0.0,0,0.0,0,0.0,0,0.0,0,0.0,2025-26,Regular Season,PaintTouch
1643024,Chris Mañon,1610612747,LAL,6,2,4,25.0,31,3,0,0,0.0,0,0,0.0,0,0.0,3,1.0,0,0.0,0,0.0,0,0.0,2025-26,Regular Season,PaintTouch
101108,Chris Paul,1610612746,LAC,16,4,12,228.0,510,4,0,2,0.0,0,0,0.0,0,0.0,2,0.5,1,0.25,0,0.0,0,0.0,2025-26,Regular Season,PaintTouch
1642959,Chris Youngblood,1610612757,POR,33,28,5,183.0,183,3,1,1,1.0,2,2,1.0,4,1.333,1,0.333,0,0.0,0,0.0,0,0.0,2025-26,Regular Season,PaintTouch
1631128,Christian Braun,1610612743,DEN,41,26,15,1294.0,1938,168,58,85,0.682,22,26,0.846,143,0.851,54,0.321,11,0.065,6,0.036,11,0.065,2025-26,Regular Season,PaintTouch
1631132,Christian Koloko,1610612737,ATL,26,16,10,335.0,383,97,23,44,0.523,4,4,1.0,51,0.526,39,0.402,8,0.082,8,0.082,2,0.021,2025-26,Regular Season,PaintTouch
1642935,Chucky Hepburn,1610612761,TOR,2,0,2,13.0,31,0,0,0,0.0,0,0,0.0,0,0.0,0,0.0,0,0.0,0,0.0,0,0.0,2025-26,Regular Season,PaintTouch
203991,Clint Capela,1610612745,HOU,70,43,27,868.0,1090,278,92,171,0.538,21,30,0.7,209,0.752,71,0.255,11,0.04,11,0.04,17,0.061,2025-26,Regular Season,PaintTouch
1629632,Coby White,1610612766,CHA,47,27,20,1198.0,2505,18,5,6,0.833,2,2,1.0,13,0.722,8,0.444,2,0.111,2,0.111,1,0.056,2025-26,Regular Season,PaintTouch
1628998,Cody Martin,1610612754,IND,4,0,4,55.0,73,2,0,1,0.0,0,0,0.0,0,0.0,1,0.5,1,0.5,0,0.0,0,0.0,2025-26,Regular Season,PaintTouch
1642262,Cody Williams,1610612762,UTA,63,15,48,1487.0,1929,125,50,70,0.714,7,10,0.7,107,0.856,36,0.288,4,0.032,10,0.08,5,0.04,2025-26,Regular Season,PaintTouch
1641732,Colby Jones,1610612765,DET,1,0,1,7.0,11,0,0,0,0.0,0,0,0.0,0,0.0,0,0.0,0,0.0,0,0.0,0,0.0,2025-26,Regular Season,PaintTouch
1630175,Cole Anthony,1610612749,MIL,35,12,23,527.0,1285,11,2,4,0.5,2,2,1.0,6,0.545,6,0.545,0,0.0,0,0.0,1,0.091,2025-26,Regular Season,PaintTouch
1630658,Colin Castleton,1610612753,ORL,1,0,1,10.0,15,3,1,2,0.5,0,0,0.0,2,0.667,1,0.333,1,0.333,0,0.0,0,0.0,2025-26,Regular Season,PaintTouch
1631221,Collin Gillespie,1610612756,PHX,76,41,35,2191.0,4612,76,9,14,0.643,0,0,0.0,19,0.25,51,0.671,19,0.25,6,0.079,0,0.0,2025-26,Regular Season,PaintTouch
1642867,Collin Murray-Boyles,1610612761,TOR,53,28,25,1164.0,1771,356,100,164,0.61,23,40,0.575,225,0.632,145,0.407,27,0.076,18,0.051,21,0.059,2025-26,Regular Season,PaintTouch
1629012,Collin Sexton,1610612741,CHI,63,23,40,1463.0,2984,55,17,28,0.607,5,6,0.833,40,0.727,18,0.327,0,0.0,2,0.036,1,0.018,2025-26,Regular Season,PaintTouch
1642843,Cooper Flagg,1610612742,DAL,65,20,45,2197.0,4462,131,61,83,0.735,6,10,0.6,134,1.023,31,0.237,5,0.038,6,0.046,5,0.038,2025-26,Regular Season,PaintTouch
1630557,Corey Kispert,1610612737,ATL,55,26,29,1035.0,1385,47,24,32,0.75,6,8,0.75,55,1.17,10,0.213,2,0.043,1,0.021,4,0.085,2025-26,Regular Season,PaintTouch
1642504,Cormac Ryan,1610612749,MIL,6,0,6,111.0,134,5,2,3,0.667,4,4,1.0,8,1.6,0,0.0,0,0.0,0,0.0,1,0.2,2025-26,Regular Season,PaintTouch
1641854,Craig Porter Jr.,1610612739,CLE,60,40,20,1054.0,2049,86,15,25,0.6,0,0,0.0,30,0.349,54,0.628,17,0.198,4,0.047,0,0.0,2025-26,Regular Season,PaintTouch
1642938,Curtis Jones,1610612743,DEN,7,5,2,33.0,49,1,1,1,1.0,0,0,0.0,2,2.0,0,0.0,0,0.0,0,0.0,0,0.0,2025-26,Regular Season,PaintTouch
1626156,D'Angelo Russell,1610612764,WAS,26,9,17,495.0,1209,10,3,6,0.5,0,0,0.0,6,0.6,2,0.2,0,0.0,2,0.2,0,0.0,2025-26,Regular Season,PaintTouch
1629610,DaQuan Jeffries,1610612758,SAC,3,0,3,60.0,52,3,1,1,1.0,0,0,0.0,2,0.667,2,0.667,0,0.0,0,0.0,0,0.0,2025-26,Regular Season,PaintTouch
1641747,DaRon Holmes II,1610612743,DEN,22,14,8,200.0,258,19,2,6,0.333,3,4,0.75,7,0.368,8,0.421,0,0.0,0,0.0,0,0.0,2025-26,Regular Season,PaintTouch
1631342,Daeqwon Plowden,1610612758,SAC,28,8,20,723.0,944,43,21,28,0.75,6,6,1.0,48,1.116,11,0.256,2,0.047,1,0.023,3,0.07,2025-26,Regular Season,PaintTouch
1630625,Dalano Banton,1610612738,BOS,5,3,2,25.0,51,1,1,1,1.0,0,0,0.0,2,2.0,0,0.0,0,0.0,0,0.0,0,0.0,2025-26,Regular Season,PaintTouch
1631207,Dalen Terry,1610612755,PHI,47,21,26,547.0,929,32,5,13,0.385,0,0,0.0,10,0.313,14,0.438,2,0.063,5,0.156,0,0.0,2025-26,Regular Season,PaintTouch
1642261,Dalton Knecht,1610612747,LAL,50,31,19,515.0,651,21,10,16,0.625,4,4,1.0,24,1.143,3,0.143,1,0.048,0,0.0,2,0.095,2025-26,Regular Season,PaintTouch
1629655,Daniel Gafford,1610612742,DAL,54,11,43,1175.0,1540,330,154,214,0.72,49,67,0.731,366,1.109,50,0.152,8,0.024,15,0.045,31,0.094,2025-26,Regular Season,PaintTouch
1642450,Daniss Jenkins,1610612765,DET,67,50,17,1333.0,2943,41,16,22,0.727,4,4,1.0,37,0.902,13,0.317,5,0.122,2,0.049,2,0.049,2025-26,Regular Season,PaintTouch
1642874,Danny Wolf,1610612751,BKN,57,14,43,1187.0,2023,92,25,40,0.625,21,24,0.875,72,0.783,33,0.359,8,0.087,3,0.033,11,0.12,2025-26,Regular Season,PaintTouch
203967,Dario Saric,1610612758,SAC,5,1,4,41.0,40,3,0,2,0.0,0,0,0.0,0,0.0,1,0.333,0,0.0,0,0.0,0,0.0,2025-26,Regular Season,PaintTouch
1641727,Dariq Whitehead,1610612763,MEM,1,0,1,22.0,37,0,0,0,0.0,0,0,0.0,0,0.0,0,0.0,0,0.0,0,0.0,0,0.0,2025-26,Regular Season,PaintTouch
1642468,Darius Brown,1610612739,CLE,1,1,0,3.0,5,0,0,0,0.0,0,0,0.0,0,0.0,0,0.0,0,0.0,0,0.0,0,0.0,2025-26,Regular Season,PaintTouch
1629636,Darius Garland,1610612746,LAC,41,23,18,1224.0,2734,21,6,10,0.6,0,0,0.0,12,0.571,9,0.429,3,0.143,1,0.048,0,0.0,2025-26,Regular Season,PaintTouch
1642357,David Jones Garcia,1610612759,SAS,11,7,4,68.0,132,2,1,2,0.5,0,0,0.0,2,1.0,0,0.0,0,0.0,0,0.0,0,0.0,2025-26,Regular Season,PaintTouch
1631223,David Roddy,1610612743,DEN,3,2,1,14.0,36,1,0,1,0.0,0,0,0.0,0,0.0,0,0.0,0,0.0,0,0.0,0,0.0,2025-26,Regular Season,PaintTouch
1630558,Davion Mitchell,1610612748,MIA,66,35,31,1888.0,4322,23,2,4,0.5,0,0,0.0,4,0.174,15,0.652,3,0.13,2,0.087,0,0.0,2025-26,Regular Season,PaintTouch
1630549,Day'Ron Sharpe,1610612751,BKN,62,17,45,1160.0,2177,422,165,246,0.671,64,92,0.696,401,0.95,84,0.199,28,0.066,28,0.066,42,0.1,2025-26,Regular Season,PaintTouch
1628368,De'Aaron Fox,1610612759,SAS,67,52,15,2069.0,4382,55,25,33,0.758,2,2,1.0,53,0.964,17,0.309,3,0.055,3,0.055,1,0.018,2025-26,Regular Season,PaintTouch
1629631,De'Andre Hunter,1610612758,SAC,45,24,21,1175.0,1836,58,22,32,0.688,7,10,0.7,51,0.879,11,0.19,1,0.017,5,0.086,5,0.086,2025-26,Regular Season,PaintTouch
1629001,De'Anthony Melton,1610612744,GSW,44,21,23,1012.0,2242,73,20,38,0.526,4,4,1.0,44,0.603,24,0.329,7,0.096,7,0.096,2,0.027,2025-26,Regular Season,PaintTouch
201599,DeAndre Jordan,1610612740,NOP,12,6,6,199.0,241,47,19,28,0.679,6,10,0.6,45,0.957,9,0.191,3,0.064,3,0.064,4,0.085,2025-26,Regular Season,PaintTouch
1630610,DeJon Jarreau,1610612763,MEM,11,2,9,231.0,522,15,4,7,0.571,0,0,0.0,8,0.533,7,0.467,0,0.0,1,0.067,0,0.0,2025-26,Regular Season,PaintTouch
201942,DeMar DeRozan,1610612758,SAC,76,20,56,2395.0,3313,56,20,26,0.769,9,12,0.75,49,0.875,18,0.321,3,0.054,4,0.071,5,0.089,2025-26,Regular Season,PaintTouch
1629731,Dean Wade,1610612739,CLE,57,35,22,1279.0,1632,81,21,34,0.618,9,12,0.75,51,0.63,34,0.42,5,0.062,3,0.037,6,0.074,2025-26,Regular Season,PaintTouch
1629028,Deandre Ayton,1610612747,LAL,67,43,24,1830.0,2504,628,295,408,0.723,48,72,0.667,647,1.03,128,0.204,18,0.029,35,0.056,34,0.054,2025-26,Regular Season,PaintTouch
1627749,Dejounte Murray,1610612740,NOP,14,5,9,389.0,932,6,2,4,0.5,0,0,0.0,4,0.667,1,0.167,0,0.0,1,0.167,0,0.0,2025-26,Regular Season,PaintTouch
1630166,Deni Avdija,1610612757,POR,62,33,29,2054.0,5138,98,29,47,0.617,13,16,0.813,75,0.765,33,0.337,3,0.031,4,0.041,9,0.092,2025-26,Regular Season,PaintTouch
203471,Dennis Schröder,1610612739,CLE,66,26,40,1617.0,3779,18,2,3,0.667,3,4,0.75,7,0.389,11,0.611,3,0.167,2,0.111,2,0.111,2025-26,Regular Season,PaintTouch
1641726,Dereck Lively II,1610612742,DAL,7,3,4,115.0,170,33,11,15,0.733,6,8,0.75,28,0.848,10,0.303,0,0.0,2,0.061,4,0.121,2025-26,Regular Season,PaintTouch
1642852,Derik Queen,1610612740,NOP,77,25,52,1888.0,3752,211,93,139,0.669,26,30,0.867,218,1.033,35,0.166,10,0.047,14,0.066,15,0.071,2025-26,Regular Season,PaintTouch
1627884,Derrick Jones Jr.,1610612746,LAC,45,23,22,1226.0,1518,119,54,79,0.684,10,12,0.833,120,1.008,28,0.235,6,0.05,4,0.034,6,0.05,2025-26,Regular Season,PaintTouch
1628401,Derrick White,1610612738,BOS,73,49,24,2500.0,5776,82,19,30,0.633,4,4,1.0,42,0.512,42,0.512,9,0.11,6,0.073,2,0.024,2025-26,Regular Season,PaintTouch
1630217,Desmond Bane,1610612753,ORL,77,41,36,2625.0,4651,114,44,67,0.657,13,14,0.929,105,0.921,30,0.263,5,0.044,9,0.079,6,0.053,2025-26,Regular Season,PaintTouch
1626164,Devin Booker,1610612756,PHX,61,35,26,2035.0,3910,79,19,38,0.5,18,22,0.818,58,0.734,22,0.278,6,0.076,7,0.089,10,0.127,2025-26,Regular Season,PaintTouch
1642269,Devin Carter,1610612758,SAC,34,7,27,574.0,1206,49,18,25,0.72,4,4,1.0,42,0.857,17,0.347,3,0.061,2,0.041,2,0.041,2025-26,Regular Season,PaintTouch
1630170,Devin Vassell,1610612759,SAS,62,49,13,1883.0,2630,28,5,10,0.5,2,2,1.0,12,0.429,16,0.571,5,0.179,1,0.036,1,0.036,2025-26,Regular Season,PaintTouch
1628415,Dillon Brooks,1610612756,PHX,52,30,22,1581.0,2212,46,15,27,0.556,8,10,0.8,40,0.87,9,0.196,3,0.065,3,0.065,6,0.13,2025-26,Regular Season,PaintTouch
1641794,Dillon Jones,1610612752,NYK,6,5,1,27.0,48,0,0,0,0.0,0,0,0.0,0,0.0,0,0.0,0,0.0,0,0.0,0,0.0,2025-26,Regular Season,PaintTouch
1627734,Domantas Sabonis,1610612758,SAC,19,3,16,564.0,1212,199,74,117,0.632,26,32,0.813,177,0.889,47,0.236,11,0.055,11,0.055,16,0.08,2025-26,Regular Season,PaintTouch
1631230,Dominick Barlow,1610612755,PHI,66,38,28,1581.0,1837,221,91,128,0.711,23,26,0.885,210,0.95,62,0.281,21,0.095,12,0.054,15,0.068,2025-26,Regular Season,PaintTouch
1642270,Donovan Clingan,1610612757,POR,73,39,34,1983.0,3052,650,230,354,0.65,76,114,0.667,550,0.846,172,0.265,35,0.054,42,0.065,56,0.086,2025-26,Regular Season,PaintTouch
1628378,Donovan Mitchell,1610612739,CLE,68,43,25,2275.0,4787,61,27,41,0.659,3,4,0.75,59,0.967,13,0.213,2,0.033,3,0.049,1,0.016,2025-26,Regular Season,PaintTouch
1628978,Donte DiVincenzo,1610612750,MIN,77,46,31,2379.0,4267,55,11,18,0.611,3,4,0.75,25,0.455,31,0.564,8,0.145,4,0.073,2,0.036,2025-26,Regular Season,PaintTouch
1627827,Dorian Finney-Smith,1610612745,HOU,36,22,14,599.0,717,41,10,18,0.556,2,2,1.0,22,0.537,20,0.488,3,0.073,1,0.024,1,0.024,2025-26,Regular Season,PaintTouch
203926,Doug McDermott,1610612758,SAC,25,7,18,360.0,468,4,2,2,1.0,0,0,0.0,4,1.0,2,0.5,0,0.0,0,0.0,0,0.0,2025-26,Regular Season,PaintTouch
1642962,Drake Powell,1610612751,BKN,59,14,45,1204.0,1644,20,9,14,0.643,4,4,1.0,22,1.1,4,0.2,1,0.05,0,0.0,1,0.05,2025-26,Regular Season,PaintTouch
203110,Draymond Green,1610612744,GSW,64,30,34,1762.0,4447,147,38,67,0.567,13,20,0.65,91,0.619,57,0.388,15,0.102,11,0.075,10,0.068,2025-26,Regular Season,PaintTouch
1629234,Drew Eubanks,1610612758,SAC,42,10,32,552.0,666,155,64,98,0.653,9,14,0.643,141,0.91,33,0.213,2,0.013,12,0.077,7,0.045,2025-26,Regular Season,PaintTouch
1641809,Drew Peterson,1610612766,CHA,6,1,5,64.0,78,3,0,0,0.0,0,0,0.0,0,0.0,3,1.0,0,0.0,0,0.0,0,0.0,2025-26,Regular Season,PaintTouch
1631166,Drew Timme,1610612747,LAL,23,15,8,186.0,273,19,10,12,0.833,2,2,1.0,22,1.158,6,0.316,1,0.053,0,0.0,1,0.053,2025-26,Regular Season,PaintTouch
1630696,Dru Smith,1610612748,MIA,69,37,32,1129.0,2299,73,15,30,0.5,9,10,0.9,40,0.548,29,0.397,3,0.041,2,0.027,4,0.055,2025-26,Regular Season,PaintTouch
1629130,Duncan Robinson,1610612765,DET,73,54,19,2018.0,2396,36,16,19,0.842,1,2,0.5,33,0.917,12,0.333,2,0.056,4,0.111,1,0.028,2025-26,Regular Season,PaintTouch
1641871,Duop Reath,1610612757,POR,32,16,16,258.0,305,17,6,10,0.6,0,0,0.0,14,0.824,5,0.294,1,0.059,2,0.118,0,0.0,2025-26,Regular Season,PaintTouch
203939,Dwight Powell,1610612742,DAL,58,17,41,813.0,983,155,34,52,0.654,23,34,0.676,97,0.626,72,0.465,7,0.045,8,0.052,17,0.11,2025-26,Regular Season,PaintTouch
1642928,Dylan Cardwell,1610612758,SAC,40,12,28,809.0,942,270,80,123,0.65,15,32,0.469,178,0.659,111,0.411,16,0.059,10,0.037,15,0.056,2025-26,Regular Season,PaintTouch
1642844,Dylan Harper,1610612759,SAS,64,50,14,1433.0,3024,65,23,37,0.622,3,4,0.75,50,0.769,22,0.338,6,0.092,2,0.031,2,0.031,2025-26,Regular Season,PaintTouch
1630700,Dyson Daniels,1610612737,ATL,73,43,30,2419.0,4719,365,125,188,0.665,9,14,0.643,262,0.718,134,0.367,32,0.088,20,0.055,7,0.019,2025-26,Regular Season,PaintTouch
1630604,E.J. Liddell,1610612751,BKN,21,3,18,203.0,282,13,7,9,0.778,0,0,0.0,15,1.154,3,0.231,1,0.077,1,0.077,0,0.0,2025-26,Regular Season,PaintTouch
1642856,Egor Dëmin,1610612751,BKN,52,14,38,1308.0,2810,23,7,12,0.583,3,4,0.75,17,0.739,8,0.348,2,0.087,1,0.043,2,0.087,2025-26,Regular Season,PaintTouch
1641989,Elijah Harkless,1610612762,UTA,26,5,21,545.0,914,11,4,7,0.571,3,4,0.75,12,1.091,2,0.182,0,0.0,0,0.0,2,0.182,2025-26,Regular Season,PaintTouch
1641801,Emanuel Miller,1610612759,SAS,5,0,5,33.0,44,3,2,3,0.667,0,0,0.0,4,1.333,0,0.0,0,0.0,0,0.0,0,0.0,2025-26,Regular Season,PaintTouch
1642402,Enrique Freeman,1610612750,MIN,2,1,1,8.0,8,0,0,0,0.0,0,0,0.0,0,0.0,0,0.0,0,0.0,0,0.0,0,0.0,2025-26,Regular Season,PaintTouch
201569,Eric Gordon,1610612755,PHI,6,3,3,74.0,103,1,0,0,0.0,0,0,0.0,0,0.0,1,1.0,1,1.0,0,0.0,0,0.0,2025-26,Regular Season,PaintTouch
1630679,Ethan Thompson,1610612754,IND,27,7,20,488.0,717,21,6,11,0.545,0,0,0.0,12,0.571,7,0.333,1,0.048,2,0.095,0,0.0,2025-26,Regular Season,PaintTouch
1630596,Evan Mobley,1610612739,CLE,62,38,24,1991.0,4026,469,192,255,0.753,44,78,0.564,437,0.932,114,0.243,22,0.047,31,0.066,35,0.075,2025-26,Regular Season,PaintTouch
1630532,Franz Wagner,1610612753,ORL,30,17,13,928.0,1675,81,29,55,0.527,8,10,0.8,66,0.815,15,0.185,2,0.025,4,0.049,4,0.049,2025-26,Regular Season,PaintTouch
1641713,GG Jackson,1610612763,MEM,54,16,38,1160.0,2066,76,37,54,0.685,7,8,0.875,82,1.079,14,0.184,4,0.053,3,0.039,4,0.053,2025-26,Regular Season,PaintTouch
1629216,Gabe Vincent,1610612737,ATL,50,35,15,840.0,1152,9,2,3,0.667,0,0,0.0,4,0.444,4,0.444,1,0.111,0,0.0,0,0.0,2025-26,Regular Season,PaintTouch
202066,Garrett Temple,1610612761,TOR,21,9,12,69.0,137,1,0,0,0.0,1,2,0.5,1,1.0,0,0.0,0,0.0,0,0.0,1,1.0,2025-26,Regular Season,PaintTouch
1629726,Garrison Mathews,1610612754,IND,15,4,11,196.0,255,1,0,0,0.0,0,0,0.0,0,0.0,1,1.0,1,1.0,0,0.0,0,0.0,2025-26,Regular Season,PaintTouch
203914,Gary Harris,1610612749,MIL,46,15,31,632.0,680,17,4,4,1.0,0,0,0.0,8,0.471,12,0.706,2,0.118,1,0.059,0,0.0,2025-26,Regular Season,PaintTouch
1627780,Gary Payton II,1610612744,GSW,68,32,36,1051.0,1947,255,115,158,0.728,6,8,0.75,238,0.933,74,0.29,17,0.067,8,0.031,4,0.016,2025-26,Regular Season,PaintTouch
1629018,Gary Trent Jr.,1610612749,MIL,64,24,40,1358.0,1307,5,2,4,0.5,0,0,0.0,6,1.2,0,0.0,0,0.0,0,0.0,1,0.2,2025-26,Regular Season,PaintTouch
203507,Giannis Antetokounmpo,1610612749,MIL,36,17,19,1039.0,2553,248,109,147,0.741,46,76,0.605,267,1.077,31,0.125,10,0.04,12,0.048,34,0.137,2025-26,Regular Season,PaintTouch
1629048,Goga Bitadze,1610612753,ORL,59,30,29,877.0,1272,253,109,154,0.708,30,40,0.75,253,1.0,62,0.245,13,0.051,11,0.043,17,0.067,2025-26,Regular Season,PaintTouch
1641711,Gradey Dick,1610612761,TOR,71,40,31,1042.0,1194,57,18,28,0.643,7,8,0.875,43,0.754,17,0.298,4,0.07,7,0.123,4,0.07,2025-26,Regular Season,PaintTouch
1641761,Grant Nelson,1610612751,BKN,4,0,4,35.0,59,15,3,4,0.75,2,4,0.5,8,0.533,6,0.4,1,0.067,2,0.133,2,0.133,2025-26,Regular Season,PaintTouch
1629684,Grant Williams,1610612766,CHA,32,23,9,624.0,853,48,6,8,0.75,7,8,0.875,20,0.417,31,0.646,4,0.083,2,0.042,4,0.083,2025-26,Regular Season,PaintTouch
1628960,Grayson Allen,1610612756,PHX,48,25,23,1413.0,2653,29,5,8,0.625,1,2,0.5,12,0.414,18,0.621,2,0.069,0,0.0,1,0.034,2025-26,Regular Season,PaintTouch
1627824,Guerschon Yabusele,1610612741,CHI,64,30,34,932.0,1318,86,13,27,0.481,6,10,0.6,32,0.372,41,0.477,6,0.07,6,0.07,5,0.058,2025-26,Regular Season,PaintTouch
1630611,Gui Santos,1610612744,GSW,65,29,36,1320.0,2473,175,57,78,0.731,22,31,0.71,140,0.8,65,0.371,16,0.091,12,0.069,17,0.097,2025-26,Regular Season,PaintTouch
203084,Harrison Barnes,1610612759,SAS,72,54,18,1873.0,2304,63,20,25,0.8,6,8,0.75,48,0.762,28,0.444,2,0.032,5,0.079,4,0.063,2025-26,Regular Season,PaintTouch
1631127,Harrison Ingram,1610612759,SAS,6,5,1,20.0,31,4,2,3,0.667,0,0,0.0,4,1.0,1,0.25,0,0.0,0,0.0,0,0.0,2025-26,Regular Season,PaintTouch
1629312,Haywood Highsmith,1610612756,PHX,6,3,3,80.0,92,6,1,2,0.5,2,2,1.0,5,0.833,3,0.5,1,0.167,0,0.0,1,0.167,2025-26,Regular Season,PaintTouch
1630529,Herbert Jones,1610612740,NOP,55,22,33,1580.0,2488,54,18,31,0.581,7,8,0.875,44,0.815,13,0.241,1,0.019,5,0.093,4,0.074,2025-26,Regular Season,PaintTouch
1642864,Hugo González,1610612738,BOS,72,49,23,1057.0,1243,87,29,42,0.69,4,10,0.4,62,0.713,36,0.414,4,0.046,4,0.046,5,0.057,2025-26,Regular Season,PaintTouch
1630621,Hunter Dickinson,1610612740,NOP,1,0,1,5.0,7,1,0,1,0.0,0,0,0.0,0,0.0,0,0.0,0,0.0,0,0.0,0,0.0,2025-26,Regular Season,PaintTouch
1642282,Hunter Sallis,1610612755,PHI,7,3,4,26.0,62,0,0,0,0.0,0,0,0.0,0,0.0,0,0.0,0,0.0,0,0.0,0,0.0,2025-26,Regular Season,PaintTouch
1641816,Hunter Tyson,1610612743,DEN,21,15,6,162.0,212,6,1,2,0.5,0,0,0.0,2,0.333,3,0.5,2,0.333,1,0.167,0,0.0,2025-26,Regular Season,PaintTouch
1630193,Immanuel Quickley,1610612761,TOR,67,38,29,2174.0,4921,55,19,26,0.731,3,4,0.75,43,0.782,24,0.436,5,0.091,2,0.036,2,0.036,2025-26,Regular Season,PaintTouch
1642403,Isaac Jones,1610612765,DET,6,4,2,26.0,18,3,2,2,1.0,0,0,0.0,4,1.333,1,0.333,1,0.333,0,0.0,0,0.0,2025-26,Regular Season,PaintTouch
1630171,Isaac Okoro,1610612741,CHI,61,25,36,1642.0,1786,126,42,68,0.618,9,14,0.643,94,0.746,36,0.286,6,0.048,10,0.079,7,0.056,2025-26,Regular Season,PaintTouch
1642268,Isaiah Collier,1610612762,UTA,59,16,43,1517.0,4024,26,9,9,1.0,2,2,1.0,20,0.769,14,0.538,5,0.192,1,0.038,1,0.038,2025-26,Regular Season,PaintTouch
1642384,Isaiah Crawford,1610612745,HOU,13,7,6,76.0,67,4,0,2,0.0,0,0,0.0,0,0.0,1,0.25,1,0.25,1,0.25,0,0.0,2025-26,Regular Season,PaintTouch
1628392,Isaiah Hartenstein,1610612760,OKC,44,36,8,1089.0,2066,375,132,198,0.667,33,54,0.611,307,0.819,119,0.317,28,0.075,17,0.045,28,0.075,2025-26,Regular Season,PaintTouch
1630543,Isaiah Jackson,1610612746,LAC,55,20,35,908.0,1176,269,106,162,0.654,33,48,0.688,248,0.922,59,0.219,8,0.03,17,0.063,23,0.086,2025-26,Regular Season,PaintTouch
1630198,Isaiah Joe,1610612760,OKC,68,53,15,1452.0,1907,35,5,9,0.556,6,6,1.0,16,0.457,15,0.429,5,0.143,7,0.2,3,0.086,2025-26,Regular Season,PaintTouch
1630587,Isaiah Livers,1610612756,PHX,36,21,15,347.0,379,30,5,11,0.455,3,4,0.75,13,0.433,16,0.533,4,0.133,1,0.033,2,0.067,2025-26,Regular Season,PaintTouch
1641815,Isaiah Stevens,1610612758,SAC,3,0,3,43.0,94,2,1,1,1.0,0,0,0.0,2,1.0,0,0.0,0,0.0,1,0.5,0,0.0,2025-26,Regular Season,PaintTouch
1630191,Isaiah Stewart,1610612765,DET,55,39,16,1273.0,1434,271,123,180,0.683,37,44,0.841,293,1.081,32,0.118,5,0.018,18,0.066,17,0.063,2025-26,Regular Season,PaintTouch
1627826,Ivica Zubac,1610612754,IND,48,17,31,1447.0,2304,524,190,320,0.594,46,71,0.648,437,0.834,110,0.21,22,0.042,29,0.055,34,0.065,2025-26,Regular Season,PaintTouch
1631120,JD Davison,1610612745,HOU,27,22,5,192.0,359,3,0,0,0.0,0,0,0.0,0,0.0,3,1.0,1,0.333,0,0.0,0,0.0,2025-26,Regular Season,PaintTouch
1629630,Ja Morant,1610612763,MEM,20,7,13,568.0,1431,18,7,8,0.875,0,0,0.0,14,0.778,7,0.389,1,0.056,2,0.111,0,0.0,2025-26,Regular Season,PaintTouch
1642266,Ja'Kobe Walter,1610612761,TOR,67,38,29,1337.0,1625,94,24,45,0.533,18,22,0.818,69,0.734,33,0.351,8,0.085,5,0.053,10,0.106,2025-26,Regular Season,PaintTouch
1631095,Jabari Smith Jr.,1610612745,HOU,73,45,28,2561.0,3778,180,67,108,0.62,27,32,0.844,162,0.9,40,0.222,11,0.061,8,0.044,15,0.083,2025-26,Regular Season,PaintTouch
1631133,Jabari Walker,1610612755,PHI,61,35,26,745.0,892,121,42,75,0.56,26,34,0.765,111,0.917,20,0.165,3,0.025,5,0.041,17,0.14,2025-26,Regular Season,PaintTouch
1631210,Jacob Toppin,1610612737,ATL,5,3,2,17.0,35,3,3,3,1.0,0,0,0.0,6,2.0,0,0.0,0,0.0,0,0.0,0,0.0,2025-26,Regular Season,PaintTouch
1630702,Jaden Hardy,1610612764,WAS,54,13,41,843.0,1229,6,4,4,1.0,0,0,0.0,8,1.333,2,0.333,0,0.0,0,0.0,0,0.0,2025-26,Regular Season,PaintTouch
1631093,Jaden Ivey,1610612741,CHI,37,23,14,670.0,1119,34,14,22,0.636,7,8,0.875,35,1.029,5,0.147,2,0.059,2,0.059,4,0.118,2025-26,Regular Season,PaintTouch
1630183,Jaden McDaniels,1610612750,MIN,71,43,28,2262.0,3322,117,52,72,0.722,7,8,0.875,114,0.974,30,0.256,3,0.026,8,0.068,3,0.026,2025-26,Regular Season,PaintTouch
1630256,Jae'Sean Tate,1610612745,HOU,42,30,12,353.0,454,42,17,22,0.773,2,2,1.0,38,0.905,15,0.357,1,0.024,1,0.024,1,0.024,2025-26,Regular Season,PaintTouch
1642942,Jahmai Mashack,1610612763,MEM,28,10,18,554.0,804,51,13,24,0.542,4,6,0.667,30,0.588,17,0.333,2,0.039,5,0.098,3,0.059,2025-26,Regular Season,PaintTouch
1642443,Jahmir Young,1610612748,MIA,11,8,3,51.0,113,3,0,1,0.0,0,0,0.0,0,0.0,1,0.333,0,0.0,0,0.0,0,0.0,2025-26,Regular Season,PaintTouch
1643141,Jahmyl Telfort,1610612746,LAC,8,2,6,32.0,30,0,0,0,0.0,0,0,0.0,0,0.0,0,0.0,0,0.0,0,0.0,0,0.0,2025-26,Regular Season,PaintTouch
1631170,Jaime Jaquez Jr.,1610612748,MIA,70,38,32,1977.0,4621,132,63,89,0.708,7,8,0.875,133,1.008,36,0.273,8,0.061,2,0.015,5,0.038,2025-26,Regular Season,PaintTouch
1631222,Jake LaRavia,1610612747,LAL,77,50,27,1920.0,2817,187,70,99,0.707,20,24,0.833,165,0.882,56,0.299,10,0.053,12,0.064,11,0.059,2025-26,Regular Season,PaintTouch
1627751,Jakob Poeltl,1610612761,TOR,41,23,18,1047.0,1551,309,132,182,0.725,25,36,0.694,294,0.951,80,0.259,17,0.055,19,0.061,17,0.055,2025-26,Regular Season,PaintTouch
1628973,Jalen Brunson,1610612752,NYK,71,47,24,2482.0,6495,33,8,15,0.533,0,0,0.0,16,0.485,15,0.455,5,0.152,3,0.091,0,0.0,2025-26,Regular Season,PaintTouch
1631105,Jalen Duren,1610612765,DET,66,47,19,1864.0,3280,700,305,441,0.692,135,177,0.763,765,1.093,102,0.146,9,0.013,37,0.053,85,0.121,2025-26,Regular Season,PaintTouch
1630224,Jalen Green,1610612756,PHX,29,15,14,757.0,1399,18,6,10,0.6,0,0,0.0,13,0.722,5,0.278,0,0.0,0,0.0,0,0.0,2025-26,Regular Season,PaintTouch
1630552,Jalen Johnson,1610612737,ATL,69,41,28,2432.0,6192,197,89,125,0.712,33,40,0.825,215,1.091,41,0.208,13,0.066,7,0.036,20,0.102,2025-26,Regular Season,PaintTouch
1629618,Jalen Pickett,1610612743,DEN,47,31,16,741.0,1321,26,6,10,0.6,2,2,1.0,14,0.538,13,0.5,3,0.115,2,0.077,1,0.038,2025-26,Regular Season,PaintTouch
1641771,Jalen Slawson,1610612754,IND,8,2,6,172.0,301,10,2,3,0.667,4,4,1.0,8,0.8,2,0.2,0,0.0,3,0.3,2,0.2,2025-26,Regular Season,PaintTouch
1630188,Jalen Smith,1610612741,CHI,53,26,27,1095.0,1827,196,70,102,0.686,17,22,0.773,157,0.801,53,0.27,16,0.082,15,0.077,9,0.046,2025-26,Regular Season,PaintTouch
1630591,Jalen Suggs,1610612753,ORL,52,30,22,1423.0,3328,44,20,27,0.741,2,2,1.0,42,0.955,12,0.273,3,0.068,4,0.091,1,0.023,2025-26,Regular Season,PaintTouch
1631114,Jalen Williams,1610612760,OKC,31,23,8,878.0,1695,45,19,24,0.792,3,3,1.0,41,0.911,17,0.378,4,0.089,3,0.067,2,0.044,2025-26,Regular Season,PaintTouch
1630592,Jalen Wilson,1610612751,BKN,49,8,41,716.0,992,18,6,11,0.545,2,2,1.0,15,0.833,5,0.278,1,0.056,0,0.0,1,0.056,2025-26,Regular Season,PaintTouch
1631288,Jamal Cain,1610612753,ORL,35,18,17,390.0,460,35,10,16,0.625,14,16,0.875,34,0.971,9,0.257,1,0.029,2,0.057,7,0.2,2025-26,Regular Season,PaintTouch
1627750,Jamal Murray,1610612743,DEN,72,45,27,2533.0,5485,70,28,37,0.757,18,20,0.9,75,1.071,22,0.314,5,0.071,0,0.0,10,0.143,2025-26,Regular Season,PaintTouch
1642347,Jamal Shead,1610612761,TOR,77,43,34,1734.0,3781,42,9,18,0.5,4,4,1.0,22,0.524,17,0.405,5,0.119,4,0.095,1,0.024,2025-26,Regular Season,PaintTouch
1631123,Jamaree Bouyea,1610612756,PHX,42,21,21,573.0,1101,13,4,5,0.8,1,4,0.25,9,0.692,5,0.385,1,0.077,0,0.0,2,0.154,2025-26,Regular Season,PaintTouch
201935,James Harden,1610612739,CLE,67,38,29,2345.0,5143,25,6,9,0.667,4,4,1.0,18,0.72,11,0.44,1,0.04,1,0.04,1,0.04,2025-26,Regular Season,PaintTouch
1630164,James Wiseman,1610612754,IND,4,0,4,58.0,61,13,5,7,0.714,0,0,0.0,10,0.769,2,0.154,0,0.0,3,0.231,0,0.0,2025-26,Regular Season,PaintTouch
1642364,Jamir Watkins,1610612764,WAS,44,10,34,854.0,1023,53,19,26,0.731,7,10,0.7,45,0.849,19,0.358,3,0.057,2,0.038,5,0.094,2025-26,Regular Season,PaintTouch
1642419,Jamison Battle,1610612761,TOR,56,32,24,498.0,553,45,17,27,0.63,2,4,0.5,37,0.822,12,0.267,3,0.067,4,0.089,2,0.044,2025-26,Regular Season,PaintTouch
1641716,Jarace Walker,1610612754,IND,73,15,58,1866.0,3063,82,24,43,0.558,5,8,0.625,53,0.646,28,0.341,4,0.049,6,0.073,3,0.037,2025-26,Regular Season,PaintTouch
1642272,Jared McCain,1610612760,OKC,62,43,19,1075.0,1802,15,1,3,0.333,2,2,1.0,5,0.333,9,0.6,0,0.0,2,0.133,1,0.067,2025-26,Regular Season,PaintTouch
1628991,Jaren Jackson Jr.,1610612762,UTA,48,19,29,1455.0,2340,124,43,84,0.512,23,24,0.958,110,0.887,13,0.105,3,0.024,3,0.024,11,0.089,2025-26,Regular Season,PaintTouch
1629020,Jarred Vanderbilt,1610612747,LAL,60,36,24,1051.0,1346,141,43,71,0.606,6,10,0.6,92,0.652,50,0.355,12,0.085,12,0.085,4,0.028,2025-26,Regular Season,PaintTouch
1628386,Jarrett Allen,1610612739,CLE,54,35,19,1465.0,2062,505,217,308,0.705,81,114,0.711,517,1.024,91,0.18,15,0.03,24,0.048,50,0.099,2025-26,Regular Season,PaintTouch
1642859,Jase Richardson,1610612753,ORL,51,23,28,571.0,890,20,9,10,0.9,0,0,0.0,18,0.9,6,0.3,1,0.05,2,0.1,0,0.0,2025-26,Regular Season,PaintTouch
1642914,Javon Small,1610612763,MEM,40,13,27,804.0,1561,33,11,20,0.55,0,2,0.0,23,0.697,11,0.333,3,0.091,1,0.03,1,0.03,2025-26,Regular Season,PaintTouch
1631451,Javonte Cooke,1610612757,POR,19,6,13,94.0,175,6,4,5,0.8,0,0,0.0,8,1.333,0,0.0,0,0.0,0,0.0,0,0.0,2025-26,Regular Season,PaintTouch
1629750,Javonte Green,1610612765,DET,77,56,21,1370.0,1892,120,35,58,0.603,18,26,0.692,89,0.742,38,0.317,4,0.033,6,0.05,14,0.117,2025-26,Regular Season,PaintTouch
1629637,Jaxson Hayes,1610612747,LAL,65,43,22,1179.0,1306,366,154,209,0.737,57,84,0.679,369,1.008,85,0.232,9,0.025,9,0.025,38,0.104,2025-26,Regular Season,PaintTouch
1630643,Jay Huff,1610612754,IND,77,18,59,1603.0,2211,213,87,115,0.757,20,24,0.833,197,0.925,58,0.272,8,0.038,18,0.085,11,0.052,2025-26,Regular Season,PaintTouch
1627759,Jaylen Brown,1610612738,BOS,68,44,24,2335.0,4670,92,25,45,0.556,6,6,1.0,60,0.652,33,0.359,9,0.098,5,0.054,4,0.043,2025-26,Regular Season,PaintTouch
1641740,Jaylen Clark,1610612750,MIN,63,37,26,784.0,691,61,18,31,0.581,7,10,0.7,45,0.738,22,0.361,8,0.131,1,0.016,4,0.066,2025-26,Regular Season,PaintTouch
1642377,Jaylen Wells,1610612763,MEM,69,24,45,1821.0,2167,87,35,59,0.593,13,14,0.929,84,0.966,20,0.23,4,0.046,0,0.0,7,0.08,2025-26,Regular Season,PaintTouch
1631119,Jaylin Williams,1610612760,OKC,62,51,11,1237.0,2602,68,11,20,0.55,9,10,0.9,32,0.471,34,0.5,7,0.103,6,0.088,5,0.074,2025-26,Regular Season,PaintTouch
1642281,Jaylon Tyson,1610612739,CLE,64,40,24,1727.0,2578,188,64,108,0.593,13,20,0.65,142,0.755,62,0.33,11,0.059,6,0.032,10,0.053,2025-26,Regular Season,PaintTouch
1643257,Jayson Kent,1610612757,POR,3,2,1,19.0,17,2,2,2,1.0,0,0,0.0,5,2.5,0,0.0,0,0.0,0,0.0,0,0.0,2025-26,Regular Season,PaintTouch
1628369,Jayson Tatum,1610612738,BOS,13,11,2,409.0,955,18,8,12,0.667,3,4,0.75,19,1.056,3,0.167,1,0.056,1,0.056,2,0.111,2025-26,Regular Season,PaintTouch
201145,Jeff Green,1610612745,HOU,29,21,8,151.0,153,11,4,6,0.667,0,0,0.0,8,0.727,4,0.364,1,0.091,0,0.0,0,0.0,2025-26,Regular Season,PaintTouch
203924,Jerami Grant,1610612757,POR,57,27,30,1695.0,2637,60,27,36,0.75,7,8,0.875,66,1.1,16,0.267,2,0.033,2,0.033,4,0.067,2025-26,Regular Season,PaintTouch
1642847,Jeremiah Fears,1610612740,NOP,78,25,53,1952.0,4244,72,22,36,0.611,6,8,0.75,51,0.708,24,0.333,7,0.097,5,0.069,4,0.056,2025-26,Regular Season,PaintTouch
1630526,Jeremiah Robinson-Earl,1610612742,DAL,22,8,14,361.0,477,40,16,28,0.571,2,2,1.0,35,0.875,10,0.25,1,0.025,1,0.025,1,0.025,2025-26,Regular Season,PaintTouch
1631110,Jeremy Sochan,1610612752,NYK,42,29,13,443.0,650,90,33,50,0.66,7,10,0.7,74,0.822,25,0.278,4,0.044,6,0.067,5,0.056,2025-26,Regular Season,PaintTouch
1630579,Jericho Sims,1610612749,MIL,62,23,39,1155.0,1663,276,87,107,0.813,20,32,0.625,197,0.714,129,0.467,27,0.098,17,0.062,15,0.054,2025-26,Regular Season,PaintTouch
1641724,Jett Howard,1610612753,ORL,55,28,27,695.0,755,17,5,11,0.455,3,4,0.75,13,0.765,3,0.176,0,0.0,0,0.0,1,0.059,2025-26,Regular Season,PaintTouch
1628975,Jevon Carter,1610612753,ORL,48,22,26,776.0,1480,11,2,4,0.5,0,0,0.0,5,0.455,6,0.545,1,0.091,0,0.0,0,0.0,2025-26,Regular Season,PaintTouch
202710,Jimmy Butler III,1610612744,GSW,38,23,15,1182.0,2441,246,74,111,0.667,44,52,0.846,200,0.813,90,0.366,20,0.081,7,0.028,27,0.11,2025-26,Regular Season,PaintTouch
1642866,Joan Beringer,1610612750,MIN,35,19,16,228.0,272,95,36,56,0.643,7,12,0.583,82,0.863,17,0.179,4,0.042,8,0.084,7,0.074,2025-26,Regular Season,PaintTouch
1629111,Jock Landale,1610612737,ATL,68,36,32,1506.0,2182,488,168,277,0.606,44,68,0.647,386,0.791,129,0.264,25,0.051,27,0.055,30,0.061,2025-26,Regular Season,PaintTouch
204060,Joe Ingles,1610612750,MIN,25,12,13,102.0,172,1,0,0,0.0,0,0,0.0,0,0.0,0,0.0,0,0.0,1,1.0,0,0.0,2025-26,Regular Season,PaintTouch
203954,Joel Embiid,1610612755,PHI,37,24,13,1162.0,2550,138,61,103,0.592,22,26,0.846,153,1.109,14,0.101,4,0.029,4,0.029,10,0.072,2025-26,Regular Season,PaintTouch
1628381,John Collins,1610612746,LAC,64,29,35,1758.0,2336,229,109,146,0.747,28,36,0.778,251,1.096,36,0.157,7,0.031,18,0.079,15,0.066,2025-26,Regular Season,PaintTouch
1629723,John Konchar,1610612762,UTA,52,17,35,988.0,1420,87,26,34,0.765,8,12,0.667,62,0.713,46,0.529,7,0.08,0,0.0,6,0.069,2025-26,Regular Season,PaintTouch
1642967,John Poulakidas,1610612742,DAL,8,1,7,133.0,146,2,0,0,0.0,0,0,0.0,0,0.0,2,1.0,1,0.5,0,0.0,0,0.0,2025-26,Regular Season,PaintTouch
1642910,John Tonje,1610612738,BOS,5,4,1,12.0,18,0,0,0,0.0,0,0,0.0,0,0.0,0,0.0,0,0.0,0,0.0,0,0.0,2025-26,Regular Season,PaintTouch
1641780,Johni Broome,1610612755,PHI,11,5,6,55.0,99,13,2,8,0.25,0,4,0.0,4,0.308,1,0.077,0,0.0,2,0.154,2,0.154,2025-26,Regular Season,PaintTouch
1642277,Johnny Furphy,1610612754,IND,35,10,25,643.0,958,68,19,28,0.679,3,6,0.5,43,0.632,32,0.471,5,0.074,3,0.044,4,0.059,2025-26,Regular Season,PaintTouch
1630548,Johnny Juzang,1610612750,MIN,21,13,8,88.0,121,5,3,3,1.0,0,0,0.0,6,1.2,2,0.4,1,0.2,0,0.0,0,0.0,2025-26,Regular Season,PaintTouch
202685,Jonas Valančiūnas,1610612743,DEN,60,37,23,792.0,1599,235,93,156,0.596,46,58,0.793,237,1.009,28,0.119,8,0.034,7,0.03,29,0.123,2025-26,Regular Season,PaintTouch
1628371,Jonathan Isaac,1610612753,ORL,52,29,23,521.0,613,91,28,46,0.609,13,18,0.722,70,0.769,22,0.242,3,0.033,6,0.066,8,0.088,2025-26,Regular Season,PaintTouch
1630228,Jonathan Kuminga,1610612737,ATL,33,21,12,754.0,1373,73,27,40,0.675,12,16,0.75,67,0.918,17,0.233,3,0.041,6,0.082,7,0.096,2025-26,Regular Season,PaintTouch
1642367,Jonathan Mogbo,1610612761,TOR,35,17,18,220.0,302,46,14,25,0.56,0,2,0.0,30,0.652,12,0.261,2,0.043,5,0.109,1,0.022,2025-26,Regular Season,PaintTouch
203903,Jordan Clarkson,1610612752,NYK,68,42,26,1223.0,1564,83,36,54,0.667,4,4,1.0,79,0.952,24,0.289,6,0.072,2,0.024,2,0.024,2025-26,Regular Season,PaintTouch
1630692,Jordan Goodwin,1610612756,PHX,67,37,30,1509.0,2642,131,37,79,0.468,9,14,0.643,86,0.656,33,0.252,9,0.069,7,0.053,6,0.046,2025-26,Regular Season,PaintTouch
1641722,Jordan Hawkins,1610612740,NOP,47,12,35,587.0,719,14,3,8,0.375,0,0,0.0,7,0.5,5,0.357,0,0.0,1,0.071,0,0.0,2025-26,Regular Season,PaintTouch
1629162,Jordan McLaughlin,1610612759,SAS,41,35,6,266.0,577,4,2,2,1.0,0,0,0.0,4,1.0,1,0.25,0,0.0,1,0.25,0,0.0,2025-26,Regular Season,PaintTouch
1641757,Jordan Miller,1610612746,LAC,55,33,22,1194.0,1822,82,37,51,0.725,17,18,0.944,93,1.134,17,0.207,2,0.024,4,0.049,9,0.11,2025-26,Regular Season,PaintTouch
1629673,Jordan Poole,1610612740,NOP,37,15,22,873.0,1646,8,4,6,0.667,0,0,0.0,8,1.0,2,0.25,0,0.0,0,0.0,0,0.0,2025-26,Regular Season,PaintTouch
1641775,Jordan Walsh,1610612738,BOS,63,42,21,1108.0,1140,110,40,62,0.645,7,10,0.7,93,0.845,34,0.309,6,0.055,5,0.045,5,0.045,2025-26,Regular Season,PaintTouch
1630631,Jose Alvarado,1610612752,NYK,67,27,40,1318.0,2778,20,5,6,0.833,0,0,0.0,10,0.5,11,0.55,3,0.15,1,0.05,0,0.0,2025-26,Regular Season,PaintTouch
1630581,Josh Giddey,1610612741,CHI,54,21,33,1731.0,5079,90,27,41,0.659,5,6,0.833,63,0.7,39,0.433,8,0.089,4,0.044,4,0.044,2025-26,Regular Season,PaintTouch
1630182,Josh Green,1610612766,CHA,54,35,19,877.0,777,27,5,6,0.833,0,0,0.0,10,0.37,16,0.593,2,0.074,3,0.111,0,0.0,2025-26,Regular Season,PaintTouch
1628404,Josh Hart,1610612752,NYK,63,41,22,1899.0,3755,138,32,43,0.744,11,14,0.786,78,0.565,76,0.551,17,0.123,5,0.036,7,0.051,2025-26,Regular Season,PaintTouch
1631169,Josh Minott,1610612751,BKN,48,22,26,815.0,907,68,28,37,0.757,16,18,0.889,72,1.059,16,0.235,3,0.044,4,0.059,8,0.118,2025-26,Regular Season,PaintTouch
1629006,Josh Okogie,1610612745,HOU,73,45,28,1259.0,1297,97,18,36,0.5,9,12,0.75,45,0.464,45,0.464,9,0.093,7,0.072,6,0.062,2025-26,Regular Season,PaintTouch
201950,Jrue Holiday,1610612757,POR,49,26,23,1426.0,3307,115,26,41,0.634,3,4,0.75,57,0.496,61,0.53,17,0.148,9,0.078,2,0.017,2025-26,Regular Season,PaintTouch
1630577,Julian Champagnie,1610612759,SAS,77,59,18,2127.0,2905,90,40,51,0.784,2,4,0.5,82,0.911,25,0.278,2,0.022,10,0.111,2,0.022,2025-26,Regular Season,PaintTouch
1641763,Julian Phillips,1610612750,MIN,44,17,27,370.0,324,41,16,27,0.593,0,0,0.0,32,0.78,11,0.268,2,0.049,3,0.073,0,0.0,2025-26,Regular Season,PaintTouch
1642882,Julian Reese,1610612764,WAS,7,1,6,217.0,312,62,25,37,0.676,4,8,0.5,56,0.903,13,0.21,1,0.016,4,0.065,4,0.065,2025-26,Regular Season,PaintTouch
1631124,Julian Strawther,1610612743,DEN,52,33,19,748.0,1043,18,9,11,0.818,1,2,0.5,19,1.056,3,0.167,0,0.0,2,0.111,1,0.056,2025-26,Regular Season,PaintTouch
203944,Julius Randle,1610612750,MIN,77,46,31,2550.0,4687,239,85,134,0.634,44,54,0.815,222,0.929,51,0.213,13,0.054,17,0.071,24,0.1,2025-26,Regular Season,PaintTouch
1630551,Justin Champagnie,1610612764,WAS,65,13,52,1278.0,1896,197,93,129,0.721,27,30,0.9,219,1.112,39,0.198,6,0.03,7,0.036,15,0.076,2025-26,Regular Season,PaintTouch
1642348,Justin Edwards,1610612755,PHI,59,35,24,910.0,1317,35,12,19,0.632,2,2,1.0,26,0.743,14,0.4,4,0.114,0,0.0,1,0.029,2025-26,Regular Season,PaintTouch
203994,Jusuf Nurkić,1610612762,UTA,41,14,27,1083.0,2372,243,88,153,0.575,19,44,0.432,198,0.815,47,0.193,8,0.033,13,0.053,21,0.086,2025-26,Regular Season,PaintTouch
1642354,KJ Simpson,1610612743,DEN,18,8,10,248.0,544,8,4,6,0.667,0,0,0.0,8,1.0,1,0.125,0,0.0,1,0.125,0,0.0,2025-26,Regular Season,PaintTouch
1642955,Kadary Richmond,1610612764,WAS,3,2,1,67.0,85,4,3,3,1.0,0,0,0.0,6,1.5,1,0.25,1,0.25,0,0.0,0,0.0,2025-26,Regular Season,PaintTouch
1642880,Kam Jones,1610612754,IND,32,5,27,511.0,1020,15,5,5,1.0,0,0,0.0,10,0.667,9,0.6,2,0.133,1,0.067,0,0.0,2025-26,Regular Season,PaintTouch
1626157,Karl-Anthony Towns,1610612752,NYK,72,46,26,2230.0,3749,364,134,236,0.568,67,76,0.882,345,0.948,49,0.135,16,0.044,22,0.06,39,0.107,2025-26,Regular Season,PaintTouch
1631255,Karlo Matković,1610612740,NOP,62,24,38,912.0,1031,157,78,96,0.813,13,16,0.813,169,1.076,39,0.248,8,0.051,11,0.07,6,0.038,2025-26,Regular Season,PaintTouch
1642857,Kasparas Jakučionis,1610612748,MIA,48,25,23,846.0,1549,39,9,18,0.5,2,2,1.0,20,0.513,16,0.41,3,0.077,4,0.103,1,0.026,2025-26,Regular Season,PaintTouch
202695,Kawhi Leonard,1610612746,LAC,61,35,26,1957.0,3494,114,53,75,0.707,19,21,0.905,130,1.14,22,0.193,9,0.079,3,0.026,9,0.079,2025-26,Regular Season,PaintTouch
1630811,Keaton Wallace,1610612737,ATL,51,30,21,496.0,1145,4,0,0,0.0,0,0,0.0,0,0.0,3,0.75,0,0.0,0,0.0,0,0.0,2025-26,Regular Season,PaintTouch
1631099,Keegan Murray,1610612758,SAC,23,5,18,793.0,1055,43,12,20,0.6,4,4,1.0,29,0.674,18,0.419,1,0.023,2,0.047,2,0.047,2025-26,Regular Season,PaintTouch
1642276,Kel'el Ware,1610612748,MIA,72,36,36,1589.0,2196,424,201,307,0.655,38,50,0.76,447,1.054,59,0.139,9,0.021,22,0.052,25,0.059,2025-26,Regular Season,PaintTouch
1629640,Keldon Johnson,1610612759,SAS,77,59,18,1794.0,2807,169,74,108,0.685,22,26,0.846,172,1.018,38,0.225,7,0.041,3,0.018,13,0.077,2025-26,Regular Season,PaintTouch
203482,Kelly Olynyk,1610612759,SAS,42,33,9,360.0,668,45,18,20,0.9,3,4,0.75,39,0.867,17,0.378,4,0.089,5,0.111,2,0.044,2025-26,Regular Season,PaintTouch
1626162,Kelly Oubre Jr.,1610612755,PHI,45,25,20,1439.0,2105,80,36,58,0.621,13,14,0.929,87,1.088,9,0.113,1,0.013,4,0.05,8,0.1,2025-26,Regular Season,PaintTouch
1631113,Kennedy Chandler,1610612762,UTA,8,0,8,251.0,566,7,2,2,1.0,0,0,0.0,4,0.571,4,0.571,0,0.0,0,0.0,0,0.0,2025-26,Regular Season,PaintTouch
1629026,Kenrich Williams,1610612760,OKC,51,38,13,767.0,1080,77,29,41,0.707,1,2,0.5,62,0.805,29,0.377,3,0.039,2,0.026,1,0.013,2025-26,Regular Season,PaintTouch
203484,Kentavious Caldwell-Pope,1610612763,MEM,51,20,31,1088.0,2061,20,6,10,0.6,6,6,1.0,18,0.9,7,0.35,3,0.15,0,0.0,3,0.15,2025-26,Regular Season,PaintTouch
1631165,Keon Ellis,1610612739,CLE,68,28,40,1377.0,1645,59,14,21,0.667,5,6,0.833,33,0.559,25,0.424,5,0.085,7,0.119,2,0.034,2025-26,Regular Season,PaintTouch
1642352,Keshad Johnson,1610612748,MIA,27,13,14,210.0,379,32,9,19,0.474,6,8,0.75,24,0.75,9,0.281,1,0.031,0,0.0,4,0.125,2025-26,Regular Season,PaintTouch
1642933,Keshon Gilbert,1610612737,ATL,3,0,3,48.0,52,3,1,1,1.0,2,2,1.0,4,1.333,1,0.333,0,0.0,0,0.0,1,0.333,2025-26,Regular Season,PaintTouch
201142,Kevin Durant,1610612745,HOU,74,45,29,2690.0,4758,61,37,45,0.822,11,12,0.917,86,1.41,6,0.098,0,0.0,4,0.066,4,0.066,2025-26,Regular Season,PaintTouch
1628989,Kevin Huerter,1610612765,DET,65,37,28,1456.0,2427,99,50,75,0.667,4,8,0.5,105,1.061,17,0.172,3,0.03,0,0.0,4,0.04,2025-26,Regular Season,PaintTouch
201567,Kevin Love,1610612762,UTA,37,10,27,613.0,1129,59,14,36,0.389,10,12,0.833,39,0.661,13,0.22,2,0.034,3,0.051,5,0.085,2025-26,Regular Season,PaintTouch
1641755,Kevin McCullar Jr.,1610612752,NYK,20,11,9,130.0,216,11,4,7,0.571,0,2,0.0,8,0.727,3,0.273,0,0.0,0,0.0,1,0.091,2025-26,Regular Season,PaintTouch
1629645,Kevin Porter Jr.,1610612749,MIL,38,18,20,1261.0,3025,43,13,21,0.619,2,2,1.0,30,0.698,16,0.372,3,0.07,3,0.07,1,0.023,2025-26,Regular Season,PaintTouch
1626172,Kevon Looney,1610612740,NOP,19,2,17,254.0,412,55,19,31,0.613,4,4,1.0,42,0.764,20,0.364,6,0.109,2,0.036,2,0.036,2025-26,Regular Season,PaintTouch
1641718,Keyonte George,1610612762,UTA,54,16,38,1786.0,4252,35,16,23,0.696,6,8,0.75,39,1.114,7,0.2,1,0.029,0,0.0,4,0.114,2025-26,Regular Season,PaintTouch
1642863,Khaman Maluach,1610612756,PHX,42,20,22,343.0,428,93,35,57,0.614,11,16,0.688,81,0.871,17,0.183,1,0.011,7,0.075,7,0.075,2025-26,Regular Season,PaintTouch
203114,Khris Middleton,1610612742,DAL,58,16,42,1353.0,1887,59,15,30,0.5,8,10,0.8,39,0.661,20,0.339,3,0.051,2,0.034,4,0.068,2025-26,Regular Season,PaintTouch
1630165,Killian Hayes,1610612758,SAC,19,9,10,315.0,679,8,2,3,0.667,0,0,0.0,4,0.5,5,0.625,2,0.25,0,0.0,0,0.0,2025-26,Regular Season,PaintTouch
202691,Klay Thompson,1610612742,DAL,66,19,47,1442.0,1659,30,14,24,0.583,0,2,0.0,28,0.933,4,0.133,0,0.0,1,0.033,1,0.033,2025-26,Regular Season,PaintTouch
1641738,Kobe Brown,1610612754,IND,57,17,40,845.0,1234,88,28,46,0.609,10,12,0.833,66,0.75,30,0.341,4,0.045,4,0.045,6,0.068,2025-26,Regular Season,PaintTouch
1641723,Kobe Bufkin,1610612747,LAL,13,9,4,94.0,158,2,1,1,1.0,0,0,0.0,2,1.0,0,0.0,0,0.0,0,0.0,0,0.0,2025-26,Regular Season,PaintTouch
1642920,Kobe Sanders,1610612746,LAC,63,33,30,1249.0,1725,43,18,27,0.667,0,0,0.0,38,0.884,13,0.302,3,0.07,1,0.023,0,0.0,2025-26,Regular Season,PaintTouch
1642886,Koby Brea,1610612756,PHX,9,4,5,40.0,70,0,0,0,0.0,0,0,0.0,0,0.0,0,0.0,0,0.0,0,0.0,0,0.0,2025-26,Regular Season,PaintTouch
1642851,Kon Knueppel,1610612766,CHA,77,42,35,2424.0,3959,108,28,42,0.667,10,10,1.0,67,0.62,52,0.481,8,0.074,6,0.056,5,0.046,2025-26,Regular Season,PaintTouch
1627739,Kris Dunn,1610612746,LAC,77,39,38,2101.0,3967,110,29,45,0.644,4,4,1.0,62,0.564,59,0.536,17,0.155,2,0.018,0,0.0,2025-26,Regular Season,PaintTouch
1631200,Kris Murray,1610612757,POR,53,26,27,1249.0,1094,132,32,55,0.582,12,14,0.857,79,0.598,55,0.417,10,0.076,8,0.061,7,0.053,2025-26,Regular Season,PaintTouch
204001,Kristaps Porziņģis,1610612744,GSW,29,13,16,696.0,1182,132,48,72,0.667,34,42,0.81,134,1.015,14,0.106,1,0.008,7,0.053,21,0.159,2025-26,Regular Season,PaintTouch
203937,Kyle Anderson,1610612750,MIN,39,13,26,763.0,1288,71,24,37,0.649,4,10,0.4,53,0.746,22,0.31,6,0.085,5,0.07,5,0.07,2025-26,Regular Season,PaintTouch
1642271,Kyle Filipowski,1610612762,UTA,75,21,54,1745.0,3078,239,91,142,0.641,32,45,0.711,219,0.916,49,0.205,11,0.046,13,0.054,25,0.105,2025-26,Regular Season,PaintTouch
1628398,Kyle Kuzma,1610612749,MIL,67,29,38,1763.0,2943,161,68,113,0.602,10,18,0.556,148,0.919,31,0.193,10,0.062,4,0.025,8,0.05,2025-26,Regular Season,PaintTouch
200768,Kyle Lowry,1610612755,PHI,13,8,5,113.0,166,0,0,0,0.0,0,0,0.0,0,0.0,0,0.0,0,0.0,0,0.0,0,0.0,2025-26,Regular Season,PaintTouch
1642273,Kyshawn George,1610612764,WAS,48,10,38,1391.0,2798,50,18,25,0.72,4,4,1.0,41,0.82,18,0.36,5,0.1,0,0.0,2,0.04,2025-26,Regular Season,PaintTouch
1643018,LJ Cryer,1610612744,GSW,17,6,11,277.0,504,6,1,1,1.0,0,0,0.0,2,0.333,4,0.667,0,0.0,0,0.0,0,0.0,2025-26,Regular Season,PaintTouch
1630163,LaMelo Ball,1610612766,CHA,68,39,29,1888.0,4936,62,22,33,0.667,0,0,0.0,48,0.774,20,0.323,4,0.065,4,0.065,1,0.016,2025-26,Regular Season,PaintTouch
1642950,Lachlan Olbrich,1610612741,CHI,32,7,25,227.0,361,46,16,22,0.727,3,6,0.5,35,0.761,16,0.348,4,0.087,3,0.065,3,0.065,2025-26,Regular Season,PaintTouch
1629013,Landry Shamet,1610612752,NYK,48,32,16,1102.0,1353,40,15,20,0.75,2,2,1.0,34,0.85,17,0.425,4,0.1,2,0.05,0,0.0,2025-26,Regular Season,PaintTouch
1626204,Larry Nance Jr.,1610612739,CLE,31,22,9,369.0,476,56,13,32,0.406,1,2,0.5,27,0.482,17,0.304,2,0.036,3,0.054,1,0.018,2025-26,Regular Season,PaintTouch
1628374,Lauri Markkanen,1610612762,UTA,42,17,25,1443.0,2223,218,110,162,0.679,29,34,0.853,259,1.188,16,0.073,1,0.005,7,0.032,15,0.069,2025-26,Regular Season,PaintTouch
1643133,Lawson Lovering,1610612763,MEM,2,1,1,49.0,43,14,6,9,0.667,1,2,0.5,13,0.929,3,0.214,1,0.071,1,0.071,1,0.071,2025-26,Regular Season,PaintTouch
2544,LeBron James,1610612747,LAL,56,36,20,1870.0,3870,196,81,116,0.698,25,37,0.676,190,0.969,38,0.194,8,0.041,12,0.061,19,0.097,2025-26,Regular Season,PaintTouch
1641778,Leaky Black,1610612764,WAS,9,1,8,281.0,313,17,6,11,0.545,1,2,0.5,13,0.765,5,0.294,0,0.0,0,0.0,1,0.059,2025-26,Regular Season,PaintTouch
1631159,Leonard Miller,1610612741,CHI,41,16,25,548.0,892,72,36,44,0.818,4,6,0.667,78,1.083,20,0.278,4,0.056,3,0.042,3,0.042,2025-26,Regular Season,PaintTouch
1642862,Liam McNeeley,1610612766,CHA,30,11,19,363.0,467,11,2,4,0.5,0,0,0.0,4,0.364,6,0.545,1,0.091,1,0.091,0,0.0,2025-26,Regular Season,PaintTouch
1630322,Lindy Waters III,1610612759,SAS,39,30,9,280.0,393,4,1,1,1.0,0,0,0.0,2,0.5,3,0.75,0,0.0,0,0.0,0,0.0,2025-26,Regular Season,PaintTouch
1628366,Lonzo Ball,1610612739,CLE,35,19,16,728.0,1621,36,5,7,0.714,3,4,0.75,13,0.361,24,0.667,1,0.028,2,0.056,1,0.028,2025-26,Regular Season,PaintTouch
1631351,Lucas Williamson,1610612763,MEM,2,0,2,28.0,46,2,0,1,0.0,0,0,0.0,0,0.0,1,0.5,1,0.5,0,0.0,0,0.0,2025-26,Regular Season,PaintTouch
1629652,Luguentz Dort,1610612760,OKC,64,50,14,1744.0,1835,75,13,16,0.813,7,8,0.875,33,0.44,46,0.613,9,0.12,5,0.067,4,0.053,2025-26,Regular Season,PaintTouch
1629029,Luka Dončić,1610612747,LAL,64,43,21,2289.0,5621,60,18,27,0.667,13,20,0.65,49,0.817,13,0.217,2,0.033,7,0.117,9,0.15,2025-26,Regular Season,PaintTouch
1630568,Luka Garza,1610612738,BOS,67,45,22,1064.0,1505,282,100,156,0.641,54,72,0.75,259,0.918,65,0.23,10,0.035,14,0.05,35,0.124,2025-26,Regular Season,PaintTouch
1628379,Luke Kennard,1610612747,LAL,73,42,31,1545.0,1965,39,14,20,0.7,2,2,1.0,30,0.769,15,0.385,7,0.179,1,0.026,1,0.026,2025-26,Regular Season,PaintTouch
1628436,Luke Kornet,1610612759,SAS,64,49,15,1350.0,1707,426,148,233,0.635,51,60,0.85,348,0.817,130,0.305,22,0.052,14,0.033,31,0.073,2025-26,Regular Season,PaintTouch
1631247,Luke Travers,1610612739,CLE,12,6,6,103.0,158,11,2,4,0.5,2,2,1.0,6,0.545,6,0.545,0,0.0,0,0.0,1,0.091,2025-26,Regular Season,PaintTouch
1630644,Mac McClung,1610612741,CHI,6,0,6,63.0,125,4,2,2,1.0,0,0,0.0,7,1.75,2,0.5,0,0.0,0,0.0,0,0.0,2025-26,Regular Season,PaintTouch
1641869,Malachi Smith,1610612751,BKN,10,1,9,182.0,351,8,1,3,0.333,0,0,0.0,2,0.25,5,0.625,0,0.0,0,0.0,0,0.0,2025-26,Regular Season,PaintTouch
1631103,Malaki Branham,1610612764,WAS,28,7,21,275.0,446,12,4,5,0.8,6,6,1.0,14,1.167,3,0.25,1,0.083,0,0.0,3,0.25,2025-26,Regular Season,PaintTouch
1642502,Malevy Leons,1610612744,GSW,21,6,15,203.0,276,40,10,18,0.556,0,0,0.0,20,0.5,17,0.425,6,0.15,2,0.05,0,0.0,2025-26,Regular Season,PaintTouch
1628370,Malik Monk,1610612758,SAC,59,17,42,1329.0,2308,28,13,19,0.684,0,0,0.0,26,0.929,5,0.179,0,0.0,3,0.107,0,0.0,2025-26,Regular Season,PaintTouch
1630699,MarJon Beauchamp,1610612755,PHI,12,6,6,190.0,266,7,2,4,0.5,1,1,1.0,5,0.714,3,0.429,1,0.143,0,0.0,1,0.143,2025-26,Regular Season,PaintTouch
1631204,Marcus Sasser,1610612765,DET,33,24,9,413.0,756,5,2,2,1.0,0,0,0.0,4,0.8,3,0.6,1,0.2,0,0.0,0,0.0,2025-26,Regular Season,PaintTouch
203935,Marcus Smart,1610612747,LAL,60,39,21,1725.0,2640,40,12,19,0.632,4,4,1.0,28,0.7,17,0.425,5,0.125,2,0.05,2,0.05,2025-26,Regular Season,PaintTouch
1641813,Mark Sears,1610612749,MIL,7,1,6,26.0,54,0,0,0,0.0,0,0,0.0,0,0.0,0,0.0,0,0.0,0,0.0,0,0.0,2025-26,Regular Season,PaintTouch
1631109,Mark Williams,1610612756,PHX,57,33,24,1342.0,1983,432,204,305,0.669,57,70,0.814,482,1.116,54,0.125,8,0.019,15,0.035,33,0.076,2025-26,Regular Season,PaintTouch
1628365,Markelle Fultz,1610612761,TOR,5,3,2,36.0,64,0,0,0,0.0,0,0,0.0,0,0.0,0,0.0,0,0.0,0,0.0,0,0.0,2025-26,Regular Season,PaintTouch
1628963,Marvin Bagley III,1610612742,DAL,56,15,41,1119.0,1727,294,140,198,0.707,34,58,0.586,318,1.082,44,0.15,5,0.017,17,0.058,28,0.095,2025-26,Regular Season,PaintTouch
203486,Mason Plumlee,1610612759,SAS,19,10,9,156.0,226,35,8,10,0.8,4,4,1.0,22,0.629,17,0.486,4,0.114,6,0.171,2,0.057,2025-26,Regular Season,PaintTouch
1641824,Matas Buzelis,1610612741,CHI,76,28,48,2222.0,3973,163,66,90,0.733,31,40,0.775,162,0.994,32,0.196,4,0.025,10,0.061,20,0.123,2025-26,Regular Season,PaintTouch
1629680,Matisse Thybulle,1610612757,POR,26,15,11,397.0,545,12,1,5,0.2,0,0,0.0,2,0.167,6,0.5,0,0.0,1,0.083,0,0.0,2025-26,Regular Season,PaintTouch
1631108,Max Christie,1610612742,DAL,72,22,50,2114.0,2859,39,12,21,0.571,4,4,1.0,28,0.718,12,0.308,1,0.026,3,0.077,0,0.0,2025-26,Regular Season,PaintTouch
1642917,Max Shulga,1610612738,BOS,9,6,3,13.0,24,2,0,0,0.0,2,2,1.0,2,1.0,1,0.5,0,0.0,0,0.0,1,0.5,2025-26,Regular Season,PaintTouch
1629622,Max Strus,1610612739,CLE,8,6,2,195.0,321,5,2,2,1.0,0,0,0.0,4,0.8,3,0.6,0,0.0,0,0.0,0,0.0,2025-26,Regular Season,PaintTouch
1628467,Maxi Kleber,1610612747,LAL,38,17,21,403.0,453,54,9,20,0.45,8,12,0.667,26,0.481,22,0.407,4,0.074,1,0.019,6,0.111,2025-26,Regular Season,PaintTouch
1642875,Maxime Raynaud,1610612758,SAC,70,20,50,1828.0,3048,526,230,359,0.641,48,68,0.706,518,0.985,93,0.177,15,0.029,27,0.051,33,0.063,2025-26,Regular Season,PaintTouch
1642877,Micah Peavy,1610612740,NOP,57,16,41,772.0,824,69,26,47,0.553,3,6,0.5,55,0.797,18,0.261,3,0.043,1,0.014,3,0.043,2025-26,Regular Season,PaintTouch
1630695,Micah Potter,1610612754,IND,42,10,32,774.0,1201,140,47,64,0.734,42,48,0.875,138,0.986,38,0.271,10,0.071,6,0.043,24,0.171,2025-26,Regular Season,PaintTouch
1629008,Michael Porter Jr.,1610612751,BKN,52,14,38,1689.0,3063,184,89,124,0.718,30,34,0.882,221,1.201,19,0.103,4,0.022,14,0.076,16,0.087,2025-26,Regular Season,PaintTouch
1628969,Mikal Bridges,1610612752,NYK,78,50,28,2596.0,4381,182,75,106,0.708,18,18,1.0,168,0.923,55,0.302,10,0.055,5,0.027,9,0.049,2025-26,Regular Season,PaintTouch
201144,Mike Conley,1610612750,MIN,51,31,20,925.0,1916,12,0,2,0.0,0,0,0.0,0,0.0,8,0.667,3,0.25,2,0.167,0,0.0,2025-26,Regular Season,PaintTouch
1628970,Miles Bridges,1610612766,CHA,73,40,33,2274.0,3795,156,74,97,0.763,23,28,0.821,175,1.122,39,0.25,4,0.026,3,0.019,14,0.09,2025-26,Regular Season,PaintTouch
1642939,Miles Kelly,1610612742,DAL,14,7,7,134.0,155,4,3,4,0.75,0,0,0.0,7,1.75,0,0.0,0,0.0,0,0.0,0,0.0,2025-26,Regular Season,PaintTouch
1630540,Miles McBride,1610612752,NYK,38,23,15,1017.0,1803,28,7,11,0.636,1,2,0.5,15,0.536,15,0.536,4,0.143,1,0.036,1,0.036,2025-26,Regular Season,PaintTouch
1629011,Mitchell Robinson,1610612752,NYK,58,38,20,1136.0,1132,354,138,189,0.73,15,42,0.357,295,0.833,106,0.299,21,0.059,22,0.062,21,0.059,2025-26,Regular Season,PaintTouch
1628964,Mo Bamba,1610612762,UTA,4,3,1,44.0,63,16,4,9,0.444,0,0,0.0,8,0.5,4,0.25,0,0.0,1,0.063,0,0.0,2025-26,Regular Season,PaintTouch
1642885,Mohamed Diawara,1610612752,NYK,67,41,26,590.0,924,25,6,12,0.5,0,0,0.0,12,0.48,9,0.36,0,0.0,4,0.16,0,0.0,2025-26,Regular Season,PaintTouch
1628420,Monte Morris,1610612754,IND,6,0,6,65.0,152,3,2,2,1.0,0,0,0.0,4,1.333,1,0.333,0,0.0,0,0.0,0,0.0,2025-26,Regular Season,PaintTouch
1629021,Moritz Wagner,1610612753,ORL,34,19,15,416.0,707,76,22,46,0.478,15,18,0.833,61,0.803,16,0.211,0,0.0,2,0.026,9,0.118,2025-26,Regular Season,PaintTouch
1630541,Moses Moody,1610612744,GSW,60,30,30,1540.0,1871,87,27,42,0.643,7,10,0.7,62,0.713,29,0.333,4,0.046,6,0.069,5,0.057,2025-26,Regular Season,PaintTouch
1631243,Mouhamed Gueye,1610612737,ATL,74,43,31,1143.0,1400,181,60,100,0.6,17,24,0.708,141,0.779,51,0.282,7,0.039,15,0.083,11,0.061,2025-26,Regular Season,PaintTouch
1630619,Moussa Cisse,1610612742,DAL,35,10,25,448.0,482,143,45,79,0.57,15,32,0.469,108,0.755,34,0.238,1,0.007,8,0.056,15,0.105,2025-26,Regular Season,PaintTouch
1631217,Moussa Diabaté,1610612766,CHA,69,38,31,1791.0,2510,568,158,246,0.642,47,71,0.662,373,0.657,222,0.391,42,0.074,33,0.058,36,0.063,2025-26,Regular Season,PaintTouch
1626167,Myles Turner,1610612749,MIL,69,28,41,1863.0,2205,210,64,104,0.615,43,58,0.741,178,0.848,51,0.243,7,0.033,17,0.081,29,0.138,2025-26,Regular Season,PaintTouch
1642066,Myron Gardner,1610612748,MIA,41,22,19,395.0,673,45,10,18,0.556,2,4,0.5,23,0.511,23,0.511,3,0.067,0,0.0,2,0.044,2025-26,Regular Season,PaintTouch
1642368,N'Faly Dante,1610612737,ATL,4,3,1,15.0,20,3,0,2,0.0,0,0,0.0,0,0.0,0,0.0,0,0.0,1,0.333,0,0.0,2025-26,Regular Season,PaintTouch
1641772,Nae'Qwan Tomlin,1610612739,CLE,60,39,21,913.0,1011,168,64,98,0.653,20,26,0.769,148,0.881,46,0.274,6,0.036,8,0.048,12,0.071,2025-26,Regular Season,PaintTouch
1630230,Naji Marshall,1610612742,DAL,72,24,48,2132.0,3490,118,49,72,0.681,15,16,0.938,117,0.992,32,0.271,7,0.059,3,0.025,8,0.068,2025-26,Regular Season,PaintTouch
1631466,Nate Williams,1610612744,GSW,12,2,10,192.0,211,30,10,16,0.625,2,2,1.0,22,0.733,10,0.333,2,0.067,2,0.067,1,0.033,2025-26,Regular Season,PaintTouch
1629675,Naz Reid,1610612750,MIN,74,45,29,1935.0,3702,119,47,69,0.681,9,16,0.563,106,0.891,33,0.277,4,0.034,5,0.042,8,0.067,2025-26,Regular Season,PaintTouch
1629674,Neemias Queta,1610612738,BOS,72,49,23,1830.0,2533,597,256,369,0.694,66,92,0.717,587,0.983,127,0.213,21,0.035,22,0.037,45,0.075,2025-26,Regular Season,PaintTouch
1629651,Nic Claxton,1610612751,BKN,69,17,52,1920.0,3348,488,196,289,0.678,34,57,0.596,436,0.893,121,0.248,26,0.053,22,0.045,30,0.061,2025-26,Regular Season,PaintTouch
1630208,Nick Richards,1610612741,CHI,48,20,28,701.0,973,221,75,141,0.532,28,49,0.571,180,0.814,29,0.131,1,0.005,14,0.063,25,0.113,2025-26,Regular Season,PaintTouch
1641733,Nick Smith Jr.,1610612747,LAL,25,12,13,318.0,593,6,2,5,0.4,0,0,0.0,4,0.667,1,0.167,0,0.0,0,0.0,0,0.0,2025-26,Regular Season,PaintTouch
1629638,Nickeil Alexander-Walker,1610612737,ATL,75,42,33,2493.0,4460,90,34,47,0.723,14,16,0.875,82,0.911,32,0.356,10,0.111,1,0.011,8,0.089,2025-26,Regular Season,PaintTouch
201587,Nicolas Batum,1610612746,LAC,71,38,33,1262.0,1668,13,1,3,0.333,0,0,0.0,2,0.154,8,0.615,1,0.077,2,0.154,0,0.0,2025-26,Regular Season,PaintTouch
1628502,Nigel Hayes-Davis,1610612756,PHX,27,15,12,195.0,230,13,5,9,0.556,0,0,0.0,10,0.769,3,0.231,1,0.077,1,0.077,0,0.0,2025-26,Regular Season,PaintTouch
203999,Nikola Jokić,1610612743,DEN,61,39,22,2128.0,6136,470,202,303,0.667,72,86,0.837,487,1.036,89,0.189,31,0.066,13,0.028,37,0.079,2025-26,Regular Season,PaintTouch
1631107,Nikola Jović,1610612748,MIA,46,23,23,795.0,1542,55,12,22,0.545,6,8,0.75,30,0.545,27,0.491,3,0.055,1,0.018,4,0.073,2025-26,Regular Season,PaintTouch
1642260,Nikola Topić,1610612760,OKC,6,4,2,65.0,149,5,1,2,0.5,0,0,0.0,2,0.4,1,0.2,0,0.0,2,0.4,0,0.0,2025-26,Regular Season,PaintTouch
202696,Nikola Vučević,1610612738,BOS,60,32,28,1740.0,3653,417,144,244,0.59,23,26,0.885,314,0.753,126,0.302,23,0.055,14,0.034,13,0.031,2025-26,Regular Season,PaintTouch
1642363,Nique Clifford,1610612758,SAC,71,20,51,1732.0,2688,73,27,38,0.711,3,6,0.5,57,0.781,26,0.356,5,0.068,5,0.068,2,0.027,2025-26,Regular Season,PaintTouch
1642855,Noa Essengue,1610612741,CHI,2,1,1,6.0,9,1,0,1,0.0,0,0,0.0,0,0.0,0,0.0,0,0.0,0,0.0,0,0.0,2025-26,Regular Season,PaintTouch
1641730,Noah Clowney,1610612751,BKN,66,17,49,1780.0,2507,66,18,31,0.581,8,10,0.8,46,0.697,21,0.318,7,0.106,3,0.045,5,0.076,2025-26,Regular Season,PaintTouch
1642869,Noah Penda,1610612753,ORL,56,27,29,741.0,1253,76,15,28,0.536,3,4,0.75,33,0.434,36,0.474,6,0.079,7,0.092,2,0.026,2025-26,Regular Season,PaintTouch
1642849,Nolan Traore,1610612751,BKN,53,12,41,1190.0,2874,19,5,10,0.5,2,2,1.0,12,0.632,6,0.316,1,0.053,2,0.105,1,0.053,2025-26,Regular Season,PaintTouch
1641807,Norchad Omier,1610612746,LAC,3,3,0,14.0,26,6,3,3,1.0,0,0,0.0,6,1.0,2,0.333,0,0.0,0,0.0,0,0.0,2025-26,Regular Season,PaintTouch
1626181,Norman Powell,1610612748,MIA,55,28,27,1654.0,2523,24,12,15,0.8,1,2,0.5,26,1.083,8,0.333,1,0.042,0,0.0,1,0.042,2025-26,Regular Season,PaintTouch
1628384,OG Anunoby,1610612752,NYK,64,42,22,2135.0,2832,175,67,91,0.736,19,22,0.864,155,0.886,57,0.326,16,0.091,9,0.051,11,0.063,2025-26,Regular Season,PaintTouch
1630167,Obi Toppin,1610612754,IND,19,3,16,322.0,690,46,25,29,0.862,2,2,1.0,53,1.152,7,0.152,1,0.022,2,0.043,1,0.022,2025-26,Regular Season,PaintTouch
1630534,Ochai Agbaji,1610612751,BKN,61,27,34,955.0,1184,78,33,48,0.688,7,8,0.875,73,0.936,21,0.269,2,0.026,4,0.051,4,0.051,2025-26,Regular Season,PaintTouch
1630846,Olivier Sarr,1610612739,CLE,1,1,0,4.0,6,0,0,0,0.0,0,0,0.0,0,0.0,0,0.0,0,0.0,0,0.0,0,0.0,2025-26,Regular Season,PaintTouch
1641765,Olivier-Maxence Prosper,1610612763,MEM,51,16,35,950.0,1310,119,42,57,0.737,18,24,0.75,103,0.866,32,0.269,6,0.05,8,0.067,11,0.092,2025-26,Regular Season,PaintTouch
1630209,Omer Yurtseven,1610612744,GSW,9,3,6,104.0,190,27,8,16,0.5,6,12,0.5,22,0.815,1,0.037,0,0.0,4,0.148,6,0.222,2025-26,Regular Season,PaintTouch
1630168,Onyeka Okongwu,1610612737,ATL,71,40,31,2201.0,3698,382,131,208,0.63,58,76,0.763,324,0.848,106,0.277,17,0.045,14,0.037,38,0.099,2025-26,Regular Season,PaintTouch
1631115,Orlando Robinson,1610612753,ORL,4,2,2,25.0,45,4,2,3,0.667,0,0,0.0,4,1.0,1,0.25,0,0.0,0,0.0,0,0.0,2025-26,Regular Season,PaintTouch
1631131,Oscar Tshiebwe,1610612762,UTA,23,2,21,347.0,430,129,49,72,0.681,10,15,0.667,110,0.853,36,0.279,8,0.062,12,0.093,8,0.062,2025-26,Regular Season,PaintTouch
1642345,Oso Ighodaro,1610612756,PHX,77,42,35,1715.0,2585,324,119,173,0.688,21,35,0.6,262,0.809,106,0.327,16,0.049,13,0.04,17,0.052,2025-26,Regular Season,PaintTouch
1631172,Ousmane Dieng,1610612749,MIL,52,31,21,932.0,1565,37,8,15,0.533,1,2,0.5,17,0.459,16,0.432,2,0.054,4,0.108,1,0.027,2025-26,Regular Season,PaintTouch
1629023,P.J. Washington,1610612742,DAL,55,15,40,1706.0,2711,181,75,124,0.605,17,28,0.607,172,0.95,29,0.16,7,0.039,6,0.033,13,0.072,2025-26,Regular Season,PaintTouch
1641790,PJ Hall,1610612766,CHA,19,7,12,213.0,298,89,23,47,0.489,11,14,0.786,57,0.64,26,0.292,5,0.056,8,0.09,7,0.079,2025-26,Regular Season,PaintTouch
1642359,Pacôme Dadiet,1610612752,NYK,27,17,10,105.0,157,9,1,2,0.5,0,0,0.0,2,0.222,6,0.667,0,0.0,1,0.111,0,0.0,2025-26,Regular Season,PaintTouch
1631094,Paolo Banchero,1610612753,ORL,67,34,33,2332.0,5099,182,74,102,0.725,32,40,0.8,185,1.016,40,0.22,8,0.044,12,0.066,20,0.11,2025-26,Regular Season,PaintTouch
1627783,Pascal Siakam,1610612754,IND,62,17,45,2057.0,4308,194,85,124,0.685,9,16,0.563,186,0.959,40,0.206,6,0.031,14,0.072,9,0.046,2025-26,Regular Season,PaintTouch
1626192,Pat Connaughton,1610612766,CHA,39,24,15,287.0,451,15,2,3,0.667,1,2,0.5,5,0.333,9,0.6,2,0.133,1,0.067,1,0.067,2025-26,Regular Season,PaintTouch
1630311,Pat Spencer,1610612744,GSW,61,29,32,1105.0,2717,82,25,41,0.61,2,2,1.0,53,0.646,35,0.427,12,0.146,4,0.049,1,0.012,2025-26,Regular Season,PaintTouch
1631116,Patrick Baldwin Jr.,1610612758,SAC,9,3,6,102.0,111,12,2,7,0.286,0,0,0.0,5,0.417,5,0.417,1,0.083,0,0.0,0,0.0,2025-26,Regular Season,PaintTouch
1630172,Patrick Williams,1610612741,CHI,67,22,45,1316.0,1972,54,12,29,0.414,3,6,0.5,27,0.5,13,0.241,4,0.074,6,0.111,3,0.056,2025-26,Regular Season,PaintTouch
202331,Paul George,1610612755,PHI,32,20,12,990.0,2037,31,5,12,0.417,4,4,1.0,15,0.484,14,0.452,3,0.097,1,0.032,2,0.065,2025-26,Regular Season,PaintTouch
1630194,Paul Reed,1610612765,DET,60,43,17,823.0,1337,239,89,143,0.622,13,16,0.813,196,0.82,66,0.276,16,0.067,18,0.075,8,0.033,2025-26,Regular Season,PaintTouch
1630202,Payton Pritchard,1610612738,BOS,75,51,24,2431.0,5181,54,16,22,0.727,0,0,0.0,34,0.63,28,0.519,4,0.074,2,0.037,0,0.0,2025-26,Regular Season,PaintTouch
1642362,Payton Sandfort,1610612760,OKC,2,2,0,7.0,11,2,0,1,0.0,1,2,0.5,1,0.5,0,0.0,0,0.0,0,0.0,1,0.5,2025-26,Regular Season,PaintTouch
1641796,Pelle Larsson,1610612748,MIA,66,36,30,1740.0,2522,132,47,71,0.662,12,16,0.75,106,0.803,41,0.311,9,0.068,8,0.061,8,0.061,2025-26,Regular Season,PaintTouch
1631250,Pete Nance,1610612749,MIL,44,13,31,669.0,1024,72,31,43,0.721,0,0,0.0,62,0.861,23,0.319,6,0.083,5,0.069,0,0.0,2025-26,Regular Season,PaintTouch
1631212,Peyton Watson,1610612743,DEN,54,36,18,1598.0,2777,156,48,91,0.527,20,28,0.714,119,0.763,41,0.263,8,0.051,7,0.045,14,0.09,2025-26,Regular Season,PaintTouch
1630173,Precious Achiuwa,1610612758,SAC,69,19,50,1631.0,2064,307,131,209,0.627,22,42,0.524,289,0.941,52,0.169,9,0.029,19,0.062,20,0.065,2025-26,Regular Season,PaintTouch
1629656,Quentin Grimes,1610612755,PHI,70,40,30,2095.0,3409,51,21,28,0.75,6,8,0.75,48,0.941,14,0.275,3,0.059,1,0.02,4,0.078,2025-26,Regular Season,PaintTouch
1631245,Quenton Jackson,1610612754,IND,44,9,35,761.0,1621,23,11,15,0.733,2,2,1.0,24,1.043,5,0.217,0,0.0,0,0.0,1,0.043,2025-26,Regular Season,PaintTouch
1642366,Quinten Post,1610612744,GSW,67,32,35,1159.0,2144,144,53,70,0.757,12,16,0.75,118,0.819,48,0.333,6,0.042,11,0.076,7,0.049,2025-26,Regular Season,PaintTouch
1629628,RJ Barrett,1610612761,TOR,53,31,22,1595.0,2863,137,75,97,0.773,13,22,0.591,166,1.212,19,0.139,7,0.051,3,0.022,13,0.095,2025-26,Regular Season,PaintTouch
1642853,Rasheer Fleming,1610612756,PHX,51,27,24,597.0,518,66,13,33,0.394,9,12,0.75,35,0.53,22,0.333,1,0.015,3,0.045,6,0.091,2025-26,Regular Season,PaintTouch
1642484,RayJ Dennis,1610612737,ATL,16,3,13,180.0,479,7,0,2,0.0,0,0,0.0,0,0.0,5,0.714,1,0.143,0,0.0,0,0.0,2025-26,Regular Season,PaintTouch
1641712,Rayan Rupert,1610612763,MEM,61,29,32,952.0,1217,60,16,30,0.533,1,2,0.5,33,0.55,24,0.4,3,0.05,4,0.067,1,0.017,2025-26,Regular Season,PaintTouch
1642263,Reed Sheppard,1610612745,HOU,77,48,29,2037.0,4228,15,3,6,0.5,0,0,0.0,6,0.4,7,0.467,2,0.133,2,0.133,0,0.0,2025-26,Regular Season,PaintTouch
1642434,Riley Minix,1610612739,CLE,6,5,1,24.0,50,4,3,3,1.0,0,0,0.0,6,1.5,1,0.25,0,0.0,0,0.0,0,0.0,2025-26,Regular Season,PaintTouch
1642265,Rob Dillingham,1610612741,CHI,60,27,33,838.0,1690,14,3,7,0.429,0,0,0.0,6,0.429,5,0.357,0,0.0,2,0.143,0,0.0,2025-26,Regular Season,PaintTouch
1629057,Robert Williams III,1610612757,POR,55,28,27,932.0,1299,300,137,182,0.753,16,26,0.615,290,0.967,80,0.267,14,0.047,18,0.06,12,0.04,2025-26,Regular Season,PaintTouch
1642911,Rocco Zikarsky,1610612750,MIN,4,0,4,16.0,25,4,2,3,0.667,0,0,0.0,4,1.0,0,0.0,0,0.0,0,0.0,0,0.0,2025-26,Regular Season,PaintTouch
1631199,Ron Harper Jr.,1610612738,BOS,26,19,7,268.0,358,14,4,6,0.667,0,0,0.0,8,0.571,6,0.429,1,0.071,2,0.143,0,0.0,2025-26,Regular Season,PaintTouch
1641842,Ronald Holland II,1610612765,DET,73,52,21,1448.0,2290,106,44,68,0.647,6,6,1.0,98,0.925,23,0.217,4,0.038,8,0.075,3,0.028,2025-26,Regular Season,PaintTouch
1626220,Royce O'Neale,1610612756,PHX,74,41,33,2129.0,3986,43,9,15,0.6,0,0,0.0,18,0.419,22,0.512,2,0.047,6,0.14,0,0.0,2025-26,Regular Season,PaintTouch
203497,Rudy Gobert,1610612750,MIN,74,45,29,2317.0,3298,632,275,364,0.755,93,166,0.56,653,1.033,109,0.172,19,0.03,40,0.063,78,0.123,2025-26,Regular Season,PaintTouch
1629060,Rui Hachimura,1610612747,LAL,63,44,19,1773.0,1862,109,53,79,0.671,10,14,0.714,116,1.064,18,0.165,2,0.018,4,0.037,7,0.064,2025-26,Regular Season,PaintTouch
201566,Russell Westbrook,1610612758,SAC,64,16,48,1853.0,4416,100,26,44,0.591,5,12,0.417,61,0.61,36,0.36,9,0.09,9,0.09,6,0.06,2025-26,Regular Season,PaintTouch
1642346,Ryan Dunn,1610612756,PHX,66,38,28,1277.0,1655,139,50,82,0.61,2,4,0.5,102,0.734,46,0.331,11,0.079,7,0.05,2,0.014,2025-26,Regular Season,PaintTouch
1641750,Ryan Kalkbrenner,1610612766,CHA,65,37,28,1404.0,1517,415,192,252,0.762,49,69,0.71,440,1.06,92,0.222,7,0.017,20,0.048,33,0.08,2025-26,Regular Season,PaintTouch
1642948,Ryan Nembhard,1610612742,DAL,56,19,37,1045.0,2301,10,1,1,1.0,0,0,0.0,2,0.2,7,0.7,4,0.4,1,0.1,0,0.0,2025-26,Regular Season,PaintTouch
1631157,Ryan Rollins,1610612749,MIL,72,28,44,2310.0,5125,51,12,20,0.6,3,4,0.75,27,0.529,20,0.392,3,0.059,5,0.098,1,0.02,2025-26,Regular Season,PaintTouch
1630180,Saddiq Bey,1610612740,NOP,71,24,47,2207.0,3038,159,58,88,0.659,32,40,0.8,154,0.969,36,0.226,9,0.057,10,0.063,21,0.132,2025-26,Regular Season,PaintTouch
1630573,Sam Hauser,1610612738,BOS,74,51,23,1832.0,2642,56,19,29,0.655,4,4,1.0,45,0.804,21,0.375,3,0.054,3,0.054,1,0.018,2025-26,Regular Season,PaintTouch
1630241,Sam Merrill,1610612739,CLE,50,35,15,1322.0,2040,54,21,27,0.778,4,4,1.0,47,0.87,19,0.352,3,0.056,3,0.056,1,0.019,2025-26,Regular Season,PaintTouch
1630572,Sandro Mamukelashvili,1610612761,TOR,75,41,34,1643.0,2625,258,91,141,0.645,25,34,0.735,212,0.822,85,0.329,12,0.047,11,0.043,17,0.066,2025-26,Regular Season,PaintTouch
1630583,Santi Aldama,1610612763,MEM,43,19,24,1198.0,2326,140,57,95,0.6,12,18,0.667,128,0.914,26,0.186,4,0.029,6,0.043,7,0.05,2025-26,Regular Season,PaintTouch
1630703,Scoot Henderson,1610612757,POR,26,16,10,616.0,1407,18,5,7,0.714,1,2,0.5,10,0.556,8,0.444,1,0.056,1,0.056,1,0.056,2025-26,Regular Season,PaintTouch
1630567,Scottie Barnes,1610612761,TOR,75,42,33,2528.0,5282,384,127,197,0.645,42,50,0.84,308,0.802,127,0.331,39,0.102,21,0.055,24,0.063,2025-26,Regular Season,PaintTouch
1630590,Scotty Pippen Jr.,1610612763,MEM,10,2,8,212.0,497,9,3,7,0.429,1,2,0.5,7,0.778,0,0.0,0,0.0,0,0.0,0,0.0,2025-26,Regular Season,PaintTouch
1642951,Sean Pedulla,1610612746,LAC,5,3,2,26.0,46,0,0,0,0.0,0,0,0.0,0,0.0,0,0.0,0,0.0,0,0.0,0,0.0,2025-26,Regular Season,PaintTouch
203552,Seth Curry,1610612744,GSW,6,0,6,69.0,91,1,1,1,1.0,0,0,0.0,2,2.0,0,0.0,0,0.0,0,0.0,0,0.0,2025-26,Regular Season,PaintTouch
1631101,Shaedon Sharpe,1610612757,POR,48,22,26,1439.0,2672,94,51,69,0.739,8,12,0.667,112,1.191,17,0.181,4,0.043,2,0.021,6,0.064,2025-26,Regular Season,PaintTouch
1628983,Shai Gilgeous-Alexander,1610612760,OKC,65,53,12,2177.0,4367,66,28,43,0.651,3,4,0.75,59,0.894,19,0.288,5,0.076,1,0.015,2,0.03,2025-26,Regular Season,PaintTouch
1630536,Sharife Cooper,1610612764,WAS,35,6,29,582.0,1245,21,8,9,0.889,0,0,0.0,16,0.762,11,0.524,2,0.095,1,0.048,0,0.0,2025-26,Regular Season,PaintTouch
1631321,Sidy Cissoko,1610612757,POR,71,37,34,1414.0,1751,69,16,20,0.8,5,8,0.625,38,0.551,39,0.565,15,0.217,3,0.043,4,0.058,2025-26,Regular Season,PaintTouch
1631323,Simone Fontecchio,1610612748,MIA,68,34,34,1127.0,1705,67,23,34,0.676,9,12,0.75,56,0.836,18,0.269,2,0.03,3,0.045,6,0.09,2025-26,Regular Season,PaintTouch
1642883,Sion James,1610612766,CHA,78,42,36,1764.0,2651,54,11,23,0.478,5,6,0.833,28,0.519,28,0.519,5,0.093,0,0.0,3,0.056,2025-26,Regular Season,PaintTouch
1627746,Skal Labissiere,1610612764,WAS,3,2,1,38.0,67,8,4,4,1.0,0,0,0.0,8,1.0,4,0.5,0,0.0,0,0.0,0,0.0,2025-26,Regular Season,PaintTouch
1642461,Spencer Jones,1610612743,DEN,64,41,23,1417.0,1087,144,48,69,0.696,16,30,0.533,113,0.785,52,0.361,9,0.063,4,0.028,15,0.104,2025-26,Regular Season,PaintTouch
1630649,Stanley Umude,1610612759,SAS,2,2,0,7.0,8,1,0,0,0.0,0,0,0.0,0,0.0,1,1.0,0,0.0,0,0.0,0,0.0,2025-26,Regular Season,PaintTouch
201939,Stephen Curry,1610612744,GSW,39,23,16,1222.0,2591,61,30,38,0.789,15,16,0.938,77,1.262,12,0.197,5,0.082,2,0.033,7,0.115,2025-26,Regular Season,PaintTouch
1642264,Stephon Castle,1610612759,SAS,65,50,15,1937.0,4386,152,59,80,0.738,25,34,0.735,148,0.974,42,0.276,13,0.086,9,0.059,16,0.105,2025-26,Regular Season,PaintTouch
203500,Steven Adams,1610612745,HOU,32,21,11,730.0,901,238,56,116,0.483,29,48,0.604,142,0.597,76,0.319,10,0.042,9,0.038,23,0.097,2025-26,Regular Season,PaintTouch
1629004,Svi Mykhailiuk,1610612762,UTA,49,14,35,1132.0,1404,39,17,24,0.708,0,0,0.0,35,0.897,15,0.385,4,0.103,0,0.0,0,0.0,2025-26,Regular Season,PaintTouch
204456,T.J. McConnell,1610612754,IND,56,15,41,963.0,2800,46,16,25,0.64,4,4,1.0,36,0.783,16,0.348,3,0.065,2,0.043,2,0.043,2025-26,Regular Season,PaintTouch
1643007,Taelon Peter,1610612754,IND,33,5,28,394.0,652,10,5,7,0.714,0,0,0.0,10,1.0,1,0.1,0,0.0,1,0.1,0,0.0,2025-26,Regular Season,PaintTouch
201959,Taj Gibson,1610612763,MEM,7,1,6,65.0,66,12,2,6,0.333,1,2,0.5,5,0.417,5,0.417,1,0.083,0,0.0,1,0.083,2025-26,Regular Season,PaintTouch
1631106,Tari Eason,1610612745,HOU,55,34,21,1424.0,2162,126,43,75,0.573,7,12,0.583,94,0.746,38,0.302,8,0.063,6,0.048,4,0.032,2025-26,Regular Season,PaintTouch
1627752,Taurean Prince,1610612749,MIL,21,8,13,456.0,591,2,0,0,0.0,0,0,0.0,0,0.0,2,1.0,1,0.5,0,0.0,0,0.0,2025-26,Regular Season,PaintTouch
1641707,Taylor Hendricks,1610612763,MEM,57,12,45,1084.0,1210,108,35,58,0.603,9,14,0.643,87,0.806,33,0.306,6,0.056,5,0.046,8,0.074,2025-26,Regular Season,PaintTouch
1629611,Terance Mann,1610612751,BKN,63,15,48,1529.0,2586,90,23,40,0.575,10,12,0.833,57,0.633,33,0.367,13,0.144,8,0.089,5,0.056,2025-26,Regular Season,PaintTouch
1630545,Terrence Shannon Jr.,1610612750,MIN,38,21,17,436.0,533,9,2,2,1.0,0,0,0.0,4,0.444,7,0.778,0,0.0,0,0.0,0,0.0,2025-26,Regular Season,PaintTouch
203648,Thanasis Antetokounmpo,1610612749,MIL,31,8,23,115.0,176,17,4,6,0.667,3,4,0.75,10,0.588,10,0.588,1,0.059,0,0.0,1,0.059,2025-26,Regular Season,PaintTouch
1628418,Thomas Bryant,1610612739,CLE,59,36,23,706.0,1148,148,64,90,0.711,33,38,0.868,165,1.115,27,0.182,3,0.02,5,0.034,16,0.108,2025-26,Regular Season,PaintTouch
1642275,Tidjane Salaün,1610612766,CHA,36,18,18,571.0,824,48,14,20,0.7,6,12,0.5,34,0.708,13,0.271,2,0.042,4,0.083,6,0.125,2025-26,Regular Season,PaintTouch
203501,Tim Hardaway Jr.,1610612743,DEN,76,48,28,2031.0,2387,35,20,27,0.741,8,8,1.0,49,1.4,4,0.114,1,0.029,0,0.0,4,0.114,2025-26,Regular Season,PaintTouch
202699,Tobias Harris,1610612765,DET,59,42,17,1649.0,2514,102,39,61,0.639,13,16,0.813,95,0.931,26,0.255,3,0.029,6,0.059,8,0.078,2025-26,Regular Season,PaintTouch
1643253,Toby Okani,1610612763,MEM,1,0,1,28.0,28,4,1,4,0.25,0,0,0.0,2,0.5,0,0.0,0,0.0,0,0.0,0,0.0,2025-26,Regular Season,PaintTouch
1642449,Tolu Smith,1610612765,DET,12,9,3,118.0,173,45,11,20,0.55,6,9,0.667,29,0.644,14,0.311,2,0.044,4,0.089,5,0.111,2025-26,Regular Season,PaintTouch
1628396,Tony Bradley,1610612754,IND,38,9,29,416.0,449,112,33,68,0.485,21,26,0.808,87,0.777,28,0.25,5,0.045,2,0.018,13,0.116,2025-26,Regular Season,PaintTouch
1641787,Tosan Evbuomwan,1610612766,CHA,5,4,1,8.0,8,0,0,0,0.0,0,0,0.0,0,0.0,0,0.0,0,0.0,0,0.0,0,0.0,2025-26,Regular Season,PaintTouch
1641739,Toumani Camara,1610612757,POR,78,40,38,2590.0,4334,211,73,101,0.723,18,26,0.692,164,0.777,82,0.389,10,0.047,10,0.047,11,0.052,2025-26,Regular Season,PaintTouch
1629027,Trae Young,1610612764,WAS,15,2,13,384.0,935,2,1,1,1.0,0,0,0.0,2,1.0,1,0.5,0,0.0,0,0.0,0,0.0,2025-26,Regular Season,PaintTouch
1631218,Trayce Jackson-Davis,1610612761,TOR,50,27,23,487.0,817,157,51,86,0.593,22,42,0.524,126,0.803,36,0.229,3,0.019,10,0.064,20,0.127,2025-26,Regular Season,PaintTouch
1642848,Tre Johnson,1610612764,WAS,59,12,47,1418.0,1957,22,5,9,0.556,0,0,0.0,12,0.545,9,0.409,1,0.045,2,0.091,0,0.0,2025-26,Regular Season,PaintTouch
1630200,Tre Jones,1610612741,CHI,60,25,35,1619.0,3628,66,31,36,0.861,7,8,0.875,70,1.061,20,0.303,4,0.061,3,0.045,4,0.061,2025-26,Regular Season,PaintTouch
1630544,Tre Mann,1610612766,CHA,51,29,22,661.0,1389,13,1,2,0.5,1,2,0.5,3,0.231,8,0.615,0,0.0,2,0.154,1,0.077,2025-26,Regular Season,PaintTouch
1630570,Trendon Watford,1610612755,PHI,51,26,25,852.0,2025,69,26,36,0.722,2,4,0.5,55,0.797,26,0.377,6,0.087,3,0.043,2,0.029,2025-26,Regular Season,PaintTouch
1642280,Trentyn Flowers,1610612741,CHI,2,0,2,6.0,8,2,2,2,1.0,0,0,0.0,4,2.0,0,0.0,0,0.0,0,0.0,0,0.0,2025-26,Regular Season,PaintTouch
1630286,Trevon Scott,1610612751,BKN,1,0,1,8.0,10,0,0,0,0.0,0,0,0.0,0,0.0,0,0.0,0,0.0,0,0.0,0,0.0,2025-26,Regular Season,PaintTouch
1631211,Trevor Keels,1610612748,MIA,4,4,0,5.0,12,0,0,0,0.0,0,0,0.0,0,0.0,0,0.0,0,0.0,0,0.0,0,0.0,2025-26,Regular Season,PaintTouch
1641725,Trey Alexander,1610612740,NOP,5,1,4,42.0,51,0,0,0,0.0,0,0,0.0,0,0.0,0,0.0,0,0.0,0,0.0,0,0.0,2025-26,Regular Season,PaintTouch
1641998,Trey Jemison III,1610612752,NYK,11,9,2,61.0,54,11,2,3,0.667,0,0,0.0,4,0.364,7,0.636,1,0.091,1,0.091,0,0.0,2025-26,Regular Season,PaintTouch
1630530,Trey Murphy III,1610612740,NOP,66,21,45,2341.0,4040,163,93,119,0.782,19,20,0.95,210,1.288,23,0.141,6,0.037,5,0.031,10,0.061,2025-26,Regular Season,PaintTouch
1642400,Tristan Enaruna,1610612739,CLE,6,6,0,34.0,50,8,5,8,0.625,0,0,0.0,10,1.25,0,0.0,0,0.0,0,0.0,0,0.0,2025-26,Regular Season,PaintTouch
1641774,Tristan Vukcevic,1610612764,WAS,49,8,41,671.0,1160,96,44,61,0.721,18,24,0.75,110,1.146,14,0.146,3,0.031,6,0.063,11,0.115,2025-26,Regular Season,PaintTouch
1641783,Tristan da Silva,1610612753,ORL,72,39,33,1784.0,2240,114,50,76,0.658,2,2,1.0,102,0.895,29,0.254,4,0.035,6,0.053,0,0.0,2025-26,Regular Season,PaintTouch
1629660,Ty Jerome,1610612763,MEM,15,3,12,339.0,784,4,2,3,0.667,0,0,0.0,4,1.0,0,0.0,0,0.0,1,0.25,0,0.0,2025-26,Regular Season,PaintTouch
1631102,TyTy Washington Jr.,1610612746,LAC,12,6,6,72.0,126,2,0,1,0.0,0,0,0.0,0,0.0,1,0.5,0,0.0,0,0.0,0,0.0,2025-26,Regular Season,PaintTouch
1631174,Tyler Burton,1610612763,MEM,12,2,10,307.0,403,11,2,4,0.5,4,4,1.0,10,0.909,3,0.273,0,0.0,0,0.0,4,0.364,2025-26,Regular Season,PaintTouch
1629639,Tyler Herro,1610612748,MIA,30,13,17,952.0,1826,19,7,10,0.7,4,4,1.0,18,0.947,6,0.316,1,0.053,1,0.053,1,0.053,2025-26,Regular Season,PaintTouch
1642278,Tyler Kolek,1610612752,NYK,62,39,23,727.0,1809,16,5,6,0.833,0,0,0.0,10,0.625,7,0.438,1,0.063,2,0.125,0,0.0,2025-26,Regular Season,PaintTouch
1641890,Tyler Smith,1610612742,DAL,8,1,7,77.0,94,10,2,5,0.4,0,0,0.0,4,0.4,2,0.2,1,0.1,2,0.2,0,0.0,2025-26,Regular Season,PaintTouch
1631213,Tyrese Martin,1610612755,PHI,45,11,34,775.0,1508,36,10,15,0.667,2,2,1.0,23,0.639,18,0.5,0,0.0,2,0.056,1,0.028,2025-26,Regular Season,PaintTouch
1630178,Tyrese Maxey,1610612755,PHI,65,36,29,2490.0,6283,21,7,14,0.5,0,0,0.0,14,0.667,6,0.286,2,0.095,1,0.048,0,0.0,2025-26,Regular Season,PaintTouch
1642878,Tyrese Proctor,1610612739,CLE,46,30,16,472.0,847,21,4,8,0.5,0,0,0.0,8,0.381,12,0.571,3,0.143,1,0.048,0,0.0,2025-26,Regular Season,PaintTouch
1630623,Tyson Etienne,1610612751,BKN,19,3,16,223.0,329,0,0,0,0.0,0,0,0.0,0,0.0,0,0.0,0,0.0,0,0.0,0,0.0,2025-26,Regular Season,PaintTouch
1626145,Tyus Jones,1610612743,DEN,64,34,30,932.0,2025,5,1,1,1.0,0,0,0.0,2,0.4,4,0.8,0,0.0,0,0.0,0,0.0,2025-26,Regular Season,PaintTouch
1642845,VJ Edgecombe,1610612755,PHI,70,41,29,2436.0,4911,132,41,68,0.603,13,14,0.929,95,0.72,50,0.379,18,0.136,3,0.023,6,0.045,2025-26,Regular Season,PaintTouch
1641705,Victor Wembanyama,1610612759,SAS,61,48,13,1784.0,3561,380,187,249,0.751,57,71,0.803,443,1.166,56,0.147,11,0.029,10,0.026,37,0.097,2025-26,Regular Season,PaintTouch
1631246,Vince Williams Jr.,1610612762,UTA,40,16,24,819.0,1976,44,11,16,0.688,6,6,1.0,28,0.636,22,0.5,3,0.068,1,0.023,3,0.068,2025-26,Regular Season,PaintTouch
1642884,Vladislav Goldin,1610612748,MIA,5,3,2,14.0,14,5,2,3,0.667,0,0,0.0,4,0.8,2,0.4,1,0.2,0,0.0,0,0.0,2025-26,Regular Season,PaintTouch
1630249,Vít Krejčí,1610612757,POR,64,31,33,1387.0,1957,38,9,13,0.692,0,0,0.0,19,0.5,25,0.658,3,0.079,0,0.0,0,0.0,2025-26,Regular Season,PaintTouch
1631117,Walker Kessler,1610612762,UTA,5,2,3,154.0,265,46,16,22,0.727,11,16,0.688,43,0.935,13,0.283,1,0.022,3,0.065,8,0.174,2025-26,Regular Season,PaintTouch
1642383,Walter Clayton Jr.,1610612763,MEM,66,17,49,1338.0,2965,26,7,8,0.875,0,0,0.0,14,0.538,16,0.615,2,0.077,2,0.077,0,0.0,2025-26,Regular Season,PaintTouch
1628976,Wendell Carter Jr.,1610612753,ORL,73,39,34,2162.0,2895,398,132,195,0.677,90,113,0.796,364,0.915,105,0.264,11,0.028,23,0.058,53,0.133,2025-26,Regular Season,PaintTouch
1631111,Wendell Moore Jr.,1610612765,DET,5,4,1,54.0,59,1,1,1,1.0,0,0,0.0,2,2.0,0,0.0,0,0.0,0,0.0,0,0.0,2025-26,Regular Season,PaintTouch
1642954,Will Richard,1610612744,GSW,66,34,32,1348.0,1636,151,53,76,0.697,23,28,0.821,132,0.874,50,0.331,12,0.079,6,0.04,13,0.086,2025-26,Regular Season,PaintTouch
1642860,Will Riley,1610612764,WAS,68,16,52,1429.0,2182,81,39,52,0.75,15,18,0.833,95,1.173,16,0.198,3,0.037,1,0.012,8,0.099,2025-26,Regular Season,PaintTouch
1630214,Xavier Tillman,1610612766,CHA,28,20,8,178.0,238,29,7,13,0.538,2,4,0.5,16,0.552,10,0.345,2,0.069,3,0.103,2,0.069,2025-26,Regular Season,PaintTouch
1642905,Yang Hansen,1610612757,POR,41,22,19,296.0,390,57,17,30,0.567,12,14,0.857,48,0.842,11,0.193,4,0.07,4,0.07,6,0.105,2025-26,Regular Season,PaintTouch
1642949,Yanic Konan Niederhäuser,1610612746,LAC,41,22,19,424.0,473,115,43,66,0.652,23,32,0.719,109,0.948,22,0.191,2,0.017,7,0.061,13,0.113,2025-26,Regular Season,PaintTouch
1642530,Yuki Kawamura,1610612741,CHI,13,4,9,142.0,300,3,0,0,0.0,0,0,0.0,0,0.0,3,1.0,1,0.333,0,0.0,0,0.0,2025-26,Regular Season,PaintTouch
1642274,Yves Missi,1610612740,NOP,65,19,46,1257.0,1560,280,83,156,0.532,17,30,0.567,187,0.668,78,0.279,20,0.071,18,0.064,14,0.05,2025-26,Regular Season,PaintTouch
1642258,Zaccharie Risacher,1610612737,ATL,64,38,26,1453.0,1689,130,57,84,0.679,14,22,0.636,134,1.031,25,0.192,3,0.023,6,0.046,10,0.077,2025-26,Regular Season,PaintTouch
1628380,Zach Collins,1610612741,CHI,10,6,4,184.0,300,49,21,29,0.724,7,8,0.875,51,1.041,14,0.286,3,0.061,0,0.0,4,0.082,2025-26,Regular Season,PaintTouch
1641744,Zach Edey,1610612763,MEM,11,7,4,284.0,401,144,54,83,0.651,18,21,0.857,127,0.882,32,0.222,6,0.042,5,0.035,11,0.076,2025-26,Regular Season,PaintTouch
203897,Zach LaVine,1610612758,SAC,39,9,30,1224.0,1999,32,11,16,0.688,0,0,0.0,22,0.688,12,0.375,4,0.125,3,0.094,0,0.0,2025-26,Regular Season,PaintTouch
1630192,Zeke Nnaji,1610612743,DEN,49,35,14,585.0,691,87,31,51,0.608,17,20,0.85,80,0.92,17,0.195,2,0.023,7,0.08,10,0.115,2025-26,Regular Season,PaintTouch
1630533,Ziaire Williams,1610612751,BKN,56,13,43,1281.0,1493,50,22,32,0.688,9,10,0.9,56,1.12,11,0.22,3,0.06,1,0.02,5,0.1,2025-26,Regular Season,PaintTouch
1629627,Zion Williamson,1610612740,NOP,61,22,39,1813.0,2991,221,97,142,0.683,32,48,0.667,232,1.05,36,0.163,10,0.045,13,0.059,22,0.1,2025-26,Regular Season,PaintTouch
1642389,Zyon Pullin,1610612750,MIN,2,2,0,6.0,16,0,0,0,0.0,0,0,0.0,0,0.0,0,0.0,0,0.0,0,0.0,0,0.0,2025-26,Regular Season,PaintTouch
