CLOSE_DEF_PERSON_ID,PLAYER_NAME,PLAYER_LAST_TEAM_ID,PLAYER_LAST_TEAM_ABBREVIATION,PLAYER_POSITION,AGE,GP,G,FREQ,D_FGM,D_FGA,D_FG_PCT,NORMAL_FG_PCT,PCT_PLUSMINUS,SEASON,SEASON_TYPE,DEFENSE_CATEGORY
1642270,Donovan Clingan,1610612757,POR,C,22.0,73,73,1.0,670,1491,0.449,0.496,-0.046,2025-26,Regular Season,Overall
203497,Rudy Gobert,1610612750,MIN,C,33.0,74,74,1.0,555,1259,0.441,0.493,-0.052,2025-26,Regular Season,Overall
1630578,Alperen Sengun,1610612745,HOU,C,23.0,67,67,1.0,610,1213,0.503,0.489,0.014,2025-26,Regular Season,Overall
1642852,Derik Queen,1610612740,NOP,C,21.0,77,77,1.0,549,1157,0.475,0.493,-0.018,2025-26,Regular Season,Overall
203999,Nikola Jokić,1610612743,DEN,C,31.0,61,61,1.0,579,1131,0.512,0.49,0.022,2025-26,Regular Season,Overall
1641705,Victor Wembanyama,1610612759,SAS,F-C,22.0,61,61,1.0,442,1091,0.405,0.492,-0.087,2025-26,Regular Season,Overall
1630567,Scottie Barnes,1610612761,TOR,F-G,24.0,74,74,1.0,519,1085,0.478,0.478,0.001,2025-26,Regular Season,Overall
1641824,Matas Buzelis,1610612741,CHI,F,21.0,75,75,1.0,498,1065,0.468,0.474,-0.006,2025-26,Regular Season,Overall
1641739,Toumani Camara,1610612757,POR,F,25.0,78,78,1.0,513,1062,0.483,0.472,0.011,2025-26,Regular Season,Overall
1628401,Derrick White,1610612738,BOS,G,31.0,73,73,1.0,456,1057,0.431,0.465,-0.033,2025-26,Regular Season,Overall
1629029,Luka Dončić,1610612747,LAL,F-G,27.0,64,64,1.0,508,1053,0.482,0.473,0.009,2025-26,Regular Season,Overall
1642875,Maxime Raynaud,1610612758,SAC,C,22.0,70,70,1.0,510,1037,0.492,0.488,0.004,2025-26,Regular Season,Overall
1630168,Onyeka Okongwu,1610612737,ATL,F-C,25.0,71,71,1.0,501,1035,0.484,0.491,-0.007,2025-26,Regular Season,Overall
1630183,Jaden McDaniels,1610612750,MIN,F,25.0,71,71,1.0,452,1024,0.441,0.474,-0.032,2025-26,Regular Season,Overall
1630700,Dyson Daniels,1610612737,ATL,G,23.0,73,73,1.0,477,1024,0.466,0.473,-0.007,2025-26,Regular Season,Overall
1630596,Evan Mobley,1610612739,CLE,C,24.0,62,62,1.0,444,1018,0.436,0.488,-0.052,2025-26,Regular Season,Overall
1628389,Bam Adebayo,1610612748,MIA,C-F,28.0,68,68,1.0,466,1016,0.459,0.487,-0.029,2025-26,Regular Season,Overall
1642851,Kon Knueppel,1610612766,CHA,G-F,20.0,77,77,1.0,448,1015,0.441,0.468,-0.027,2025-26,Regular Season,Overall
1627750,Jamal Murray,1610612743,DEN,G,29.0,72,72,1.0,485,1012,0.479,0.463,0.016,2025-26,Regular Season,Overall
1626167,Myles Turner,1610612749,MIL,C-F,30.0,69,69,1.0,480,993,0.483,0.488,-0.004,2025-26,Regular Season,Overall
1642843,Cooper Flagg,1610612742,DAL,F,19.0,65,65,1.0,453,976,0.464,0.47,-0.006,2025-26,Regular Season,Overall
1626157,Karl-Anthony Towns,1610612752,NYK,C-F,30.0,71,71,1.0,460,965,0.477,0.487,-0.01,2025-26,Regular Season,Overall
1631095,Jabari Smith Jr.,1610612745,HOU,F,22.0,73,73,1.0,432,961,0.45,0.469,-0.019,2025-26,Regular Season,Overall
202696,Nikola Vučević,1610612738,BOS,C,35.0,59,59,1.0,470,961,0.489,0.495,-0.006,2025-26,Regular Season,Overall
1631157,Ryan Rollins,1610612749,MIL,G,23.0,72,72,1.0,430,948,0.454,0.46,-0.007,2025-26,Regular Season,Overall
1642263,Reed Sheppard,1610612745,HOU,G,21.0,77,77,1.0,444,945,0.47,0.459,0.01,2025-26,Regular Season,Overall
1629674,Neemias Queta,1610612738,BOS,C,26.0,71,71,1.0,415,945,0.439,0.489,-0.05,2025-26,Regular Season,Overall
1628436,Luke Kornet,1610612759,SAS,C-F,30.0,64,64,1.0,427,940,0.454,0.496,-0.042,2025-26,Regular Season,Overall
1629028,Deandre Ayton,1610612747,LAL,C,27.0,67,67,1.0,457,940,0.486,0.483,0.003,2025-26,Regular Season,Overall
1628976,Wendell Carter Jr.,1610612753,ORL,C-F,26.0,73,73,1.0,435,939,0.463,0.492,-0.029,2025-26,Regular Season,Overall
1629638,Nickeil Alexander-Walker,1610612737,ATL,G,27.0,75,75,1.0,483,936,0.516,0.463,0.053,2025-26,Regular Season,Overall
1631217,Moussa Diabaté,1610612766,CHA,F,24.0,69,69,1.0,459,936,0.49,0.485,0.005,2025-26,Regular Season,Overall
1631094,Paolo Banchero,1610612753,ORL,F,23.0,67,67,1.0,450,927,0.485,0.476,0.01,2025-26,Regular Season,Overall
1631096,Chet Holmgren,1610612760,OKC,C-F,23.0,66,66,1.0,382,923,0.414,0.484,-0.07,2025-26,Regular Season,Overall
1630530,Trey Murphy III,1610612740,NOP,F,25.0,66,66,1.0,465,918,0.507,0.473,0.034,2025-26,Regular Season,Overall
1628969,Mikal Bridges,1610612752,NYK,G-F,29.0,77,77,1.0,411,900,0.457,0.47,-0.014,2025-26,Regular Season,Overall
1628973,Jalen Brunson,1610612752,NYK,G,29.0,69,69,1.0,431,896,0.481,0.464,0.017,2025-26,Regular Season,Overall
203944,Julius Randle,1610612750,MIN,F-C,31.0,77,77,1.0,431,893,0.483,0.483,0.0,2025-26,Regular Season,Overall
1642271,Kyle Filipowski,1610612762,UTA,C,22.0,74,74,1.0,453,890,0.509,0.48,0.029,2025-26,Regular Season,Overall
203468,CJ McCollum,1610612737,ATL,G,34.0,73,73,1.0,411,889,0.462,0.459,0.003,2025-26,Regular Season,Overall
1630552,Jalen Johnson,1610612737,ATL,F,24.0,69,69,1.0,436,889,0.49,0.478,0.012,2025-26,Regular Season,Overall
1628404,Josh Hart,1610612752,NYK,G,31.0,63,63,1.0,434,888,0.489,0.476,0.013,2025-26,Regular Season,Overall
1642847,Jeremiah Fears,1610612740,NOP,G,19.0,78,78,1.0,436,885,0.493,0.465,0.028,2025-26,Regular Season,Overall
1630643,Jay Huff,1610612754,IND,C,28.0,76,76,1.0,409,883,0.463,0.494,-0.03,2025-26,Regular Season,Overall
1642845,VJ Edgecombe,1610612755,PHI,G,20.0,69,69,1.0,414,882,0.469,0.466,0.004,2025-26,Regular Season,Overall
203952,Andrew Wiggins,1610612748,MIA,F,31.0,63,63,1.0,399,881,0.453,0.472,-0.02,2025-26,Regular Season,Overall
201142,Kevin Durant,1610612745,HOU,F,37.0,74,74,1.0,369,879,0.42,0.47,-0.05,2025-26,Regular Season,Overall
1631170,Jaime Jaquez Jr.,1610612748,MIA,G,25.0,70,70,1.0,406,877,0.463,0.466,-0.003,2025-26,Regular Season,Overall
1641717,Cason Wallace,1610612760,OKC,G,22.0,74,74,1.0,381,877,0.434,0.466,-0.032,2025-26,Regular Season,Overall
1641730,Noah Clowney,1610612751,BKN,F-C,21.0,65,65,1.0,460,872,0.528,0.481,0.047,2025-26,Regular Season,Overall
1631222,Jake LaRavia,1610612747,LAL,F,24.0,77,77,1.0,420,869,0.483,0.472,0.012,2025-26,Regular Season,Overall
1631260,AJ Green,1610612749,MIL,G,26.0,73,73,1.0,422,866,0.487,0.463,0.024,2025-26,Regular Season,Overall
1629651,Nic Claxton,1610612751,BKN,C,26.0,69,69,1.0,407,865,0.471,0.487,-0.016,2025-26,Regular Season,Overall
1627783,Pascal Siakam,1610612754,IND,F,32.0,62,62,1.0,421,861,0.489,0.481,0.007,2025-26,Regular Season,Overall
1642276,Kel'el Ware,1610612748,MIA,C,21.0,72,72,1.0,407,858,0.474,0.501,-0.027,2025-26,Regular Season,Overall
1642259,Alex Sarr,1610612764,WAS,C,20.0,48,48,1.0,423,857,0.494,0.497,-0.003,2025-26,Regular Season,Overall
1631105,Jalen Duren,1610612765,DET,C,22.0,66,66,1.0,385,854,0.451,0.492,-0.041,2025-26,Regular Season,Overall
1631221,Collin Gillespie,1610612756,PHX,G,26.0,76,76,1.0,416,853,0.488,0.465,0.023,2025-26,Regular Season,Overall
1631108,Max Christie,1610612742,DAL,G,23.0,72,72,1.0,405,851,0.476,0.467,0.009,2025-26,Regular Season,Overall
1630595,Cade Cunningham,1610612765,DET,G,24.0,61,61,1.0,368,850,0.433,0.465,-0.032,2025-26,Regular Season,Overall
1628970,Miles Bridges,1610612766,CHA,F,28.0,73,73,1.0,394,849,0.464,0.474,-0.01,2025-26,Regular Season,Overall
1628978,Donte DiVincenzo,1610612750,MIN,G,29.0,77,77,1.0,387,837,0.462,0.464,-0.001,2025-26,Regular Season,Overall
201935,James Harden,1610612739,CLE,G,36.0,67,67,1.0,391,836,0.468,0.468,-0.001,2025-26,Regular Season,Overall
1630178,Tyrese Maxey,1610612755,PHI,G,25.0,65,65,1.0,382,828,0.461,0.46,0.002,2025-26,Regular Season,Overall
1630217,Desmond Bane,1610612753,ORL,G,27.0,77,77,1.0,358,819,0.437,0.464,-0.027,2025-26,Regular Season,Overall
1627739,Kris Dunn,1610612746,LAC,G,32.0,77,77,1.0,366,812,0.451,0.466,-0.015,2025-26,Regular Season,Overall
1628384,OG Anunoby,1610612752,NYK,F-G,28.0,63,63,1.0,366,810,0.452,0.475,-0.024,2025-26,Regular Season,Overall
203110,Draymond Green,1610612744,GSW,F,36.0,64,64,1.0,363,806,0.45,0.492,-0.041,2025-26,Regular Season,Overall
1626220,Royce O'Neale,1610612756,PHX,F,32.0,74,74,1.0,386,805,0.48,0.48,0.0,2025-26,Regular Season,Overall
1629023,P.J. Washington,1610612742,DAL,F,27.0,55,55,1.0,383,804,0.476,0.481,-0.005,2025-26,Regular Season,Overall
1631109,Mark Williams,1610612756,PHX,C,24.0,57,57,1.0,415,803,0.517,0.496,0.021,2025-26,Regular Season,Overall
1641750,Ryan Kalkbrenner,1610612766,CHA,C,24.0,65,65,1.0,375,803,0.467,0.493,-0.026,2025-26,Regular Season,Overall
1630572,Sandro Mamukelashvili,1610612761,TOR,F-C,26.0,74,74,1.0,375,789,0.475,0.473,0.002,2025-26,Regular Season,Overall
1641710,Anthony Black,1610612753,ORL,G,22.0,59,59,1.0,384,787,0.488,0.465,0.023,2025-26,Regular Season,Overall
1628983,Shai Gilgeous-Alexander,1610612760,OKC,G,27.0,65,65,1.0,332,786,0.422,0.464,-0.041,2025-26,Regular Season,Overall
1642345,Oso Ighodaro,1610612756,PHX,F,23.0,77,77,1.0,354,780,0.454,0.478,-0.025,2025-26,Regular Season,Overall
1630230,Naji Marshall,1610612742,DAL,F,28.0,72,72,1.0,378,776,0.487,0.475,0.013,2025-26,Regular Season,Overall
201572,Brook Lopez,1610612746,LAC,C,38.0,70,70,1.0,344,775,0.444,0.499,-0.055,2025-26,Regular Season,Overall
1630577,Julian Champagnie,1610612759,SAS,F,24.0,77,77,1.0,372,775,0.48,0.464,0.016,2025-26,Regular Season,Overall
1628971,Bruce Brown,1610612743,DEN,G-F,29.0,77,77,1.0,347,769,0.451,0.466,-0.014,2025-26,Regular Season,Overall
1630173,Precious Achiuwa,1610612758,SAC,F,26.0,68,68,1.0,361,769,0.469,0.485,-0.015,2025-26,Regular Season,Overall
1627759,Jaylen Brown,1610612738,BOS,G-F,29.0,68,68,1.0,326,766,0.426,0.466,-0.04,2025-26,Regular Season,Overall
1629675,Naz Reid,1610612750,MIN,C-F,26.0,74,74,1.0,348,758,0.459,0.476,-0.017,2025-26,Regular Season,Overall
1642273,Kyshawn George,1610612764,WAS,F,22.0,48,48,1.0,356,756,0.471,0.473,-0.002,2025-26,Regular Season,Overall
1628368,De'Aaron Fox,1610612759,SAS,G,28.0,67,67,1.0,353,755,0.468,0.462,0.006,2025-26,Regular Season,Overall
1630202,Payton Pritchard,1610612738,BOS,G,28.0,75,75,1.0,348,753,0.462,0.458,0.004,2025-26,Regular Season,Overall
1627742,Brandon Ingram,1610612761,TOR,F,28.0,71,71,1.0,341,752,0.453,0.465,-0.011,2025-26,Regular Season,Overall
1631230,Dominick Barlow,1610612755,PHI,F,22.0,65,65,1.0,349,751,0.465,0.476,-0.011,2025-26,Regular Season,Overall
1641708,Amen Thompson,1610612745,HOU,G-F,23.0,75,75,1.0,327,746,0.438,0.469,-0.03,2025-26,Regular Season,Overall
1641706,Brandon Miller,1610612766,CHA,F,23.0,61,61,1.0,330,738,0.447,0.467,-0.02,2025-26,Regular Season,Overall
1627826,Ivica Zubac,1610612754,IND,C,29.0,48,48,1.0,335,737,0.455,0.498,-0.044,2025-26,Regular Season,Overall
1630558,Davion Mitchell,1610612748,MIA,G,27.0,66,66,1.0,352,736,0.478,0.462,0.016,2025-26,Regular Season,Overall
1630193,Immanuel Quickley,1610612761,TOR,G,26.0,67,67,1.0,332,734,0.452,0.459,-0.006,2025-26,Regular Season,Overall
1630581,Josh Giddey,1610612741,CHI,G,23.0,53,53,1.0,362,733,0.494,0.467,0.027,2025-26,Regular Season,Overall
1630166,Deni Avdija,1610612757,POR,F,25.0,62,62,1.0,354,730,0.485,0.472,0.013,2025-26,Regular Season,Overall
1641764,Brandin Podziemski,1610612744,GSW,G,23.0,77,77,1.0,352,730,0.482,0.475,0.008,2025-26,Regular Season,Overall
1642377,Jaylen Wells,1610612763,MEM,F,22.0,69,69,1.0,346,728,0.475,0.47,0.006,2025-26,Regular Season,Overall
1642264,Stephon Castle,1610612759,SAS,G,21.0,65,65,1.0,322,727,0.443,0.47,-0.027,2025-26,Regular Season,Overall
203501,Tim Hardaway Jr.,1610612743,DEN,G-F,34.0,76,76,1.0,357,722,0.494,0.462,0.032,2025-26,Regular Season,Overall
1629130,Duncan Robinson,1610612765,DET,F,31.0,73,73,1.0,324,721,0.449,0.46,-0.01,2025-26,Regular Season,Overall
1630573,Sam Hauser,1610612738,BOS,F,28.0,74,74,1.0,327,718,0.455,0.465,-0.01,2025-26,Regular Season,Overall
1628991,Jaren Jackson Jr.,1610612762,UTA,F-C,26.0,48,48,1.0,307,717,0.428,0.484,-0.056,2025-26,Regular Season,Overall
1628381,John Collins,1610612746,LAC,F-C,28.0,64,64,1.0,322,716,0.45,0.471,-0.022,2025-26,Regular Season,Overall
201942,DeMar DeRozan,1610612758,SAC,G-F,36.0,76,76,1.0,371,713,0.52,0.477,0.043,2025-26,Regular Season,Overall
1642883,Sion James,1610612766,CHA,G,23.0,78,78,1.0,316,707,0.447,0.473,-0.026,2025-26,Regular Season,Overall
1642281,Jaylon Tyson,1610612739,CLE,G-F,23.0,64,64,1.0,310,705,0.44,0.462,-0.023,2025-26,Regular Season,Overall
1631212,Peyton Watson,1610612743,DEN,G,23.0,54,54,1.0,329,704,0.467,0.469,-0.002,2025-26,Regular Season,Overall
1630559,Austin Reaves,1610612747,LAL,G,27.0,51,51,1.0,344,702,0.49,0.471,0.019,2025-26,Regular Season,Overall
1642363,Nique Clifford,1610612758,SAC,G,24.0,71,71,1.0,349,702,0.497,0.465,0.032,2025-26,Regular Season,Overall
1641709,Ausar Thompson,1610612765,DET,G-F,23.0,67,67,1.0,304,701,0.434,0.467,-0.034,2025-26,Regular Season,Overall
1626171,Bobby Portis,1610612749,MIL,F,31.0,67,67,1.0,361,699,0.516,0.483,0.033,2025-26,Regular Season,Overall
1642846,Ace Bailey,1610612762,UTA,F,19.0,68,68,1.0,332,699,0.475,0.471,0.004,2025-26,Regular Season,Overall
1641783,Tristan da Silva,1610612753,ORL,F,24.0,72,72,1.0,333,695,0.479,0.466,0.013,2025-26,Regular Season,Overall
1630162,Anthony Edwards,1610612750,MIN,G,24.0,60,60,1.0,319,690,0.462,0.47,-0.008,2025-26,Regular Season,Overall
1628386,Jarrett Allen,1610612739,CLE,C,27.0,54,54,1.0,322,689,0.467,0.503,-0.036,2025-26,Regular Season,Overall
1629656,Quentin Grimes,1610612755,PHI,G,25.0,69,69,1.0,301,687,0.438,0.46,-0.022,2025-26,Regular Season,Overall
1642274,Yves Missi,1610612740,NOP,C,21.0,65,65,1.0,299,686,0.436,0.482,-0.046,2025-26,Regular Season,Overall
1629655,Daniel Gafford,1610612742,DAL,F-C,27.0,54,54,1.0,329,685,0.48,0.494,-0.014,2025-26,Regular Season,Overall
1626164,Devin Booker,1610612756,PHX,G,29.0,61,61,1.0,304,680,0.447,0.468,-0.021,2025-26,Regular Season,Overall
1642267,Bub Carrington,1610612764,WAS,G,20.0,76,76,1.0,341,678,0.503,0.465,0.038,2025-26,Regular Season,Overall
1641718,Keyonte George,1610612762,UTA,G,22.0,53,53,1.0,356,677,0.526,0.468,0.058,2025-26,Regular Season,Overall
1642366,Quinten Post,1610612744,GSW,C,26.0,67,67,1.0,308,675,0.456,0.484,-0.028,2025-26,Regular Season,Overall
1631119,Jaylin Williams,1610612760,OKC,F,23.0,62,62,1.0,288,669,0.43,0.489,-0.059,2025-26,Regular Season,Overall
1629652,Luguentz Dort,1610612760,OKC,G,26.0,64,64,1.0,296,666,0.444,0.468,-0.024,2025-26,Regular Season,Overall
1642907,Cedric Coward,1610612763,MEM,G,22.0,58,58,1.0,302,666,0.453,0.468,-0.015,2025-26,Regular Season,Overall
1641796,Pelle Larsson,1610612748,MIA,G,25.0,65,65,1.0,303,662,0.458,0.462,-0.005,2025-26,Regular Season,Overall
1628378,Donovan Mitchell,1610612739,CLE,G,29.0,68,68,1.0,314,658,0.477,0.468,0.01,2025-26,Regular Season,Overall
1630171,Isaac Okoro,1610612741,CHI,F-G,25.0,59,59,1.0,301,655,0.46,0.475,-0.015,2025-26,Regular Season,Overall
1629614,Andrew Nembhard,1610612754,IND,G-F,26.0,57,57,1.0,331,643,0.515,0.47,0.045,2025-26,Regular Season,Overall
1629111,Jock Landale,1610612737,ATL,C,30.0,68,68,1.0,330,642,0.514,0.496,0.018,2025-26,Regular Season,Overall
1629627,Zion Williamson,1610612740,NOP,F,25.0,61,61,1.0,278,640,0.434,0.475,-0.041,2025-26,Regular Season,Overall
1630180,Saddiq Bey,1610612740,NOP,G-F,26.0,71,71,1.0,309,637,0.485,0.477,0.008,2025-26,Regular Season,Overall
203084,Harrison Barnes,1610612759,SAS,F,33.0,72,72,1.0,290,635,0.457,0.472,-0.016,2025-26,Regular Season,Overall
202695,Kawhi Leonard,1610612746,LAC,F,34.0,61,61,1.0,322,631,0.51,0.472,0.038,2025-26,Regular Season,Overall
1641729,Brice Sensabaugh,1610612762,UTA,F,22.0,70,70,1.0,313,631,0.496,0.462,0.034,2025-26,Regular Season,Overall
1629628,RJ Barrett,1610612761,TOR,F-G,25.0,52,52,1.0,298,631,0.472,0.467,0.005,2025-26,Regular Season,Overall
1641716,Jarace Walker,1610612754,IND,F,22.0,73,73,1.0,314,631,0.498,0.468,0.029,2025-26,Regular Season,Overall
1628398,Kyle Kuzma,1610612749,MIL,F,30.0,67,67,1.0,276,629,0.439,0.472,-0.033,2025-26,Regular Season,Overall
1630191,Isaiah Stewart,1610612765,DET,F-C,24.0,55,55,1.0,272,624,0.436,0.478,-0.042,2025-26,Regular Season,Overall
1630541,Moses Moody,1610612744,GSW,G,23.0,60,60,1.0,291,624,0.466,0.468,-0.001,2025-26,Regular Season,Overall
1628415,Dillon Brooks,1610612756,PHX,G-F,30.0,52,52,1.0,286,612,0.467,0.473,-0.005,2025-26,Regular Season,Overall
1642258,Zaccharie Risacher,1610612737,ATL,F,20.0,64,64,1.0,295,611,0.483,0.465,0.018,2025-26,Regular Season,Overall
203954,Joel Embiid,1610612755,PHI,C-F,32.0,37,37,1.0,270,607,0.445,0.487,-0.042,2025-26,Regular Season,Overall
1630611,Gui Santos,1610612744,GSW,F,23.0,62,62,1.0,304,607,0.501,0.474,0.027,2025-26,Regular Season,Overall
1631165,Keon Ellis,1610612739,CLE,G,26.0,68,68,1.0,283,606,0.467,0.466,0.001,2025-26,Regular Season,Overall
1630583,Santi Aldama,1610612763,MEM,F-C,25.0,43,43,1.0,292,605,0.483,0.482,0.0,2025-26,Regular Season,Overall
1642285,Cam Spencer,1610612763,MEM,G,25.0,71,71,1.0,307,604,0.508,0.464,0.044,2025-26,Regular Season,Overall
1630551,Justin Champagnie,1610612764,WAS,G-F,24.0,63,63,1.0,298,599,0.497,0.473,0.024,2025-26,Regular Season,Overall
202699,Tobias Harris,1610612765,DET,F,33.0,59,59,1.0,266,599,0.444,0.476,-0.032,2025-26,Regular Season,Overall
1628989,Kevin Huerter,1610612765,DET,G-F,27.0,65,65,1.0,273,599,0.456,0.461,-0.006,2025-26,Regular Season,Overall
1629060,Rui Hachimura,1610612747,LAL,F,28.0,63,63,1.0,298,594,0.502,0.472,0.03,2025-26,Regular Season,Overall
1630591,Jalen Suggs,1610612753,ORL,G,24.0,52,52,1.0,288,588,0.49,0.47,0.02,2025-26,Regular Season,Overall
1642383,Walter Clayton Jr.,1610612763,MEM,G,23.0,65,65,1.0,276,586,0.471,0.46,0.011,2025-26,Regular Season,Overall
203471,Dennis Schröder,1610612739,CLE,G,32.0,66,66,1.0,276,584,0.473,0.464,0.009,2025-26,Regular Season,Overall
201566,Russell Westbrook,1610612758,SAC,G,37.0,64,64,1.0,305,584,0.522,0.476,0.046,2025-26,Regular Season,Overall
203935,Marcus Smart,1610612747,LAL,G,32.0,60,60,1.0,256,583,0.439,0.464,-0.025,2025-26,Regular Season,Overall
1630170,Devin Vassell,1610612759,SAS,G-F,25.0,62,62,1.0,267,578,0.462,0.47,-0.008,2025-26,Regular Season,Overall
1630314,Brandon Williams,1610612742,DAL,G,26.0,65,65,1.0,280,574,0.488,0.454,0.034,2025-26,Regular Season,Overall
1630245,Ayo Dosunmu,1610612750,MIN,G,26.0,66,66,1.0,249,574,0.434,0.462,-0.028,2025-26,Regular Season,Overall
1629640,Keldon Johnson,1610612759,SAS,F-G,26.0,77,77,1.0,258,573,0.45,0.474,-0.023,2025-26,Regular Season,Overall
1642347,Jamal Shead,1610612761,TOR,G,23.0,76,76,1.0,270,567,0.476,0.46,0.016,2025-26,Regular Season,Overall
1628963,Marvin Bagley III,1610612742,DAL,F,27.0,56,56,1.0,259,565,0.458,0.49,-0.031,2025-26,Regular Season,Overall
1626162,Kelly Oubre Jr.,1610612755,PHI,F-G,30.0,45,45,1.0,268,563,0.476,0.469,0.007,2025-26,Regular Season,Overall
203083,Andre Drummond,1610612755,PHI,C,32.0,57,57,1.0,283,563,0.503,0.497,0.006,2025-26,Regular Season,Overall
1630598,Aaron Wiggins,1610612760,OKC,G,27.0,60,60,1.0,260,559,0.465,0.467,-0.002,2025-26,Regular Season,Overall
1628379,Luke Kennard,1610612747,LAL,G,29.0,72,72,1.0,279,559,0.499,0.46,0.039,2025-26,Regular Season,Overall
1629611,Terance Mann,1610612751,BKN,G-F,29.0,62,62,1.0,276,558,0.495,0.47,0.024,2025-26,Regular Season,Overall
1642266,Ja'Kobe Walter,1610612761,TOR,G,21.0,66,66,1.0,256,558,0.459,0.463,-0.004,2025-26,Regular Season,Overall
203994,Jusuf Nurkić,1610612762,UTA,C,31.0,41,41,1.0,271,557,0.487,0.499,-0.012,2025-26,Regular Season,Overall
1630200,Tre Jones,1610612741,CHI,G,26.0,59,59,1.0,274,557,0.492,0.46,0.032,2025-26,Regular Season,Overall
1642268,Isaiah Collier,1610612762,UTA,G,21.0,58,58,1.0,291,552,0.527,0.47,0.057,2025-26,Regular Season,Overall
1630174,Aaron Nesmith,1610612754,IND,G-F,26.0,45,45,1.0,248,552,0.449,0.476,-0.026,2025-26,Regular Season,Overall
1629731,Dean Wade,1610612739,CLE,F-C,29.0,56,56,1.0,242,550,0.44,0.469,-0.029,2025-26,Regular Season,Overall
1630249,Vít Krejčí,1610612757,POR,G,25.0,64,64,1.0,278,547,0.508,0.458,0.051,2025-26,Regular Season,Overall
1630568,Luka Garza,1610612738,BOS,C,27.0,65,65,1.0,268,547,0.49,0.484,0.006,2025-26,Regular Season,Overall
1629008,Michael Porter Jr.,1610612751,BKN,F,27.0,52,52,1.0,288,545,0.528,0.479,0.049,2025-26,Regular Season,Overall
1629637,Jaxson Hayes,1610612747,LAL,C-F,25.0,65,65,1.0,251,545,0.461,0.483,-0.022,2025-26,Regular Season,Overall
1630163,LaMelo Ball,1610612766,CHA,G,24.0,68,68,1.0,271,544,0.498,0.459,0.039,2025-26,Regular Season,Overall
1628960,Grayson Allen,1610612756,PHX,G,30.0,48,48,1.0,268,542,0.494,0.467,0.028,2025-26,Regular Season,Overall
1629661,Cameron Johnson,1610612743,DEN,F,30.0,51,51,1.0,251,538,0.467,0.464,0.002,2025-26,Regular Season,Overall
2544,LeBron James,1610612747,LAL,F,41.0,56,56,1.0,256,537,0.477,0.472,0.005,2025-26,Regular Season,Overall
1641737,Adem Bona,1610612755,PHI,F,23.0,66,66,1.0,257,535,0.48,0.487,-0.006,2025-26,Regular Season,Overall
1629645,Kevin Porter Jr.,1610612749,MIL,G-F,25.0,38,38,1.0,251,533,0.471,0.465,0.006,2025-26,Regular Season,Overall
1628392,Isaiah Hartenstein,1610612760,OKC,C-F,27.0,44,44,1.0,221,532,0.415,0.492,-0.077,2025-26,Regular Season,Overall
1642954,Will Richard,1610612744,GSW,G,23.0,64,64,1.0,266,531,0.501,0.46,0.041,2025-26,Regular Season,Overall
1627751,Jakob Poeltl,1610612761,TOR,C,30.0,40,40,1.0,266,530,0.502,0.493,0.009,2025-26,Regular Season,Overall
1642867,Collin Murray-Boyles,1610612761,TOR,F,20.0,52,52,1.0,241,528,0.456,0.48,-0.023,2025-26,Regular Season,Overall
1630696,Dru Smith,1610612748,MIA,G,28.0,69,69,1.0,223,519,0.43,0.46,-0.031,2025-26,Regular Season,Overall
1631128,Christian Braun,1610612743,DEN,G,24.0,41,41,1.0,251,518,0.485,0.474,0.011,2025-26,Regular Season,Overall
1642262,Cody Williams,1610612762,UTA,F,21.0,60,60,1.0,260,517,0.503,0.468,0.035,2025-26,Regular Season,Overall
203114,Khris Middleton,1610612742,DAL,F,34.0,58,58,1.0,244,517,0.472,0.475,-0.003,2025-26,Regular Season,Overall
1630533,Ziaire Williams,1610612751,BKN,F,24.0,55,55,1.0,247,516,0.479,0.463,0.015,2025-26,Regular Season,Overall
1629011,Mitchell Robinson,1610612752,NYK,C-F,28.0,56,56,1.0,230,516,0.446,0.49,-0.044,2025-26,Regular Season,Overall
1630172,Patrick Williams,1610612741,CHI,F,24.0,66,66,1.0,250,514,0.486,0.474,0.013,2025-26,Regular Season,Overall
201950,Jrue Holiday,1610612757,POR,G,35.0,49,49,1.0,237,513,0.462,0.469,-0.007,2025-26,Regular Season,Overall
203924,Jerami Grant,1610612757,POR,F,32.0,57,57,1.0,240,512,0.469,0.471,-0.002,2025-26,Regular Season,Overall
1629057,Robert Williams III,1610612757,POR,C-F,28.0,55,55,1.0,218,511,0.427,0.485,-0.059,2025-26,Regular Season,Overall
1628374,Lauri Markkanen,1610612762,UTA,F-C,28.0,42,42,1.0,234,509,0.46,0.476,-0.016,2025-26,Regular Season,Overall
1629012,Collin Sexton,1610612741,CHI,G,27.0,62,62,1.0,224,508,0.441,0.458,-0.017,2025-26,Regular Season,Overall
1630198,Isaiah Joe,1610612760,OKC,G,26.0,68,68,1.0,230,507,0.454,0.459,-0.006,2025-26,Regular Season,Overall
1630529,Herbert Jones,1610612740,NOP,F,27.0,55,55,1.0,241,507,0.475,0.478,-0.003,2025-26,Regular Season,Overall
1641842,Ronald Holland II,1610612765,DET,F,20.0,73,73,1.0,225,505,0.446,0.462,-0.017,2025-26,Regular Season,Overall
1642461,Spencer Jones,1610612743,DEN,F,24.0,62,62,1.0,232,505,0.459,0.471,-0.011,2025-26,Regular Season,Overall
1641757,Jordan Miller,1610612746,LAC,G,26.0,54,54,1.0,233,504,0.462,0.462,0.001,2025-26,Regular Season,Overall
1631106,Tari Eason,1610612745,HOU,F,24.0,55,55,1.0,230,503,0.457,0.471,-0.014,2025-26,Regular Season,Overall
1630692,Jordan Goodwin,1610612756,PHX,G,27.0,67,67,1.0,243,503,0.483,0.466,0.017,2025-26,Regular Season,Overall
1642856,Egor Dëmin,1610612751,BKN,G,20.0,52,52,1.0,255,502,0.508,0.47,0.038,2025-26,Regular Season,Overall
1631101,Shaedon Sharpe,1610612757,POR,G,22.0,48,48,1.0,261,500,0.522,0.465,0.057,2025-26,Regular Season,Overall
1631248,Baylor Scheierman,1610612738,BOS,G,25.0,69,69,1.0,228,498,0.458,0.465,-0.008,2025-26,Regular Season,Overall
1642346,Ryan Dunn,1610612756,PHX,F,23.0,66,66,1.0,222,497,0.447,0.468,-0.021,2025-26,Regular Season,Overall
1642874,Danny Wolf,1610612751,BKN,F,21.0,55,55,1.0,221,496,0.446,0.471,-0.025,2025-26,Regular Season,Overall
1641854,Craig Porter Jr.,1610612739,CLE,G,26.0,59,59,1.0,229,496,0.462,0.463,-0.001,2025-26,Regular Season,Overall
1630543,Isaiah Jackson,1610612746,LAC,F,24.0,55,55,1.0,242,495,0.489,0.492,-0.003,2025-26,Regular Season,Overall
1630549,Day'Ron Sharpe,1610612751,BKN,C,24.0,62,62,1.0,241,494,0.488,0.484,0.004,2025-26,Regular Season,Overall
201143,Al Horford,1610612744,GSW,C-F,39.0,43,43,1.0,224,494,0.453,0.486,-0.032,2025-26,Regular Season,Overall
1629014,Anfernee Simons,1610612741,CHI,G,26.0,55,55,1.0,229,489,0.468,0.458,0.01,2025-26,Regular Season,Overall
1642848,Tre Johnson,1610612764,WAS,G,20.0,58,58,1.0,236,487,0.485,0.46,0.025,2025-26,Regular Season,Overall
1630188,Jalen Smith,1610612741,CHI,F-C,26.0,52,52,1.0,227,486,0.467,0.488,-0.021,2025-26,Regular Season,Overall
1641713,GG Jackson,1610612763,MEM,F,21.0,48,48,1.0,239,481,0.497,0.474,0.023,2025-26,Regular Season,Overall
1631097,Bennedict Mathurin,1610612746,LAC,G-F,23.0,49,49,1.0,241,478,0.504,0.472,0.032,2025-26,Regular Season,Overall
1629750,Javonte Green,1610612765,DET,G,32.0,76,76,1.0,224,476,0.471,0.473,-0.003,2025-26,Regular Season,Overall
1629636,Darius Garland,1610612746,LAC,G,26.0,41,41,1.0,231,475,0.486,0.461,0.025,2025-26,Regular Season,Overall
1642860,Will Riley,1610612764,WAS,F,20.0,65,65,1.0,226,473,0.478,0.462,0.016,2025-26,Regular Season,Overall
1626181,Norman Powell,1610612748,MIA,G,32.0,54,54,1.0,244,471,0.518,0.468,0.051,2025-26,Regular Season,Overall
1631243,Mouhamed Gueye,1610612737,ATL,F,23.0,72,72,1.0,204,471,0.433,0.484,-0.051,2025-26,Regular Season,Overall
1630241,Sam Merrill,1610612739,CLE,G,29.0,50,50,1.0,220,465,0.473,0.468,0.005,2025-26,Regular Season,Overall
1642450,Daniss Jenkins,1610612765,DET,G,24.0,64,64,1.0,226,463,0.488,0.462,0.026,2025-26,Regular Season,Overall
1641707,Taylor Hendricks,1610612763,MEM,F,22.0,54,54,1.0,233,458,0.509,0.478,0.03,2025-26,Regular Season,Overall
1641767,Ben Sheppard,1610612754,IND,G,24.0,65,65,1.0,220,457,0.481,0.462,0.02,2025-26,Regular Season,Overall
1641765,Olivier-Maxence Prosper,1610612763,MEM,F,23.0,45,45,1.0,234,456,0.513,0.49,0.024,2025-26,Regular Season,Overall
1630538,Bones Hyland,1610612750,MIN,G,25.0,66,66,1.0,221,455,0.486,0.459,0.027,2025-26,Regular Season,Overall
1631255,Karlo Matković,1610612740,NOP,F-C,25.0,61,61,1.0,199,454,0.438,0.481,-0.043,2025-26,Regular Season,Overall
1642349,Ajay Mitchell,1610612760,OKC,G,23.0,54,54,1.0,184,450,0.409,0.459,-0.05,2025-26,Regular Season,Overall
1630631,Jose Alvarado,1610612752,NYK,G,27.0,66,66,1.0,216,448,0.482,0.464,0.018,2025-26,Regular Season,Overall
1631323,Simone Fontecchio,1610612748,MIA,F,30.0,66,66,1.0,197,443,0.445,0.465,-0.02,2025-26,Regular Season,Overall
1629004,Svi Mykhailiuk,1610612762,UTA,G-F,28.0,49,49,1.0,212,441,0.481,0.471,0.009,2025-26,Regular Season,Overall
1642849,Nolan Traore,1610612751,BKN,G,19.0,52,52,1.0,215,439,0.49,0.467,0.023,2025-26,Regular Season,Overall
1629723,John Konchar,1610612762,UTA,G,30.0,50,50,1.0,204,437,0.467,0.471,-0.004,2025-26,Regular Season,Overall
1627747,Caris LeVert,1610612765,DET,G,31.0,56,56,1.0,200,436,0.459,0.464,-0.005,2025-26,Regular Season,Overall
1641731,Bilal Coulibaly,1610612764,WAS,G,21.0,53,53,1.0,207,435,0.476,0.48,-0.004,2025-26,Regular Season,Overall
1642844,Dylan Harper,1610612759,SAS,G,20.0,64,64,1.0,191,435,0.439,0.455,-0.016,2025-26,Regular Season,Overall
1641775,Jordan Walsh,1610612738,BOS,G,22.0,60,60,1.0,192,435,0.441,0.466,-0.024,2025-26,Regular Season,Overall
1629048,Goga Bitadze,1610612753,ORL,C-F,26.0,58,58,1.0,211,435,0.485,0.485,0.0,2025-26,Regular Season,Overall
1627884,Derrick Jones Jr.,1610612746,LAC,F,29.0,45,45,1.0,181,435,0.416,0.474,-0.058,2025-26,Regular Season,Overall
1642272,Jared McCain,1610612760,OKC,G,22.0,61,61,1.0,203,434,0.468,0.459,0.009,2025-26,Regular Season,Overall
203897,Zach LaVine,1610612758,SAC,G,31.0,39,39,1.0,220,433,0.508,0.475,0.033,2025-26,Regular Season,Overall
1630194,Paul Reed,1610612765,DET,F,26.0,58,58,1.0,186,433,0.43,0.489,-0.059,2025-26,Regular Season,Overall
1628370,Malik Monk,1610612758,SAC,G,28.0,59,59,1.0,210,431,0.487,0.454,0.033,2025-26,Regular Season,Overall
203991,Clint Capela,1610612745,HOU,C,31.0,69,69,1.0,175,431,0.406,0.488,-0.082,2025-26,Regular Season,Overall
1629631,De'Andre Hunter,1610612758,SAC,F-G,28.0,45,45,1.0,213,430,0.495,0.48,0.016,2025-26,Regular Season,Overall
202691,Klay Thompson,1610612742,DAL,G,36.0,66,66,1.0,187,430,0.435,0.465,-0.03,2025-26,Regular Season,Overall
1630695,Micah Potter,1610612754,IND,C,27.0,40,40,1.0,231,429,0.538,0.485,0.053,2025-26,Regular Season,Overall
1642864,Hugo González,1610612738,BOS,G,20.0,69,69,1.0,182,426,0.427,0.466,-0.039,2025-26,Regular Season,Overall
203939,Dwight Powell,1610612742,DAL,F-C,34.0,52,52,1.0,219,425,0.515,0.496,0.019,2025-26,Regular Season,Overall
1642920,Kobe Sanders,1610612746,LAC,G,23.0,62,62,1.0,202,421,0.48,0.46,0.02,2025-26,Regular Season,Overall
1631321,Sidy Cissoko,1610612757,POR,G,22.0,68,68,1.0,203,419,0.484,0.466,0.018,2025-26,Regular Season,Overall
201587,Nicolas Batum,1610612746,LAC,G-F,37.0,69,69,1.0,211,419,0.504,0.467,0.036,2025-26,Regular Season,Overall
1629632,Coby White,1610612766,CHA,G,26.0,47,47,1.0,190,418,0.455,0.457,-0.002,2025-26,Regular Season,Overall
1630311,Pat Spencer,1610612744,GSW,G,29.0,55,55,1.0,214,417,0.513,0.469,0.044,2025-26,Regular Season,Overall
1630557,Corey Kispert,1610612737,ATL,F,27.0,55,55,1.0,189,416,0.454,0.461,-0.006,2025-26,Regular Season,Overall
1629006,Josh Okogie,1610612745,HOU,G,27.0,70,70,1.0,196,414,0.473,0.463,0.011,2025-26,Regular Season,Overall
1630579,Jericho Sims,1610612749,MIL,C,27.0,59,59,1.0,186,414,0.449,0.477,-0.027,2025-26,Regular Season,Overall
1641774,Tristan Vukcevic,1610612764,WAS,F,23.0,48,48,1.0,213,412,0.517,0.486,0.031,2025-26,Regular Season,Overall
1631107,Nikola Jović,1610612748,MIA,F,22.0,44,44,1.0,181,410,0.441,0.47,-0.029,2025-26,Regular Season,Overall
203903,Jordan Clarkson,1610612752,NYK,G,33.0,65,65,1.0,200,404,0.495,0.457,0.038,2025-26,Regular Season,Overall
204001,Kristaps Porziņģis,1610612744,GSW,F-C,30.0,29,29,1.0,180,401,0.449,0.492,-0.043,2025-26,Regular Season,Overall
1627824,Guerschon Yabusele,1610612741,CHI,F,30.0,63,63,1.0,201,400,0.503,0.483,0.02,2025-26,Regular Season,Overall
1629013,Landry Shamet,1610612752,NYK,G,29.0,46,46,1.0,193,399,0.484,0.458,0.025,2025-26,Regular Season,Overall
1631172,Ousmane Dieng,1610612749,MIL,F,22.0,52,52,1.0,179,396,0.452,0.462,-0.01,2025-26,Regular Season,Overall
1631200,Kris Murray,1610612757,POR,F,25.0,53,53,1.0,171,396,0.432,0.467,-0.035,2025-26,Regular Season,Overall
1630540,Miles McBride,1610612752,NYK,G,25.0,38,38,1.0,179,395,0.453,0.458,-0.005,2025-26,Regular Season,Overall
1630208,Nick Richards,1610612741,CHI,C,28.0,47,47,1.0,220,394,0.558,0.498,0.06,2025-26,Regular Season,Overall
203500,Steven Adams,1610612745,HOU,C,32.0,32,32,1.0,170,394,0.431,0.495,-0.064,2025-26,Regular Season,Overall
1642928,Dylan Cardwell,1610612758,SAC,C,24.0,40,40,1.0,176,391,0.45,0.489,-0.039,2025-26,Regular Season,Overall
202685,Jonas Valančiūnas,1610612743,DEN,C,33.0,58,58,1.0,195,391,0.499,0.49,0.009,2025-26,Regular Season,Overall
1642948,Ryan Nembhard,1610612742,DAL,G,23.0,56,56,1.0,176,390,0.451,0.464,-0.013,2025-26,Regular Season,Overall
201939,Stephen Curry,1610612744,GSW,G,38.0,39,39,1.0,193,389,0.496,0.462,0.034,2025-26,Regular Season,Overall
1642364,Jamir Watkins,1610612764,WAS,F,24.0,41,41,1.0,197,388,0.508,0.476,0.031,2025-26,Regular Season,Overall
1629001,De'Anthony Melton,1610612744,GSW,G,27.0,44,44,1.0,207,385,0.538,0.473,0.065,2025-26,Regular Season,Overall
1627936,Alex Caruso,1610612760,OKC,G,32.0,53,53,1.0,172,383,0.449,0.473,-0.024,2025-26,Regular Season,Overall
1642857,Kasparas Jakučionis,1610612748,MIA,G,19.0,45,45,1.0,181,379,0.478,0.463,0.014,2025-26,Regular Season,Overall
1641711,Gradey Dick,1610612761,TOR,G-F,22.0,65,65,1.0,183,379,0.483,0.456,0.027,2025-26,Regular Season,Overall
1627780,Gary Payton II,1610612744,GSW,G,33.0,66,66,1.0,178,378,0.471,0.479,-0.008,2025-26,Regular Season,Overall
1630532,Franz Wagner,1610612753,ORL,F,24.0,30,30,1.0,183,376,0.487,0.475,0.011,2025-26,Regular Season,Overall
202710,Jimmy Butler III,1610612744,GSW,F,36.0,38,38,1.0,188,375,0.501,0.47,0.031,2025-26,Regular Season,Overall
1630534,Ochai Agbaji,1610612751,BKN,G,25.0,59,59,1.0,170,373,0.456,0.458,-0.002,2025-26,Regular Season,Overall
1631121,Bryce McGowens,1610612740,NOP,G,23.0,40,40,1.0,184,370,0.497,0.474,0.023,2025-26,Regular Season,Overall
1628997,Caleb Martin,1610612742,DAL,F,30.0,57,57,1.0,171,370,0.462,0.47,-0.008,2025-26,Regular Season,Overall
1627741,Buddy Hield,1610612737,ATL,G,33.0,50,50,1.0,178,368,0.484,0.463,0.021,2025-26,Regular Season,Overall
1628418,Thomas Bryant,1610612739,CLE,C-F,28.0,55,55,1.0,202,366,0.552,0.492,0.06,2025-26,Regular Season,Overall
1630264,Anthony Gill,1610612764,WAS,F,33.0,41,41,1.0,187,363,0.515,0.48,0.035,2025-26,Regular Season,Overall
1630570,Trendon Watford,1610612755,PHI,G-F,25.0,49,49,1.0,178,360,0.494,0.462,0.032,2025-26,Regular Season,Overall
201144,Mike Conley,1610612750,MIN,G,38.0,50,50,1.0,174,360,0.483,0.462,0.021,2025-26,Regular Season,Overall
1629018,Gary Trent Jr.,1610612749,MIL,G,27.0,57,57,1.0,183,360,0.508,0.458,0.05,2025-26,Regular Season,Overall
202331,Paul George,1610612755,PHI,F,35.0,32,32,1.0,174,360,0.483,0.475,0.008,2025-26,Regular Season,Overall
203932,Aaron Gordon,1610612743,DEN,F,30.0,33,33,1.0,156,360,0.433,0.478,-0.045,2025-26,Regular Season,Overall
1631246,Vince Williams Jr.,1610612762,UTA,G,25.0,40,40,1.0,156,357,0.437,0.47,-0.033,2025-26,Regular Season,Overall
1631169,Josh Minott,1610612751,BKN,F,23.0,46,46,1.0,162,350,0.463,0.471,-0.008,2025-26,Regular Season,Overall
1629020,Jarred Vanderbilt,1610612747,LAL,F,27.0,59,59,1.0,166,347,0.478,0.477,0.002,2025-26,Regular Season,Overall
1629639,Tyler Herro,1610612748,MIA,G,26.0,30,30,1.0,167,346,0.483,0.46,0.023,2025-26,Regular Season,Overall
1642869,Noah Penda,1610612753,ORL,G-F,21.0,54,54,1.0,165,344,0.48,0.47,0.009,2025-26,Regular Season,Overall
1641772,Nae'Qwan Tomlin,1610612739,CLE,F,25.0,57,57,1.0,159,343,0.464,0.468,-0.004,2025-26,Regular Season,Overall
1631245,Quenton Jackson,1610612754,IND,G,27.0,41,41,1.0,161,341,0.472,0.461,0.011,2025-26,Regular Season,Overall
203507,Giannis Antetokounmpo,1610612749,MIL,F,31.0,36,36,1.0,148,341,0.434,0.481,-0.047,2025-26,Regular Season,Overall
1642962,Drake Powell,1610612751,BKN,G-F,20.0,57,57,1.0,160,339,0.472,0.47,0.002,2025-26,Regular Season,Overall
1642868,Carter Bryant,1610612759,SAS,F,20.0,63,63,1.0,140,335,0.418,0.454,-0.036,2025-26,Regular Season,Overall
1629673,Jordan Poole,1610612740,NOP,G,26.0,37,37,1.0,147,322,0.457,0.457,-0.001,2025-26,Regular Season,Overall
1631099,Keegan Murray,1610612758,SAC,F,25.0,23,23,1.0,168,320,0.525,0.483,0.042,2025-26,Regular Season,Overall
1641712,Rayan Rupert,1610612763,MEM,G-F,21.0,55,55,1.0,152,319,0.476,0.458,0.019,2025-26,Regular Season,Overall
1642265,Rob Dillingham,1610612741,CHI,G,21.0,56,56,1.0,153,316,0.484,0.458,0.026,2025-26,Regular Season,Overall
203076,Anthony Davis,1610612764,WAS,F-C,33.0,20,20,1.0,144,313,0.46,0.497,-0.037,2025-26,Regular Season,Overall
1629216,Gabe Vincent,1610612737,ATL,G,29.0,50,50,1.0,149,313,0.476,0.455,0.022,2025-26,Regular Season,Overall
204456,T.J. McConnell,1610612754,IND,G,34.0,56,56,1.0,154,310,0.497,0.466,0.031,2025-26,Regular Season,Overall
1642277,Johnny Furphy,1610612754,IND,G,21.0,34,34,1.0,160,308,0.519,0.466,0.054,2025-26,Regular Season,Overall
1641740,Jaylen Clark,1610612750,MIN,G,24.0,59,59,1.0,133,307,0.433,0.466,-0.033,2025-26,Regular Season,Overall
1626145,Tyus Jones,1610612743,DEN,G,29.0,63,63,1.0,162,305,0.531,0.454,0.077,2025-26,Regular Season,Overall
1641738,Kobe Brown,1610612754,IND,F,26.0,53,53,1.0,149,305,0.489,0.466,0.023,2025-26,Regular Season,Overall
1642348,Justin Edwards,1610612755,PHI,F,22.0,50,50,1.0,169,303,0.558,0.462,0.096,2025-26,Regular Season,Overall
1642879,Ben Saraf,1610612751,BKN,G,19.0,39,39,1.0,155,299,0.518,0.46,0.059,2025-26,Regular Season,Overall
1628975,Jevon Carter,1610612753,ORL,G,30.0,44,44,1.0,133,294,0.452,0.453,-0.001,2025-26,Regular Season,Overall
1631250,Pete Nance,1610612749,MIL,F,26.0,36,36,1.0,134,294,0.456,0.469,-0.014,2025-26,Regular Season,Overall
203937,Kyle Anderson,1610612750,MIN,F-G,32.0,39,39,1.0,139,293,0.474,0.463,0.011,2025-26,Regular Season,Overall
1629234,Drew Eubanks,1610612758,SAC,F-C,29.0,41,41,1.0,148,293,0.505,0.498,0.007,2025-26,Regular Season,Overall
1630192,Zeke Nnaji,1610612743,DEN,F-C,25.0,43,43,1.0,120,293,0.41,0.479,-0.07,2025-26,Regular Season,Overall
1630560,Cam Thomas,1610612749,MIL,G,24.0,42,42,1.0,160,288,0.556,0.468,0.088,2025-26,Regular Season,Overall
203484,Kentavious Caldwell-Pope,1610612763,MEM,G,33.0,50,50,1.0,157,286,0.549,0.464,0.085,2025-26,Regular Season,Overall
1628366,Lonzo Ball,1610612739,CLE,G,28.0,35,35,1.0,120,285,0.421,0.464,-0.043,2025-26,Regular Season,Overall
1627734,Domantas Sabonis,1610612758,SAC,F-C,29.0,19,19,1.0,164,285,0.575,0.505,0.07,2025-26,Regular Season,Overall
1631126,Caleb Love,1610612757,POR,G,24.0,44,44,1.0,137,281,0.488,0.459,0.029,2025-26,Regular Season,Overall
1642914,Javon Small,1610612763,MEM,G,23.0,36,36,1.0,126,279,0.452,0.456,-0.004,2025-26,Regular Season,Overall
201567,Kevin Love,1610612762,UTA,F-C,37.0,35,35,1.0,147,275,0.535,0.491,0.043,2025-26,Regular Season,Overall
1631133,Jabari Walker,1610612755,PHI,F,23.0,59,59,1.0,132,274,0.482,0.477,0.004,2025-26,Regular Season,Overall
1630228,Jonathan Kuminga,1610612737,ATL,F,23.0,33,33,1.0,131,271,0.483,0.469,0.015,2025-26,Regular Season,Overall
1631218,Trayce Jackson-Davis,1610612761,TOR,F,26.0,45,45,1.0,114,270,0.422,0.472,-0.05,2025-26,Regular Season,Overall
203914,Gary Harris,1610612749,MIL,G,31.0,45,45,1.0,134,269,0.498,0.465,0.033,2025-26,Regular Season,Overall
1630592,Jalen Wilson,1610612751,BKN,F,25.0,46,46,1.0,138,269,0.513,0.46,0.053,2025-26,Regular Season,Overall
1630702,Jaden Hardy,1610612764,WAS,G,23.0,48,48,1.0,129,267,0.483,0.46,0.023,2025-26,Regular Season,Overall
1631213,Tyrese Martin,1610612755,PHI,F,27.0,44,44,1.0,118,267,0.442,0.462,-0.02,2025-26,Regular Season,Overall
1629684,Grant Williams,1610612766,CHA,F,27.0,32,32,1.0,101,265,0.381,0.47,-0.089,2025-26,Regular Season,Overall
1630182,Josh Green,1610612766,CHA,G,25.0,53,53,1.0,103,263,0.392,0.461,-0.069,2025-26,Regular Season,Overall
1642278,Tyler Kolek,1610612752,NYK,G,25.0,52,52,1.0,119,260,0.458,0.448,0.009,2025-26,Regular Season,Overall
1631114,Jalen Williams,1610612760,OKC,G-F,24.0,31,31,1.0,118,257,0.459,0.47,-0.01,2025-26,Regular Season,Overall
1630224,Jalen Green,1610612756,PHX,G,24.0,29,29,1.0,111,256,0.434,0.46,-0.027,2025-26,Regular Season,Overall
1631342,Daeqwon Plowden,1610612758,SAC,G-F,27.0,28,28,1.0,127,255,0.498,0.465,0.033,2025-26,Regular Season,Overall
1628988,Aaron Holiday,1610612745,HOU,G,29.0,47,47,1.0,113,254,0.445,0.454,-0.009,2025-26,Regular Season,Overall
1630544,Tre Mann,1610612766,CHA,G,25.0,46,46,1.0,147,252,0.583,0.464,0.119,2025-26,Regular Season,Overall
1631093,Jaden Ivey,1610612741,CHI,G,24.0,37,37,1.0,126,250,0.504,0.456,0.048,2025-26,Regular Season,Overall
1629026,Kenrich Williams,1610612760,OKC,G-F,31.0,50,50,1.0,129,248,0.52,0.469,0.051,2025-26,Regular Season,Overall
1641722,Jordan Hawkins,1610612740,NOP,G,23.0,46,46,1.0,122,247,0.494,0.454,0.04,2025-26,Regular Season,Overall
1631124,Julian Strawther,1610612743,DEN,G,23.0,46,46,1.0,124,243,0.51,0.463,0.047,2025-26,Regular Season,Overall
1642275,Tidjane Salaün,1610612766,CHA,F,20.0,34,34,1.0,117,241,0.485,0.457,0.028,2025-26,Regular Season,Overall
1630619,Moussa Cisse,1610612742,DAL,C,23.0,33,33,1.0,110,241,0.456,0.49,-0.034,2025-26,Regular Season,Overall
1642877,Micah Peavy,1610612740,NOP,G-F,24.0,53,53,1.0,107,239,0.448,0.464,-0.016,2025-26,Regular Season,Overall
1629618,Jalen Pickett,1610612743,DEN,G,26.0,39,39,1.0,99,238,0.416,0.461,-0.045,2025-26,Regular Season,Overall
1628467,Maxi Kleber,1610612747,LAL,F,34.0,35,35,1.0,114,231,0.494,0.473,0.021,2025-26,Regular Season,Overall
1631159,Leonard Miller,1610612741,CHI,F,22.0,31,31,1.0,107,231,0.463,0.462,0.001,2025-26,Regular Season,Overall
1630574,Ariel Hukporti,1610612752,NYK,C,23.0,48,48,1.0,88,230,0.383,0.477,-0.094,2025-26,Regular Season,Overall
1626156,D'Angelo Russell,1610612764,WAS,G,30.0,26,26,1.0,104,227,0.458,0.459,-0.001,2025-26,Regular Season,Overall
1642382,Branden Carlson,1610612760,OKC,C,26.0,34,34,1.0,108,227,0.476,0.465,0.01,2025-26,Regular Season,Overall
1642269,Devin Carter,1610612758,SAC,G,24.0,33,33,1.0,124,226,0.549,0.458,0.091,2025-26,Regular Season,Overall
1642942,Jahmai Mashack,1610612763,MEM,G,23.0,24,24,1.0,124,226,0.549,0.47,0.079,2025-26,Regular Season,Overall
1627827,Dorian Finney-Smith,1610612745,HOU,F,32.0,36,36,1.0,114,225,0.507,0.47,0.037,2025-26,Regular Season,Overall
1630703,Scoot Henderson,1610612757,POR,G,22.0,26,26,1.0,116,225,0.516,0.473,0.043,2025-26,Regular Season,Overall
1631207,Dalen Terry,1610612755,PHI,F,23.0,40,40,1.0,103,222,0.464,0.454,0.01,2025-26,Regular Season,Overall
203482,Kelly Olynyk,1610612759,SAS,F-C,34.0,40,40,1.0,97,218,0.445,0.472,-0.027,2025-26,Regular Season,Overall
1629630,Ja Morant,1610612763,MEM,G,26.0,20,20,1.0,108,217,0.498,0.464,0.034,2025-26,Regular Season,Overall
1630175,Cole Anthony,1610612749,MIL,G,25.0,33,33,1.0,109,216,0.505,0.456,0.048,2025-26,Regular Season,Overall
1641989,Elijah Harkless,1610612762,UTA,G,26.0,24,24,1.0,114,215,0.53,0.481,0.05,2025-26,Regular Season,Overall
1642949,Yanic Konan Niederhäuser,1610612746,LAC,C,23.0,34,34,1.0,106,214,0.495,0.486,0.009,2025-26,Regular Season,Overall
1641724,Jett Howard,1610612753,ORL,G,22.0,51,51,1.0,104,213,0.488,0.461,0.027,2025-26,Regular Season,Overall
1642853,Rasheer Fleming,1610612756,PHX,F,21.0,45,45,1.0,85,210,0.405,0.456,-0.051,2025-26,Regular Season,Overall
1642854,Asa Newell,1610612737,ATL,F,20.0,37,37,1.0,93,204,0.456,0.475,-0.019,2025-26,Regular Season,Overall
1642905,Yang Hansen,1610612757,POR,C,20.0,40,40,1.0,95,203,0.468,0.488,-0.02,2025-26,Regular Season,Overall
1631123,Jamaree Bouyea,1610612756,PHX,G,26.0,38,38,1.0,93,201,0.463,0.467,-0.005,2025-26,Regular Season,Overall
1631132,Christian Koloko,1610612737,ATL,C,25.0,26,26,1.0,90,199,0.452,0.49,-0.038,2025-26,Regular Season,Overall
1630536,Sharife Cooper,1610612764,WAS,G,24.0,33,33,1.0,94,199,0.472,0.444,0.029,2025-26,Regular Season,Overall
1642353,Cam Christie,1610612746,LAC,G,20.0,45,45,1.0,84,192,0.438,0.456,-0.018,2025-26,Regular Season,Overall
1630811,Keaton Wallace,1610612737,ATL,G,27.0,42,42,1.0,91,190,0.479,0.449,0.03,2025-26,Regular Season,Overall
1642885,Mohamed Diawara,1610612752,NYK,F,20.0,56,56,1.0,85,188,0.452,0.459,-0.007,2025-26,Regular Season,Overall
1642261,Dalton Knecht,1610612747,LAL,F,24.0,41,41,1.0,91,186,0.489,0.462,0.028,2025-26,Regular Season,Overall
203992,Bogdan Bogdanović,1610612746,LAC,G,33.0,20,20,1.0,92,184,0.5,0.465,0.035,2025-26,Regular Season,Overall
1631110,Jeremy Sochan,1610612752,NYK,F,22.0,35,35,1.0,95,184,0.516,0.468,0.049,2025-26,Regular Season,Overall
1631288,Jamal Cain,1610612753,ORL,F,27.0,30,30,1.0,88,183,0.481,0.461,0.02,2025-26,Regular Season,Overall
1629021,Moritz Wagner,1610612753,ORL,F-C,28.0,33,33,1.0,96,181,0.53,0.492,0.039,2025-26,Regular Season,Overall
1631131,Oscar Tshiebwe,1610612762,UTA,F-C,26.0,22,22,1.0,95,181,0.525,0.489,0.035,2025-26,Regular Season,Overall
1642863,Khaman Maluach,1610612756,PHX,C,19.0,39,39,1.0,75,178,0.421,0.498,-0.076,2025-26,Regular Season,Overall
1643007,Taelon Peter,1610612754,IND,G,24.0,29,29,1.0,97,177,0.548,0.453,0.096,2025-26,Regular Season,Overall
1628371,Jonathan Isaac,1610612753,ORL,F,28.0,45,45,1.0,71,174,0.408,0.477,-0.069,2025-26,Regular Season,Overall
1628396,Tony Bradley,1610612754,IND,C-F,28.0,32,32,1.0,80,173,0.462,0.485,-0.023,2025-26,Regular Season,Overall
1630679,Ethan Thompson,1610612754,IND,G,26.0,24,24,1.0,72,172,0.419,0.442,-0.023,2025-26,Regular Season,Overall
1642859,Jase Richardson,1610612753,ORL,G,20.0,43,43,1.0,84,167,0.503,0.461,0.042,2025-26,Regular Season,Overall
1642878,Tyrese Proctor,1610612739,CLE,G,22.0,40,40,1.0,72,162,0.444,0.457,-0.013,2025-26,Regular Season,Overall
1642419,Jamison Battle,1610612761,TOR,F,24.0,46,46,1.0,77,159,0.484,0.462,0.022,2025-26,Regular Season,Overall
1642880,Kam Jones,1610612754,IND,G,24.0,27,27,1.0,80,150,0.533,0.455,0.078,2025-26,Regular Season,Overall
1642066,Myron Gardner,1610612748,MIA,F,24.0,34,34,1.0,68,148,0.459,0.468,-0.009,2025-26,Regular Season,Overall
1627752,Taurean Prince,1610612749,MIL,F,32.0,21,21,1.0,76,144,0.528,0.465,0.063,2025-26,Regular Season,Overall
1630526,Jeremiah Robinson-Earl,1610612742,DAL,F,25.0,21,21,1.0,87,144,0.604,0.463,0.141,2025-26,Regular Season,Overall
1643016,Bez Mbeng,1610612762,UTA,G,22.0,12,12,1.0,68,144,0.472,0.466,0.007,2025-26,Regular Season,Overall
1626172,Kevon Looney,1610612740,NOP,F,30.0,19,19,1.0,70,143,0.49,0.487,0.003,2025-26,Regular Season,Overall
1627749,Dejounte Murray,1610612740,NOP,G,29.0,14,14,1.0,78,143,0.545,0.469,0.077,2025-26,Regular Season,Overall
1629027,Trae Young,1610612764,WAS,G,27.0,15,15,1.0,80,142,0.563,0.457,0.107,2025-26,Regular Season,Overall
1626204,Larry Nance Jr.,1610612739,CLE,F-C,33.0,28,28,1.0,72,142,0.507,0.477,0.03,2025-26,Regular Season,Overall
1630256,Jae'Sean Tate,1610612745,HOU,F,30.0,35,35,1.0,63,140,0.45,0.464,-0.014,2025-26,Regular Season,Overall
1630545,Terrence Shannon Jr.,1610612750,MIN,G-F,25.0,38,38,1.0,66,139,0.475,0.467,0.008,2025-26,Regular Season,Overall
1642358,AJ Johnson,1610612742,DAL,G,21.0,36,36,1.0,66,138,0.478,0.446,0.032,2025-26,Regular Season,Overall
1641871,Duop Reath,1610612757,POR,C,29.0,28,28,1.0,55,135,0.407,0.476,-0.069,2025-26,Regular Season,Overall
1641790,PJ Hall,1610612766,CHA,C,24.0,16,16,1.0,63,134,0.47,0.479,-0.009,2025-26,Regular Season,Overall
1641748,Andre Jackson Jr.,1610612749,MIL,G,24.0,36,36,1.0,62,134,0.463,0.464,-0.002,2025-26,Regular Season,Overall
203926,Doug McDermott,1610612758,SAC,F,34.0,24,24,1.0,55,133,0.414,0.443,-0.03,2025-26,Regular Season,Overall
1641744,Zach Edey,1610612763,MEM,C,23.0,11,11,1.0,57,133,0.429,0.498,-0.069,2025-26,Regular Season,Overall
1629660,Ty Jerome,1610612763,MEM,G-F,28.0,15,15,1.0,65,133,0.489,0.484,0.005,2025-26,Regular Season,Overall
1630587,Isaiah Livers,1610612756,PHX,F,27.0,33,33,1.0,62,132,0.47,0.461,0.008,2025-26,Regular Season,Overall
1642866,Joan Beringer,1610612750,MIN,F,19.0,32,32,1.0,60,131,0.458,0.486,-0.028,2025-26,Regular Season,Overall
1629599,Amir Coffey,1610612756,PHX,G-F,28.0,37,37,1.0,53,131,0.405,0.462,-0.057,2025-26,Regular Season,Overall
1631204,Marcus Sasser,1610612765,DET,G,25.0,28,28,1.0,52,129,0.403,0.453,-0.05,2025-26,Regular Season,Overall
1629680,Matisse Thybulle,1610612757,POR,G-F,29.0,26,26,1.0,51,128,0.398,0.458,-0.059,2025-26,Regular Season,Overall
1641763,Julian Phillips,1610612750,MIN,F,22.0,34,34,1.0,53,125,0.424,0.447,-0.023,2025-26,Regular Season,Overall
1626192,Pat Connaughton,1610612766,CHA,G,33.0,31,31,1.0,51,125,0.408,0.465,-0.057,2025-26,Regular Season,Overall
1642862,Liam McNeeley,1610612766,CHA,F,20.0,28,28,1.0,60,121,0.496,0.461,0.035,2025-26,Regular Season,Overall
1629622,Max Strus,1610612739,CLE,G-F,30.0,8,8,1.0,65,118,0.551,0.463,0.088,2025-26,Regular Season,Overall
1641778,Leaky Black,1610612764,WAS,F,26.0,9,9,1.0,68,116,0.586,0.477,0.109,2025-26,Regular Season,Overall
1630165,Killian Hayes,1610612758,SAC,G,24.0,18,18,1.0,55,115,0.478,0.443,0.035,2025-26,Regular Season,Overall
1630590,Scotty Pippen Jr.,1610612763,MEM,G,25.0,10,10,1.0,62,114,0.544,0.453,0.091,2025-26,Regular Season,Overall
1641715,Cam Whitmore,1610612764,WAS,F,21.0,21,21,1.0,55,113,0.487,0.47,0.017,2025-26,Regular Season,Overall
1641733,Nick Smith Jr.,1610612747,LAL,G,21.0,22,22,1.0,58,113,0.513,0.457,0.056,2025-26,Regular Season,Overall
1631174,Tyler Burton,1610612763,MEM,F,26.0,11,11,1.0,65,113,0.575,0.473,0.102,2025-26,Regular Season,Overall
1642964,Brooks Barnhizer,1610612760,OKC,G,24.0,32,32,1.0,54,113,0.478,0.457,0.021,2025-26,Regular Season,Overall
1630167,Obi Toppin,1610612754,IND,F,28.0,18,18,1.0,51,113,0.451,0.481,-0.029,2025-26,Regular Season,Overall
1628369,Jayson Tatum,1610612738,BOS,F-G,28.0,13,13,1.0,44,112,0.393,0.47,-0.077,2025-26,Regular Season,Overall
1626166,Cameron Payne,1610612755,PHI,G,31.0,19,19,1.0,54,112,0.482,0.462,0.02,2025-26,Regular Season,Overall
1641747,DaRon Holmes II,1610612743,DEN,F,23.0,19,19,1.0,51,111,0.459,0.484,-0.025,2025-26,Regular Season,Overall
201599,DeAndre Jordan,1610612740,NOP,C,37.0,12,12,1.0,42,106,0.396,0.492,-0.096,2025-26,Regular Season,Overall
1642354,KJ Simpson,1610612743,DEN,G,23.0,15,15,1.0,45,104,0.433,0.451,-0.018,2025-26,Regular Season,Overall
1630214,Xavier Tillman,1610612766,CHA,F,27.0,25,25,1.0,47,101,0.465,0.474,-0.009,2025-26,Regular Season,Overall
1642355,Bronny James,1610612747,LAL,G,21.0,31,31,1.0,53,101,0.525,0.462,0.063,2025-26,Regular Season,Overall
203486,Mason Plumlee,1610612759,SAS,F-C,36.0,18,18,1.0,60,99,0.606,0.5,0.106,2025-26,Regular Season,Overall
1642367,Jonathan Mogbo,1610612761,TOR,F,24.0,27,27,1.0,48,99,0.485,0.471,0.013,2025-26,Regular Season,Overall
1642882,Julian Reese,1610612764,WAS,F,22.0,7,7,1.0,46,95,0.484,0.464,0.02,2025-26,Regular Season,Overall
1631103,Malaki Branham,1610612764,WAS,F,22.0,25,25,1.0,43,95,0.453,0.464,-0.012,2025-26,Regular Season,Overall
1631166,Drew Timme,1610612747,LAL,F,25.0,19,19,1.0,45,93,0.484,0.47,0.014,2025-26,Regular Season,Overall
1631104,Blake Wesley,1610612757,POR,G,23.0,25,25,1.0,50,93,0.538,0.458,0.08,2025-26,Regular Season,Overall
1629162,Jordan McLaughlin,1610612759,SAS,G,29.0,31,31,1.0,55,90,0.611,0.447,0.164,2025-26,Regular Season,Overall
1643052,Chaney Johnson,1610612751,BKN,G-F,23.0,13,13,1.0,38,90,0.422,0.476,-0.054,2025-26,Regular Season,Overall
1630322,Lindy Waters III,1610612759,SAS,F,28.0,33,33,1.0,39,89,0.438,0.45,-0.012,2025-26,Regular Season,Overall
1630610,DeJon Jarreau,1610612763,MEM,G,28.0,10,10,1.0,43,88,0.489,0.466,0.022,2025-26,Regular Season,Overall
1642502,Malevy Leons,1610612744,GSW,F,26.0,20,20,1.0,43,85,0.506,0.474,0.032,2025-26,Regular Season,Overall
1642950,Lachlan Olbrich,1610612741,CHI,C,22.0,24,24,1.0,42,85,0.494,0.463,0.031,2025-26,Regular Season,Overall
1628380,Zach Collins,1610612741,CHI,F-C,28.0,10,10,1.0,37,84,0.44,0.487,-0.047,2025-26,Regular Season,Overall
1643018,LJ Cryer,1610612744,GSW,G,24.0,15,15,1.0,43,83,0.518,0.47,0.049,2025-26,Regular Season,Overall
1641771,Jalen Slawson,1610612754,IND,F,26.0,8,8,1.0,38,83,0.458,0.481,-0.023,2025-26,Regular Season,Overall
101108,Chris Paul,1610612746,LAC,G,40.0,16,16,1.0,42,81,0.519,0.449,0.069,2025-26,Regular Season,Overall
1642352,Keshad Johnson,1610612748,MIA,F,24.0,20,20,1.0,32,80,0.4,0.479,-0.079,2025-26,Regular Season,Overall
1630699,MarJon Beauchamp,1610612755,PHI,F,25.0,11,11,1.0,29,80,0.363,0.45,-0.087,2025-26,Regular Season,Overall
1631113,Kennedy Chandler,1610612762,UTA,G,23.0,8,8,1.0,40,79,0.506,0.465,0.041,2025-26,Regular Season,Overall
1631117,Walker Kessler,1610612762,UTA,C,24.0,5,5,1.0,35,77,0.455,0.506,-0.051,2025-26,Regular Season,Overall
1631120,JD Davison,1610612745,HOU,G,23.0,22,22,1.0,32,76,0.421,0.459,-0.038,2025-26,Regular Season,Overall
1630604,E.J. Liddell,1610612751,BKN,F,25.0,18,18,1.0,37,75,0.493,0.475,0.018,2025-26,Regular Season,Overall
1631199,Ron Harper Jr.,1610612738,BOS,G-F,25.0,21,21,1.0,28,75,0.373,0.453,-0.08,2025-26,Regular Season,Overall
1629726,Garrison Mathews,1610612754,IND,G,29.0,14,14,1.0,35,73,0.479,0.452,0.028,2025-26,Regular Season,Overall
1631466,Nate Williams,1610612744,GSW,G,27.0,12,12,1.0,36,72,0.5,0.477,0.023,2025-26,Regular Season,Overall
202687,Bismack Biyombo,1610612759,SAS,C,33.0,21,21,1.0,38,70,0.543,0.478,0.065,2025-26,Regular Season,Overall
1641726,Dereck Lively II,1610612742,DAL,C,22.0,7,7,1.0,36,68,0.529,0.491,0.039,2025-26,Regular Season,Overall
201145,Jeff Green,1610612745,HOU,F,39.0,22,22,1.0,26,66,0.394,0.446,-0.052,2025-26,Regular Season,Overall
1642959,Chris Youngblood,1610612757,POR,G,24.0,22,22,1.0,30,65,0.462,0.451,0.01,2025-26,Regular Season,Overall
1641816,Hunter Tyson,1610612743,DEN,F,25.0,20,20,1.0,26,62,0.419,0.473,-0.054,2025-26,Regular Season,Overall
1641869,Malachi Smith,1610612751,BKN,G,26.0,9,9,1.0,31,60,0.517,0.445,0.072,2025-26,Regular Season,Overall
1642918,Alijah Martin,1610612761,TOR,G,24.0,13,13,1.0,26,59,0.441,0.445,-0.004,2025-26,Regular Season,Overall
1642873,Amari Williams,1610612738,BOS,F-C,24.0,14,14,1.0,23,59,0.39,0.486,-0.096,2025-26,Regular Season,Overall
1630623,Tyson Etienne,1610612751,BKN,G,26.0,14,14,1.0,30,58,0.517,0.424,0.093,2025-26,Regular Season,Overall
1642396,Blake Hinson,1610612762,UTA,F,26.0,11,11,1.0,25,58,0.431,0.465,-0.034,2025-26,Regular Season,Overall
1642484,RayJ Dennis,1610612737,ATL,G,25.0,13,13,1.0,33,57,0.579,0.456,0.123,2025-26,Regular Season,Overall
1642967,John Poulakidas,1610612742,DAL,G,23.0,8,8,1.0,25,54,0.463,0.457,0.006,2025-26,Regular Season,Overall
1641755,Kevin McCullar Jr.,1610612752,NYK,G,25.0,14,14,1.0,28,54,0.519,0.46,0.059,2025-26,Regular Season,Overall
1643158,Andersson Garcia,1610612762,UTA,F,25.0,4,4,1.0,27,53,0.509,0.471,0.039,2025-26,Regular Season,Overall
1628502,Nigel Hayes-Davis,1610612756,PHX,F,31.0,18,18,1.0,25,52,0.481,0.471,0.01,2025-26,Regular Season,Overall
1642404,Chaz Lanier,1610612765,DET,G,24.0,18,18,1.0,17,51,0.333,0.452,-0.118,2025-26,Regular Season,Overall
1642530,Yuki Kawamura,1610612741,CHI,G,24.0,11,11,1.0,24,50,0.48,0.453,0.027,2025-26,Regular Season,Overall
1630209,Omer Yurtseven,1610612744,GSW,C,27.0,8,8,1.0,27,49,0.551,0.507,0.044,2025-26,Regular Season,Overall
1628449,Chris Boucher,1610612738,BOS,F,33.0,8,8,1.0,20,49,0.408,0.484,-0.076,2025-26,Regular Season,Overall
1642449,Tolu Smith,1610612765,DET,F,25.0,10,10,1.0,22,48,0.458,0.488,-0.03,2025-26,Regular Season,Overall
1642876,Adou Thiero,1610612747,LAL,G,21.0,18,18,1.0,28,45,0.622,0.46,0.162,2025-26,Regular Season,Overall
1630639,A.J. Lawson,1610612761,TOR,G,25.0,15,15,1.0,20,45,0.444,0.457,-0.012,2025-26,Regular Season,Overall
1642939,Miles Kelly,1610612742,DAL,G,23.0,9,9,1.0,22,38,0.579,0.457,0.122,2025-26,Regular Season,Overall
1631451,Javonte Cooke,1610612757,POR,G,26.0,17,17,1.0,21,38,0.553,0.449,0.104,2025-26,Regular Season,Overall
1631214,Alondes Williams,1610612764,WAS,G,26.0,4,4,1.0,19,38,0.5,0.439,0.061,2025-26,Regular Season,Overall
200768,Kyle Lowry,1610612755,PHI,G,40.0,10,10,1.0,17,37,0.459,0.449,0.011,2025-26,Regular Season,Overall
203078,Bradley Beal,1610612746,LAC,G,32.0,6,6,1.0,19,37,0.514,0.461,0.052,2025-26,Regular Season,Overall
1642359,Pacôme Dadiet,1610612752,NYK,F,20.0,17,17,1.0,14,34,0.412,0.463,-0.051,2025-26,Regular Season,Overall
1631247,Luke Travers,1610612739,CLE,F,24.0,11,11,1.0,16,33,0.485,0.471,0.014,2025-26,Regular Season,Overall
203648,Thanasis Antetokounmpo,1610612749,MIL,F,33.0,18,18,1.0,15,33,0.455,0.478,-0.023,2025-26,Regular Season,Overall
201959,Taj Gibson,1610612763,MEM,F,40.0,7,7,1.0,17,33,0.515,0.504,0.011,2025-26,Regular Season,Overall
1629312,Haywood Highsmith,1610612756,PHX,F,29.0,5,5,1.0,12,33,0.364,0.45,-0.086,2025-26,Regular Season,Overall
1630548,Johnny Juzang,1610612750,MIN,G,25.0,16,16,1.0,13,32,0.406,0.443,-0.036,2025-26,Regular Season,Overall
1631116,Patrick Baldwin Jr.,1610612758,SAC,F,23.0,8,8,1.0,14,32,0.438,0.454,-0.017,2025-26,Regular Season,Overall
1642357,David Jones Garcia,1610612759,SAS,G,24.0,8,8,1.0,14,31,0.452,0.438,0.014,2025-26,Regular Season,Overall
1641890,Tyler Smith,1610612742,DAL,F,21.0,8,8,1.0,13,31,0.419,0.464,-0.044,2025-26,Regular Season,Overall
1641780,Johni Broome,1610612755,PHI,F,23.0,7,7,1.0,17,31,0.548,0.482,0.067,2025-26,Regular Season,Overall
1641752,Bobi Klintman,1610612765,DET,F,23.0,10,10,1.0,14,30,0.467,0.441,0.026,2025-26,Regular Season,Overall
1628420,Monte Morris,1610612754,IND,G,30.0,5,5,1.0,11,28,0.393,0.451,-0.058,2025-26,Regular Season,Overall
204060,Joe Ingles,1610612750,MIN,F-G,38.0,14,14,1.0,16,28,0.571,0.47,0.102,2025-26,Regular Season,Overall
1642504,Cormac Ryan,1610612749,MIL,G,27.0,6,6,1.0,15,27,0.556,0.466,0.089,2025-26,Regular Season,Overall
1628964,Mo Bamba,1610612762,UTA,C,27.0,4,4,1.0,13,27,0.481,0.47,0.012,2025-26,Regular Season,Overall
1643133,Lawson Lovering,1610612763,MEM,C,22.0,2,2,1.0,13,27,0.481,0.501,-0.02,2025-26,Regular Season,Overall
1641723,Kobe Bufkin,1610612747,LAL,G,22.0,9,9,1.0,16,26,0.615,0.458,0.158,2025-26,Regular Season,Overall
1630164,James Wiseman,1610612754,IND,C,25.0,4,4,1.0,13,25,0.52,0.498,0.022,2025-26,Regular Season,Overall
1641998,Trey Jemison III,1610612752,NYK,C,26.0,7,7,1.0,14,25,0.56,0.475,0.085,2025-26,Regular Season,Overall
202066,Garrett Temple,1610612761,TOR,G-F,39.0,12,12,1.0,8,24,0.333,0.429,-0.096,2025-26,Regular Season,Overall
203967,Dario Saric,1610612758,SAC,F-C,31.0,5,5,1.0,13,24,0.542,0.457,0.085,2025-26,Regular Season,Overall
1631111,Wendell Moore Jr.,1610612765,DET,G,24.0,5,5,1.0,8,24,0.333,0.458,-0.125,2025-26,Regular Season,Overall
1630644,Mac McClung,1610612741,CHI,G,27.0,4,4,1.0,10,24,0.417,0.461,-0.045,2025-26,Regular Season,Overall
1631102,TyTy Washington Jr.,1610612746,LAC,G,24.0,10,10,1.0,14,23,0.609,0.464,0.145,2025-26,Regular Season,Overall
201569,Eric Gordon,1610612755,PHI,G,37.0,6,6,1.0,8,23,0.348,0.431,-0.084,2025-26,Regular Season,Overall
203552,Seth Curry,1610612744,GSW,G,35.0,6,6,1.0,14,23,0.609,0.473,0.135,2025-26,Regular Season,Overall
1628998,Cody Martin,1610612754,IND,F,30.0,4,4,1.0,7,21,0.333,0.455,-0.121,2025-26,Regular Season,Overall
1641761,Grant Nelson,1610612751,BKN,F,24.0,4,4,1.0,7,21,0.333,0.473,-0.139,2025-26,Regular Season,Overall
1627746,Skal Labissiere,1610612764,WAS,F-C,30.0,3,3,1.0,10,20,0.5,0.447,0.053,2025-26,Regular Season,Overall
1641809,Drew Peterson,1610612766,CHA,F,26.0,6,6,1.0,8,20,0.4,0.479,-0.079,2025-26,Regular Season,Overall
1642380,Adama Bal,1610612763,MEM,G,22.0,2,2,1.0,8,20,0.4,0.443,-0.043,2025-26,Regular Season,Overall
1642955,Kadary Richmond,1610612764,WAS,G,24.0,3,3,1.0,7,20,0.35,0.431,-0.081,2025-26,Regular Season,Overall
1629646,Charles Bassey,1610612738,BOS,C-F,25.0,5,5,1.0,6,19,0.316,0.451,-0.135,2025-26,Regular Season,Overall
1641725,Trey Alexander,1610612740,NOP,G,22.0,4,4,1.0,9,19,0.474,0.471,0.003,2025-26,Regular Season,Overall
1642933,Keshon Gilbert,1610612737,ATL,G,22.0,3,3,1.0,9,19,0.474,0.446,0.027,2025-26,Regular Season,Overall
1642443,Jahmir Young,1610612748,MIA,G,25.0,9,9,1.0,10,19,0.526,0.434,0.093,2025-26,Regular Season,Overall
1629610,DaQuan Jeffries,1610612758,SAC,G-F,28.0,3,3,1.0,9,19,0.474,0.445,0.028,2025-26,Regular Season,Overall
1642260,Nikola Topić,1610612760,OKC,G,20.0,4,4,1.0,8,18,0.444,0.454,-0.01,2025-26,Regular Season,Overall
1642911,Rocco Zikarsky,1610612750,MIN,C,19.0,4,4,1.0,7,17,0.412,0.489,-0.077,2025-26,Regular Season,Overall
1641810,Antonio Reeves,1610612766,CHA,G,25.0,7,7,1.0,8,17,0.471,0.45,0.02,2025-26,Regular Season,Overall
1631115,Orlando Robinson,1610612753,ORL,C,25.0,4,4,1.0,13,17,0.765,0.458,0.307,2025-26,Regular Season,Overall
1642384,Isaiah Crawford,1610612745,HOU,F,24.0,6,6,1.0,6,16,0.375,0.423,-0.048,2025-26,Regular Season,Overall
1628365,Markelle Fultz,1610612761,TOR,G,27.0,4,4,1.0,8,16,0.5,0.436,0.064,2025-26,Regular Season,Overall
1642886,Koby Brea,1610612756,PHX,G,23.0,5,5,1.0,6,14,0.429,0.443,-0.015,2025-26,Regular Season,Overall
1642434,Riley Minix,1610612739,CLE,F,25.0,6,6,1.0,6,12,0.5,0.424,0.076,2025-26,Regular Season,Overall
1642282,Hunter Sallis,1610612755,PHI,G,23.0,4,4,1.0,5,12,0.417,0.452,-0.035,2025-26,Regular Season,Overall
1642938,Curtis Jones,1610612743,DEN,G,24.0,6,6,1.0,4,12,0.333,0.447,-0.114,2025-26,Regular Season,Overall
1643024,Chris Mañon,1610612747,LAL,G,24.0,5,5,1.0,6,12,0.5,0.463,0.037,2025-26,Regular Season,Overall
1631205,Buddy Boeheim,1610612760,OKC,F,26.0,2,2,1.0,4,12,0.333,0.443,-0.11,2025-26,Regular Season,Overall
1642403,Isaac Jones,1610612765,DET,F,25.0,5,5,1.0,4,11,0.364,0.429,-0.066,2025-26,Regular Season,Overall
1641801,Emanuel Miller,1610612759,SAS,F,25.0,5,5,1.0,7,11,0.636,0.453,0.183,2025-26,Regular Season,Overall
1631216,Caleb Houstan,1610612737,ATL,G,23.0,7,7,1.0,7,11,0.636,0.486,0.15,2025-26,Regular Season,Overall
1641815,Isaiah Stevens,1610612758,SAC,G,25.0,2,2,1.0,9,10,0.9,0.442,0.459,2025-26,Regular Season,Overall
1641813,Mark Sears,1610612749,MIL,G,24.0,5,5,1.0,4,10,0.4,0.416,-0.016,2025-26,Regular Season,Overall
1642884,Vladislav Goldin,1610612748,MIA,C,24.0,3,3,1.0,4,9,0.444,0.498,-0.054,2025-26,Regular Season,Overall
1641794,Dillon Jones,1610612752,NYK,F,24.0,5,5,1.0,3,8,0.375,0.314,0.061,2025-26,Regular Season,Overall
1642368,N'Faly Dante,1610612737,ATL,C,24.0,3,3,1.0,1,8,0.125,0.456,-0.331,2025-26,Regular Season,Overall
1630621,Hunter Dickinson,1610612740,NOP,C,25.0,1,1,1.0,4,8,0.5,0.469,0.031,2025-26,Regular Season,Overall
1643141,Jahmyl Telfort,1610612746,LAC,G,24.0,3,3,1.0,2,7,0.286,0.472,-0.187,2025-26,Regular Season,Overall
1629634,Brandon Clarke,1610612763,MEM,F,29.0,2,2,1.0,3,7,0.429,0.483,-0.055,2025-26,Regular Season,Overall
1643257,Jayson Kent,1610612757,POR,F,24.0,3,3,1.0,5,7,0.714,0.48,0.234,2025-26,Regular Season,Overall
1642951,Sean Pedulla,1610612746,LAC,G,23.0,4,4,1.0,3,7,0.429,0.447,-0.019,2025-26,Regular Season,Overall
1642400,Tristan Enaruna,1610612739,CLE,F,24.0,5,5,1.0,4,6,0.667,0.406,0.261,2025-26,Regular Season,Overall
1642935,Chucky Hepburn,1610612761,TOR,G,23.0,2,2,1.0,4,6,0.667,0.445,0.222,2025-26,Regular Season,Overall
1642402,Enrique Freeman,1610612750,MIN,F,25.0,2,2,1.0,3,6,0.5,0.35,0.15,2025-26,Regular Season,Overall
1642917,Max Shulga,1610612738,BOS,G,23.0,4,4,1.0,0,5,0.0,0.424,-0.424,2025-26,Regular Season,Overall
1631223,David Roddy,1610612743,DEN,F,25.0,2,2,1.0,2,5,0.4,0.409,-0.009,2025-26,Regular Season,Overall
1630625,Dalano Banton,1610612738,BOS,F,26.0,3,3,1.0,2,5,0.4,0.436,-0.036,2025-26,Regular Season,Overall
1631127,Harrison Ingram,1610612759,SAS,F,23.0,4,4,1.0,3,5,0.6,0.394,0.206,2025-26,Regular Season,Overall
1642910,John Tonje,1610612738,BOS,G,24.0,2,2,1.0,4,5,0.8,0.423,0.377,2025-26,Regular Season,Overall
1631457,Alex Morales,1610612753,ORL,G,28.0,1,1,1.0,3,4,0.75,0.448,0.302,2025-26,Regular Season,Overall
1642389,Zyon Pullin,1610612750,MIN,G,25.0,1,1,1.0,2,4,0.5,0.415,0.086,2025-26,Regular Season,Overall
1641787,Tosan Evbuomwan,1610612766,CHA,F,25.0,2,2,1.0,1,4,0.25,0.458,-0.208,2025-26,Regular Season,Overall
1630286,Trevon Scott,1610612751,BKN,F,29.0,1,1,1.0,2,4,0.5,0.48,0.02,2025-26,Regular Season,Overall
1641753,Chris Livingston,1610612739,CLE,F,22.0,1,1,1.0,2,3,0.667,0.453,0.214,2025-26,Regular Season,Overall
1641807,Norchad Omier,1610612746,LAC,F,24.0,3,3,1.0,1,3,0.333,0.429,-0.095,2025-26,Regular Season,Overall
1642362,Payton Sandfort,1610612760,OKC,F,23.0,2,2,1.0,2,3,0.667,0.384,0.283,2025-26,Regular Season,Overall
1631210,Jacob Toppin,1610612737,ATL,F,25.0,2,2,1.0,0,2,0.0,0.438,-0.438,2025-26,Regular Season,Overall
1631351,Lucas Williamson,1610612763,MEM,G,27.0,1,1,1.0,2,2,1.0,0.464,0.536,2025-26,Regular Season,Overall
1630658,Colin Castleton,1610612753,ORL,C,25.0,1,1,1.0,0,2,0.0,0.379,-0.379,2025-26,Regular Season,Overall
1642280,Trentyn Flowers,1610612741,CHI,F,21.0,2,2,1.0,1,2,0.5,0.457,0.043,2025-26,Regular Season,Overall
1630828,Alex Antetokounmpo,1610612749,MIL,F,24.0,2,2,1.0,0,2,0.0,0.449,-0.449,2025-26,Regular Season,Overall
1630649,Stanley Umude,1610612759,SAS,G,26.0,1,1,1.0,1,1,1.0,0.407,0.593,2025-26,Regular Season,Overall
1642468,Darius Brown,1610612739,CLE,G,26.0,1,1,1.0,1,1,1.0,0.437,0.563,2025-26,Regular Season,Overall
1631211,Trevor Keels,1610612748,MIA,G,22.0,1,1,1.0,0,1,0.0,0.387,-0.387,2025-26,Regular Season,Overall
1641732,Colby Jones,1610612765,DET,G,23.0,1,1,1.0,1,1,1.0,0.5,0.5,2025-26,Regular Season,Overall
