PLAYER_ID,PLAYER_NAME,TEAM_ID,TEAM_ABBREVIATION,GP,W,L,MIN,DRIVES,DRIVE_FGM,DRIVE_FGA,DRIVE_FG_PCT,DRIVE_FTM,DRIVE_FTA,DRIVE_FT_PCT,DRIVE_PTS,DRIVE_PTS_PCT,DRIVE_PASSES,DRIVE_PASSES_PCT,DRIVE_AST,DRIVE_AST_PCT,DRIVE_TOV,DRIVE_TOV_PCT,DRIVE_PF,DRIVE_PF_PCT,SEASON,SEASON_TYPE,PT_MEASURE_TYPE
1630639,A.J. Lawson,1610612761,TOR,19,9,10,182.0,12,1,6,0.167,2,2,1.0,4,0.333,2,0.167,0,0.0,1,0.083,1,0.083,2025-26,Regular Season,Drives
1631260,AJ Green,1610612749,MIL,73,29,44,2097.0,117,7,16,0.438,0,0,0.0,14,0.12,85,0.726,12,0.103,10,0.085,0,0.0,2025-26,Regular Season,Drives
1642358,AJ Johnson,1610612742,DAL,44,8,36,386.0,102,17,54,0.315,5,6,0.833,40,0.392,41,0.402,10,0.098,3,0.029,3,0.029,2025-26,Regular Season,Drives
203932,Aaron Gordon,1610612743,DEN,33,24,9,910.0,108,25,50,0.5,40,49,0.816,92,0.852,21,0.194,5,0.046,7,0.065,25,0.231,2025-26,Regular Season,Drives
1628988,Aaron Holiday,1610612745,HOU,52,34,18,698.0,131,28,56,0.5,11,12,0.917,72,0.55,61,0.466,14,0.107,5,0.038,6,0.046,2025-26,Regular Season,Drives
1630174,Aaron Nesmith,1610612754,IND,45,10,35,1335.0,290,70,154,0.455,36,39,0.923,183,0.631,89,0.307,12,0.041,19,0.066,20,0.069,2025-26,Regular Season,Drives
1630598,Aaron Wiggins,1610612760,OKC,60,47,13,1330.0,332,62,144,0.431,25,34,0.735,150,0.452,132,0.398,32,0.096,26,0.078,17,0.051,2025-26,Regular Season,Drives
1642846,Ace Bailey,1610612762,UTA,69,18,51,1896.0,308,75,140,0.536,28,32,0.875,179,0.581,119,0.386,27,0.088,18,0.058,16,0.052,2025-26,Regular Season,Drives
1642380,Adama Bal,1610612763,MEM,4,1,3,102.0,11,2,4,0.5,0,0,0.0,4,0.364,7,0.636,3,0.273,0,0.0,0,0.0,2025-26,Regular Season,Drives
1641737,Adem Bona,1610612755,PHI,67,39,28,1160.0,32,7,16,0.438,10,14,0.714,25,0.781,8,0.25,0,0.0,1,0.031,7,0.219,2025-26,Regular Season,Drives
1642876,Adou Thiero,1610612747,LAL,21,12,9,108.0,16,5,8,0.625,0,0,0.0,12,0.75,5,0.313,1,0.063,3,0.188,0,0.0,2025-26,Regular Season,Drives
1642349,Ajay Mitchell,1610612760,OKC,54,47,7,1408.0,616,154,285,0.54,70,80,0.875,393,0.638,243,0.394,48,0.078,33,0.054,41,0.067,2025-26,Regular Season,Drives
201143,Al Horford,1610612744,GSW,43,22,21,933.0,43,10,21,0.476,4,4,1.0,24,0.558,17,0.395,3,0.07,3,0.07,2,0.047,2025-26,Regular Season,Drives
1630828,Alex Antetokounmpo,1610612749,MIL,3,1,2,11.0,0,0,0,0.0,0,0,0.0,0,0.0,0,0.0,0,0.0,0,0.0,0,0.0,2025-26,Regular Season,Drives
1627936,Alex Caruso,1610612760,OKC,53,44,9,984.0,99,19,43,0.442,12,14,0.857,52,0.525,41,0.414,11,0.111,6,0.061,7,0.071,2025-26,Regular Season,Drives
1631457,Alex Morales,1610612753,ORL,1,0,1,12.0,2,0,1,0.0,0,0,0.0,0,0.0,1,0.5,1,0.5,0,0.0,0,0.0,2025-26,Regular Season,Drives
1642259,Alex Sarr,1610612764,WAS,48,11,37,1305.0,246,63,148,0.426,22,36,0.611,154,0.626,56,0.228,14,0.057,18,0.073,19,0.077,2025-26,Regular Season,Drives
1642918,Alijah Martin,1610612761,TOR,20,9,11,130.0,30,4,13,0.308,5,6,0.833,13,0.433,14,0.467,5,0.167,0,0.0,3,0.1,2025-26,Regular Season,Drives
1631214,Alondes Williams,1610612764,WAS,4,2,2,101.0,8,2,2,1.0,1,2,0.5,6,0.75,5,0.625,3,0.375,0,0.0,1,0.125,2025-26,Regular Season,Drives
1630578,Alperen Sengun,1610612745,HOU,68,43,25,2271.0,578,176,321,0.548,65,88,0.739,425,0.735,145,0.251,32,0.055,53,0.092,46,0.08,2025-26,Regular Season,Drives
1642873,Amari Williams,1610612738,BOS,21,14,7,136.0,2,0,0,0.0,0,0,0.0,0,0.0,2,1.0,0,0.0,0,0.0,0,0.0,2025-26,Regular Season,Drives
1641708,Amen Thompson,1610612745,HOU,75,46,29,2795.0,840,171,337,0.507,106,128,0.828,461,0.549,369,0.439,82,0.098,50,0.06,65,0.077,2025-26,Regular Season,Drives
1629599,Amir Coffey,1610612756,PHX,43,18,25,437.0,48,16,27,0.593,8,10,0.8,43,0.896,15,0.313,4,0.083,0,0.0,5,0.104,2025-26,Regular Season,Drives
1643158,Andersson Garcia,1610612762,UTA,5,1,4,169.0,13,2,4,0.5,4,4,1.0,8,0.615,6,0.462,1,0.077,1,0.077,2,0.154,2025-26,Regular Season,Drives
203083,Andre Drummond,1610612755,PHI,58,31,27,1123.0,14,1,7,0.143,1,2,0.5,3,0.214,3,0.214,0,0.0,3,0.214,1,0.071,2025-26,Regular Season,Drives
1641748,Andre Jackson Jr.,1610612749,MIL,44,11,33,342.0,61,4,17,0.235,1,4,0.25,11,0.18,35,0.574,10,0.164,5,0.082,3,0.049,2025-26,Regular Season,Drives
1629614,Andrew Nembhard,1610612754,IND,57,13,44,1786.0,715,135,265,0.509,99,120,0.825,378,0.529,327,0.457,90,0.126,38,0.053,61,0.085,2025-26,Regular Season,Drives
203952,Andrew Wiggins,1610612748,MIA,63,32,31,1934.0,437,75,176,0.426,51,64,0.797,202,0.462,191,0.437,33,0.076,29,0.066,32,0.073,2025-26,Regular Season,Drives
1629014,Anfernee Simons,1610612741,CHI,55,31,24,1372.0,272,93,173,0.538,19,20,0.95,212,0.779,71,0.261,15,0.055,11,0.04,10,0.037,2025-26,Regular Season,Drives
1641710,Anthony Black,1610612753,ORL,60,33,27,1841.0,394,86,195,0.441,60,79,0.759,237,0.602,121,0.307,38,0.096,25,0.063,40,0.102,2025-26,Regular Season,Drives
203076,Anthony Davis,1610612764,WAS,20,10,10,626.0,89,27,61,0.443,10,14,0.714,64,0.719,11,0.124,3,0.034,10,0.112,7,0.079,2025-26,Regular Season,Drives
1630162,Anthony Edwards,1610612750,MIN,60,36,24,2109.0,666,210,357,0.588,158,194,0.814,606,0.91,164,0.246,36,0.054,30,0.045,100,0.15,2025-26,Regular Season,Drives
1630264,Anthony Gill,1610612764,WAS,49,6,43,769.0,50,19,32,0.594,5,8,0.625,43,0.86,10,0.2,5,0.1,4,0.08,4,0.08,2025-26,Regular Season,Drives
1641810,Antonio Reeves,1610612766,CHA,10,4,6,68.0,11,3,5,0.6,0,0,0.0,6,0.545,6,0.545,1,0.091,0,0.0,0,0.0,2025-26,Regular Season,Drives
1630574,Ariel Hukporti,1610612752,NYK,52,34,18,455.0,11,2,5,0.4,0,0,0.0,4,0.364,3,0.273,1,0.091,3,0.273,0,0.0,2025-26,Regular Season,Drives
1642854,Asa Newell,1610612737,ATL,42,22,20,453.0,41,7,14,0.5,1,2,0.5,16,0.39,22,0.537,6,0.146,3,0.073,1,0.024,2025-26,Regular Season,Drives
1641709,Ausar Thompson,1610612765,DET,68,49,19,1769.0,361,74,168,0.44,40,55,0.727,190,0.526,137,0.38,34,0.094,19,0.053,28,0.078,2025-26,Regular Season,Drives
1630559,Austin Reaves,1610612747,LAL,51,36,15,1762.0,595,172,298,0.577,116,134,0.866,479,0.805,181,0.304,52,0.087,35,0.059,69,0.116,2025-26,Regular Season,Drives
1630245,Ayo Dosunmu,1610612750,MIN,66,34,32,1787.0,488,107,218,0.491,32,35,0.914,258,0.529,217,0.445,46,0.094,23,0.047,19,0.039,2025-26,Regular Season,Drives
1628389,Bam Adebayo,1610612748,MIA,68,34,34,2199.0,487,123,264,0.466,112,140,0.8,366,0.752,121,0.248,22,0.045,22,0.045,70,0.144,2025-26,Regular Season,Drives
1631248,Baylor Scheierman,1610612738,BOS,72,50,22,1309.0,142,27,49,0.551,5,6,0.833,60,0.423,76,0.535,17,0.12,11,0.077,3,0.021,2025-26,Regular Season,Drives
1642879,Ben Saraf,1610612751,BKN,40,9,31,785.0,349,59,132,0.447,30,37,0.811,150,0.43,155,0.444,40,0.115,37,0.106,19,0.054,2025-26,Regular Season,Drives
1641767,Ben Sheppard,1610612754,IND,65,16,49,1390.0,134,29,60,0.483,17,20,0.85,76,0.567,55,0.41,10,0.075,9,0.067,10,0.075,2025-26,Regular Season,Drives
1631097,Bennedict Mathurin,1610612746,LAC,49,19,30,1504.0,359,74,159,0.465,79,88,0.898,238,0.663,113,0.315,20,0.056,30,0.084,46,0.128,2025-26,Regular Season,Drives
1643016,Bez Mbeng,1610612762,UTA,12,1,11,358.0,43,4,10,0.4,3,4,0.75,11,0.256,23,0.535,4,0.093,7,0.163,2,0.047,2025-26,Regular Season,Drives
1641731,Bilal Coulibaly,1610612764,WAS,53,14,39,1397.0,294,52,139,0.374,46,68,0.676,157,0.534,88,0.299,17,0.058,17,0.058,35,0.119,2025-26,Regular Season,Drives
202687,Bismack Biyombo,1610612759,SAS,24,20,4,136.0,0,0,0,0.0,0,0,0.0,0,0.0,0,0.0,0,0.0,0,0.0,0,0.0,2025-26,Regular Season,Drives
1642396,Blake Hinson,1610612762,UTA,11,3,8,214.0,11,4,5,0.8,2,2,1.0,11,1.0,5,0.455,0,0.0,0,0.0,1,0.091,2025-26,Regular Season,Drives
1631104,Blake Wesley,1610612757,POR,28,18,10,353.0,151,23,44,0.523,6,12,0.5,55,0.364,90,0.596,21,0.139,7,0.046,6,0.04,2025-26,Regular Season,Drives
1626171,Bobby Portis,1610612749,MIL,67,26,41,1619.0,103,29,66,0.439,4,8,0.5,62,0.602,24,0.233,2,0.019,6,0.058,4,0.039,2025-26,Regular Season,Drives
1641752,Bobi Klintman,1610612765,DET,12,8,4,71.0,9,1,3,0.333,0,0,0.0,2,0.222,1,0.111,0,0.0,4,0.444,0,0.0,2025-26,Regular Season,Drives
203992,Bogdan Bogdanović,1610612746,LAC,21,6,15,429.0,88,15,31,0.484,14,18,0.778,45,0.511,46,0.523,11,0.125,1,0.011,9,0.102,2025-26,Regular Season,Drives
1630538,Bones Hyland,1610612750,MIN,68,41,27,1105.0,199,48,93,0.516,8,14,0.571,108,0.543,81,0.407,16,0.08,11,0.055,7,0.035,2025-26,Regular Season,Drives
203078,Bradley Beal,1610612746,LAC,6,2,4,121.0,19,1,10,0.1,2,2,1.0,4,0.211,5,0.263,3,0.158,2,0.105,1,0.053,2025-26,Regular Season,Drives
1642382,Branden Carlson,1610612760,OKC,38,30,8,393.0,10,2,8,0.25,0,2,0.0,4,0.4,0,0.0,0,0.0,1,0.1,1,0.1,2025-26,Regular Season,Drives
1641764,Brandin Podziemski,1610612744,GSW,77,36,41,2189.0,608,105,214,0.491,60,78,0.769,278,0.457,302,0.497,71,0.117,33,0.054,40,0.066,2025-26,Regular Season,Drives
1629634,Brandon Clarke,1610612763,MEM,2,1,1,20.0,5,0,2,0.0,0,0,0.0,0,0.0,3,0.6,0,0.0,0,0.0,0,0.0,2025-26,Regular Season,Drives
1627742,Brandon Ingram,1610612761,TOR,72,40,32,2437.0,741,173,337,0.513,96,117,0.821,451,0.609,267,0.36,56,0.076,58,0.078,59,0.08,2025-26,Regular Season,Drives
1641706,Brandon Miller,1610612766,CHA,61,39,22,1842.0,518,119,268,0.444,72,82,0.878,319,0.616,159,0.307,37,0.071,42,0.081,42,0.081,2025-26,Regular Season,Drives
1630314,Brandon Williams,1610612742,DAL,65,22,43,1438.0,703,157,304,0.516,117,153,0.765,444,0.632,245,0.349,59,0.084,43,0.061,78,0.111,2025-26,Regular Season,Drives
1641729,Brice Sensabaugh,1610612762,UTA,72,18,54,1679.0,385,110,199,0.553,42,50,0.84,276,0.717,124,0.322,27,0.07,23,0.06,28,0.073,2025-26,Regular Season,Drives
1642355,Bronny James,1610612747,LAL,37,21,16,292.0,45,7,20,0.35,2,2,1.0,16,0.356,20,0.444,6,0.133,4,0.089,1,0.022,2025-26,Regular Season,Drives
201572,Brook Lopez,1610612746,LAC,70,38,32,1502.0,90,22,52,0.423,9,12,0.75,57,0.633,20,0.222,5,0.056,11,0.122,6,0.067,2025-26,Regular Season,Drives
1642964,Brooks Barnhizer,1610612760,OKC,37,28,9,283.0,33,4,12,0.333,0,0,0.0,9,0.273,19,0.576,7,0.212,2,0.061,0,0.0,2025-26,Regular Season,Drives
1628971,Bruce Brown,1610612743,DEN,77,49,28,1883.0,226,48,114,0.421,19,22,0.864,117,0.518,84,0.372,27,0.119,12,0.053,11,0.049,2025-26,Regular Season,Drives
1631121,Bryce McGowens,1610612740,NOP,42,14,28,880.0,141,38,85,0.447,29,36,0.806,111,0.787,32,0.227,12,0.085,4,0.028,18,0.128,2025-26,Regular Season,Drives
1642267,Bub Carrington,1610612764,WAS,76,17,59,2100.0,310,54,133,0.406,18,24,0.75,127,0.41,133,0.429,37,0.119,25,0.081,12,0.039,2025-26,Regular Season,Drives
1631205,Buddy Boeheim,1610612760,OKC,4,2,2,15.0,0,0,0,0.0,0,0,0.0,0,0.0,0,0.0,0,0.0,0,0.0,0,0.0,2025-26,Regular Season,Drives
1627741,Buddy Hield,1610612737,ATL,50,25,25,798.0,91,22,35,0.629,6,6,1.0,51,0.56,48,0.527,13,0.143,4,0.044,3,0.033,2025-26,Regular Season,Drives
1643047,CJ Huntley,1610612756,PHX,2,2,0,7.0,0,0,0,0.0,0,0,0.0,0,0.0,0,0.0,0,0.0,0,0.0,0,0.0,2025-26,Regular Season,Drives
203468,CJ McCollum,1610612737,ATL,73,36,37,2173.0,754,192,376,0.511,53,68,0.779,445,0.59,280,0.371,65,0.086,41,0.054,34,0.045,2025-26,Regular Season,Drives
1630595,Cade Cunningham,1610612765,DET,61,44,17,2096.0,965,233,468,0.498,120,146,0.822,603,0.625,357,0.37,107,0.111,45,0.047,76,0.079,2025-26,Regular Season,Drives
1631216,Caleb Houstan,1610612737,ATL,18,12,6,75.0,4,0,1,0.0,0,0,0.0,0,0.0,2,0.5,0,0.0,0,0.0,0,0.0,2025-26,Regular Season,Drives
1631126,Caleb Love,1610612757,POR,47,23,24,1009.0,277,57,116,0.491,18,24,0.75,132,0.477,125,0.451,36,0.13,22,0.079,12,0.043,2025-26,Regular Season,Drives
1628997,Caleb Martin,1610612742,DAL,58,20,38,856.0,159,23,57,0.404,15,29,0.517,63,0.396,67,0.421,19,0.119,14,0.088,15,0.094,2025-26,Regular Season,Drives
1642353,Cam Christie,1610612746,LAC,51,24,27,461.0,82,16,41,0.39,19,22,0.864,53,0.646,25,0.305,5,0.061,3,0.037,11,0.134,2025-26,Regular Season,Drives
1642285,Cam Spencer,1610612763,MEM,71,23,48,1694.0,378,59,120,0.492,36,38,0.947,161,0.426,214,0.566,65,0.172,15,0.04,19,0.05,2025-26,Regular Season,Drives
1630560,Cam Thomas,1610612749,MIL,42,12,30,881.0,356,87,185,0.47,62,74,0.838,244,0.685,102,0.287,31,0.087,20,0.056,37,0.104,2025-26,Regular Season,Drives
1641715,Cam Whitmore,1610612764,WAS,21,3,18,354.0,47,12,32,0.375,3,8,0.375,27,0.574,7,0.149,3,0.064,3,0.064,4,0.085,2025-26,Regular Season,Drives
1629661,Cameron Johnson,1610612743,DEN,51,34,17,1541.0,178,26,69,0.377,18,26,0.692,74,0.416,81,0.455,22,0.124,11,0.062,13,0.073,2025-26,Regular Season,Drives
1626166,Cameron Payne,1610612755,PHI,21,12,9,366.0,73,18,42,0.429,14,16,0.875,50,0.685,18,0.247,7,0.096,2,0.027,8,0.11,2025-26,Regular Season,Drives
1627747,Caris LeVert,1610612765,DET,56,40,16,1085.0,296,48,113,0.425,10,14,0.714,109,0.368,144,0.486,45,0.152,22,0.074,7,0.024,2025-26,Regular Season,Drives
1642868,Carter Bryant,1610612759,SAS,66,53,13,720.0,66,8,25,0.32,6,10,0.6,22,0.333,26,0.394,4,0.061,8,0.121,5,0.076,2025-26,Regular Season,Drives
1641717,Cason Wallace,1610612760,OKC,74,58,16,1980.0,405,62,159,0.39,14,16,0.875,140,0.346,200,0.494,42,0.104,23,0.057,8,0.02,2025-26,Regular Season,Drives
1642907,Cedric Coward,1610612763,MEM,60,20,40,1559.0,319,80,169,0.473,43,54,0.796,207,0.649,93,0.292,24,0.075,21,0.066,27,0.085,2025-26,Regular Season,Drives
1643052,Chaney Johnson,1610612751,BKN,14,2,12,282.0,29,10,14,0.714,5,8,0.625,25,0.862,7,0.241,2,0.069,4,0.138,4,0.138,2025-26,Regular Season,Drives
1629646,Charles Bassey,1610612738,BOS,8,3,5,52.0,1,0,1,0.0,0,0,0.0,0,0.0,0,0.0,0,0.0,0,0.0,0,0.0,2025-26,Regular Season,Drives
1642404,Chaz Lanier,1610612765,DET,29,24,5,230.0,11,2,6,0.333,0,0,0.0,4,0.364,5,0.455,2,0.182,0,0.0,0,0.0,2025-26,Regular Season,Drives
1631096,Chet Holmgren,1610612760,OKC,66,53,13,1922.0,322,71,141,0.504,63,78,0.808,209,0.649,110,0.342,27,0.084,22,0.068,39,0.121,2025-26,Regular Season,Drives
1628449,Chris Boucher,1610612738,BOS,9,4,5,94.0,1,0,0,0.0,0,0,0.0,0,0.0,1,1.0,0,0.0,0,0.0,0,0.0,2025-26,Regular Season,Drives
1641753,Chris Livingston,1610612739,CLE,3,2,1,17.0,2,2,2,1.0,0,0,0.0,4,2.0,0,0.0,0,0.0,0,0.0,0,0.0,2025-26,Regular Season,Drives
1643024,Chris Mañon,1610612747,LAL,6,2,4,25.0,3,0,0,0.0,0,0,0.0,0,0.0,2,0.667,0,0.0,1,0.333,0,0.0,2025-26,Regular Season,Drives
101108,Chris Paul,1610612746,LAC,16,4,12,228.0,31,6,16,0.375,0,0,0.0,12,0.387,11,0.355,3,0.097,3,0.097,0,0.0,2025-26,Regular Season,Drives
1642959,Chris Youngblood,1610612757,POR,33,28,5,183.0,9,0,4,0.0,2,2,1.0,2,0.222,4,0.444,1,0.111,0,0.0,1,0.111,2025-26,Regular Season,Drives
1631128,Christian Braun,1610612743,DEN,41,26,15,1294.0,77,12,25,0.48,7,10,0.7,31,0.403,40,0.519,10,0.13,5,0.065,5,0.065,2025-26,Regular Season,Drives
1631132,Christian Koloko,1610612737,ATL,26,16,10,335.0,0,0,0,0.0,0,0,0.0,0,0.0,0,0.0,0,0.0,0,0.0,0,0.0,2025-26,Regular Season,Drives
1642935,Chucky Hepburn,1610612761,TOR,2,0,2,13.0,4,0,1,0.0,0,0,0.0,0,0.0,2,0.5,0,0.0,1,0.25,0,0.0,2025-26,Regular Season,Drives
203991,Clint Capela,1610612745,HOU,70,43,27,868.0,21,5,13,0.385,1,2,0.5,11,0.524,5,0.238,0,0.0,2,0.095,1,0.048,2025-26,Regular Season,Drives
1629632,Coby White,1610612766,CHA,47,27,20,1198.0,548,102,195,0.523,79,92,0.859,294,0.536,251,0.458,63,0.115,39,0.071,47,0.086,2025-26,Regular Season,Drives
1628998,Cody Martin,1610612754,IND,4,0,4,55.0,7,0,1,0.0,2,4,0.5,2,0.286,3,0.429,0,0.0,1,0.143,2,0.286,2025-26,Regular Season,Drives
1642262,Cody Williams,1610612762,UTA,63,15,48,1487.0,219,52,114,0.456,29,38,0.763,133,0.607,69,0.315,15,0.068,13,0.059,19,0.087,2025-26,Regular Season,Drives
1641732,Colby Jones,1610612765,DET,1,0,1,7.0,1,1,1,1.0,0,0,0.0,2,2.0,0,0.0,0,0.0,0,0.0,0,0.0,2025-26,Regular Season,Drives
1630175,Cole Anthony,1610612749,MIL,35,12,23,527.0,264,58,119,0.487,4,4,1.0,122,0.462,125,0.473,27,0.102,11,0.042,2,0.008,2025-26,Regular Season,Drives
1630658,Colin Castleton,1610612753,ORL,1,0,1,10.0,0,0,0,0.0,0,0,0.0,0,0.0,0,0.0,0,0.0,0,0.0,0,0.0,2025-26,Regular Season,Drives
1631221,Collin Gillespie,1610612756,PHX,76,41,35,2191.0,470,69,153,0.451,22,26,0.846,168,0.357,265,0.564,69,0.147,28,0.06,13,0.028,2025-26,Regular Season,Drives
1642867,Collin Murray-Boyles,1610612761,TOR,53,28,25,1164.0,60,13,24,0.542,11,14,0.786,37,0.617,19,0.317,2,0.033,7,0.117,7,0.117,2025-26,Regular Season,Drives
1629012,Collin Sexton,1610612741,CHI,63,23,40,1463.0,580,119,230,0.517,101,116,0.871,359,0.619,218,0.376,55,0.095,47,0.081,60,0.103,2025-26,Regular Season,Drives
1642843,Cooper Flagg,1610612742,DAL,65,20,45,2197.0,822,230,471,0.488,106,126,0.841,577,0.702,223,0.271,64,0.078,44,0.054,64,0.078,2025-26,Regular Season,Drives
1630557,Corey Kispert,1610612737,ATL,55,26,29,1035.0,166,46,76,0.605,22,28,0.786,118,0.711,67,0.404,17,0.102,7,0.042,14,0.084,2025-26,Regular Season,Drives
1642504,Cormac Ryan,1610612749,MIL,6,0,6,111.0,17,5,7,0.714,0,0,0.0,12,0.706,8,0.471,2,0.118,1,0.059,1,0.059,2025-26,Regular Season,Drives
1641854,Craig Porter Jr.,1610612739,CLE,60,40,20,1054.0,250,43,95,0.453,5,13,0.385,94,0.376,121,0.484,34,0.136,17,0.068,7,0.028,2025-26,Regular Season,Drives
1642938,Curtis Jones,1610612743,DEN,7,5,2,33.0,6,1,2,0.5,0,0,0.0,2,0.333,3,0.5,1,0.167,1,0.167,0,0.0,2025-26,Regular Season,Drives
1626156,D'Angelo Russell,1610612764,WAS,26,9,17,495.0,150,39,75,0.52,22,28,0.786,100,0.667,49,0.327,16,0.107,7,0.047,14,0.093,2025-26,Regular Season,Drives
1629610,DaQuan Jeffries,1610612758,SAC,3,0,3,60.0,7,3,5,0.6,2,2,1.0,8,1.143,1,0.143,0,0.0,0,0.0,1,0.143,2025-26,Regular Season,Drives
1641747,DaRon Holmes II,1610612743,DEN,22,14,8,200.0,14,3,4,0.75,0,0,0.0,6,0.429,9,0.643,5,0.357,0,0.0,0,0.0,2025-26,Regular Season,Drives
1631342,Daeqwon Plowden,1610612758,SAC,28,8,20,723.0,64,9,23,0.391,8,8,1.0,28,0.438,28,0.438,6,0.094,8,0.125,4,0.063,2025-26,Regular Season,Drives
1630625,Dalano Banton,1610612738,BOS,5,3,2,25.0,12,3,8,0.375,2,2,1.0,8,0.667,2,0.167,0,0.0,1,0.083,1,0.083,2025-26,Regular Season,Drives
1631207,Dalen Terry,1610612755,PHI,47,21,26,547.0,129,19,44,0.432,2,6,0.333,42,0.326,70,0.543,16,0.124,7,0.054,3,0.023,2025-26,Regular Season,Drives
1642261,Dalton Knecht,1610612747,LAL,50,31,19,515.0,62,21,38,0.553,5,8,0.625,48,0.774,15,0.242,0,0.0,4,0.065,4,0.065,2025-26,Regular Season,Drives
1629655,Daniel Gafford,1610612742,DAL,54,11,43,1175.0,50,16,35,0.457,9,14,0.643,42,0.84,4,0.08,0,0.0,3,0.06,7,0.14,2025-26,Regular Season,Drives
1642450,Daniss Jenkins,1610612765,DET,67,50,17,1333.0,479,77,197,0.391,38,45,0.844,201,0.42,220,0.459,55,0.115,26,0.054,25,0.052,2025-26,Regular Season,Drives
1642874,Danny Wolf,1610612751,BKN,57,14,43,1187.0,238,56,124,0.452,30,38,0.789,145,0.609,74,0.311,22,0.092,19,0.08,19,0.08,2025-26,Regular Season,Drives
203967,Dario Saric,1610612758,SAC,5,1,4,41.0,0,0,0,0.0,0,0,0.0,0,0.0,0,0.0,0,0.0,0,0.0,0,0.0,2025-26,Regular Season,Drives
1641727,Dariq Whitehead,1610612763,MEM,1,0,1,22.0,1,1,1,1.0,0,0,0.0,2,2.0,0,0.0,0,0.0,0,0.0,0,0.0,2025-26,Regular Season,Drives
1642468,Darius Brown,1610612739,CLE,1,1,0,3.0,1,0,0,0.0,0,0,0.0,0,0.0,1,1.0,0,0.0,0,0.0,0,0.0,2025-26,Regular Season,Drives
1629636,Darius Garland,1610612746,LAC,41,23,18,1224.0,565,112,228,0.491,39,50,0.78,265,0.469,262,0.464,80,0.142,33,0.058,25,0.044,2025-26,Regular Season,Drives
1642357,David Jones Garcia,1610612759,SAS,11,7,4,68.0,28,8,15,0.533,1,4,0.25,19,0.679,9,0.321,3,0.107,1,0.036,2,0.071,2025-26,Regular Season,Drives
1631223,David Roddy,1610612743,DEN,3,2,1,14.0,5,1,1,1.0,2,2,1.0,4,0.8,3,0.6,2,0.4,0,0.0,1,0.2,2025-26,Regular Season,Drives
1630558,Davion Mitchell,1610612748,MIA,66,35,31,1888.0,670,119,211,0.564,32,46,0.696,271,0.404,381,0.569,94,0.14,39,0.058,23,0.034,2025-26,Regular Season,Drives
1630549,Day'Ron Sharpe,1610612751,BKN,62,17,45,1160.0,68,17,34,0.5,6,10,0.6,42,0.618,19,0.279,5,0.074,6,0.088,5,0.074,2025-26,Regular Season,Drives
1628368,De'Aaron Fox,1610612759,SAS,67,52,15,2069.0,804,203,364,0.558,77,104,0.74,490,0.609,331,0.412,90,0.112,33,0.041,53,0.066,2025-26,Regular Season,Drives
1629631,De'Andre Hunter,1610612758,SAC,45,24,21,1175.0,232,54,113,0.478,33,38,0.868,146,0.629,72,0.31,13,0.056,17,0.073,19,0.082,2025-26,Regular Season,Drives
1629001,De'Anthony Melton,1610612744,GSW,44,21,23,1012.0,362,82,165,0.497,48,54,0.889,218,0.602,135,0.373,27,0.075,27,0.075,27,0.075,2025-26,Regular Season,Drives
201599,DeAndre Jordan,1610612740,NOP,12,6,6,199.0,0,0,0,0.0,0,0,0.0,0,0.0,0,0.0,0,0.0,0,0.0,0,0.0,2025-26,Regular Season,Drives
1630610,DeJon Jarreau,1610612763,MEM,11,2,9,231.0,65,13,24,0.542,6,6,1.0,33,0.508,30,0.462,7,0.108,6,0.092,3,0.046,2025-26,Regular Season,Drives
201942,DeMar DeRozan,1610612758,SAC,76,20,56,2395.0,668,156,281,0.555,103,117,0.88,431,0.645,283,0.424,71,0.106,36,0.054,60,0.09,2025-26,Regular Season,Drives
1629731,Dean Wade,1610612739,CLE,57,35,22,1279.0,86,8,18,0.444,6,6,1.0,22,0.256,60,0.698,14,0.163,4,0.047,3,0.035,2025-26,Regular Season,Drives
1629028,Deandre Ayton,1610612747,LAL,67,43,24,1830.0,36,16,27,0.593,2,2,1.0,34,0.944,5,0.139,0,0.0,2,0.056,1,0.028,2025-26,Regular Season,Drives
1627749,Dejounte Murray,1610612740,NOP,14,5,9,389.0,156,43,74,0.581,10,14,0.714,100,0.641,57,0.365,13,0.083,12,0.077,7,0.045,2025-26,Regular Season,Drives
1630166,Deni Avdija,1610612757,POR,62,33,29,2054.0,1189,192,380,0.505,196,238,0.824,616,0.518,576,0.484,153,0.129,89,0.075,121,0.102,2025-26,Regular Season,Drives
203471,Dennis Schröder,1610612739,CLE,66,26,40,1617.0,596,109,252,0.433,76,91,0.835,304,0.51,247,0.414,62,0.104,26,0.044,46,0.077,2025-26,Regular Season,Drives
1641726,Dereck Lively II,1610612742,DAL,7,3,4,115.0,0,0,0,0.0,0,0,0.0,0,0.0,0,0.0,0,0.0,0,0.0,0,0.0,2025-26,Regular Season,Drives
1642852,Derik Queen,1610612740,NOP,77,25,52,1888.0,429,123,260,0.473,75,92,0.815,326,0.76,81,0.189,20,0.047,31,0.072,46,0.107,2025-26,Regular Season,Drives
1627884,Derrick Jones Jr.,1610612746,LAC,45,23,22,1226.0,94,24,60,0.4,3,8,0.375,58,0.617,17,0.181,3,0.032,5,0.053,5,0.053,2025-26,Regular Season,Drives
1628401,Derrick White,1610612738,BOS,73,49,24,2500.0,565,140,309,0.453,66,72,0.917,353,0.625,180,0.319,43,0.076,31,0.055,36,0.064,2025-26,Regular Season,Drives
1630217,Desmond Bane,1610612753,ORL,77,41,36,2625.0,851,226,428,0.528,105,109,0.963,571,0.671,313,0.368,72,0.085,35,0.041,55,0.065,2025-26,Regular Season,Drives
1626164,Devin Booker,1610612756,PHX,61,35,26,2035.0,955,215,415,0.518,136,158,0.861,592,0.62,364,0.381,85,0.089,60,0.063,80,0.084,2025-26,Regular Season,Drives
1642269,Devin Carter,1610612758,SAC,34,7,27,574.0,206,33,78,0.423,26,36,0.722,95,0.461,92,0.447,19,0.092,15,0.073,18,0.087,2025-26,Regular Season,Drives
1630170,Devin Vassell,1610612759,SAS,62,49,13,1883.0,220,42,94,0.447,16,20,0.8,102,0.464,95,0.432,20,0.091,14,0.064,10,0.045,2025-26,Regular Season,Drives
1628415,Dillon Brooks,1610612756,PHX,52,30,22,1581.0,427,146,294,0.497,55,66,0.833,356,0.834,57,0.133,10,0.023,34,0.08,34,0.08,2025-26,Regular Season,Drives
1641794,Dillon Jones,1610612752,NYK,6,5,1,27.0,5,0,1,0.0,4,4,1.0,4,0.8,2,0.4,2,0.4,0,0.0,2,0.4,2025-26,Regular Season,Drives
1627734,Domantas Sabonis,1610612758,SAC,19,3,16,564.0,39,10,18,0.556,2,4,0.5,22,0.564,13,0.333,1,0.026,5,0.128,2,0.051,2025-26,Regular Season,Drives
1631230,Dominick Barlow,1610612755,PHI,66,38,28,1581.0,142,32,70,0.457,24,36,0.667,91,0.641,39,0.275,8,0.056,11,0.077,18,0.127,2025-26,Regular Season,Drives
1642270,Donovan Clingan,1610612757,POR,73,39,34,1983.0,25,3,9,0.333,2,2,1.0,8,0.32,9,0.36,3,0.12,5,0.2,1,0.04,2025-26,Regular Season,Drives
1628378,Donovan Mitchell,1610612739,CLE,68,43,25,2275.0,957,268,463,0.579,113,128,0.883,666,0.696,332,0.347,79,0.083,63,0.066,64,0.067,2025-26,Regular Season,Drives
1628978,Donte DiVincenzo,1610612750,MIN,77,46,31,2379.0,274,37,94,0.394,21,28,0.75,98,0.358,138,0.504,30,0.109,21,0.077,14,0.051,2025-26,Regular Season,Drives
1627827,Dorian Finney-Smith,1610612745,HOU,36,22,14,599.0,24,4,6,0.667,0,0,0.0,9,0.375,14,0.583,6,0.25,4,0.167,0,0.0,2025-26,Regular Season,Drives
203926,Doug McDermott,1610612758,SAC,25,7,18,360.0,16,2,3,0.667,0,0,0.0,4,0.25,10,0.625,1,0.063,2,0.125,0,0.0,2025-26,Regular Season,Drives
1642962,Drake Powell,1610612751,BKN,59,14,45,1204.0,215,42,89,0.472,24,24,1.0,109,0.507,91,0.423,19,0.088,19,0.088,13,0.06,2025-26,Regular Season,Drives
203110,Draymond Green,1610612744,GSW,64,30,34,1762.0,162,32,54,0.593,16,21,0.762,81,0.5,74,0.457,13,0.08,16,0.099,11,0.068,2025-26,Regular Season,Drives
1629234,Drew Eubanks,1610612758,SAC,42,10,32,552.0,22,5,11,0.455,3,6,0.5,13,0.591,5,0.227,0,0.0,3,0.136,3,0.136,2025-26,Regular Season,Drives
1641809,Drew Peterson,1610612766,CHA,6,1,5,64.0,7,1,3,0.333,1,2,0.5,3,0.429,3,0.429,1,0.143,0,0.0,1,0.143,2025-26,Regular Season,Drives
1631166,Drew Timme,1610612747,LAL,23,15,8,186.0,13,5,8,0.625,0,2,0.0,10,0.769,3,0.231,0,0.0,1,0.077,1,0.077,2025-26,Regular Season,Drives
1630696,Dru Smith,1610612748,MIA,69,37,32,1129.0,244,53,109,0.486,36,44,0.818,148,0.607,86,0.352,19,0.078,17,0.07,22,0.09,2025-26,Regular Season,Drives
1629130,Duncan Robinson,1610612765,DET,73,54,19,2018.0,205,37,78,0.474,18,20,0.9,95,0.463,101,0.493,29,0.141,13,0.063,10,0.049,2025-26,Regular Season,Drives
1641871,Duop Reath,1610612757,POR,32,16,16,258.0,15,3,7,0.429,3,4,0.75,9,0.6,5,0.333,1,0.067,1,0.067,2,0.133,2025-26,Regular Season,Drives
203939,Dwight Powell,1610612742,DAL,58,17,41,813.0,14,4,5,0.8,5,8,0.625,13,0.929,4,0.286,1,0.071,1,0.071,4,0.286,2025-26,Regular Season,Drives
1642928,Dylan Cardwell,1610612758,SAC,40,12,28,809.0,6,0,2,0.0,0,0,0.0,0,0.0,4,0.667,3,0.5,0,0.0,0,0.0,2025-26,Regular Season,Drives
1642844,Dylan Harper,1610612759,SAS,64,50,14,1433.0,546,140,252,0.556,30,38,0.789,317,0.581,234,0.429,59,0.108,30,0.055,19,0.035,2025-26,Regular Season,Drives
1630700,Dyson Daniels,1610612737,ATL,73,43,30,2419.0,738,124,264,0.47,16,25,0.64,270,0.366,404,0.547,102,0.138,40,0.054,14,0.019,2025-26,Regular Season,Drives
1630604,E.J. Liddell,1610612751,BKN,21,3,18,203.0,19,6,12,0.5,0,0,0.0,12,0.632,5,0.263,2,0.105,2,0.105,0,0.0,2025-26,Regular Season,Drives
1642856,Egor Dëmin,1610612751,BKN,52,14,38,1308.0,162,25,64,0.391,8,8,1.0,60,0.37,77,0.475,18,0.111,10,0.062,5,0.031,2025-26,Regular Season,Drives
1641989,Elijah Harkless,1610612762,UTA,26,5,21,545.0,107,16,41,0.39,17,22,0.773,51,0.477,45,0.421,12,0.112,9,0.084,11,0.103,2025-26,Regular Season,Drives
1641801,Emanuel Miller,1610612759,SAS,5,0,5,33.0,5,1,3,0.333,1,2,0.5,3,0.6,1,0.2,0,0.0,0,0.0,1,0.2,2025-26,Regular Season,Drives
1642402,Enrique Freeman,1610612750,MIN,2,1,1,8.0,0,0,0,0.0,0,0,0.0,0,0.0,0,0.0,0,0.0,0,0.0,0,0.0,2025-26,Regular Season,Drives
201569,Eric Gordon,1610612755,PHI,6,3,3,74.0,10,4,7,0.571,1,2,0.5,9,0.9,1,0.1,0,0.0,1,0.1,1,0.1,2025-26,Regular Season,Drives
1630679,Ethan Thompson,1610612754,IND,27,7,20,488.0,62,12,23,0.522,1,2,0.5,25,0.403,28,0.452,9,0.145,5,0.081,1,0.016,2025-26,Regular Season,Drives
1630596,Evan Mobley,1610612739,CLE,62,38,24,1991.0,448,121,223,0.543,43,72,0.597,300,0.67,158,0.353,25,0.056,18,0.04,37,0.083,2025-26,Regular Season,Drives
1630532,Franz Wagner,1610612753,ORL,30,17,13,928.0,316,83,173,0.48,57,74,0.77,231,0.731,78,0.247,24,0.076,18,0.057,38,0.12,2025-26,Regular Season,Drives
1641713,GG Jackson,1610612763,MEM,54,16,38,1160.0,333,95,175,0.543,47,64,0.734,247,0.742,90,0.27,17,0.051,26,0.078,33,0.099,2025-26,Regular Season,Drives
1629216,Gabe Vincent,1610612737,ATL,50,35,15,840.0,67,10,26,0.385,2,2,1.0,23,0.343,36,0.537,10,0.149,4,0.06,1,0.015,2025-26,Regular Season,Drives
202066,Garrett Temple,1610612761,TOR,21,9,12,69.0,5,0,1,0.0,0,0,0.0,0,0.0,2,0.4,1,0.2,1,0.2,0,0.0,2025-26,Regular Season,Drives
1629726,Garrison Mathews,1610612754,IND,15,4,11,196.0,13,1,3,0.333,9,10,0.9,11,0.846,4,0.308,2,0.154,0,0.0,5,0.385,2025-26,Regular Season,Drives
203914,Gary Harris,1610612749,MIL,46,15,31,632.0,44,8,16,0.5,2,2,1.0,20,0.455,23,0.523,4,0.091,3,0.068,1,0.023,2025-26,Regular Season,Drives
1627780,Gary Payton II,1610612744,GSW,68,32,36,1051.0,62,19,35,0.543,4,8,0.5,43,0.694,19,0.306,4,0.065,4,0.065,4,0.065,2025-26,Regular Season,Drives
1629018,Gary Trent Jr.,1610612749,MIL,64,24,40,1358.0,92,23,61,0.377,4,8,0.5,52,0.565,21,0.228,6,0.065,6,0.065,4,0.043,2025-26,Regular Season,Drives
203507,Giannis Antetokounmpo,1610612749,MIL,36,17,19,1039.0,362,107,161,0.665,68,106,0.642,293,0.809,107,0.296,28,0.077,19,0.052,54,0.149,2025-26,Regular Season,Drives
1629048,Goga Bitadze,1610612753,ORL,59,30,29,877.0,5,2,2,1.0,0,0,0.0,5,1.0,2,0.4,0,0.0,1,0.2,0,0.0,2025-26,Regular Season,Drives
1641711,Gradey Dick,1610612761,TOR,71,40,31,1042.0,121,22,57,0.386,8,10,0.8,54,0.446,49,0.405,10,0.083,8,0.066,5,0.041,2025-26,Regular Season,Drives
1641761,Grant Nelson,1610612751,BKN,4,0,4,35.0,6,1,3,0.333,1,2,0.5,3,0.5,1,0.167,0,0.0,1,0.167,1,0.167,2025-26,Regular Season,Drives
1629684,Grant Williams,1610612766,CHA,32,23,9,624.0,32,6,14,0.429,1,2,0.5,14,0.438,12,0.375,7,0.219,4,0.125,1,0.031,2025-26,Regular Season,Drives
1628960,Grayson Allen,1610612756,PHX,48,25,23,1413.0,515,76,163,0.466,65,78,0.833,222,0.431,262,0.509,61,0.118,31,0.06,39,0.076,2025-26,Regular Season,Drives
1627824,Guerschon Yabusele,1610612741,CHI,64,30,34,932.0,89,21,41,0.512,19,22,0.864,61,0.685,27,0.303,7,0.079,7,0.079,11,0.124,2025-26,Regular Season,Drives
1630611,Gui Santos,1610612744,GSW,65,29,36,1320.0,282,48,84,0.571,24,32,0.75,125,0.443,139,0.493,38,0.135,28,0.099,16,0.057,2025-26,Regular Season,Drives
203084,Harrison Barnes,1610612759,SAS,72,54,18,1873.0,258,72,135,0.533,42,48,0.875,191,0.74,75,0.291,19,0.074,17,0.066,24,0.093,2025-26,Regular Season,Drives
1631127,Harrison Ingram,1610612759,SAS,6,5,1,20.0,6,2,2,1.0,0,0,0.0,4,0.667,2,0.333,1,0.167,1,0.167,0,0.0,2025-26,Regular Season,Drives
1629312,Haywood Highsmith,1610612756,PHX,6,3,3,80.0,8,2,3,0.667,0,0,0.0,4,0.5,5,0.625,3,0.375,0,0.0,0,0.0,2025-26,Regular Season,Drives
1630529,Herbert Jones,1610612740,NOP,55,22,33,1580.0,234,49,113,0.434,28,30,0.933,127,0.543,80,0.342,28,0.12,20,0.085,15,0.064,2025-26,Regular Season,Drives
1642864,Hugo González,1610612738,BOS,72,49,23,1057.0,74,20,39,0.513,2,4,0.5,42,0.568,26,0.351,5,0.068,6,0.081,2,0.027,2025-26,Regular Season,Drives
1630621,Hunter Dickinson,1610612740,NOP,1,0,1,5.0,0,0,0,0.0,0,0,0.0,0,0.0,0,0.0,0,0.0,0,0.0,0,0.0,2025-26,Regular Season,Drives
1642282,Hunter Sallis,1610612755,PHI,7,3,4,26.0,11,2,4,0.5,1,2,0.5,5,0.455,5,0.455,0,0.0,1,0.091,1,0.091,2025-26,Regular Season,Drives
1641816,Hunter Tyson,1610612743,DEN,21,15,6,162.0,27,3,10,0.3,4,4,1.0,11,0.407,12,0.444,5,0.185,3,0.111,2,0.074,2025-26,Regular Season,Drives
1630193,Immanuel Quickley,1610612761,TOR,67,38,29,2174.0,709,123,253,0.486,84,94,0.894,345,0.487,362,0.511,86,0.121,31,0.044,47,0.066,2025-26,Regular Season,Drives
1642403,Isaac Jones,1610612765,DET,6,4,2,26.0,1,0,1,0.0,0,0,0.0,0,0.0,0,0.0,0,0.0,0,0.0,0,0.0,2025-26,Regular Season,Drives
1630171,Isaac Okoro,1610612741,CHI,61,25,36,1642.0,219,35,78,0.449,33,42,0.786,105,0.479,98,0.447,17,0.078,12,0.055,22,0.1,2025-26,Regular Season,Drives
1642268,Isaiah Collier,1610612762,UTA,59,16,43,1517.0,681,128,266,0.481,67,88,0.761,335,0.492,311,0.457,87,0.128,50,0.073,44,0.065,2025-26,Regular Season,Drives
1642384,Isaiah Crawford,1610612745,HOU,13,7,6,76.0,5,2,2,1.0,2,2,1.0,6,1.2,1,0.2,1,0.2,0,0.0,1,0.2,2025-26,Regular Season,Drives
1628392,Isaiah Hartenstein,1610612760,OKC,44,36,8,1089.0,27,7,14,0.5,1,2,0.5,15,0.556,9,0.333,5,0.185,3,0.111,1,0.037,2025-26,Regular Season,Drives
1630543,Isaiah Jackson,1610612746,LAC,55,20,35,908.0,40,8,22,0.364,8,12,0.667,26,0.65,7,0.175,0,0.0,2,0.05,6,0.15,2025-26,Regular Season,Drives
1630198,Isaiah Joe,1610612760,OKC,68,53,15,1452.0,162,19,41,0.463,20,24,0.833,64,0.395,94,0.58,19,0.117,6,0.037,13,0.08,2025-26,Regular Season,Drives
1630587,Isaiah Livers,1610612756,PHX,36,21,15,347.0,15,2,5,0.4,0,0,0.0,4,0.267,8,0.533,3,0.2,0,0.0,0,0.0,2025-26,Regular Season,Drives
1641815,Isaiah Stevens,1610612758,SAC,3,0,3,43.0,7,1,3,0.333,0,0,0.0,2,0.286,3,0.429,0,0.0,1,0.143,0,0.0,2025-26,Regular Season,Drives
1630191,Isaiah Stewart,1610612765,DET,55,39,16,1273.0,53,13,30,0.433,4,4,1.0,30,0.566,15,0.283,4,0.075,6,0.113,2,0.038,2025-26,Regular Season,Drives
1627826,Ivica Zubac,1610612754,IND,48,17,31,1447.0,33,12,16,0.75,2,4,0.5,28,0.848,5,0.152,0,0.0,5,0.152,2,0.061,2025-26,Regular Season,Drives
1631120,JD Davison,1610612745,HOU,27,22,5,192.0,45,7,19,0.368,4,8,0.5,18,0.4,20,0.444,7,0.156,2,0.044,4,0.089,2025-26,Regular Season,Drives
1629630,Ja Morant,1610612763,MEM,20,7,13,568.0,314,68,154,0.442,51,58,0.879,194,0.618,96,0.306,25,0.08,19,0.061,31,0.099,2025-26,Regular Season,Drives
1642266,Ja'Kobe Walter,1610612761,TOR,67,38,29,1337.0,83,12,31,0.387,4,8,0.5,31,0.373,39,0.47,7,0.084,4,0.048,4,0.048,2025-26,Regular Season,Drives
1631095,Jabari Smith Jr.,1610612745,HOU,73,45,28,2561.0,242,59,127,0.465,34,42,0.81,159,0.657,70,0.289,11,0.045,18,0.074,22,0.091,2025-26,Regular Season,Drives
1631133,Jabari Walker,1610612755,PHI,61,35,26,745.0,49,7,19,0.368,5,8,0.625,21,0.429,18,0.367,6,0.122,7,0.143,4,0.082,2025-26,Regular Season,Drives
1631210,Jacob Toppin,1610612737,ATL,5,3,2,17.0,4,1,2,0.5,0,0,0.0,2,0.5,2,0.5,0,0.0,0,0.0,0,0.0,2025-26,Regular Season,Drives
1630702,Jaden Hardy,1610612764,WAS,54,13,41,843.0,196,46,102,0.451,28,40,0.7,122,0.622,52,0.265,10,0.051,20,0.102,21,0.107,2025-26,Regular Season,Drives
1631093,Jaden Ivey,1610612741,CHI,37,23,14,670.0,112,16,33,0.485,14,18,0.778,48,0.429,55,0.491,18,0.161,10,0.089,9,0.08,2025-26,Regular Season,Drives
1630183,Jaden McDaniels,1610612750,MIN,71,43,28,2262.0,446,116,236,0.492,50,60,0.833,287,0.643,137,0.307,43,0.096,30,0.067,30,0.067,2025-26,Regular Season,Drives
1630256,Jae'Sean Tate,1610612745,HOU,42,30,12,353.0,41,13,28,0.464,0,0,0.0,26,0.634,12,0.293,4,0.098,1,0.024,0,0.0,2025-26,Regular Season,Drives
1642942,Jahmai Mashack,1610612763,MEM,28,10,18,554.0,102,21,45,0.467,3,8,0.375,46,0.451,46,0.451,8,0.078,7,0.069,4,0.039,2025-26,Regular Season,Drives
1642443,Jahmir Young,1610612748,MIA,11,8,3,51.0,17,5,9,0.556,1,1,1.0,12,0.706,7,0.412,2,0.118,1,0.059,1,0.059,2025-26,Regular Season,Drives
1643141,Jahmyl Telfort,1610612746,LAC,8,2,6,32.0,2,0,0,0.0,0,2,0.0,0,0.0,1,0.5,0,0.0,0,0.0,1,0.5,2025-26,Regular Season,Drives
1631170,Jaime Jaquez Jr.,1610612748,MIA,70,38,32,1977.0,948,190,399,0.476,68,89,0.764,459,0.484,431,0.455,92,0.097,51,0.054,46,0.049,2025-26,Regular Season,Drives
1631222,Jake LaRavia,1610612747,LAL,77,50,27,1920.0,226,38,92,0.413,32,46,0.696,113,0.5,87,0.385,21,0.093,20,0.088,24,0.106,2025-26,Regular Season,Drives
1627751,Jakob Poeltl,1610612761,TOR,41,23,18,1047.0,19,3,6,0.5,2,4,0.5,8,0.421,9,0.474,1,0.053,2,0.105,2,0.105,2025-26,Regular Season,Drives
1628973,Jalen Brunson,1610612752,NYK,71,47,24,2482.0,1052,304,586,0.519,117,144,0.813,752,0.715,325,0.309,69,0.066,44,0.042,74,0.07,2025-26,Regular Season,Drives
1631105,Jalen Duren,1610612765,DET,66,47,19,1864.0,246,86,151,0.57,62,78,0.795,246,1.0,36,0.146,6,0.024,10,0.041,40,0.163,2025-26,Regular Season,Drives
1630224,Jalen Green,1610612756,PHX,29,15,14,757.0,323,74,163,0.454,31,44,0.705,184,0.57,106,0.328,28,0.087,23,0.071,22,0.068,2025-26,Regular Season,Drives
1630552,Jalen Johnson,1610612737,ATL,69,41,28,2432.0,915,200,434,0.461,108,143,0.755,527,0.576,330,0.361,93,0.102,58,0.063,73,0.08,2025-26,Regular Season,Drives
1629618,Jalen Pickett,1610612743,DEN,47,31,16,741.0,148,22,45,0.489,0,0,0.0,46,0.311,95,0.642,20,0.135,6,0.041,0,0.0,2025-26,Regular Season,Drives
1641771,Jalen Slawson,1610612754,IND,8,2,6,172.0,30,2,9,0.222,1,2,0.5,6,0.2,16,0.533,5,0.167,3,0.1,1,0.033,2025-26,Regular Season,Drives
1630188,Jalen Smith,1610612741,CHI,53,26,27,1095.0,63,15,31,0.484,12,16,0.75,43,0.683,17,0.27,3,0.048,7,0.111,8,0.127,2025-26,Regular Season,Drives
1630591,Jalen Suggs,1610612753,ORL,52,30,22,1423.0,368,74,137,0.54,30,36,0.833,183,0.497,177,0.481,40,0.109,30,0.082,18,0.049,2025-26,Regular Season,Drives
1631114,Jalen Williams,1610612760,OKC,31,23,8,878.0,439,111,222,0.5,48,60,0.8,275,0.626,152,0.346,45,0.103,25,0.057,30,0.068,2025-26,Regular Season,Drives
1630592,Jalen Wilson,1610612751,BKN,49,8,41,716.0,171,28,70,0.4,28,36,0.778,89,0.52,67,0.392,6,0.035,11,0.064,19,0.111,2025-26,Regular Season,Drives
1631288,Jamal Cain,1610612753,ORL,35,18,17,390.0,49,12,25,0.48,8,10,0.8,32,0.653,12,0.245,5,0.102,7,0.143,5,0.102,2025-26,Regular Season,Drives
1627750,Jamal Murray,1610612743,DEN,72,45,27,2533.0,870,236,441,0.535,91,103,0.883,587,0.675,307,0.353,96,0.11,55,0.063,51,0.059,2025-26,Regular Season,Drives
1642347,Jamal Shead,1610612761,TOR,77,43,34,1734.0,480,57,149,0.383,44,54,0.815,162,0.338,269,0.56,82,0.171,27,0.056,27,0.056,2025-26,Regular Season,Drives
1631123,Jamaree Bouyea,1610612756,PHX,42,21,21,573.0,176,44,86,0.512,8,10,0.8,98,0.557,70,0.398,18,0.102,10,0.057,5,0.028,2025-26,Regular Season,Drives
201935,James Harden,1610612739,CLE,67,38,29,2345.0,919,198,398,0.497,166,200,0.83,576,0.627,339,0.369,109,0.119,54,0.059,101,0.11,2025-26,Regular Season,Drives
1630164,James Wiseman,1610612754,IND,4,0,4,58.0,0,0,0,0.0,0,0,0.0,0,0.0,0,0.0,0,0.0,0,0.0,0,0.0,2025-26,Regular Season,Drives
1642364,Jamir Watkins,1610612764,WAS,44,10,34,854.0,68,15,31,0.484,13,14,0.929,43,0.632,25,0.368,6,0.088,5,0.074,7,0.103,2025-26,Regular Season,Drives
1642419,Jamison Battle,1610612761,TOR,56,32,24,498.0,23,6,11,0.545,0,0,0.0,13,0.565,12,0.522,2,0.087,0,0.0,0,0.0,2025-26,Regular Season,Drives
1641716,Jarace Walker,1610612754,IND,73,15,58,1866.0,394,82,197,0.416,57,79,0.722,226,0.574,121,0.307,29,0.074,29,0.074,40,0.102,2025-26,Regular Season,Drives
1642272,Jared McCain,1610612760,OKC,62,43,19,1075.0,275,65,148,0.439,27,32,0.844,159,0.578,91,0.331,17,0.062,11,0.04,16,0.058,2025-26,Regular Season,Drives
1628991,Jaren Jackson Jr.,1610612762,UTA,48,19,29,1455.0,372,136,252,0.54,61,79,0.772,350,0.941,42,0.113,8,0.022,29,0.078,41,0.11,2025-26,Regular Season,Drives
1629020,Jarred Vanderbilt,1610612747,LAL,60,36,24,1051.0,61,10,25,0.4,2,2,1.0,23,0.377,27,0.443,6,0.098,4,0.066,1,0.016,2025-26,Regular Season,Drives
1628386,Jarrett Allen,1610612739,CLE,54,35,19,1465.0,88,33,55,0.6,17,22,0.773,84,0.955,14,0.159,3,0.034,7,0.08,11,0.125,2025-26,Regular Season,Drives
1642859,Jase Richardson,1610612753,ORL,51,23,28,571.0,132,30,64,0.469,10,18,0.556,73,0.553,52,0.394,10,0.076,6,0.045,9,0.068,2025-26,Regular Season,Drives
1642914,Javon Small,1610612763,MEM,40,13,27,804.0,187,27,61,0.443,18,22,0.818,78,0.417,91,0.487,27,0.144,16,0.086,12,0.064,2025-26,Regular Season,Drives
1631451,Javonte Cooke,1610612757,POR,19,6,13,94.0,16,0,5,0.0,2,2,1.0,2,0.125,8,0.5,2,0.125,2,0.125,1,0.063,2025-26,Regular Season,Drives
1629750,Javonte Green,1610612765,DET,77,56,21,1370.0,49,8,26,0.308,6,8,0.75,23,0.469,15,0.306,3,0.061,3,0.061,4,0.082,2025-26,Regular Season,Drives
1629637,Jaxson Hayes,1610612747,LAL,65,43,22,1179.0,20,11,14,0.786,2,4,0.5,25,1.25,2,0.1,1,0.05,0,0.0,2,0.1,2025-26,Regular Season,Drives
1630643,Jay Huff,1610612754,IND,77,18,59,1603.0,153,49,72,0.681,18,22,0.818,123,0.804,55,0.359,10,0.065,11,0.072,11,0.072,2025-26,Regular Season,Drives
1627759,Jaylen Brown,1610612738,BOS,68,44,24,2335.0,1300,350,649,0.539,174,221,0.787,908,0.698,391,0.301,104,0.08,89,0.068,112,0.086,2025-26,Regular Season,Drives
1641740,Jaylen Clark,1610612750,MIN,63,37,26,784.0,81,20,48,0.417,17,26,0.654,63,0.778,13,0.16,2,0.025,5,0.062,14,0.173,2025-26,Regular Season,Drives
1642377,Jaylen Wells,1610612763,MEM,69,24,45,1821.0,296,61,129,0.473,41,52,0.788,165,0.557,109,0.368,32,0.108,18,0.061,26,0.088,2025-26,Regular Season,Drives
1631119,Jaylin Williams,1610612760,OKC,62,51,11,1237.0,72,11,27,0.407,8,10,0.8,34,0.472,31,0.431,9,0.125,6,0.083,5,0.069,2025-26,Regular Season,Drives
1642281,Jaylon Tyson,1610612739,CLE,64,40,24,1727.0,229,51,104,0.49,13,14,0.929,120,0.524,97,0.424,25,0.109,17,0.074,7,0.031,2025-26,Regular Season,Drives
1643257,Jayson Kent,1610612757,POR,3,2,1,19.0,0,0,0,0.0,0,0,0.0,0,0.0,0,0.0,0,0.0,0,0.0,0,0.0,2025-26,Regular Season,Drives
1628369,Jayson Tatum,1610612738,BOS,13,11,2,409.0,133,36,71,0.507,17,20,0.85,91,0.684,44,0.331,12,0.09,7,0.053,10,0.075,2025-26,Regular Season,Drives
201145,Jeff Green,1610612745,HOU,29,21,8,151.0,3,2,3,0.667,0,0,0.0,4,1.333,0,0.0,0,0.0,0,0.0,0,0.0,2025-26,Regular Season,Drives
203924,Jerami Grant,1610612757,POR,57,27,30,1695.0,577,112,242,0.463,103,136,0.757,339,0.588,191,0.331,30,0.052,51,0.088,72,0.125,2025-26,Regular Season,Drives
1642847,Jeremiah Fears,1610612740,NOP,78,25,53,1952.0,745,149,333,0.447,63,79,0.797,376,0.505,297,0.399,52,0.07,48,0.064,40,0.054,2025-26,Regular Season,Drives
1630526,Jeremiah Robinson-Earl,1610612742,DAL,22,8,14,361.0,26,2,13,0.154,4,4,1.0,8,0.308,10,0.385,1,0.038,1,0.038,2,0.077,2025-26,Regular Season,Drives
1631110,Jeremy Sochan,1610612752,NYK,42,29,13,443.0,40,7,11,0.636,3,4,0.75,17,0.425,24,0.6,5,0.125,3,0.075,2,0.05,2025-26,Regular Season,Drives
1630579,Jericho Sims,1610612749,MIL,62,23,39,1155.0,21,7,9,0.778,0,0,0.0,14,0.667,9,0.429,1,0.048,1,0.048,0,0.0,2025-26,Regular Season,Drives
1641724,Jett Howard,1610612753,ORL,55,28,27,695.0,113,25,54,0.463,14,14,1.0,65,0.575,49,0.434,8,0.071,2,0.018,7,0.062,2025-26,Regular Season,Drives
1628975,Jevon Carter,1610612753,ORL,48,22,26,776.0,121,12,35,0.343,6,8,0.75,30,0.248,70,0.579,18,0.149,9,0.074,4,0.033,2025-26,Regular Season,Drives
202710,Jimmy Butler III,1610612744,GSW,38,23,15,1182.0,429,72,135,0.533,94,110,0.855,249,0.58,198,0.462,42,0.098,32,0.075,56,0.131,2025-26,Regular Season,Drives
1642866,Joan Beringer,1610612750,MIN,35,19,16,228.0,3,1,1,1.0,0,0,0.0,2,0.667,2,0.667,0,0.0,0,0.0,0,0.0,2025-26,Regular Season,Drives
1629111,Jock Landale,1610612737,ATL,68,36,32,1506.0,22,5,9,0.556,2,2,1.0,12,0.545,11,0.5,4,0.182,0,0.0,1,0.045,2025-26,Regular Season,Drives
204060,Joe Ingles,1610612750,MIN,25,12,13,102.0,16,2,3,0.667,2,2,1.0,6,0.375,9,0.563,2,0.125,3,0.188,1,0.063,2025-26,Regular Season,Drives
203954,Joel Embiid,1610612755,PHI,37,24,13,1162.0,201,44,94,0.468,68,82,0.829,160,0.796,53,0.264,14,0.07,10,0.05,41,0.204,2025-26,Regular Season,Drives
1628381,John Collins,1610612746,LAC,64,29,35,1758.0,156,45,95,0.474,18,22,0.818,112,0.718,34,0.218,7,0.045,14,0.09,11,0.071,2025-26,Regular Season,Drives
1629723,John Konchar,1610612762,UTA,52,17,35,988.0,62,7,11,0.636,6,8,0.75,20,0.323,42,0.677,7,0.113,2,0.032,4,0.065,2025-26,Regular Season,Drives
1642967,John Poulakidas,1610612742,DAL,8,1,7,133.0,6,1,1,1.0,2,2,1.0,4,0.667,3,0.5,1,0.167,0,0.0,1,0.167,2025-26,Regular Season,Drives
1642910,John Tonje,1610612738,BOS,5,4,1,12.0,2,0,0,0.0,2,2,1.0,2,1.0,0,0.0,0,0.0,0,0.0,1,0.5,2025-26,Regular Season,Drives
1641780,Johni Broome,1610612755,PHI,11,5,6,55.0,2,1,2,0.5,0,0,0.0,2,1.0,0,0.0,0,0.0,0,0.0,0,0.0,2025-26,Regular Season,Drives
1642277,Johnny Furphy,1610612754,IND,35,10,25,643.0,64,7,19,0.368,5,8,0.625,20,0.313,31,0.484,7,0.109,6,0.094,4,0.063,2025-26,Regular Season,Drives
1630548,Johnny Juzang,1610612750,MIN,21,13,8,88.0,11,3,6,0.5,1,2,0.5,7,0.636,3,0.273,0,0.0,1,0.091,1,0.091,2025-26,Regular Season,Drives
202685,Jonas Valančiūnas,1610612743,DEN,60,37,23,792.0,32,11,19,0.579,5,6,0.833,27,0.844,7,0.219,0,0.0,2,0.063,3,0.094,2025-26,Regular Season,Drives
1628371,Jonathan Isaac,1610612753,ORL,52,29,23,521.0,18,2,7,0.286,7,10,0.7,11,0.611,4,0.222,0,0.0,1,0.056,5,0.278,2025-26,Regular Season,Drives
1630228,Jonathan Kuminga,1610612737,ATL,33,21,12,754.0,204,45,101,0.446,25,36,0.694,120,0.588,64,0.314,16,0.078,18,0.088,18,0.088,2025-26,Regular Season,Drives
1642367,Jonathan Mogbo,1610612761,TOR,35,17,18,220.0,12,3,6,0.5,2,2,1.0,8,0.667,3,0.25,1,0.083,0,0.0,1,0.083,2025-26,Regular Season,Drives
203903,Jordan Clarkson,1610612752,NYK,68,42,26,1223.0,290,71,154,0.461,36,48,0.75,183,0.631,86,0.297,21,0.072,20,0.069,24,0.083,2025-26,Regular Season,Drives
1630692,Jordan Goodwin,1610612756,PHX,67,37,30,1509.0,208,42,98,0.429,4,4,1.0,88,0.423,83,0.399,24,0.115,23,0.111,2,0.01,2025-26,Regular Season,Drives
1641722,Jordan Hawkins,1610612740,NOP,47,12,35,587.0,51,9,19,0.474,7,8,0.875,25,0.49,26,0.51,7,0.137,2,0.039,4,0.078,2025-26,Regular Season,Drives
1629162,Jordan McLaughlin,1610612759,SAS,41,35,6,266.0,51,8,24,0.333,0,0,0.0,17,0.333,25,0.49,4,0.078,2,0.039,0,0.0,2025-26,Regular Season,Drives
1641757,Jordan Miller,1610612746,LAC,55,33,22,1194.0,364,87,156,0.558,75,100,0.75,251,0.69,132,0.363,34,0.093,18,0.049,50,0.137,2025-26,Regular Season,Drives
1629673,Jordan Poole,1610612740,NOP,37,15,22,873.0,214,30,82,0.366,37,44,0.841,100,0.467,92,0.43,21,0.098,12,0.056,22,0.103,2025-26,Regular Season,Drives
1641775,Jordan Walsh,1610612738,BOS,63,42,21,1108.0,79,19,38,0.5,9,14,0.643,47,0.595,28,0.354,6,0.076,5,0.063,7,0.089,2025-26,Regular Season,Drives
1630631,Jose Alvarado,1610612752,NYK,67,27,40,1318.0,292,51,106,0.481,14,16,0.875,117,0.401,154,0.527,46,0.158,18,0.062,8,0.027,2025-26,Regular Season,Drives
1630581,Josh Giddey,1610612741,CHI,54,21,33,1731.0,819,128,279,0.459,94,118,0.797,360,0.44,404,0.493,102,0.125,56,0.068,60,0.073,2025-26,Regular Season,Drives
1630182,Josh Green,1610612766,CHA,54,35,19,877.0,81,9,20,0.45,5,6,0.833,24,0.296,46,0.568,12,0.148,10,0.123,3,0.037,2025-26,Regular Season,Drives
1628404,Josh Hart,1610612752,NYK,63,41,22,1899.0,314,79,159,0.497,17,24,0.708,182,0.58,116,0.369,36,0.115,18,0.057,12,0.038,2025-26,Regular Season,Drives
1631169,Josh Minott,1610612751,BKN,48,22,26,815.0,85,14,34,0.412,7,8,0.875,36,0.424,37,0.435,11,0.129,6,0.071,5,0.059,2025-26,Regular Season,Drives
1629006,Josh Okogie,1610612745,HOU,73,45,28,1259.0,96,11,31,0.355,11,18,0.611,33,0.344,48,0.5,12,0.125,5,0.052,9,0.094,2025-26,Regular Season,Drives
201950,Jrue Holiday,1610612757,POR,49,26,23,1426.0,561,106,209,0.507,29,34,0.853,248,0.442,269,0.48,72,0.128,48,0.086,18,0.032,2025-26,Regular Season,Drives
1630577,Julian Champagnie,1610612759,SAS,77,59,18,2127.0,179,25,60,0.417,18,22,0.818,68,0.38,97,0.542,24,0.134,10,0.056,11,0.061,2025-26,Regular Season,Drives
1641763,Julian Phillips,1610612750,MIN,44,17,27,370.0,19,3,9,0.333,6,6,1.0,13,0.684,4,0.211,0,0.0,3,0.158,3,0.158,2025-26,Regular Season,Drives
1642882,Julian Reese,1610612764,WAS,7,1,6,217.0,13,2,6,0.333,3,4,0.75,7,0.538,1,0.077,0,0.0,3,0.231,2,0.154,2025-26,Regular Season,Drives
1631124,Julian Strawther,1610612743,DEN,52,33,19,748.0,159,41,82,0.5,19,22,0.864,103,0.648,53,0.333,8,0.05,9,0.057,11,0.069,2025-26,Regular Season,Drives
203944,Julius Randle,1610612750,MIN,77,46,31,2550.0,793,197,363,0.543,145,177,0.819,560,0.706,273,0.344,68,0.086,42,0.053,89,0.112,2025-26,Regular Season,Drives
1630551,Justin Champagnie,1610612764,WAS,65,13,52,1278.0,108,19,53,0.358,18,22,0.818,56,0.519,32,0.296,11,0.102,9,0.083,11,0.102,2025-26,Regular Season,Drives
1642348,Justin Edwards,1610612755,PHI,59,35,24,910.0,131,38,66,0.576,13,16,0.813,93,0.71,43,0.328,14,0.107,9,0.069,8,0.061,2025-26,Regular Season,Drives
203994,Jusuf Nurkić,1610612762,UTA,41,14,27,1083.0,43,6,20,0.3,10,12,0.833,22,0.512,10,0.233,0,0.0,5,0.116,6,0.14,2025-26,Regular Season,Drives
1642354,KJ Simpson,1610612743,DEN,18,8,10,248.0,62,12,40,0.3,4,6,0.667,29,0.468,16,0.258,9,0.145,2,0.032,3,0.048,2025-26,Regular Season,Drives
1642955,Kadary Richmond,1610612764,WAS,3,2,1,67.0,11,3,7,0.429,2,2,1.0,8,0.727,2,0.182,1,0.091,0,0.0,1,0.091,2025-26,Regular Season,Drives
1642880,Kam Jones,1610612754,IND,32,5,27,511.0,157,27,57,0.474,4,8,0.5,58,0.369,83,0.529,18,0.115,11,0.07,4,0.025,2025-26,Regular Season,Drives
1626157,Karl-Anthony Towns,1610612752,NYK,72,46,26,2230.0,484,135,256,0.527,132,153,0.863,424,0.876,92,0.19,22,0.045,39,0.081,80,0.165,2025-26,Regular Season,Drives
1631255,Karlo Matković,1610612740,NOP,62,24,38,912.0,30,3,10,0.3,2,4,0.5,8,0.267,15,0.5,1,0.033,2,0.067,2,0.067,2025-26,Regular Season,Drives
1642857,Kasparas Jakučionis,1610612748,MIA,48,25,23,846.0,141,12,37,0.324,19,20,0.95,45,0.319,78,0.553,18,0.128,14,0.099,10,0.071,2025-26,Regular Season,Drives
202695,Kawhi Leonard,1610612746,LAC,61,35,26,1957.0,630,176,335,0.525,110,125,0.88,477,0.757,188,0.298,49,0.078,33,0.052,63,0.1,2025-26,Regular Season,Drives
1630811,Keaton Wallace,1610612737,ATL,51,30,21,496.0,117,22,47,0.468,4,8,0.5,50,0.427,61,0.521,12,0.103,3,0.026,4,0.034,2025-26,Regular Season,Drives
1631099,Keegan Murray,1610612758,SAC,23,5,18,793.0,129,37,74,0.5,6,12,0.5,82,0.636,38,0.295,4,0.031,6,0.047,7,0.054,2025-26,Regular Season,Drives
1642276,Kel'el Ware,1610612748,MIA,72,36,36,1589.0,44,13,27,0.481,7,10,0.7,33,0.75,6,0.136,2,0.045,5,0.114,5,0.114,2025-26,Regular Season,Drives
1629640,Keldon Johnson,1610612759,SAS,77,59,18,1794.0,443,150,262,0.573,40,48,0.833,349,0.788,117,0.264,23,0.052,28,0.063,24,0.054,2025-26,Regular Season,Drives
203482,Kelly Olynyk,1610612759,SAS,42,33,9,360.0,53,10,18,0.556,10,12,0.833,30,0.566,25,0.472,5,0.094,4,0.075,6,0.113,2025-26,Regular Season,Drives
1626162,Kelly Oubre Jr.,1610612755,PHI,45,25,20,1439.0,239,77,155,0.497,48,62,0.774,211,0.883,30,0.126,9,0.038,19,0.079,31,0.13,2025-26,Regular Season,Drives
1631113,Kennedy Chandler,1610612762,UTA,8,0,8,251.0,86,15,46,0.326,9,17,0.529,40,0.465,29,0.337,10,0.116,2,0.023,9,0.105,2025-26,Regular Season,Drives
1629026,Kenrich Williams,1610612760,OKC,51,38,13,767.0,118,23,55,0.418,14,20,0.7,62,0.525,36,0.305,9,0.076,13,0.11,10,0.085,2025-26,Regular Season,Drives
203484,Kentavious Caldwell-Pope,1610612763,MEM,51,20,31,1088.0,152,31,71,0.437,30,34,0.882,93,0.612,54,0.355,15,0.099,6,0.039,17,0.112,2025-26,Regular Season,Drives
1631165,Keon Ellis,1610612739,CLE,68,28,40,1377.0,102,16,37,0.432,8,12,0.667,43,0.422,51,0.5,4,0.039,8,0.078,6,0.059,2025-26,Regular Season,Drives
1642352,Keshad Johnson,1610612748,MIA,27,13,14,210.0,42,7,15,0.467,4,4,1.0,18,0.429,20,0.476,1,0.024,5,0.119,2,0.048,2025-26,Regular Season,Drives
1642933,Keshon Gilbert,1610612737,ATL,3,0,3,48.0,1,0,0,0.0,0,0,0.0,0,0.0,0,0.0,0,0.0,1,1.0,0,0.0,2025-26,Regular Season,Drives
201142,Kevin Durant,1610612745,HOU,74,45,29,2690.0,648,225,398,0.565,76,92,0.826,543,0.838,136,0.21,36,0.056,48,0.074,46,0.071,2025-26,Regular Season,Drives
1628989,Kevin Huerter,1610612765,DET,65,37,28,1456.0,236,54,103,0.524,27,32,0.844,136,0.576,95,0.403,21,0.089,13,0.055,16,0.068,2025-26,Regular Season,Drives
201567,Kevin Love,1610612762,UTA,37,10,27,613.0,19,3,7,0.429,3,4,0.75,9,0.474,7,0.368,1,0.053,3,0.158,2,0.105,2025-26,Regular Season,Drives
1641755,Kevin McCullar Jr.,1610612752,NYK,20,11,9,130.0,22,3,6,0.5,2,2,1.0,8,0.364,11,0.5,6,0.273,4,0.182,1,0.045,2025-26,Regular Season,Drives
1629645,Kevin Porter Jr.,1610612749,MIL,38,18,20,1261.0,636,117,227,0.515,70,82,0.854,314,0.494,324,0.509,91,0.143,29,0.046,41,0.064,2025-26,Regular Season,Drives
1626172,Kevon Looney,1610612740,NOP,19,2,17,254.0,5,0,3,0.0,0,2,0.0,0,0.0,0,0.0,0,0.0,1,0.2,1,0.2,2025-26,Regular Season,Drives
1641718,Keyonte George,1610612762,UTA,54,16,38,1786.0,557,141,311,0.453,127,140,0.907,425,0.763,123,0.221,39,0.07,36,0.065,71,0.127,2025-26,Regular Season,Drives
1642863,Khaman Maluach,1610612756,PHX,42,20,22,343.0,4,0,1,0.0,3,4,0.75,3,0.75,0,0.0,0,0.0,1,0.25,2,0.5,2025-26,Regular Season,Drives
203114,Khris Middleton,1610612742,DAL,58,16,42,1353.0,270,53,112,0.473,25,29,0.862,134,0.496,118,0.437,29,0.107,18,0.067,15,0.056,2025-26,Regular Season,Drives
1630165,Killian Hayes,1610612758,SAC,19,9,10,315.0,74,12,39,0.308,6,6,1.0,31,0.419,27,0.365,6,0.081,5,0.068,3,0.041,2025-26,Regular Season,Drives
202691,Klay Thompson,1610612742,DAL,66,19,47,1442.0,143,23,55,0.418,0,0,0.0,46,0.322,74,0.517,13,0.091,12,0.084,0,0.0,2025-26,Regular Season,Drives
1641738,Kobe Brown,1610612754,IND,57,17,40,845.0,119,27,46,0.587,16,21,0.762,70,0.588,50,0.42,13,0.109,10,0.084,11,0.092,2025-26,Regular Season,Drives
1641723,Kobe Bufkin,1610612747,LAL,13,9,4,94.0,21,6,11,0.545,6,6,1.0,18,0.857,4,0.19,0,0.0,3,0.143,3,0.143,2025-26,Regular Season,Drives
1642920,Kobe Sanders,1610612746,LAC,63,33,30,1249.0,227,43,87,0.494,14,18,0.778,101,0.445,104,0.458,23,0.101,23,0.101,9,0.04,2025-26,Regular Season,Drives
1642886,Koby Brea,1610612756,PHX,9,4,5,40.0,4,0,1,0.0,0,0,0.0,0,0.0,2,0.5,2,0.5,1,0.25,0,0.0,2025-26,Regular Season,Drives
1642851,Kon Knueppel,1610612766,CHA,77,42,35,2424.0,660,138,248,0.556,65,76,0.855,347,0.526,306,0.464,64,0.097,48,0.073,38,0.058,2025-26,Regular Season,Drives
1627739,Kris Dunn,1610612746,LAC,77,39,38,2101.0,325,59,119,0.496,25,32,0.781,147,0.452,161,0.495,45,0.138,22,0.068,16,0.049,2025-26,Regular Season,Drives
1631200,Kris Murray,1610612757,POR,53,26,27,1249.0,170,35,57,0.614,8,16,0.5,80,0.471,87,0.512,14,0.082,14,0.082,8,0.047,2025-26,Regular Season,Drives
204001,Kristaps Porziņģis,1610612744,GSW,29,13,16,696.0,56,7,23,0.304,14,14,1.0,29,0.518,23,0.411,5,0.089,2,0.036,7,0.125,2025-26,Regular Season,Drives
203937,Kyle Anderson,1610612750,MIN,39,13,26,763.0,173,43,89,0.483,17,24,0.708,105,0.607,63,0.364,17,0.098,7,0.04,12,0.069,2025-26,Regular Season,Drives
1642271,Kyle Filipowski,1610612762,UTA,75,21,54,1745.0,281,66,130,0.508,46,64,0.719,185,0.658,90,0.32,22,0.078,19,0.068,32,0.114,2025-26,Regular Season,Drives
1628398,Kyle Kuzma,1610612749,MIL,67,29,38,1763.0,362,95,172,0.552,48,62,0.774,250,0.691,122,0.337,30,0.083,28,0.077,31,0.086,2025-26,Regular Season,Drives
200768,Kyle Lowry,1610612755,PHI,13,8,5,113.0,5,0,0,0.0,0,0,0.0,0,0.0,4,0.8,0,0.0,1,0.2,0,0.0,2025-26,Regular Season,Drives
1642273,Kyshawn George,1610612764,WAS,48,10,38,1391.0,396,82,175,0.469,41,52,0.788,210,0.53,156,0.394,61,0.154,27,0.068,26,0.066,2025-26,Regular Season,Drives
1643018,LJ Cryer,1610612744,GSW,17,6,11,277.0,34,5,11,0.455,2,2,1.0,13,0.382,19,0.559,2,0.059,3,0.088,1,0.029,2025-26,Regular Season,Drives
1630163,LaMelo Ball,1610612766,CHA,68,39,29,1888.0,741,167,381,0.438,48,54,0.889,391,0.528,258,0.348,84,0.113,51,0.069,27,0.036,2025-26,Regular Season,Drives
1642950,Lachlan Olbrich,1610612741,CHI,32,7,25,227.0,17,3,7,0.429,1,4,0.25,7,0.412,8,0.471,2,0.118,0,0.0,2,0.118,2025-26,Regular Season,Drives
1629013,Landry Shamet,1610612752,NYK,48,32,16,1102.0,112,23,49,0.469,9,16,0.563,57,0.509,47,0.42,9,0.08,6,0.054,8,0.071,2025-26,Regular Season,Drives
1626204,Larry Nance Jr.,1610612739,CLE,31,22,9,369.0,13,1,3,0.333,0,0,0.0,2,0.154,9,0.692,0,0.0,1,0.077,0,0.0,2025-26,Regular Season,Drives
1628374,Lauri Markkanen,1610612762,UTA,42,17,25,1443.0,247,69,143,0.483,62,66,0.939,212,0.858,56,0.227,13,0.053,13,0.053,33,0.134,2025-26,Regular Season,Drives
1643133,Lawson Lovering,1610612763,MEM,2,1,1,49.0,0,0,0,0.0,0,0,0.0,0,0.0,0,0.0,0,0.0,0,0.0,0,0.0,2025-26,Regular Season,Drives
2544,LeBron James,1610612747,LAL,56,36,20,1870.0,377,100,194,0.515,51,65,0.785,257,0.682,125,0.332,36,0.095,16,0.042,33,0.088,2025-26,Regular Season,Drives
1641778,Leaky Black,1610612764,WAS,9,1,8,281.0,24,4,10,0.4,2,2,1.0,10,0.417,10,0.417,5,0.208,2,0.083,1,0.042,2025-26,Regular Season,Drives
1631159,Leonard Miller,1610612741,CHI,41,16,25,548.0,75,16,33,0.485,6,8,0.75,39,0.52,27,0.36,6,0.08,8,0.107,4,0.053,2025-26,Regular Season,Drives
1642862,Liam McNeeley,1610612766,CHA,30,11,19,363.0,57,11,26,0.423,13,16,0.813,35,0.614,17,0.298,7,0.123,5,0.088,8,0.14,2025-26,Regular Season,Drives
1630322,Lindy Waters III,1610612759,SAS,39,30,9,280.0,21,2,4,0.5,1,2,0.5,5,0.238,12,0.571,4,0.19,3,0.143,1,0.048,2025-26,Regular Season,Drives
1628366,Lonzo Ball,1610612739,CLE,35,19,16,728.0,52,4,10,0.4,2,2,1.0,10,0.192,36,0.692,10,0.192,4,0.077,1,0.019,2025-26,Regular Season,Drives
1631351,Lucas Williamson,1610612763,MEM,2,0,2,28.0,2,0,0,0.0,2,2,1.0,2,1.0,0,0.0,0,0.0,1,0.5,1,0.5,2025-26,Regular Season,Drives
1629652,Luguentz Dort,1610612760,OKC,64,50,14,1744.0,173,28,72,0.389,13,20,0.65,70,0.405,74,0.428,18,0.104,13,0.075,10,0.058,2025-26,Regular Season,Drives
1629029,Luka Dončić,1610612747,LAL,64,43,21,2289.0,860,248,411,0.603,157,199,0.789,677,0.787,273,0.317,93,0.108,57,0.066,101,0.117,2025-26,Regular Season,Drives
1630568,Luka Garza,1610612738,BOS,67,45,22,1064.0,14,3,7,0.429,3,4,0.75,9,0.643,4,0.286,1,0.071,0,0.0,2,0.143,2025-26,Regular Season,Drives
1628379,Luke Kennard,1610612747,LAL,73,42,31,1545.0,265,37,68,0.544,18,20,0.9,92,0.347,170,0.642,35,0.132,10,0.038,10,0.038,2025-26,Regular Season,Drives
1628436,Luke Kornet,1610612759,SAS,64,49,15,1350.0,5,2,2,1.0,0,0,0.0,4,0.8,3,0.6,0,0.0,0,0.0,0,0.0,2025-26,Regular Season,Drives
1631247,Luke Travers,1610612739,CLE,12,6,6,103.0,18,4,13,0.308,0,0,0.0,9,0.5,5,0.278,2,0.111,0,0.0,0,0.0,2025-26,Regular Season,Drives
1630644,Mac McClung,1610612741,CHI,6,0,6,63.0,19,5,10,0.5,1,2,0.5,12,0.632,6,0.316,1,0.053,2,0.105,1,0.053,2025-26,Regular Season,Drives
1641869,Malachi Smith,1610612751,BKN,10,1,9,182.0,41,11,20,0.55,0,0,0.0,24,0.585,15,0.366,3,0.073,2,0.049,0,0.0,2025-26,Regular Season,Drives
1631103,Malaki Branham,1610612764,WAS,28,7,21,275.0,74,14,34,0.412,19,24,0.792,47,0.635,19,0.257,4,0.054,7,0.095,12,0.162,2025-26,Regular Season,Drives
1642502,Malevy Leons,1610612744,GSW,21,6,15,203.0,23,5,13,0.385,2,2,1.0,12,0.522,8,0.348,1,0.043,1,0.043,1,0.043,2025-26,Regular Season,Drives
1628370,Malik Monk,1610612758,SAC,59,17,42,1329.0,394,68,189,0.36,47,56,0.839,185,0.47,145,0.368,44,0.112,23,0.058,28,0.071,2025-26,Regular Season,Drives
1630699,MarJon Beauchamp,1610612755,PHI,12,6,6,190.0,18,7,10,0.7,3,4,0.75,17,0.944,5,0.278,1,0.056,1,0.056,2,0.111,2025-26,Regular Season,Drives
1631204,Marcus Sasser,1610612765,DET,33,24,9,413.0,61,8,26,0.308,4,4,1.0,21,0.344,24,0.393,6,0.098,5,0.082,2,0.033,2025-26,Regular Season,Drives
203935,Marcus Smart,1610612747,LAL,60,39,21,1725.0,220,51,102,0.5,27,32,0.844,134,0.609,77,0.35,17,0.077,15,0.068,16,0.073,2025-26,Regular Season,Drives
1641813,Mark Sears,1610612749,MIL,7,1,6,26.0,12,2,5,0.4,2,2,1.0,6,0.5,5,0.417,1,0.083,1,0.083,1,0.083,2025-26,Regular Season,Drives
1631109,Mark Williams,1610612756,PHX,57,33,24,1342.0,22,7,18,0.389,3,4,0.75,17,0.773,1,0.045,0,0.0,0,0.0,2,0.091,2025-26,Regular Season,Drives
1628365,Markelle Fultz,1610612761,TOR,5,3,2,36.0,10,1,6,0.167,0,0,0.0,2,0.2,4,0.4,1,0.1,0,0.0,0,0.0,2025-26,Regular Season,Drives
1628963,Marvin Bagley III,1610612742,DAL,56,15,41,1119.0,106,33,61,0.541,19,30,0.633,88,0.83,17,0.16,3,0.028,9,0.085,15,0.142,2025-26,Regular Season,Drives
203486,Mason Plumlee,1610612759,SAS,19,10,9,156.0,2,0,0,0.0,0,0,0.0,0,0.0,2,1.0,1,0.5,0,0.0,0,0.0,2025-26,Regular Season,Drives
1641824,Matas Buzelis,1610612741,CHI,76,28,48,2222.0,511,123,237,0.519,63,78,0.808,318,0.622,156,0.305,32,0.063,54,0.106,41,0.08,2025-26,Regular Season,Drives
1629680,Matisse Thybulle,1610612757,POR,26,15,11,397.0,58,7,20,0.35,11,14,0.786,25,0.431,24,0.414,7,0.121,6,0.103,7,0.121,2025-26,Regular Season,Drives
1631108,Max Christie,1610612742,DAL,72,22,50,2114.0,365,68,152,0.447,37,44,0.841,177,0.485,146,0.4,26,0.071,29,0.079,22,0.06,2025-26,Regular Season,Drives
1642917,Max Shulga,1610612738,BOS,9,6,3,13.0,4,1,2,0.5,0,0,0.0,2,0.5,2,0.5,2,0.5,0,0.0,0,0.0,2025-26,Regular Season,Drives
1629622,Max Strus,1610612739,CLE,8,6,2,195.0,23,4,6,0.667,2,2,1.0,10,0.435,12,0.522,3,0.13,3,0.13,1,0.043,2025-26,Regular Season,Drives
1628467,Maxi Kleber,1610612747,LAL,38,17,21,403.0,20,9,11,0.818,4,4,1.0,22,1.1,4,0.2,1,0.05,1,0.05,2,0.1,2025-26,Regular Season,Drives
1642875,Maxime Raynaud,1610612758,SAC,70,20,50,1828.0,70,25,48,0.521,12,12,1.0,65,0.929,13,0.186,2,0.029,2,0.029,6,0.086,2025-26,Regular Season,Drives
1642877,Micah Peavy,1610612740,NOP,57,16,41,772.0,112,18,54,0.333,8,10,0.8,46,0.411,45,0.402,13,0.116,6,0.054,5,0.045,2025-26,Regular Season,Drives
1630695,Micah Potter,1610612754,IND,42,10,32,774.0,31,6,14,0.429,0,0,0.0,12,0.387,12,0.387,2,0.065,4,0.129,0,0.0,2025-26,Regular Season,Drives
1629008,Michael Porter Jr.,1610612751,BKN,52,14,38,1689.0,280,72,143,0.503,43,49,0.878,193,0.689,79,0.282,29,0.104,23,0.082,25,0.089,2025-26,Regular Season,Drives
1628969,Mikal Bridges,1610612752,NYK,78,50,28,2596.0,430,91,183,0.497,19,26,0.731,205,0.477,205,0.477,46,0.107,19,0.044,13,0.03,2025-26,Regular Season,Drives
201144,Mike Conley,1610612750,MIN,51,31,20,925.0,130,8,28,0.286,10,14,0.714,26,0.2,86,0.662,27,0.208,8,0.062,7,0.054,2025-26,Regular Season,Drives
1628970,Miles Bridges,1610612766,CHA,73,40,33,2274.0,578,163,342,0.477,88,112,0.786,417,0.721,138,0.239,34,0.059,30,0.052,57,0.099,2025-26,Regular Season,Drives
1642939,Miles Kelly,1610612742,DAL,14,7,7,134.0,4,0,2,0.0,0,0,0.0,0,0.0,1,0.25,1,0.25,0,0.0,0,0.0,2025-26,Regular Season,Drives
1630540,Miles McBride,1610612752,NYK,38,23,15,1017.0,132,18,54,0.333,9,12,0.75,45,0.341,69,0.523,10,0.076,3,0.023,6,0.045,2025-26,Regular Season,Drives
1629011,Mitchell Robinson,1610612752,NYK,58,38,20,1136.0,5,2,3,0.667,0,0,0.0,4,0.8,0,0.0,0,0.0,2,0.4,0,0.0,2025-26,Regular Season,Drives
1628964,Mo Bamba,1610612762,UTA,4,3,1,44.0,0,0,0,0.0,0,0,0.0,0,0.0,0,0.0,0,0.0,0,0.0,0,0.0,2025-26,Regular Season,Drives
1642885,Mohamed Diawara,1610612752,NYK,67,41,26,590.0,83,17,38,0.447,9,12,0.75,43,0.518,33,0.398,8,0.096,6,0.072,6,0.072,2025-26,Regular Season,Drives
1628420,Monte Morris,1610612754,IND,6,0,6,65.0,14,1,4,0.25,1,2,0.5,3,0.214,8,0.571,1,0.071,1,0.071,1,0.071,2025-26,Regular Season,Drives
1629021,Moritz Wagner,1610612753,ORL,34,19,15,416.0,51,13,33,0.394,10,14,0.714,39,0.765,7,0.137,1,0.02,2,0.039,7,0.137,2025-26,Regular Season,Drives
1630541,Moses Moody,1610612744,GSW,60,30,30,1540.0,185,40,86,0.465,23,28,0.821,105,0.568,65,0.351,14,0.076,12,0.065,14,0.076,2025-26,Regular Season,Drives
1631243,Mouhamed Gueye,1610612737,ATL,74,43,31,1143.0,47,6,17,0.353,0,0,0.0,13,0.277,28,0.596,13,0.277,1,0.021,1,0.021,2025-26,Regular Season,Drives
1630619,Moussa Cisse,1610612742,DAL,35,10,25,448.0,5,1,2,0.5,2,2,1.0,4,0.8,0,0.0,0,0.0,1,0.2,1,0.2,2025-26,Regular Season,Drives
1631217,Moussa Diabaté,1610612766,CHA,69,38,31,1791.0,56,15,32,0.469,12,16,0.75,42,0.75,11,0.196,1,0.018,3,0.054,8,0.143,2025-26,Regular Season,Drives
1626167,Myles Turner,1610612749,MIL,69,28,41,1863.0,91,25,54,0.463,16,24,0.667,73,0.802,14,0.154,2,0.022,7,0.077,13,0.143,2025-26,Regular Season,Drives
1642066,Myron Gardner,1610612748,MIA,41,22,19,395.0,79,13,22,0.591,4,4,1.0,32,0.405,51,0.646,9,0.114,3,0.038,3,0.038,2025-26,Regular Season,Drives
1642368,N'Faly Dante,1610612737,ATL,4,3,1,15.0,0,0,0,0.0,0,0,0.0,0,0.0,0,0.0,0,0.0,0,0.0,0,0.0,2025-26,Regular Season,Drives
1641772,Nae'Qwan Tomlin,1610612739,CLE,60,39,21,913.0,49,11,22,0.5,8,10,0.8,30,0.612,18,0.367,6,0.122,1,0.02,5,0.102,2025-26,Regular Season,Drives
1630230,Naji Marshall,1610612742,DAL,72,24,48,2132.0,595,181,337,0.537,91,119,0.765,471,0.792,152,0.255,39,0.066,30,0.05,62,0.104,2025-26,Regular Season,Drives
1631466,Nate Williams,1610612744,GSW,12,2,10,192.0,40,4,15,0.267,2,2,1.0,10,0.25,20,0.5,3,0.075,1,0.025,1,0.025,2025-26,Regular Season,Drives
1629675,Naz Reid,1610612750,MIN,74,45,29,1935.0,277,84,168,0.5,35,47,0.745,208,0.751,57,0.206,22,0.079,25,0.09,24,0.087,2025-26,Regular Season,Drives
1629674,Neemias Queta,1610612738,BOS,72,49,23,1830.0,60,20,42,0.476,3,6,0.5,43,0.717,9,0.15,1,0.017,3,0.05,3,0.05,2025-26,Regular Season,Drives
1629651,Nic Claxton,1610612751,BKN,69,17,52,1920.0,306,98,198,0.495,55,79,0.696,259,0.846,50,0.163,12,0.039,11,0.036,41,0.134,2025-26,Regular Season,Drives
1630208,Nick Richards,1610612741,CHI,48,20,28,701.0,12,4,6,0.667,6,8,0.75,14,1.167,2,0.167,1,0.083,0,0.0,4,0.333,2025-26,Regular Season,Drives
1641733,Nick Smith Jr.,1610612747,LAL,25,12,13,318.0,75,22,47,0.468,0,0,0.0,46,0.613,23,0.307,4,0.053,3,0.04,0,0.0,2025-26,Regular Season,Drives
1629638,Nickeil Alexander-Walker,1610612737,ATL,75,42,33,2493.0,638,142,286,0.497,77,86,0.895,372,0.583,243,0.381,46,0.072,46,0.072,43,0.067,2025-26,Regular Season,Drives
201587,Nicolas Batum,1610612746,LAC,71,38,33,1262.0,1,0,0,0.0,0,0,0.0,0,0.0,1,1.0,0,0.0,0,0.0,0,0.0,2025-26,Regular Season,Drives
1628502,Nigel Hayes-Davis,1610612756,PHX,27,15,12,195.0,20,5,12,0.417,1,2,0.5,11,0.55,5,0.25,0,0.0,1,0.05,1,0.05,2025-26,Regular Season,Drives
203999,Nikola Jokić,1610612743,DEN,61,39,22,2128.0,264,84,136,0.618,40,46,0.87,218,0.826,82,0.311,24,0.091,19,0.072,23,0.087,2025-26,Regular Season,Drives
1631107,Nikola Jović,1610612748,MIA,46,23,23,795.0,164,22,54,0.407,13,24,0.542,60,0.366,79,0.482,18,0.11,14,0.085,12,0.073,2025-26,Regular Season,Drives
1642260,Nikola Topić,1610612760,OKC,6,4,2,65.0,23,2,7,0.286,0,0,0.0,4,0.174,12,0.522,3,0.13,4,0.174,0,0.0,2025-26,Regular Season,Drives
202696,Nikola Vučević,1610612738,BOS,60,32,28,1740.0,164,42,75,0.56,7,8,0.875,94,0.573,66,0.402,15,0.091,9,0.055,5,0.03,2025-26,Regular Season,Drives
1642363,Nique Clifford,1610612758,SAC,71,20,51,1732.0,368,65,158,0.411,24,36,0.667,159,0.432,156,0.424,40,0.109,30,0.082,19,0.052,2025-26,Regular Season,Drives
1642855,Noa Essengue,1610612741,CHI,2,1,1,6.0,0,0,0,0.0,0,0,0.0,0,0.0,0,0.0,0,0.0,0,0.0,0,0.0,2025-26,Regular Season,Drives
1641730,Noah Clowney,1610612751,BKN,66,17,49,1780.0,304,72,147,0.49,89,113,0.788,242,0.796,70,0.23,20,0.066,22,0.072,57,0.188,2025-26,Regular Season,Drives
1642869,Noah Penda,1610612753,ORL,56,27,29,741.0,130,20,56,0.357,11,16,0.688,54,0.415,55,0.423,13,0.1,9,0.069,8,0.062,2025-26,Regular Season,Drives
1642849,Nolan Traore,1610612751,BKN,53,12,41,1190.0,524,89,216,0.412,27,40,0.675,210,0.401,241,0.46,72,0.137,30,0.057,20,0.038,2025-26,Regular Season,Drives
1641807,Norchad Omier,1610612746,LAC,3,3,0,14.0,0,0,0,0.0,0,0,0.0,0,0.0,0,0.0,0,0.0,0,0.0,0,0.0,2025-26,Regular Season,Drives
1626181,Norman Powell,1610612748,MIA,55,28,27,1654.0,554,175,306,0.572,53,64,0.828,417,0.753,169,0.305,35,0.063,31,0.056,32,0.058,2025-26,Regular Season,Drives
1628384,OG Anunoby,1610612752,NYK,64,42,22,2135.0,455,84,165,0.509,74,86,0.86,256,0.563,197,0.433,36,0.079,38,0.084,45,0.099,2025-26,Regular Season,Drives
1630167,Obi Toppin,1610612754,IND,19,3,16,322.0,42,9,14,0.643,7,8,0.875,26,0.619,17,0.405,7,0.167,6,0.143,4,0.095,2025-26,Regular Season,Drives
1630534,Ochai Agbaji,1610612751,BKN,61,27,34,955.0,92,18,40,0.45,11,14,0.786,48,0.522,36,0.391,7,0.076,6,0.065,7,0.076,2025-26,Regular Season,Drives
1630846,Olivier Sarr,1610612739,CLE,1,1,0,4.0,0,0,0,0.0,0,0,0.0,0,0.0,0,0.0,0,0.0,0,0.0,0,0.0,2025-26,Regular Season,Drives
1641765,Olivier-Maxence Prosper,1610612763,MEM,51,16,35,950.0,130,34,60,0.567,13,18,0.722,85,0.654,50,0.385,7,0.054,11,0.085,9,0.069,2025-26,Regular Season,Drives
1630209,Omer Yurtseven,1610612744,GSW,9,3,6,104.0,2,0,2,0.0,0,0,0.0,0,0.0,0,0.0,0,0.0,0,0.0,0,0.0,2025-26,Regular Season,Drives
1630168,Onyeka Okongwu,1610612737,ATL,71,40,31,2201.0,234,71,143,0.497,36,49,0.735,185,0.791,49,0.209,15,0.064,15,0.064,25,0.107,2025-26,Regular Season,Drives
1631115,Orlando Robinson,1610612753,ORL,4,2,2,25.0,2,0,0,0.0,0,0,0.0,0,0.0,2,1.0,0,0.0,0,0.0,0,0.0,2025-26,Regular Season,Drives
1631131,Oscar Tshiebwe,1610612762,UTA,23,2,21,347.0,8,2,3,0.667,1,2,0.5,5,0.625,4,0.5,0,0.0,0,0.0,1,0.125,2025-26,Regular Season,Drives
1642345,Oso Ighodaro,1610612756,PHX,77,42,35,1715.0,151,36,72,0.5,9,20,0.45,82,0.543,56,0.371,8,0.053,6,0.04,10,0.066,2025-26,Regular Season,Drives
1631172,Ousmane Dieng,1610612749,MIL,52,31,21,932.0,219,45,91,0.495,7,10,0.7,99,0.452,96,0.438,27,0.123,17,0.078,5,0.023,2025-26,Regular Season,Drives
1629023,P.J. Washington,1610612742,DAL,55,15,40,1706.0,296,79,168,0.47,34,52,0.654,203,0.686,73,0.247,18,0.061,23,0.078,26,0.088,2025-26,Regular Season,Drives
1641790,PJ Hall,1610612766,CHA,19,7,12,213.0,3,1,2,0.5,0,0,0.0,2,0.667,0,0.0,0,0.0,1,0.333,0,0.0,2025-26,Regular Season,Drives
1642359,Pacôme Dadiet,1610612752,NYK,27,17,10,105.0,10,0,2,0.0,0,0,0.0,0,0.0,7,0.7,2,0.2,1,0.1,0,0.0,2025-26,Regular Season,Drives
1631094,Paolo Banchero,1610612753,ORL,67,34,33,2332.0,928,191,415,0.46,197,254,0.776,603,0.65,291,0.314,60,0.065,63,0.068,129,0.139,2025-26,Regular Season,Drives
1627783,Pascal Siakam,1610612754,IND,62,17,45,2057.0,783,203,384,0.529,93,126,0.738,519,0.663,274,0.35,55,0.07,40,0.051,63,0.08,2025-26,Regular Season,Drives
1626192,Pat Connaughton,1610612766,CHA,39,24,15,287.0,45,10,19,0.526,3,4,0.75,24,0.533,19,0.422,5,0.111,4,0.089,2,0.044,2025-26,Regular Season,Drives
1630311,Pat Spencer,1610612744,GSW,61,29,32,1105.0,317,70,147,0.476,13,18,0.722,153,0.483,138,0.435,29,0.091,17,0.054,9,0.028,2025-26,Regular Season,Drives
1631116,Patrick Baldwin Jr.,1610612758,SAC,9,3,6,102.0,11,2,5,0.4,2,2,1.0,6,0.545,3,0.273,0,0.0,1,0.091,1,0.091,2025-26,Regular Season,Drives
1630172,Patrick Williams,1610612741,CHI,67,22,45,1316.0,256,43,104,0.413,22,34,0.647,109,0.426,109,0.426,21,0.082,19,0.074,17,0.066,2025-26,Regular Season,Drives
202331,Paul George,1610612755,PHI,32,20,12,990.0,178,40,88,0.455,22,24,0.917,106,0.596,63,0.354,15,0.084,7,0.039,13,0.073,2025-26,Regular Season,Drives
1630194,Paul Reed,1610612765,DET,60,43,17,823.0,74,30,48,0.625,7,14,0.5,68,0.919,12,0.162,6,0.081,5,0.068,7,0.095,2025-26,Regular Season,Drives
1630202,Payton Pritchard,1610612738,BOS,75,51,24,2431.0,899,212,382,0.555,48,56,0.857,480,0.534,422,0.469,106,0.118,44,0.049,30,0.033,2025-26,Regular Season,Drives
1642362,Payton Sandfort,1610612760,OKC,2,2,0,7.0,0,0,0,0.0,0,0,0.0,0,0.0,0,0.0,0,0.0,0,0.0,0,0.0,2025-26,Regular Season,Drives
1641796,Pelle Larsson,1610612748,MIA,66,36,30,1740.0,416,91,165,0.552,61,80,0.763,258,0.62,173,0.416,51,0.123,22,0.053,41,0.099,2025-26,Regular Season,Drives
1631250,Pete Nance,1610612749,MIL,44,13,31,669.0,26,3,7,0.429,0,0,0.0,6,0.231,13,0.5,1,0.038,5,0.192,0,0.0,2025-26,Regular Season,Drives
1631212,Peyton Watson,1610612743,DEN,54,36,18,1598.0,300,62,143,0.434,35,49,0.714,164,0.547,104,0.347,26,0.087,22,0.073,25,0.083,2025-26,Regular Season,Drives
1630173,Precious Achiuwa,1610612758,SAC,69,19,50,1631.0,202,63,125,0.504,17,28,0.607,144,0.713,41,0.203,16,0.079,16,0.079,14,0.069,2025-26,Regular Season,Drives
1629656,Quentin Grimes,1610612755,PHI,70,40,30,2095.0,459,90,162,0.556,73,84,0.869,264,0.575,197,0.429,49,0.107,40,0.087,42,0.092,2025-26,Regular Season,Drives
1631245,Quenton Jackson,1610612754,IND,44,9,35,761.0,217,37,78,0.474,37,42,0.881,114,0.525,95,0.438,23,0.106,15,0.069,21,0.097,2025-26,Regular Season,Drives
1642366,Quinten Post,1610612744,GSW,67,32,35,1159.0,76,14,34,0.412,2,4,0.5,31,0.408,33,0.434,5,0.066,5,0.066,2,0.026,2025-26,Regular Season,Drives
1629628,RJ Barrett,1610612761,TOR,53,31,22,1595.0,499,109,221,0.493,77,106,0.726,304,0.609,172,0.345,29,0.058,32,0.064,53,0.106,2025-26,Regular Season,Drives
1642853,Rasheer Fleming,1610612756,PHX,51,27,24,597.0,43,6,16,0.375,1,4,0.25,13,0.302,19,0.442,2,0.047,5,0.116,2,0.047,2025-26,Regular Season,Drives
1642484,RayJ Dennis,1610612737,ATL,16,3,13,180.0,52,7,25,0.28,4,4,1.0,18,0.346,20,0.385,3,0.058,3,0.058,2,0.038,2025-26,Regular Season,Drives
1641712,Rayan Rupert,1610612763,MEM,61,29,32,952.0,132,21,57,0.368,6,8,0.75,48,0.364,61,0.462,7,0.053,7,0.053,4,0.03,2025-26,Regular Season,Drives
1642263,Reed Sheppard,1610612745,HOU,77,48,29,2037.0,367,91,189,0.481,20,22,0.909,204,0.556,144,0.392,37,0.101,21,0.057,11,0.03,2025-26,Regular Season,Drives
1642434,Riley Minix,1610612739,CLE,6,5,1,24.0,7,1,2,0.5,0,0,0.0,2,0.286,4,0.571,1,0.143,1,0.143,0,0.0,2025-26,Regular Season,Drives
1642265,Rob Dillingham,1610612741,CHI,60,27,33,838.0,352,63,144,0.438,11,16,0.688,139,0.395,160,0.455,31,0.088,31,0.088,8,0.023,2025-26,Regular Season,Drives
1629057,Robert Williams III,1610612757,POR,55,28,27,932.0,9,1,2,0.5,2,4,0.5,4,0.444,3,0.333,0,0.0,2,0.222,2,0.222,2025-26,Regular Season,Drives
1642911,Rocco Zikarsky,1610612750,MIN,4,0,4,16.0,1,0,0,0.0,0,0,0.0,0,0.0,1,1.0,0,0.0,0,0.0,0,0.0,2025-26,Regular Season,Drives
1631199,Ron Harper Jr.,1610612738,BOS,26,19,7,268.0,20,5,9,0.556,0,0,0.0,10,0.5,8,0.4,0,0.0,3,0.15,0,0.0,2025-26,Regular Season,Drives
1641842,Ronald Holland II,1610612765,DET,73,52,21,1448.0,228,65,133,0.489,27,32,0.844,165,0.724,51,0.224,13,0.057,20,0.088,16,0.07,2025-26,Regular Season,Drives
1626220,Royce O'Neale,1610612756,PHX,74,41,33,2129.0,153,19,52,0.365,7,8,0.875,45,0.294,78,0.51,27,0.176,16,0.105,4,0.026,2025-26,Regular Season,Drives
203497,Rudy Gobert,1610612750,MIN,74,45,29,2317.0,48,11,26,0.423,2,8,0.25,24,0.5,13,0.271,1,0.021,5,0.104,4,0.083,2025-26,Regular Season,Drives
1629060,Rui Hachimura,1610612747,LAL,63,44,19,1773.0,111,39,76,0.513,9,12,0.75,89,0.802,19,0.171,3,0.027,9,0.081,6,0.054,2025-26,Regular Season,Drives
201566,Russell Westbrook,1610612758,SAC,64,16,48,1853.0,741,120,237,0.506,55,88,0.625,298,0.402,374,0.505,119,0.161,70,0.094,44,0.059,2025-26,Regular Season,Drives
1642346,Ryan Dunn,1610612756,PHX,66,38,28,1277.0,128,17,50,0.34,8,12,0.667,42,0.328,62,0.484,14,0.109,10,0.078,6,0.047,2025-26,Regular Season,Drives
1641750,Ryan Kalkbrenner,1610612766,CHA,65,37,28,1404.0,1,0,0,0.0,0,0,0.0,0,0.0,1,1.0,0,0.0,0,0.0,0,0.0,2025-26,Regular Season,Drives
1642948,Ryan Nembhard,1610612742,DAL,56,19,37,1045.0,349,47,119,0.395,11,14,0.786,106,0.304,194,0.556,47,0.135,22,0.063,7,0.02,2025-26,Regular Season,Drives
1631157,Ryan Rollins,1610612749,MIL,72,28,44,2310.0,853,181,354,0.511,48,61,0.787,415,0.487,392,0.46,105,0.123,50,0.059,31,0.036,2025-26,Regular Season,Drives
1630180,Saddiq Bey,1610612740,NOP,71,24,47,2207.0,393,121,231,0.524,88,115,0.765,344,0.875,84,0.214,19,0.048,14,0.036,58,0.148,2025-26,Regular Season,Drives
1630573,Sam Hauser,1610612738,BOS,74,51,23,1832.0,59,14,26,0.538,3,4,0.75,31,0.525,27,0.458,6,0.102,3,0.051,2,0.034,2025-26,Regular Season,Drives
1630241,Sam Merrill,1610612739,CLE,50,35,15,1322.0,130,21,40,0.525,9,10,0.9,54,0.415,76,0.585,24,0.185,6,0.046,5,0.038,2025-26,Regular Season,Drives
1630572,Sandro Mamukelashvili,1610612761,TOR,75,41,34,1643.0,171,42,75,0.56,25,36,0.694,112,0.655,59,0.345,10,0.058,14,0.082,18,0.105,2025-26,Regular Season,Drives
1630583,Santi Aldama,1610612763,MEM,43,19,24,1198.0,218,59,112,0.527,16,22,0.727,137,0.628,82,0.376,22,0.101,7,0.032,11,0.05,2025-26,Regular Season,Drives
1630703,Scoot Henderson,1610612757,POR,26,16,10,616.0,286,44,101,0.436,36,42,0.857,124,0.434,120,0.42,21,0.073,25,0.087,21,0.073,2025-26,Regular Season,Drives
1630567,Scottie Barnes,1610612761,TOR,75,42,33,2528.0,586,161,309,0.521,66,86,0.767,397,0.677,180,0.307,64,0.109,43,0.073,44,0.075,2025-26,Regular Season,Drives
1630590,Scotty Pippen Jr.,1610612763,MEM,10,2,8,212.0,80,13,30,0.433,10,12,0.833,36,0.45,31,0.388,12,0.15,12,0.15,6,0.075,2025-26,Regular Season,Drives
1642951,Sean Pedulla,1610612746,LAC,5,3,2,26.0,5,2,3,0.667,0,0,0.0,4,0.8,2,0.4,1,0.2,0,0.0,0,0.0,2025-26,Regular Season,Drives
203552,Seth Curry,1610612744,GSW,6,0,6,69.0,9,3,4,0.75,0,0,0.0,6,0.667,5,0.556,1,0.111,0,0.0,0,0.0,2025-26,Regular Season,Drives
1631101,Shaedon Sharpe,1610612757,POR,48,22,26,1439.0,545,136,287,0.474,71,86,0.826,356,0.653,151,0.277,29,0.053,39,0.072,44,0.081,2025-26,Regular Season,Drives
1628983,Shai Gilgeous-Alexander,1610612760,OKC,65,53,12,2177.0,1229,337,572,0.589,217,246,0.882,927,0.754,460,0.374,129,0.105,45,0.037,125,0.102,2025-26,Regular Season,Drives
1630536,Sharife Cooper,1610612764,WAS,35,6,29,582.0,220,48,95,0.505,13,16,0.813,112,0.509,96,0.436,29,0.132,16,0.073,8,0.036,2025-26,Regular Season,Drives
1631321,Sidy Cissoko,1610612757,POR,71,37,34,1414.0,182,24,52,0.462,12,20,0.6,61,0.335,91,0.5,15,0.082,20,0.11,10,0.055,2025-26,Regular Season,Drives
1631323,Simone Fontecchio,1610612748,MIA,68,34,34,1127.0,158,17,49,0.347,6,8,0.75,40,0.253,86,0.544,23,0.146,13,0.082,4,0.025,2025-26,Regular Season,Drives
1642883,Sion James,1610612766,CHA,78,42,36,1764.0,241,28,75,0.373,40,50,0.8,101,0.419,116,0.481,27,0.112,20,0.083,26,0.108,2025-26,Regular Season,Drives
1627746,Skal Labissiere,1610612764,WAS,3,2,1,38.0,0,0,0,0.0,0,0,0.0,0,0.0,0,0.0,0,0.0,0,0.0,0,0.0,2025-26,Regular Season,Drives
1642461,Spencer Jones,1610612743,DEN,64,41,23,1417.0,12,6,7,0.857,0,0,0.0,12,1.0,5,0.417,2,0.167,0,0.0,0,0.0,2025-26,Regular Season,Drives
1630649,Stanley Umude,1610612759,SAS,2,2,0,7.0,1,1,1,1.0,0,0,0.0,2,2.0,0,0.0,0,0.0,0,0.0,0,0.0,2025-26,Regular Season,Drives
201939,Stephen Curry,1610612744,GSW,39,23,16,1222.0,311,73,140,0.521,43,46,0.935,197,0.633,124,0.399,22,0.071,12,0.039,23,0.074,2025-26,Regular Season,Drives
1642264,Stephon Castle,1610612759,SAS,65,50,15,1937.0,841,155,319,0.486,114,159,0.717,444,0.528,327,0.389,105,0.125,84,0.1,81,0.096,2025-26,Regular Season,Drives
203500,Steven Adams,1610612745,HOU,32,21,11,730.0,10,3,5,0.6,0,2,0.0,6,0.6,4,0.4,1,0.1,0,0.0,1,0.1,2025-26,Regular Season,Drives
1629004,Svi Mykhailiuk,1610612762,UTA,49,14,35,1132.0,130,22,45,0.489,10,10,1.0,54,0.415,69,0.531,20,0.154,7,0.054,5,0.038,2025-26,Regular Season,Drives
204456,T.J. McConnell,1610612754,IND,56,15,41,963.0,570,133,240,0.554,15,18,0.833,285,0.5,285,0.5,75,0.132,20,0.035,9,0.016,2025-26,Regular Season,Drives
1643007,Taelon Peter,1610612754,IND,33,5,28,394.0,18,3,6,0.5,1,2,0.5,7,0.389,11,0.611,2,0.111,0,0.0,1,0.056,2025-26,Regular Season,Drives
201959,Taj Gibson,1610612763,MEM,7,1,6,65.0,4,2,2,1.0,4,4,1.0,8,2.0,0,0.0,0,0.0,0,0.0,2,0.5,2025-26,Regular Season,Drives
1631106,Tari Eason,1610612745,HOU,55,34,21,1424.0,204,36,106,0.34,10,13,0.769,85,0.417,74,0.363,19,0.093,16,0.078,7,0.034,2025-26,Regular Season,Drives
1627752,Taurean Prince,1610612749,MIL,21,8,13,456.0,48,12,26,0.462,2,2,1.0,27,0.563,15,0.313,4,0.083,3,0.063,1,0.021,2025-26,Regular Season,Drives
1641707,Taylor Hendricks,1610612763,MEM,57,12,45,1084.0,111,29,59,0.492,6,12,0.5,68,0.613,34,0.306,11,0.099,9,0.081,6,0.054,2025-26,Regular Season,Drives
1629611,Terance Mann,1610612751,BKN,63,15,48,1529.0,320,53,109,0.486,34,40,0.85,142,0.444,162,0.506,48,0.15,22,0.069,20,0.063,2025-26,Regular Season,Drives
1630545,Terrence Shannon Jr.,1610612750,MIN,38,21,17,436.0,88,14,38,0.368,11,14,0.786,41,0.466,35,0.398,11,0.125,4,0.045,7,0.08,2025-26,Regular Season,Drives
203648,Thanasis Antetokounmpo,1610612749,MIL,31,8,23,115.0,29,3,9,0.333,5,8,0.625,12,0.414,13,0.448,3,0.103,3,0.103,4,0.138,2025-26,Regular Season,Drives
1628418,Thomas Bryant,1610612739,CLE,59,36,23,706.0,9,1,5,0.2,1,2,0.5,3,0.333,1,0.111,0,0.0,2,0.222,1,0.111,2025-26,Regular Season,Drives
1642275,Tidjane Salaün,1610612766,CHA,36,18,18,571.0,63,12,28,0.429,3,4,0.75,27,0.429,26,0.413,5,0.079,7,0.111,2,0.032,2025-26,Regular Season,Drives
203501,Tim Hardaway Jr.,1610612743,DEN,76,48,28,2031.0,124,34,70,0.486,35,44,0.795,104,0.839,28,0.226,10,0.081,2,0.016,22,0.177,2025-26,Regular Season,Drives
202699,Tobias Harris,1610612765,DET,59,42,17,1649.0,229,58,128,0.453,26,30,0.867,149,0.651,72,0.314,19,0.083,9,0.039,15,0.066,2025-26,Regular Season,Drives
1643253,Toby Okani,1610612763,MEM,1,0,1,28.0,2,1,1,1.0,0,0,0.0,2,1.0,1,0.5,0,0.0,0,0.0,0,0.0,2025-26,Regular Season,Drives
1642449,Tolu Smith,1610612765,DET,12,9,3,118.0,10,1,4,0.25,2,2,1.0,4,0.4,2,0.2,1,0.1,3,0.3,1,0.1,2025-26,Regular Season,Drives
1628396,Tony Bradley,1610612754,IND,38,9,29,416.0,11,5,9,0.556,0,0,0.0,10,0.909,2,0.182,1,0.091,0,0.0,0,0.0,2025-26,Regular Season,Drives
1641787,Tosan Evbuomwan,1610612766,CHA,5,4,1,8.0,1,0,1,0.0,0,0,0.0,0,0.0,0,0.0,0,0.0,0,0.0,0,0.0,2025-26,Regular Season,Drives
1641739,Toumani Camara,1610612757,POR,78,40,38,2590.0,328,52,122,0.426,31,42,0.738,141,0.43,134,0.409,25,0.076,38,0.116,22,0.067,2025-26,Regular Season,Drives
1629027,Trae Young,1610612764,WAS,15,2,13,384.0,136,34,59,0.576,27,30,0.9,104,0.765,56,0.412,15,0.11,5,0.037,16,0.118,2025-26,Regular Season,Drives
1631218,Trayce Jackson-Davis,1610612761,TOR,50,27,23,487.0,10,1,1,1.0,3,4,0.75,5,0.5,7,0.7,2,0.2,0,0.0,2,0.2,2025-26,Regular Season,Drives
1642848,Tre Johnson,1610612764,WAS,59,12,47,1418.0,362,85,192,0.443,37,42,0.881,208,0.575,106,0.293,31,0.086,30,0.083,21,0.058,2025-26,Regular Season,Drives
1630200,Tre Jones,1610612741,CHI,60,25,35,1619.0,766,154,279,0.552,76,96,0.792,392,0.512,387,0.505,78,0.102,34,0.044,48,0.063,2025-26,Regular Season,Drives
1630544,Tre Mann,1610612766,CHA,51,29,22,661.0,241,43,110,0.391,13,14,0.929,99,0.411,102,0.423,17,0.071,17,0.071,7,0.029,2025-26,Regular Season,Drives
1630570,Trendon Watford,1610612755,PHI,51,26,25,852.0,206,52,105,0.495,24,30,0.8,135,0.655,61,0.296,9,0.044,17,0.083,17,0.083,2025-26,Regular Season,Drives
1642280,Trentyn Flowers,1610612741,CHI,2,0,2,6.0,0,0,0,0.0,0,0,0.0,0,0.0,0,0.0,0,0.0,0,0.0,0,0.0,2025-26,Regular Season,Drives
1630286,Trevon Scott,1610612751,BKN,1,0,1,8.0,2,0,1,0.0,0,0,0.0,0,0.0,0,0.0,0,0.0,1,0.5,0,0.0,2025-26,Regular Season,Drives
1631211,Trevor Keels,1610612748,MIA,4,4,0,5.0,1,0,1,0.0,0,0,0.0,0,0.0,0,0.0,0,0.0,0,0.0,0,0.0,2025-26,Regular Season,Drives
1641725,Trey Alexander,1610612740,NOP,5,1,4,42.0,8,3,5,0.6,0,0,0.0,6,0.75,3,0.375,2,0.25,0,0.0,0,0.0,2025-26,Regular Season,Drives
1641998,Trey Jemison III,1610612752,NYK,11,9,2,61.0,2,1,2,0.5,0,0,0.0,3,1.5,0,0.0,0,0.0,0,0.0,0,0.0,2025-26,Regular Season,Drives
1630530,Trey Murphy III,1610612740,NOP,66,21,45,2341.0,454,97,218,0.445,68,78,0.872,269,0.593,149,0.328,37,0.081,34,0.075,40,0.088,2025-26,Regular Season,Drives
1642400,Tristan Enaruna,1610612739,CLE,6,6,0,34.0,5,0,2,0.0,0,0,0.0,0,0.0,2,0.4,1,0.2,1,0.2,0,0.0,2025-26,Regular Season,Drives
1641774,Tristan Vukcevic,1610612764,WAS,49,8,41,671.0,72,25,40,0.625,20,24,0.833,71,0.986,15,0.208,6,0.083,3,0.042,12,0.167,2025-26,Regular Season,Drives
1641783,Tristan da Silva,1610612753,ORL,72,39,33,1784.0,213,50,114,0.439,23,28,0.821,127,0.596,70,0.329,25,0.117,13,0.061,14,0.066,2025-26,Regular Season,Drives
1629660,Ty Jerome,1610612763,MEM,15,3,12,339.0,157,42,84,0.5,17,20,0.85,106,0.675,53,0.338,21,0.134,8,0.051,10,0.064,2025-26,Regular Season,Drives
1631102,TyTy Washington Jr.,1610612746,LAC,12,6,6,72.0,19,4,7,0.571,0,0,0.0,8,0.421,12,0.632,4,0.211,0,0.0,0,0.0,2025-26,Regular Season,Drives
1631174,Tyler Burton,1610612763,MEM,12,2,10,307.0,45,9,23,0.391,8,10,0.8,26,0.578,14,0.311,2,0.044,2,0.044,5,0.111,2025-26,Regular Season,Drives
1629639,Tyler Herro,1610612748,MIA,30,13,17,952.0,310,103,173,0.595,24,27,0.889,235,0.758,102,0.329,28,0.09,16,0.052,14,0.045,2025-26,Regular Season,Drives
1642278,Tyler Kolek,1610612752,NYK,62,39,23,727.0,253,46,106,0.434,4,6,0.667,96,0.379,123,0.486,30,0.119,17,0.067,3,0.012,2025-26,Regular Season,Drives
1641890,Tyler Smith,1610612742,DAL,8,1,7,77.0,0,0,0,0.0,0,0,0.0,0,0.0,0,0.0,0,0.0,0,0.0,0,0.0,2025-26,Regular Season,Drives
1631213,Tyrese Martin,1610612755,PHI,45,11,34,775.0,171,24,61,0.393,9,12,0.75,57,0.333,88,0.515,18,0.105,9,0.053,6,0.035,2025-26,Regular Season,Drives
1630178,Tyrese Maxey,1610612755,PHI,65,36,29,2490.0,869,249,511,0.487,126,148,0.851,644,0.741,227,0.261,50,0.058,40,0.046,74,0.085,2025-26,Regular Season,Drives
1642878,Tyrese Proctor,1610612739,CLE,46,30,16,472.0,103,22,44,0.5,18,20,0.9,62,0.602,44,0.427,8,0.078,3,0.029,10,0.097,2025-26,Regular Season,Drives
1630623,Tyson Etienne,1610612751,BKN,19,3,16,223.0,37,3,7,0.429,8,8,1.0,14,0.378,23,0.622,7,0.189,2,0.054,4,0.108,2025-26,Regular Season,Drives
1626145,Tyus Jones,1610612743,DEN,64,34,30,932.0,81,25,49,0.51,5,6,0.833,55,0.679,24,0.296,7,0.086,5,0.062,3,0.037,2025-26,Regular Season,Drives
1642845,VJ Edgecombe,1610612755,PHI,70,41,29,2436.0,495,114,281,0.406,39,50,0.78,274,0.554,149,0.301,38,0.077,28,0.057,25,0.051,2025-26,Regular Season,Drives
1641705,Victor Wembanyama,1610612759,SAS,61,48,13,1784.0,348,87,170,0.512,72,90,0.8,252,0.724,84,0.241,26,0.075,38,0.109,45,0.129,2025-26,Regular Season,Drives
1631246,Vince Williams Jr.,1610612762,UTA,40,16,24,819.0,190,26,72,0.361,6,10,0.6,63,0.332,89,0.468,25,0.132,19,0.1,7,0.037,2025-26,Regular Season,Drives
1642884,Vladislav Goldin,1610612748,MIA,5,3,2,14.0,0,0,0,0.0,0,0,0.0,0,0.0,0,0.0,0,0.0,0,0.0,0,0.0,2025-26,Regular Season,Drives
1630249,Vít Krejčí,1610612757,POR,64,31,33,1387.0,167,38,65,0.585,3,6,0.5,80,0.479,80,0.479,15,0.09,10,0.06,3,0.018,2025-26,Regular Season,Drives
1631117,Walker Kessler,1610612762,UTA,5,2,3,154.0,4,1,2,0.5,0,0,0.0,2,0.5,1,0.25,0,0.0,1,0.25,0,0.0,2025-26,Regular Season,Drives
1642383,Walter Clayton Jr.,1610612763,MEM,66,17,49,1338.0,431,53,120,0.442,48,54,0.889,158,0.367,236,0.548,70,0.162,36,0.084,27,0.063,2025-26,Regular Season,Drives
1628976,Wendell Carter Jr.,1610612753,ORL,73,39,34,2162.0,89,31,51,0.608,16,18,0.889,81,0.91,20,0.225,4,0.045,6,0.067,9,0.101,2025-26,Regular Season,Drives
1631111,Wendell Moore Jr.,1610612765,DET,5,4,1,54.0,4,1,2,0.5,0,0,0.0,2,0.5,1,0.25,0,0.0,1,0.25,0,0.0,2025-26,Regular Season,Drives
1642954,Will Richard,1610612744,GSW,66,34,32,1348.0,41,2,7,0.286,2,2,1.0,7,0.171,28,0.683,5,0.122,5,0.122,1,0.024,2025-26,Regular Season,Drives
1642860,Will Riley,1610612764,WAS,68,16,52,1429.0,354,74,163,0.454,48,58,0.828,198,0.559,123,0.347,32,0.09,28,0.079,29,0.082,2025-26,Regular Season,Drives
1630214,Xavier Tillman,1610612766,CHA,28,20,8,178.0,2,1,1,1.0,0,2,0.0,2,1.0,0,0.0,0,0.0,0,0.0,1,0.5,2025-26,Regular Season,Drives
1642905,Yang Hansen,1610612757,POR,41,22,19,296.0,8,1,6,0.167,2,2,1.0,4,0.5,0,0.0,0,0.0,1,0.125,1,0.125,2025-26,Regular Season,Drives
1642949,Yanic Konan Niederhäuser,1610612746,LAC,41,22,19,424.0,19,8,12,0.667,4,4,1.0,20,1.053,1,0.053,0,0.0,4,0.211,2,0.105,2025-26,Regular Season,Drives
1642530,Yuki Kawamura,1610612741,CHI,13,4,9,142.0,46,2,7,0.286,6,6,1.0,10,0.217,33,0.717,10,0.217,3,0.065,3,0.065,2025-26,Regular Season,Drives
1642274,Yves Missi,1610612740,NOP,65,19,46,1257.0,133,41,75,0.547,15,25,0.6,98,0.737,31,0.233,8,0.06,13,0.098,13,0.098,2025-26,Regular Season,Drives
1642258,Zaccharie Risacher,1610612737,ATL,64,38,26,1453.0,127,25,67,0.373,3,8,0.375,54,0.425,44,0.346,10,0.079,7,0.055,4,0.031,2025-26,Regular Season,Drives
1628380,Zach Collins,1610612741,CHI,10,6,4,184.0,4,2,2,1.0,0,0,0.0,4,1.0,1,0.25,0,0.0,1,0.25,0,0.0,2025-26,Regular Season,Drives
1641744,Zach Edey,1610612763,MEM,11,7,4,284.0,1,0,0,0.0,0,0,0.0,0,0.0,0,0.0,0,0.0,0,0.0,0,0.0,2025-26,Regular Season,Drives
203897,Zach LaVine,1610612758,SAC,39,9,30,1224.0,249,55,103,0.534,53,60,0.883,166,0.667,98,0.394,18,0.072,14,0.056,30,0.12,2025-26,Regular Season,Drives
1630192,Zeke Nnaji,1610612743,DEN,49,35,14,585.0,22,9,14,0.643,2,2,1.0,20,0.909,2,0.091,0,0.0,3,0.136,1,0.045,2025-26,Regular Season,Drives
1630533,Ziaire Williams,1610612751,BKN,56,13,43,1281.0,150,30,77,0.39,38,44,0.864,100,0.667,36,0.24,10,0.067,11,0.073,22,0.147,2025-26,Regular Season,Drives
1629627,Zion Williamson,1610612740,NOP,61,22,39,1813.0,838,235,433,0.543,158,216,0.731,653,0.779,215,0.257,42,0.05,48,0.057,111,0.132,2025-26,Regular Season,Drives
1642389,Zyon Pullin,1610612750,MIN,2,2,0,6.0,1,0,0,0.0,0,0,0.0,0,0.0,1,1.0,1,1.0,0,0.0,0,0.0,2025-26,Regular Season,Drives
