season,season_type,player_id,player_name,team_id,team_abbreviation,games_played,minutes_per_game,fgm_per_game,fga_per_game,fg_pct,fg3m_per_game,fg3a_per_game,fg3_pct,ftm_per_game,fta_per_game,ft_pct,efg_pct
2025-26,Regular Season,1630639,A.J. Lawson,1610612761,TOR,20,9.4,1.5,3.2,0.46,0.8,1.8,0.444,0.6,0.7,0.857,
2025-26,Regular Season,1631260,AJ Green,1610612749,MIL,74,28.7,3.2,7.6,0.416,2.8,6.8,0.409,0.6,0.8,0.842,
2025-26,Regular Season,1642358,AJ Johnson,1610612742,DAL,44,8.8,1.0,3.2,0.324,0.3,1.1,0.229,0.4,0.5,0.826,
2025-26,Regular Season,203932,Aaron Gordon,1610612743,DEN,35,28.1,5.6,11.2,0.5,1.7,4.4,0.394,3.5,4.6,0.764,
2025-26,Regular Season,1628988,Aaron Holiday,1610612745,HOU,53,13.6,1.8,4.5,0.405,1.2,3.0,0.39,0.6,0.7,0.865,
2025-26,Regular Season,1630174,Aaron Nesmith,1610612754,IND,45,29.7,4.7,11.4,0.414,2.3,6.2,0.379,2.0,2.5,0.829,
2025-26,Regular Season,1630598,Aaron Wiggins,1610612760,OKC,61,21.9,3.6,8.4,0.431,1.5,4.2,0.354,0.9,1.1,0.743,
2025-26,Regular Season,1642846,Ace Bailey,1610612762,UTA,70,27.6,5.4,12.2,0.444,1.9,5.5,0.348,0.9,1.2,0.767,
2025-26,Regular Season,1642380,Adama Bal,1610612763,MEM,6,27.3,3.2,7.7,0.413,2.2,5.0,0.433,0.3,0.5,0.667,
2025-26,Regular Season,1641737,Adem Bona,1610612755,PHI,68,17.4,1.9,3.1,0.601,0.0,0.1,0.333,1.1,1.6,0.706,
2025-26,Regular Season,1642876,Adou Thiero,1610612747,LAL,21,5.1,0.5,1.0,0.455,0.0,0.0,0.0,0.4,0.6,0.75,
2025-26,Regular Season,1642349,Ajay Mitchell,1610612760,OKC,55,25.9,5.1,10.5,0.487,1.1,3.1,0.349,2.5,2.9,0.873,
2025-26,Regular Season,201143,Al Horford,1610612744,GSW,43,21.7,3.1,7.2,0.424,1.7,4.6,0.36,0.5,0.6,0.846,
2025-26,Regular Season,1630828,Alex Antetokounmpo,1610612749,MIL,4,3.1,0.3,1.0,0.25,0.0,0.8,0.0,1.0,1.5,0.667,
2025-26,Regular Season,1627936,Alex Caruso,1610612760,OKC,54,18.5,2.3,5.4,0.422,0.9,3.3,0.29,0.8,0.9,0.804,
2025-26,Regular Season,1631457,Alex Morales,1610612753,ORL,2,6.9,0.5,1.5,0.333,0.0,0.0,0.0,0.0,0.0,0.0,
2025-26,Regular Season,1642259,Alex Sarr,1610612764,WAS,48,27.2,6.6,13.7,0.482,1.0,3.1,0.333,2.1,3.0,0.692,
2025-26,Regular Season,1642918,Alijah Martin,1610612761,TOR,21,6.2,0.7,2.1,0.341,0.2,1.0,0.2,0.7,0.9,0.778,
2025-26,Regular Season,1631214,Alondes Williams,1610612764,WAS,4,25.2,4.0,6.5,0.615,1.3,3.5,0.357,1.8,2.0,0.875,
2025-26,Regular Season,1630578,Alperen Sengun,1610612745,HOU,69,33.4,8.2,15.7,0.522,0.6,1.9,0.31,3.7,5.4,0.688,
2025-26,Regular Season,1642873,Amari Williams,1610612738,BOS,21,6.5,0.4,0.9,0.474,0.0,0.0,0.0,0.5,0.7,0.714,
2025-26,Regular Season,1641708,Amen Thompson,1610612745,HOU,76,37.3,6.9,13.1,0.527,0.3,1.5,0.223,3.8,4.9,0.777,
2025-26,Regular Season,1629599,Amir Coffey,1610612756,PHX,43,10.2,1.0,2.2,0.484,0.3,1.0,0.317,0.5,0.7,0.786,
2025-26,Regular Season,1643158,Andersson Garcia,1610612762,UTA,5,33.8,1.8,5.8,0.31,0.2,2.6,0.077,1.4,1.8,0.778,
2025-26,Regular Season,203083,Andre Drummond,1610612755,PHI,60,19.2,2.5,5.3,0.47,0.5,1.4,0.349,0.8,1.3,0.641,
2025-26,Regular Season,1641748,Andre Jackson Jr.,1610612749,MIL,44,7.8,0.8,2.3,0.333,0.3,1.2,0.283,0.3,0.5,0.7,
2025-26,Regular Season,1629614,Andrew Nembhard,1610612754,IND,57,31.3,5.8,13.2,0.442,1.9,5.2,0.361,3.4,4.1,0.825,
2025-26,Regular Season,203952,Andrew Wiggins,1610612748,MIA,64,30.6,5.9,12.3,0.478,2.0,4.9,0.417,1.8,2.3,0.787,
2025-26,Regular Season,1629014,Anfernee Simons,1610612741,CHI,55,24.9,5.2,11.8,0.44,2.7,6.9,0.385,1.3,1.4,0.896,
2025-26,Regular Season,1641710,Anthony Black,1610612753,ORL,61,30.4,5.5,12.2,0.45,1.6,4.7,0.338,2.7,3.6,0.73,
2025-26,Regular Season,203076,Anthony Davis,1610612764,WAS,20,31.3,8.5,16.7,0.506,0.5,1.9,0.27,3.0,4.1,0.728,
2025-26,Regular Season,1630162,Anthony Edwards,1610612750,MIN,60,35.2,9.9,20.3,0.489,3.4,8.5,0.398,5.7,7.2,0.796,
2025-26,Regular Season,1630264,Anthony Gill,1610612764,WAS,51,16.3,2.3,3.7,0.623,0.3,0.8,0.317,0.5,0.6,0.774,
2025-26,Regular Season,1641810,Antonio Reeves,1610612766,CHA,10,6.8,1.0,2.0,0.5,0.7,1.3,0.538,0.0,0.0,0.0,
2025-26,Regular Season,1630574,Ariel Hukporti,1610612752,NYK,52,8.8,0.7,1.3,0.544,0.0,0.1,0.25,0.5,0.6,0.788,
2025-26,Regular Season,1642854,Asa Newell,1610612737,ATL,42,10.8,2.0,3.7,0.539,0.7,1.7,0.394,0.3,0.6,0.56,
2025-26,Regular Season,1641709,Ausar Thompson,1610612765,DET,70,26.1,4.2,8.0,0.521,0.1,0.3,0.261,1.5,2.6,0.565,
2025-26,Regular Season,1630559,Austin Reaves,1610612747,LAL,51,34.5,7.3,14.9,0.49,2.3,6.4,0.36,6.3,7.3,0.871,
2025-26,Regular Season,1630245,Ayo Dosunmu,1610612750,MIN,67,27.2,5.5,10.7,0.514,1.8,4.1,0.443,1.8,2.1,0.871,
2025-26,Regular Season,1628389,Bam Adebayo,1610612748,MIA,69,32.2,6.9,15.7,0.439,1.7,5.5,0.317,4.6,5.9,0.778,
2025-26,Regular Season,1631248,Baylor Scheierman,1610612738,BOS,73,18.2,1.8,4.1,0.444,1.1,2.9,0.381,0.3,0.3,0.864,
2025-26,Regular Season,1642879,Ben Saraf,1610612751,BKN,40,19.6,2.4,6.2,0.382,0.4,1.9,0.216,1.5,1.8,0.817,
2025-26,Regular Season,1641767,Ben Sheppard,1610612754,IND,65,21.4,2.6,6.0,0.434,1.3,3.6,0.362,0.6,0.8,0.765,
2025-26,Regular Season,1631097,Bennedict Mathurin,1610612746,LAC,50,30.6,5.6,12.8,0.436,1.5,4.5,0.322,5.5,6.4,0.871,
2025-26,Regular Season,1643016,Bez Mbeng,1610612762,UTA,12,29.8,1.8,4.4,0.396,0.3,1.7,0.15,0.8,1.3,0.667,
2025-26,Regular Season,1641731,Bilal Coulibaly,1610612764,WAS,54,26.3,4.0,9.5,0.416,1.1,3.7,0.308,2.3,3.1,0.747,
2025-26,Regular Season,202687,Bismack Biyombo,1610612759,SAS,24,5.7,0.3,0.6,0.571,0.0,0.0,0.0,0.2,0.3,0.714,
2025-26,Regular Season,1642396,Blake Hinson,1610612762,UTA,11,19.4,3.6,7.0,0.519,2.6,5.2,0.509,0.7,1.1,0.667,
2025-26,Regular Season,1631104,Blake Wesley,1610612757,POR,28,12.6,2.0,4.3,0.458,0.4,1.3,0.286,0.9,1.6,0.556,
2025-26,Regular Season,1626171,Bobby Portis,1610612749,MIL,67,24.2,5.5,11.2,0.488,2.0,4.4,0.456,0.7,1.0,0.706,
2025-26,Regular Season,1641752,Bobi Klintman,1610612765,DET,12,5.9,0.8,2.3,0.333,0.3,1.1,0.308,0.0,0.3,0.0,
2025-26,Regular Season,203992,Bogdan Bogdanović,1610612746,LAC,22,19.6,2.4,6.5,0.371,1.3,4.0,0.322,0.9,1.1,0.8,
2025-26,Regular Season,1630538,Bones Hyland,1610612750,MIN,69,16.4,3.0,6.5,0.452,1.6,4.1,0.382,0.9,1.1,0.776,
2025-26,Regular Season,203078,Bradley Beal,1610612746,LAC,6,20.2,3.0,8.0,0.375,1.2,3.2,0.368,1.0,1.3,0.75,
2025-26,Regular Season,1642382,Branden Carlson,1610612760,OKC,39,10.3,2.0,3.7,0.535,0.6,1.6,0.344,0.2,0.5,0.5,
2025-26,Regular Season,1641764,Brandin Podziemski,1610612744,GSW,78,28.5,4.7,10.4,0.454,1.8,5.0,0.369,2.2,2.8,0.783,
2025-26,Regular Season,1629634,Brandon Clarke,1610612763,MEM,2,10.2,1.5,4.5,0.333,0.0,0.0,0.0,1.0,2.0,0.5,
2025-26,Regular Season,1627742,Brandon Ingram,1610612761,TOR,73,33.8,7.9,16.8,0.471,1.7,4.6,0.376,3.7,4.5,0.822,
2025-26,Regular Season,1641706,Brandon Miller,1610612766,CHA,62,30.3,7.0,16.1,0.434,3.2,8.2,0.387,3.0,3.4,0.892,
2025-26,Regular Season,1630314,Brandon Williams,1610612742,DAL,66,22.2,4.4,9.3,0.472,0.5,2.3,0.232,3.7,4.6,0.793,
2025-26,Regular Season,1641729,Brice Sensabaugh,1610612762,UTA,73,23.6,5.3,11.4,0.463,2.2,5.8,0.369,2.2,2.6,0.827,
2025-26,Regular Season,1642355,Bronny James,1610612747,LAL,38,7.9,0.9,2.4,0.4,0.4,1.1,0.381,0.2,0.2,0.857,
2025-26,Regular Season,201572,Brook Lopez,1610612746,LAC,71,21.4,3.0,7.0,0.423,1.5,4.1,0.354,0.8,1.0,0.786,
2025-26,Regular Season,1642964,Brooks Barnhizer,1610612760,OKC,37,7.7,0.5,1.4,0.373,0.1,0.5,0.294,0.1,0.2,0.667,
2025-26,Regular Season,1628971,Bruce Brown,1610612743,DEN,79,24.3,2.9,6.3,0.466,0.7,1.8,0.385,1.2,1.5,0.769,
2025-26,Regular Season,1631121,Bryce McGowens,1610612740,NOP,42,21.0,2.7,5.6,0.481,0.9,2.2,0.409,1.8,2.3,0.779,
2025-26,Regular Season,1642267,Bub Carrington,1610612764,WAS,78,27.5,3.7,8.8,0.418,2.0,4.9,0.396,1.0,1.3,0.721,
2025-26,Regular Season,1631205,Buddy Boeheim,1610612760,OKC,4,3.8,0.5,1.5,0.333,0.5,1.5,0.333,0.0,0.0,0.0,
2025-26,Regular Season,1627741,Buddy Hield,1610612737,ATL,50,16.0,2.6,6.2,0.424,1.3,4.0,0.333,0.6,0.7,0.811,
2025-26,Regular Season,1643047,CJ Huntley,1610612756,PHX,2,3.5,0.5,1.0,0.5,0.0,0.0,0.0,0.0,0.0,0.0,
2025-26,Regular Season,203468,CJ McCollum,1610612737,ATL,74,29.8,6.9,15.2,0.453,2.5,6.7,0.371,2.5,3.2,0.774,
2025-26,Regular Season,1630595,Cade Cunningham,1610612765,DET,61,34.4,8.7,18.9,0.461,2.0,5.8,0.346,5.1,6.2,0.814,
2025-26,Regular Season,1631216,Caleb Houstan,1610612737,ATL,18,4.2,0.8,1.4,0.538,0.6,1.2,0.524,0.2,0.2,1.0,
2025-26,Regular Season,1631126,Caleb Love,1610612757,POR,47,21.5,4.0,10.4,0.389,2.0,6.2,0.32,0.8,1.0,0.735,
2025-26,Regular Season,1628997,Caleb Martin,1610612742,DAL,58,14.8,1.5,3.3,0.45,0.3,1.0,0.351,0.6,1.1,0.607,
2025-26,Regular Season,1642353,Cam Christie,1610612746,LAC,52,9.0,1.0,2.6,0.382,0.2,0.9,0.245,0.7,1.0,0.76,
2025-26,Regular Season,1642285,Cam Spencer,1610612763,MEM,72,23.8,3.7,7.7,0.473,2.0,4.5,0.449,1.8,1.9,0.94,
2025-26,Regular Season,1630560,Cam Thomas,1610612749,MIL,42,21.0,4.5,11.0,0.41,1.2,4.0,0.31,3.3,4.0,0.811,
2025-26,Regular Season,1641715,Cam Whitmore,1610612764,WAS,21,16.9,3.7,8.0,0.456,0.8,2.7,0.286,1.1,1.5,0.742,
2025-26,Regular Season,1629661,Cameron Johnson,1610612743,DEN,53,30.5,4.2,8.7,0.475,2.0,4.8,0.429,1.8,2.1,0.839,
2025-26,Regular Season,1626166,Cameron Payne,1610612755,PHI,22,17.0,2.5,6.8,0.376,1.5,4.4,0.33,0.9,1.0,0.864,
2025-26,Regular Season,1627747,Caris LeVert,1610612765,DET,57,19.4,2.8,6.6,0.419,1.0,3.1,0.33,0.9,1.3,0.658,
2025-26,Regular Season,1642868,Carter Bryant,1610612759,SAS,68,10.8,1.4,3.5,0.387,0.6,2.0,0.309,0.4,0.6,0.725,
2025-26,Regular Season,1641717,Cason Wallace,1610612760,OKC,75,26.7,3.3,7.7,0.436,1.3,3.7,0.352,0.7,0.9,0.803,
2025-26,Regular Season,1642907,Cedric Coward,1610612763,MEM,61,25.8,4.8,10.3,0.468,1.5,4.4,0.336,2.2,2.6,0.845,
2025-26,Regular Season,1643052,Chaney Johnson,1610612751,BKN,15,20.2,2.9,5.1,0.558,0.5,1.7,0.308,1.6,2.0,0.8,
2025-26,Regular Season,1629646,Charles Bassey,1610612744,GSW,9,6.9,1.3,2.0,0.667,0.0,0.0,0.0,0.4,0.9,0.5,
2025-26,Regular Season,1642404,Chaz Lanier,1610612765,DET,31,8.0,0.8,2.7,0.306,0.6,2.1,0.281,0.2,0.2,0.833,
2025-26,Regular Season,1631096,Chet Holmgren,1610612760,OKC,67,29.0,6.2,11.3,0.553,1.3,3.5,0.356,3.2,4.0,0.797,
2025-26,Regular Season,1628449,Chris Boucher,1610612738,BOS,9,10.5,0.9,2.8,0.32,0.2,1.7,0.133,0.3,0.4,0.75,
2025-26,Regular Season,1641753,Chris Livingston,1610612739,CLE,3,5.8,1.3,2.3,0.571,0.0,1.0,0.0,0.3,0.3,1.0,
2025-26,Regular Season,1643024,Chris Mañon,1610612747,LAL,6,4.2,0.0,0.3,0.0,0.0,0.3,0.0,0.3,0.3,1.0,
2025-26,Regular Season,101108,Chris Paul,1610612746,LAC,16,14.2,1.1,3.5,0.321,0.6,1.9,0.333,0.1,0.1,0.5,
2025-26,Regular Season,1642959,Chris Youngblood,1610612757,POR,33,5.6,0.7,1.9,0.349,0.5,1.6,0.333,0.3,0.3,0.9,
2025-26,Regular Season,1631128,Christian Braun,1610612743,DEN,43,31.9,4.5,8.8,0.515,1.0,3.3,0.305,1.8,2.3,0.79,
2025-26,Regular Season,1631132,Christian Koloko,1610612737,ATL,26,12.9,1.2,2.7,0.435,0.0,0.3,0.143,0.3,0.4,0.727,
2025-26,Regular Season,1642935,Chucky Hepburn,1610612761,TOR,2,6.6,0.0,3.0,0.0,0.0,2.5,0.0,0.0,0.0,0.0,
2025-26,Regular Season,203991,Clint Capela,1610612745,HOU,71,12.3,1.5,2.9,0.512,0.0,0.0,0.0,0.6,0.9,0.597,
2025-26,Regular Season,1629632,Coby White,1610612766,CHA,48,25.4,5.6,12.6,0.444,2.3,6.4,0.356,4.0,4.8,0.823,
2025-26,Regular Season,1628998,Cody Martin,1610612754,IND,4,13.8,0.5,2.5,0.2,0.0,1.3,0.0,0.8,1.5,0.5,
2025-26,Regular Season,1642262,Cody Williams,1610612762,UTA,64,23.8,3.4,7.2,0.475,0.4,1.8,0.22,1.2,1.7,0.706,
2025-26,Regular Season,1641732,Colby Jones,1610612765,DET,1,6.8,1.0,3.0,0.333,0.0,2.0,0.0,0.0,0.0,0.0,
2025-26,Regular Season,1630175,Cole Anthony,1610612749,MIL,35,15.0,2.8,6.6,0.424,0.6,2.1,0.306,0.5,0.7,0.615,
2025-26,Regular Season,1630658,Colin Castleton,1610612753,ORL,2,6.1,0.5,1.5,0.333,0.0,0.0,0.0,0.0,0.0,0.0,
2025-26,Regular Season,1631221,Collin Gillespie,1610612756,PHX,77,28.8,4.5,10.7,0.42,3.0,7.3,0.407,1.0,1.1,0.871,
2025-26,Regular Season,1642867,Collin Murray-Boyles,1610612761,TOR,54,22.0,3.5,6.1,0.573,0.3,0.9,0.34,1.2,1.9,0.641,
2025-26,Regular Season,1629012,Collin Sexton,1610612741,CHI,64,23.3,5.2,10.6,0.487,1.7,4.2,0.41,3.3,3.8,0.86,
2025-26,Regular Season,1642843,Cooper Flagg,1610612742,DAL,66,33.9,8.0,16.9,0.473,1.0,3.5,0.297,4.1,5.0,0.82,
2025-26,Regular Season,1630557,Corey Kispert,1610612737,ATL,55,18.8,3.2,6.9,0.464,1.5,4.1,0.357,1.3,1.6,0.82,
2025-26,Regular Season,1642504,Cormac Ryan,1610612749,MIL,7,20.0,3.4,6.3,0.545,1.9,3.7,0.5,2.3,2.4,0.941,
2025-26,Regular Season,1641854,Craig Porter Jr.,1610612739,CLE,62,17.8,1.8,4.0,0.444,0.5,1.5,0.348,0.4,0.6,0.579,
2025-26,Regular Season,1642938,Curtis Jones,1610612743,DEN,7,4.7,0.6,2.0,0.286,0.1,1.3,0.111,0.0,0.0,0.0,
2025-26,Regular Season,1626156,D'Angelo Russell,1610612764,WAS,26,19.0,3.6,8.9,0.405,1.3,4.3,0.295,1.7,2.3,0.717,
2025-26,Regular Season,1629610,DaQuan Jeffries,1610612758,SAC,3,20.0,3.7,6.3,0.579,1.3,3.0,0.444,1.7,1.7,1.0,
2025-26,Regular Season,1641747,DaRon Holmes II,1610612743,DEN,22,9.1,1.4,2.6,0.517,0.9,1.9,0.452,0.4,0.5,0.818,
2025-26,Regular Season,1631342,Daeqwon Plowden,1610612758,SAC,29,26.2,3.7,8.7,0.426,1.9,5.8,0.329,1.2,1.5,0.837,
2025-26,Regular Season,1630625,Dalano Banton,1610612738,BOS,5,5.0,0.8,1.8,0.444,0.0,0.0,0.0,0.4,0.4,1.0,
2025-26,Regular Season,1631207,Dalen Terry,1610612755,PHI,47,11.6,1.4,3.3,0.435,0.5,1.4,0.364,0.3,0.6,0.552,
2025-26,Regular Season,1642261,Dalton Knecht,1610612747,LAL,50,10.3,1.6,3.5,0.446,0.6,2.0,0.304,0.3,0.4,0.7,
2025-26,Regular Season,1629655,Daniel Gafford,1610612742,DAL,55,21.7,3.8,5.7,0.655,0.0,0.0,0.0,2.0,2.9,0.683,
2025-26,Regular Season,1642450,Daniss Jenkins,1610612765,DET,69,20.3,3.3,7.9,0.418,1.0,2.7,0.383,1.8,2.2,0.824,
2025-26,Regular Season,1642874,Danny Wolf,1610612751,BKN,57,20.8,3.1,7.7,0.405,1.2,3.7,0.322,1.5,1.9,0.771,
2025-26,Regular Season,203967,Dario Saric,1610612758,SAC,5,8.2,0.2,1.2,0.167,0.2,0.6,0.333,0.4,0.4,1.0,
2025-26,Regular Season,1641727,Dariq Whitehead,1610612763,MEM,3,30.6,5.3,14.7,0.364,3.3,9.7,0.345,0.7,1.0,0.667,
2025-26,Regular Season,1642468,Darius Brown,1610612739,CLE,1,2.7,0.0,1.0,0.0,0.0,0.0,0.0,0.0,0.0,0.0,
2025-26,Regular Season,1629636,Darius Garland,1610612746,LAC,42,29.7,6.9,14.8,0.465,2.8,6.9,0.405,2.3,2.7,0.851,
2025-26,Regular Season,1642357,David Jones Garcia,1610612759,SAS,11,6.2,1.2,2.3,0.52,0.3,0.5,0.6,0.3,0.5,0.5,
2025-26,Regular Season,1631223,David Roddy,1610612743,DEN,3,4.6,0.3,1.7,0.2,0.0,1.3,0.0,0.7,0.7,1.0,
2025-26,Regular Season,1630558,Davion Mitchell,1610612748,MIA,67,28.6,3.7,7.6,0.483,1.3,3.3,0.395,0.6,0.9,0.672,
2025-26,Regular Season,1630549,Day'Ron Sharpe,1610612751,BKN,62,18.7,3.5,5.7,0.601,0.1,0.6,0.231,1.7,2.5,0.678,
2025-26,Regular Season,1628368,De'Aaron Fox,1610612759,SAS,69,31.0,7.0,14.4,0.488,1.8,5.4,0.329,2.6,3.4,0.755,
2025-26,Regular Season,1629631,De'Andre Hunter,1610612758,SAC,45,26.1,4.6,11.1,0.415,1.7,5.5,0.305,2.8,3.2,0.867,
2025-26,Regular Season,1629001,De'Anthony Melton,1610612744,GSW,45,23.0,4.5,11.0,0.405,1.4,5.0,0.286,2.0,2.4,0.827,
2025-26,Regular Season,201599,DeAndre Jordan,1610612740,NOP,12,16.6,1.8,2.7,0.656,0.0,0.0,0.0,0.9,1.4,0.647,
2025-26,Regular Season,1630610,DeJon Jarreau,1610612763,MEM,11,21.0,3.0,7.5,0.398,0.4,2.7,0.133,1.6,2.1,0.783,
2025-26,Regular Season,201942,DeMar DeRozan,1610612758,SAC,77,31.2,6.5,13.1,0.497,0.6,1.9,0.32,4.9,5.6,0.868,
2025-26,Regular Season,1629731,Dean Wade,1610612739,CLE,57,22.4,2.1,4.8,0.432,1.2,3.4,0.354,0.5,0.7,0.711,
2025-26,Regular Season,1629028,Deandre Ayton,1610612747,LAL,68,27.2,5.6,8.3,0.672,0.0,0.0,0.0,1.2,1.9,0.634,
2025-26,Regular Season,1627749,Dejounte Murray,1610612740,NOP,14,27.8,6.3,13.0,0.484,1.4,4.4,0.306,2.8,3.2,0.867,
2025-26,Regular Season,1630166,Deni Avdija,1610612757,POR,63,33.2,7.3,16.0,0.457,1.9,6.0,0.315,7.5,9.4,0.802,
2025-26,Regular Season,203471,Dennis Schröder,1610612739,CLE,68,24.5,3.7,9.1,0.407,1.1,3.3,0.329,2.5,3.0,0.832,
2025-26,Regular Season,1641726,Dereck Lively II,1610612742,DAL,7,16.5,1.6,2.6,0.611,0.0,0.0,0.0,1.1,1.4,0.8,
2025-26,Regular Season,1642852,Derik Queen,1610612740,NOP,78,24.4,4.2,8.9,0.471,0.3,1.1,0.262,2.5,3.2,0.792,
2025-26,Regular Season,1627884,Derrick Jones Jr.,1610612746,LAC,46,27.2,3.9,7.6,0.507,1.1,3.1,0.352,1.4,1.9,0.759,
2025-26,Regular Season,1628401,Derrick White,1610612738,BOS,74,34.3,5.8,14.6,0.395,2.7,8.4,0.326,2.4,2.7,0.9,
2025-26,Regular Season,1630217,Desmond Bane,1610612753,ORL,79,34.1,7.2,14.9,0.485,2.1,5.3,0.394,3.9,4.3,0.909,
2025-26,Regular Season,1626164,Devin Booker,1610612756,PHX,62,33.4,8.5,18.6,0.455,1.9,5.8,0.33,6.9,8.0,0.869,
2025-26,Regular Season,1642269,Devin Carter,1610612758,SAC,35,17.4,3.0,7.3,0.408,0.7,2.9,0.24,1.8,2.4,0.771,
2025-26,Regular Season,1630170,Devin Vassell,1610612759,SAS,64,30.5,4.9,11.3,0.438,2.5,6.5,0.387,1.6,2.0,0.816,
2025-26,Regular Season,1628415,Dillon Brooks,1610612756,PHX,53,30.5,7.5,17.2,0.437,2.3,6.7,0.346,3.1,3.6,0.858,
2025-26,Regular Season,1641794,Dillon Jones,1610612752,NYK,6,4.5,0.2,1.0,0.167,0.2,0.7,0.25,0.7,0.7,1.0,
2025-26,Regular Season,1627734,Domantas Sabonis,1610612758,SAC,19,29.7,6.3,11.6,0.543,0.3,1.4,0.185,2.9,4.1,0.727,
2025-26,Regular Season,1631230,Dominick Barlow,1610612755,PHI,68,23.9,3.1,5.7,0.544,0.3,1.2,0.256,1.3,1.9,0.717,
2025-26,Regular Season,1642270,Donovan Clingan,1610612757,POR,74,27.2,4.6,8.9,0.519,1.0,3.1,0.332,1.8,2.7,0.675,
2025-26,Regular Season,1628378,Donovan Mitchell,1610612739,CLE,69,33.4,9.7,20.1,0.481,3.2,8.9,0.364,5.3,6.1,0.863,
2025-26,Regular Season,1628978,Donte DiVincenzo,1610612750,MIN,78,30.8,4.2,10.2,0.406,3.0,7.9,0.379,1.0,1.3,0.758,
2025-26,Regular Season,1627827,Dorian Finney-Smith,1610612745,HOU,36,16.6,1.1,3.4,0.331,0.7,2.6,0.274,0.2,0.2,0.857,
2025-26,Regular Season,203926,Doug McDermott,1610612758,SAC,26,14.3,1.8,4.5,0.405,1.6,4.1,0.396,0.1,0.1,1.0,
2025-26,Regular Season,1642962,Drake Powell,1610612751,BKN,60,20.6,2.3,5.4,0.418,0.8,2.8,0.298,1.1,1.2,0.915,
2025-26,Regular Season,203110,Draymond Green,1610612744,GSW,65,27.6,3.1,7.4,0.419,1.5,4.7,0.329,0.8,1.2,0.692,
2025-26,Regular Season,1629234,Drew Eubanks,1610612758,SAC,42,13.1,2.2,3.7,0.596,0.0,0.2,0.143,0.8,1.4,0.561,
2025-26,Regular Season,1641809,Drew Peterson,1610612766,CHA,6,10.7,0.3,2.7,0.125,0.0,2.0,0.0,0.2,0.3,0.5,
2025-26,Regular Season,1631166,Drew Timme,1610612747,LAL,23,8.1,1.3,2.2,0.588,0.3,0.8,0.421,0.2,0.3,0.571,
2025-26,Regular Season,1630696,Dru Smith,1610612748,MIA,70,16.3,1.9,4.6,0.415,0.5,1.8,0.295,1.2,1.5,0.829,
2025-26,Regular Season,1629130,Duncan Robinson,1610612765,DET,74,27.6,4.1,9.0,0.448,2.9,7.0,0.408,1.1,1.4,0.76,
2025-26,Regular Season,1641871,Duop Reath,1610612757,POR,32,8.1,1.0,2.3,0.446,0.7,1.7,0.418,0.2,0.2,0.833,
2025-26,Regular Season,203939,Dwight Powell,1610612742,DAL,59,13.9,1.0,1.5,0.659,0.0,0.1,0.333,1.3,1.8,0.685,
2025-26,Regular Season,1642928,Dylan Cardwell,1610612758,SAC,41,20.4,2.3,4.0,0.586,0.0,0.0,0.5,0.6,1.2,0.531,
2025-26,Regular Season,1642844,Dylan Harper,1610612759,SAS,66,22.4,4.8,9.5,0.508,0.9,2.6,0.345,1.3,1.7,0.743,
2025-26,Regular Season,1630700,Dyson Daniels,1610612737,ATL,74,33.2,5.3,10.2,0.517,0.3,1.5,0.186,1.0,1.6,0.619,
2025-26,Regular Season,1630604,E.J. Liddell,1610612751,BKN,22,10.6,1.2,2.9,0.422,0.4,1.6,0.257,0.3,0.5,0.636,
2025-26,Regular Season,1642856,Egor Dëmin,1610612751,BKN,52,25.2,3.4,8.6,0.399,2.4,6.2,0.385,1.0,1.3,0.831,
2025-26,Regular Season,1641989,Elijah Harkless,1610612762,UTA,26,21.0,2.1,6.2,0.335,0.8,3.4,0.239,1.9,2.5,0.766,
2025-26,Regular Season,1641801,Emanuel Miller,1610612759,SAS,5,6.6,1.2,2.6,0.462,0.4,1.2,0.333,0.2,0.4,0.5,
2025-26,Regular Season,1642402,Enrique Freeman,1610612750,MIN,2,4.0,0.0,0.0,0.0,0.0,0.0,0.0,0.0,0.0,0.0,
2025-26,Regular Season,201569,Eric Gordon,1610612755,PHI,6,12.3,2.0,3.5,0.571,1.3,2.3,0.571,0.2,0.3,0.5,
2025-26,Regular Season,1630679,Ethan Thompson,1610612754,IND,28,18.5,2.0,5.4,0.362,1.1,3.3,0.323,0.6,0.9,0.72,
2025-26,Regular Season,1630596,Evan Mobley,1610612739,CLE,63,32.0,7.2,13.2,0.548,1.0,3.3,0.301,2.8,4.6,0.606,
2025-26,Regular Season,1630532,Franz Wagner,1610612753,ORL,31,30.6,7.2,14.9,0.479,1.4,4.0,0.336,4.9,5.9,0.825,
2025-26,Regular Season,1641713,GG Jackson,1610612763,MEM,55,21.4,4.6,9.3,0.496,1.2,3.5,0.332,2.0,2.7,0.742,
2025-26,Regular Season,1629216,Gabe Vincent,1610612737,ATL,51,16.7,1.4,4.1,0.343,1.1,3.3,0.329,0.4,0.4,0.95,
2025-26,Regular Season,202066,Garrett Temple,1610612761,TOR,21,3.3,0.1,0.7,0.214,0.1,0.5,0.182,0.3,0.4,0.667,
2025-26,Regular Season,1629726,Garrison Mathews,1610612754,IND,15,13.1,1.4,3.5,0.404,1.1,3.1,0.37,1.3,1.5,0.826,
2025-26,Regular Season,203914,Gary Harris,1610612749,MIL,46,13.7,0.9,2.1,0.453,0.6,1.4,0.422,0.2,0.2,0.889,
2025-26,Regular Season,1627780,Gary Payton II,1610612744,GSW,69,15.6,3.3,5.7,0.573,0.5,1.8,0.296,0.3,0.5,0.611,
2025-26,Regular Season,1629018,Gary Trent Jr.,1610612749,MIL,64,21.2,2.8,7.2,0.39,1.9,5.2,0.368,0.6,0.8,0.765,
2025-26,Regular Season,203507,Giannis Antetokounmpo,1610612749,MIL,36,28.9,10.4,16.6,0.624,0.4,1.3,0.333,6.4,9.9,0.65,
2025-26,Regular Season,1629048,Goga Bitadze,1610612753,ORL,61,15.0,2.3,3.4,0.673,0.0,0.2,0.182,1.0,1.5,0.7,
2025-26,Regular Season,1641711,Gradey Dick,1610612761,TOR,72,14.5,2.2,5.2,0.417,0.8,2.6,0.297,1.0,1.2,0.871,
2025-26,Regular Season,1641761,Grant Nelson,1610612751,BKN,4,8.8,1.3,2.3,0.556,0.0,0.0,0.0,1.8,2.5,0.7,
2025-26,Regular Season,1629684,Grant Williams,1610612766,CHA,33,19.5,2.2,5.0,0.428,1.4,3.7,0.388,1.3,1.6,0.815,
2025-26,Regular Season,1628960,Grayson Allen,1610612756,PHX,49,29.2,5.4,13.4,0.405,3.2,9.1,0.353,2.8,3.2,0.849,
2025-26,Regular Season,1627824,Guerschon Yabusele,1610612741,CHI,65,14.8,1.8,4.6,0.401,1.0,2.9,0.356,0.8,1.1,0.743,
2025-26,Regular Season,1630611,Gui Santos,1610612744,GSW,66,20.5,3.4,6.7,0.505,1.2,3.3,0.352,1.3,1.8,0.729,
2025-26,Regular Season,203084,Harrison Barnes,1610612759,SAS,74,25.8,3.4,7.4,0.452,1.8,4.7,0.389,1.3,1.6,0.828,
2025-26,Regular Season,1631127,Harrison Ingram,1610612759,SAS,6,3.4,0.8,1.0,0.833,0.2,0.2,1.0,0.0,0.0,0.0,
2025-26,Regular Season,1629312,Haywood Highsmith,1610612756,PHX,6,13.4,1.7,3.3,0.5,1.3,2.2,0.615,0.8,1.0,0.833,
2025-26,Regular Season,1630529,Herbert Jones,1610612740,NOP,56,28.4,3.3,8.5,0.383,1.4,4.6,0.309,0.9,1.1,0.806,
2025-26,Regular Season,1642864,Hugo González,1610612738,BOS,73,14.5,1.5,3.3,0.473,0.5,1.5,0.357,0.2,0.4,0.5,
2025-26,Regular Season,1630621,Hunter Dickinson,1610612740,NOP,2,4.6,0.5,1.5,0.333,0.0,0.5,0.0,0.0,0.0,0.0,
2025-26,Regular Season,1642282,Hunter Sallis,1610612755,PHI,7,3.7,0.4,0.7,0.6,0.0,0.0,0.0,0.1,0.3,0.5,
2025-26,Regular Season,1641816,Hunter Tyson,1610612743,DEN,21,7.7,0.7,2.5,0.269,0.3,1.6,0.212,0.5,0.6,0.846,
2025-26,Regular Season,1630193,Immanuel Quickley,1610612761,TOR,67,32.4,5.9,13.2,0.445,2.6,6.9,0.374,2.5,3.1,0.821,
2025-26,Regular Season,1642403,Isaac Jones,1610612765,DET,6,4.4,0.5,1.0,0.5,0.0,0.3,0.0,0.2,0.3,0.5,
2025-26,Regular Season,1630171,Isaac Okoro,1610612741,CHI,62,27.1,3.3,7.3,0.458,1.2,3.5,0.33,1.4,1.8,0.791,
2025-26,Regular Season,1642268,Isaiah Collier,1610612762,UTA,59,25.7,4.3,8.7,0.495,0.5,1.7,0.27,2.6,3.5,0.722,
2025-26,Regular Season,1642384,Isaiah Crawford,1610612745,HOU,13,5.9,0.5,1.4,0.333,0.2,0.8,0.2,0.2,0.3,0.75,
2025-26,Regular Season,1628392,Isaiah Hartenstein,1610612760,OKC,45,24.6,4.0,6.4,0.621,0.0,0.2,0.0,1.4,2.3,0.602,
2025-26,Regular Season,1630543,Isaiah Jackson,1610612746,LAC,55,16.5,2.7,4.3,0.637,0.0,0.1,0.0,1.2,1.9,0.648,
2025-26,Regular Season,1630198,Isaiah Joe,1610612760,OKC,69,21.3,3.4,7.6,0.448,2.5,6.0,0.415,1.5,1.7,0.89,
2025-26,Regular Season,1630587,Isaiah Livers,1610612756,PHX,36,9.6,0.6,1.8,0.344,0.3,1.1,0.3,0.3,0.3,0.75,
2025-26,Regular Season,1641815,Isaiah Stevens,1610612758,SAC,3,14.3,1.0,2.3,0.429,0.0,0.3,0.0,1.3,1.3,1.0,
2025-26,Regular Season,1630191,Isaiah Stewart,1610612765,DET,55,23.2,3.8,7.0,0.541,0.7,2.1,0.333,1.7,2.3,0.76,
2025-26,Regular Season,1627826,Ivica Zubac,1610612754,IND,48,30.1,6.0,10.0,0.598,0.0,0.0,0.0,2.1,3.0,0.711,
2025-26,Regular Season,1631120,JD Davison,1610612745,HOU,27,7.1,0.8,2.0,0.4,0.3,1.0,0.286,0.3,0.5,0.615,
2025-26,Regular Season,1629630,Ja Morant,1610612763,MEM,20,28.4,6.6,16.1,0.41,1.0,4.3,0.235,5.3,5.9,0.897,
2025-26,Regular Season,1642266,Ja'Kobe Walter,1610612761,TOR,68,20.1,2.5,5.5,0.443,1.4,3.6,0.402,1.0,1.2,0.798,
2025-26,Regular Season,1631095,Jabari Smith Jr.,1610612745,HOU,74,35.0,5.7,12.6,0.452,2.3,6.2,0.366,2.0,2.6,0.778,
2025-26,Regular Season,1631133,Jabari Walker,1610612755,PHI,62,12.1,1.5,3.4,0.448,0.5,1.5,0.33,0.8,1.0,0.75,
2025-26,Regular Season,1631210,Jacob Toppin,1610612737,ATL,5,3.4,0.8,1.2,0.667,0.0,0.0,0.0,0.0,0.0,0.0,
2025-26,Regular Season,1630702,Jaden Hardy,1610612764,WAS,56,15.7,3.2,7.6,0.426,1.8,4.6,0.395,1.0,1.3,0.753,
2025-26,Regular Season,1631093,Jaden Ivey,1610612741,CHI,37,18.1,3.1,6.9,0.445,1.4,3.6,0.373,1.0,1.3,0.809,
2025-26,Regular Season,1630183,Jaden McDaniels,1610612750,MIN,71,31.9,5.6,10.9,0.518,1.4,3.4,0.421,2.1,2.5,0.839,
2025-26,Regular Season,1630256,Jae'Sean Tate,1610612745,HOU,43,8.5,1.1,2.3,0.495,0.2,0.7,0.3,0.2,0.2,0.7,
2025-26,Regular Season,1642942,Jahmai Mashack,1610612763,MEM,28,19.8,2.3,5.6,0.399,0.6,2.1,0.267,0.6,1.1,0.567,
2025-26,Regular Season,1642443,Jahmir Young,1610612748,MIA,11,4.6,0.7,2.0,0.364,0.2,0.7,0.25,0.2,0.2,1.0,
2025-26,Regular Season,1643141,Jahmyl Telfort,1610612746,LAC,8,4.0,0.0,0.5,0.0,0.0,0.5,0.0,0.1,0.5,0.25,
2025-26,Regular Season,1631170,Jaime Jaquez Jr.,1610612748,MIA,71,28.3,6.1,12.2,0.501,0.7,2.4,0.305,2.3,3.0,0.771,
2025-26,Regular Season,1631222,Jake LaRavia,1610612747,LAL,78,25.1,3.0,6.5,0.457,0.9,3.0,0.318,1.5,1.9,0.773,
2025-26,Regular Season,1627751,Jakob Poeltl,1610612761,TOR,42,25.4,4.7,6.8,0.698,0.0,0.0,0.0,1.4,2.1,0.633,
2025-26,Regular Season,1628973,Jalen Brunson,1610612752,NYK,72,35.0,9.3,20.0,0.464,2.7,7.2,0.37,4.8,5.8,0.841,
2025-26,Regular Season,1631105,Jalen Duren,1610612765,DET,68,28.3,7.4,11.5,0.646,0.0,0.0,0.0,4.6,6.2,0.745,
2025-26,Regular Season,1630224,Jalen Green,1610612756,PHX,30,26.4,7.0,16.5,0.425,2.4,7.4,0.32,2.0,2.7,0.75,
2025-26,Regular Season,1630552,Jalen Johnson,1610612737,ATL,70,35.3,8.4,17.1,0.492,1.7,4.8,0.354,4.2,5.3,0.786,
2025-26,Regular Season,1629618,Jalen Pickett,1610612743,DEN,47,15.8,1.9,4.4,0.424,0.9,2.4,0.386,0.3,0.3,0.867,
2025-26,Regular Season,1641771,Jalen Slawson,1610612754,IND,9,22.8,2.4,6.0,0.407,1.4,3.4,0.419,0.9,1.0,0.889,
2025-26,Regular Season,1630188,Jalen Smith,1610612741,CHI,53,20.7,3.7,7.6,0.483,1.5,4.2,0.373,1.3,1.8,0.742,
2025-26,Regular Season,1630591,Jalen Suggs,1610612753,ORL,54,27.6,4.9,11.4,0.433,2.0,6.1,0.326,1.9,2.2,0.855,
2025-26,Regular Season,1631114,Jalen Williams,1610612760,OKC,32,28.2,6.5,13.6,0.482,0.7,2.4,0.303,3.3,3.9,0.832,
2025-26,Regular Season,1630592,Jalen Wilson,1610612751,BKN,50,14.8,1.9,4.8,0.397,1.0,2.8,0.359,1.2,1.6,0.741,
2025-26,Regular Season,1631288,Jamal Cain,1610612753,ORL,37,11.6,1.7,3.6,0.47,0.7,1.8,0.385,1.0,1.1,0.857,
2025-26,Regular Season,1627750,Jamal Murray,1610612743,DEN,74,35.4,8.8,18.1,0.483,3.2,7.5,0.434,4.6,5.2,0.886,
2025-26,Regular Season,1642347,Jamal Shead,1610612761,TOR,78,22.6,2.3,6.2,0.366,1.0,3.2,0.319,1.2,1.5,0.784,
2025-26,Regular Season,1631123,Jamaree Bouyea,1610612756,PHX,42,13.6,2.3,4.9,0.466,0.5,1.6,0.299,0.5,0.7,0.71,
2025-26,Regular Season,201935,James Harden,1610612739,CLE,68,35.0,7.0,16.0,0.437,3.1,8.2,0.375,6.6,7.5,0.881,
2025-26,Regular Season,1630164,James Wiseman,1610612754,IND,4,14.6,1.5,2.5,0.6,0.0,0.0,0.0,0.3,0.5,0.5,
2025-26,Regular Season,1642364,Jamir Watkins,1610612764,WAS,46,19.9,2.5,5.5,0.46,0.8,2.8,0.298,1.0,1.4,0.677,
2025-26,Regular Season,1642419,Jamison Battle,1610612761,TOR,57,8.8,1.2,2.4,0.507,0.6,1.5,0.422,0.1,0.2,0.667,
2025-26,Regular Season,1641716,Jarace Walker,1610612754,IND,73,25.6,4.0,9.5,0.421,1.7,4.6,0.376,1.8,2.4,0.753,
2025-26,Regular Season,1642272,Jared McCain,1610612760,OKC,63,17.3,3.0,7.1,0.42,1.5,3.8,0.388,0.8,0.9,0.873,
2025-26,Regular Season,1628991,Jaren Jackson Jr.,1610612762,UTA,48,30.3,7.1,15.0,0.476,1.8,4.9,0.357,3.4,4.2,0.803,
2025-26,Regular Season,1629020,Jarred Vanderbilt,1610612747,LAL,61,17.4,1.7,3.7,0.471,0.5,1.5,0.304,0.5,0.9,0.623,
2025-26,Regular Season,1628386,Jarrett Allen,1610612739,CLE,55,27.1,6.1,9.4,0.642,0.0,0.2,0.1,3.2,4.5,0.708,
2025-26,Regular Season,1642859,Jase Richardson,1610612753,ORL,52,11.1,1.6,3.5,0.467,0.5,1.5,0.359,0.6,0.9,0.717,
2025-26,Regular Season,1642914,Javon Small,1610612763,MEM,40,20.1,3.2,6.7,0.472,1.5,3.3,0.439,1.7,2.0,0.825,
2025-26,Regular Season,1631451,Javonte Cooke,1610612757,POR,19,4.9,0.5,2.2,0.22,0.2,1.2,0.13,0.1,0.1,1.0,
2025-26,Regular Season,1629750,Javonte Green,1610612765,DET,79,17.8,2.3,5.1,0.443,1.1,3.1,0.373,1.3,1.5,0.832,
2025-26,Regular Season,1629637,Jaxson Hayes,1610612747,LAL,66,18.3,3.0,4.0,0.756,0.0,0.0,1.0,1.5,2.3,0.653,
2025-26,Regular Season,1630643,Jay Huff,1610612754,IND,78,20.8,3.5,7.4,0.472,1.4,4.6,0.317,1.0,1.2,0.819,
2025-26,Regular Season,1627759,Jaylen Brown,1610612738,BOS,69,34.4,10.4,21.8,0.476,2.0,5.7,0.345,6.0,7.6,0.795,
2025-26,Regular Season,1641740,Jaylen Clark,1610612750,MIN,64,12.4,1.4,3.2,0.438,0.5,1.4,0.333,0.7,1.0,0.657,
2025-26,Regular Season,1642377,Jaylen Wells,1610612763,MEM,69,26.4,4.4,10.1,0.431,1.9,5.3,0.353,1.9,2.5,0.784,
2025-26,Regular Season,1631119,Jaylin Williams,1610612760,OKC,63,19.8,2.3,5.5,0.422,1.5,4.0,0.383,1.2,1.5,0.793,
2025-26,Regular Season,1642281,Jaylon Tyson,1610612739,CLE,64,27.0,5.0,10.0,0.496,2.0,4.5,0.455,1.2,1.6,0.743,
2025-26,Regular Season,1643257,Jayson Kent,1610612757,POR,3,6.5,1.3,2.0,0.667,0.3,1.0,0.333,0.3,0.3,1.0,
2025-26,Regular Season,1628369,Jayson Tatum,1610612738,BOS,14,31.7,7.4,17.9,0.412,3.0,9.0,0.333,3.8,4.6,0.828,
2025-26,Regular Season,201145,Jeff Green,1610612745,HOU,29,5.2,0.8,2.1,0.383,0.4,1.4,0.3,0.1,0.1,1.0,
2025-26,Regular Season,203924,Jerami Grant,1610612757,POR,57,29.7,5.8,12.8,0.453,2.4,6.1,0.389,4.6,5.6,0.814,
2025-26,Regular Season,1642847,Jeremiah Fears,1610612740,NOP,79,25.2,5.0,11.6,0.429,1.2,3.6,0.342,2.2,2.7,0.787,
2025-26,Regular Season,1630526,Jeremiah Robinson-Earl,1610612742,DAL,22,16.4,1.7,4.5,0.37,0.5,1.9,0.244,0.8,0.8,0.944,
2025-26,Regular Season,1631110,Jeremy Sochan,1610612752,NYK,42,10.5,1.4,2.9,0.5,0.2,0.9,0.231,0.4,0.6,0.708,
2025-26,Regular Season,1630579,Jericho Sims,1610612749,MIL,63,18.7,2.0,2.5,0.796,0.0,0.0,0.0,0.6,0.9,0.614,
2025-26,Regular Season,1641724,Jett Howard,1610612753,ORL,55,12.6,1.9,4.6,0.418,1.0,2.6,0.372,0.7,0.7,0.949,
2025-26,Regular Season,1628975,Jevon Carter,1610612753,ORL,50,16.3,2.3,5.9,0.39,1.5,4.2,0.351,0.3,0.4,0.789,
2025-26,Regular Season,202710,Jimmy Butler III,1610612744,GSW,38,31.1,6.3,12.2,0.519,0.8,2.2,0.376,6.5,7.6,0.864,
2025-26,Regular Season,1642866,Joan Beringer,1610612750,MIN,36,6.4,1.3,1.9,0.657,0.0,0.0,0.0,0.4,0.6,0.652,
2025-26,Regular Season,1629111,Jock Landale,1610612737,ATL,68,22.1,4.1,8.1,0.515,1.1,2.8,0.383,1.2,1.9,0.635,
2025-26,Regular Season,204060,Joe Ingles,1610612750,MIN,25,4.1,0.3,0.5,0.538,0.1,0.3,0.375,0.1,0.1,1.0,
2025-26,Regular Season,203954,Joel Embiid,1610612755,PHI,38,31.6,9.0,18.3,0.489,1.4,4.2,0.333,7.5,8.8,0.854,
2025-26,Regular Season,1628381,John Collins,1610612746,LAC,65,27.4,5.3,9.6,0.556,1.3,3.2,0.418,1.8,2.2,0.786,
2025-26,Regular Season,1629723,John Konchar,1610612762,UTA,53,19.1,1.6,3.4,0.469,0.5,1.7,0.275,0.5,0.8,0.7,
2025-26,Regular Season,1642967,John Poulakidas,1610612742,DAL,9,15.5,1.9,4.9,0.386,1.4,4.2,0.342,0.2,0.2,1.0,
2025-26,Regular Season,1642910,John Tonje,1610612738,BOS,5,2.5,0.0,0.4,0.0,0.0,0.4,0.0,0.4,0.4,1.0,
2025-26,Regular Season,1641780,Johni Broome,1610612755,PHI,11,5.0,0.4,2.2,0.167,0.0,0.5,0.0,0.2,0.5,0.333,
2025-26,Regular Season,1642277,Johnny Furphy,1610612754,IND,35,18.4,2.0,4.3,0.47,0.7,2.0,0.324,0.5,1.0,0.486,
2025-26,Regular Season,1630548,Johnny Juzang,1610612750,MIN,21,4.2,0.8,1.8,0.421,0.3,1.1,0.25,0.2,0.4,0.625,
2025-26,Regular Season,202685,Jonas Valančiūnas,1610612743,DEN,62,13.0,3.3,5.7,0.576,0.1,0.4,0.318,1.6,2.1,0.767,
2025-26,Regular Season,1628371,Jonathan Isaac,1610612753,ORL,52,10.0,0.9,2.1,0.422,0.1,0.7,0.184,0.7,1.1,0.603,
2025-26,Regular Season,1630228,Jonathan Kuminga,1610612737,ATL,34,22.8,4.2,9.0,0.463,1.0,2.7,0.359,2.4,3.4,0.719,
2025-26,Regular Season,1642367,Jonathan Mogbo,1610612761,TOR,36,6.1,0.6,1.1,0.561,0.0,0.0,0.0,0.2,0.3,0.583,
2025-26,Regular Season,203903,Jordan Clarkson,1610612752,NYK,69,17.8,3.3,7.3,0.451,1.0,3.1,0.332,1.1,1.3,0.826,
2025-26,Regular Season,1630692,Jordan Goodwin,1610612756,PHX,68,22.6,3.3,8.0,0.41,1.6,4.3,0.363,0.6,0.8,0.696,
2025-26,Regular Season,1641722,Jordan Hawkins,1610612740,NOP,48,12.8,1.5,4.3,0.341,0.9,2.5,0.336,0.4,0.4,0.81,
2025-26,Regular Season,1629162,Jordan McLaughlin,1610612759,SAS,41,6.5,0.8,1.8,0.413,0.4,1.0,0.41,0.1,0.1,0.8,
2025-26,Regular Season,1641757,Jordan Miller,1610612746,LAC,56,21.7,3.5,6.6,0.527,0.6,1.8,0.34,2.2,2.9,0.764,
2025-26,Regular Season,1629673,Jordan Poole,1610612740,NOP,37,23.6,4.1,11.1,0.365,2.4,7.2,0.326,2.5,2.8,0.876,
2025-26,Regular Season,1641775,Jordan Walsh,1610612738,BOS,64,17.5,2.0,3.8,0.512,0.7,1.8,0.384,0.6,0.8,0.755,
2025-26,Regular Season,1630631,Jose Alvarado,1610612752,NYK,67,19.7,2.6,6.4,0.415,1.4,4.1,0.349,0.5,0.6,0.8,
2025-26,Regular Season,1630581,Josh Giddey,1610612741,CHI,54,32.1,5.9,13.3,0.448,1.9,5.2,0.364,3.2,4.2,0.763,
2025-26,Regular Season,1630182,Josh Green,1610612766,CHA,55,16.0,1.5,3.2,0.458,1.0,2.4,0.418,0.5,0.5,0.893,
2025-26,Regular Season,1628404,Josh Hart,1610612752,NYK,64,30.1,4.5,9.0,0.506,1.5,3.7,0.406,1.3,1.9,0.723,
2025-26,Regular Season,1631169,Josh Minott,1610612751,BKN,49,17.0,2.6,5.1,0.5,1.3,3.1,0.418,1.0,1.2,0.787,
2025-26,Regular Season,1629006,Josh Okogie,1610612745,HOU,74,17.2,1.6,3.7,0.438,0.8,2.0,0.397,0.5,0.9,0.585,
2025-26,Regular Season,201950,Jrue Holiday,1610612757,POR,50,29.3,6.1,13.4,0.455,2.7,6.9,0.39,1.6,1.9,0.83,
2025-26,Regular Season,1630577,Julian Champagnie,1610612759,SAS,79,27.7,3.7,8.5,0.437,2.4,6.4,0.384,1.4,1.7,0.841,
2025-26,Regular Season,1641763,Julian Phillips,1610612750,MIN,45,8.3,1.0,2.2,0.43,0.4,1.2,0.315,0.3,0.4,0.882,
2025-26,Regular Season,1642882,Julian Reese,1610612764,WAS,9,30.2,4.4,8.1,0.548,0.0,0.0,0.0,1.9,3.2,0.586,
2025-26,Regular Season,1631124,Julian Strawther,1610612743,DEN,54,14.4,2.4,5.1,0.462,0.9,2.4,0.364,1.0,1.2,0.813,
2025-26,Regular Season,203944,Julius Randle,1610612750,MIN,78,33.1,7.4,15.3,0.482,1.4,4.3,0.313,5.0,6.3,0.8,
2025-26,Regular Season,1630551,Justin Champagnie,1610612764,WAS,66,19.7,3.3,6.5,0.514,0.7,2.2,0.327,1.2,1.5,0.784,
2025-26,Regular Season,1642348,Justin Edwards,1610612755,PHI,61,15.2,2.2,4.9,0.45,1.0,2.8,0.365,0.5,0.6,0.846,
2025-26,Regular Season,203994,Jusuf Nurkić,1610612762,UTA,41,26.4,4.4,8.7,0.503,0.6,1.7,0.352,1.5,2.8,0.549,
2025-26,Regular Season,1642354,KJ Simpson,1610612743,DEN,18,13.8,1.8,5.4,0.34,0.7,2.2,0.3,0.6,1.0,0.611,
2025-26,Regular Season,1642955,Kadary Richmond,1610612764,WAS,3,22.3,3.3,5.3,0.625,0.7,1.3,0.5,1.0,1.0,1.0,
2025-26,Regular Season,1642880,Kam Jones,1610612754,IND,33,16.1,1.8,4.3,0.413,0.6,2.0,0.292,0.1,0.2,0.5,
2025-26,Regular Season,1626157,Karl-Anthony Towns,1610612752,NYK,73,31.0,6.9,13.8,0.499,1.5,4.1,0.37,4.8,5.6,0.855,
2025-26,Regular Season,1631255,Karlo Matković,1610612740,NOP,62,14.7,2.3,3.8,0.604,0.6,1.5,0.422,0.5,0.7,0.732,
2025-26,Regular Season,1642857,Kasparas Jakučionis,1610612748,MIA,49,17.8,1.9,4.6,0.424,1.2,3.0,0.418,1.1,1.2,0.883,
2025-26,Regular Season,202695,Kawhi Leonard,1610612746,LAC,62,32.1,9.8,19.4,0.505,2.6,6.9,0.384,5.8,6.5,0.9,
2025-26,Regular Season,1630811,Keaton Wallace,1610612737,ATL,51,9.7,1.3,3.1,0.42,0.7,1.8,0.398,0.2,0.3,0.643,
2025-26,Regular Season,1631099,Keegan Murray,1610612758,SAC,23,34.5,5.5,13.0,0.42,1.3,4.9,0.277,1.7,2.1,0.776,
2025-26,Regular Season,1642276,Kel'el Ware,1610612748,MIA,73,22.3,4.5,8.5,0.529,1.2,3.0,0.384,1.0,1.3,0.755,
2025-26,Regular Season,1629640,Keldon Johnson,1610612759,SAS,79,23.3,5.0,9.6,0.52,1.2,3.3,0.369,1.8,2.3,0.793,
2025-26,Regular Season,203482,Kelly Olynyk,1610612759,SAS,42,8.6,1.1,2.3,0.49,0.3,1.1,0.255,0.6,0.9,0.711,
2025-26,Regular Season,1626162,Kelly Oubre Jr.,1610612755,PHI,47,31.8,5.0,10.9,0.463,1.8,4.9,0.364,2.3,3.0,0.761,
2025-26,Regular Season,1631113,Kennedy Chandler,1610612762,UTA,9,30.1,4.3,11.0,0.394,1.0,3.1,0.321,2.3,3.4,0.677,
2025-26,Regular Season,1629026,Kenrich Williams,1610612760,OKC,52,14.9,2.4,4.9,0.498,0.9,2.2,0.412,0.6,1.0,0.64,
2025-26,Regular Season,203484,Kentavious Caldwell-Pope,1610612763,MEM,51,21.3,2.9,7.2,0.41,1.1,3.4,0.316,1.4,1.6,0.913,
2025-26,Regular Season,1631165,Keon Ellis,1610612739,CLE,70,20.5,2.4,5.4,0.444,1.3,3.5,0.367,0.7,1.0,0.721,
2025-26,Regular Season,1642352,Keshad Johnson,1610612748,MIA,28,7.5,1.3,2.9,0.439,0.4,1.4,0.316,0.6,0.9,0.68,
2025-26,Regular Season,1642933,Keshon Gilbert,1610612737,ATL,3,16.1,0.3,1.3,0.25,0.0,0.7,0.0,1.3,1.3,1.0,
2025-26,Regular Season,201142,Kevin Durant,1610612745,HOU,75,36.4,9.1,17.6,0.519,2.4,5.8,0.41,5.2,6.0,0.877,
2025-26,Regular Season,1628989,Kevin Huerter,1610612765,DET,67,22.6,3.9,8.7,0.451,1.4,4.7,0.305,0.8,1.0,0.768,
2025-26,Regular Season,201567,Kevin Love,1610612762,UTA,37,16.6,2.1,5.4,0.397,1.4,3.8,0.373,1.0,1.2,0.841,
2025-26,Regular Season,1641755,Kevin McCullar Jr.,1610612752,NYK,20,6.5,0.7,1.8,0.389,0.3,0.9,0.333,0.1,0.3,0.4,
2025-26,Regular Season,1629645,Kevin Porter Jr.,1610612749,MIL,38,33.2,6.3,13.5,0.465,1.2,3.8,0.322,3.6,4.1,0.878,
2025-26,Regular Season,1626172,Kevon Looney,1610612740,NOP,19,13.4,1.2,2.8,0.426,0.1,0.5,0.111,0.3,0.4,0.625,
2025-26,Regular Season,1641718,Keyonte George,1610612762,UTA,54,33.1,7.4,16.3,0.456,2.5,6.7,0.371,6.2,7.0,0.892,
2025-26,Regular Season,1642863,Khaman Maluach,1610612756,PHX,42,8.2,1.0,2.0,0.537,0.1,0.4,0.2,0.5,0.7,0.71,
2025-26,Regular Season,203114,Khris Middleton,1610612742,DAL,59,23.2,3.7,8.8,0.422,1.1,3.0,0.356,1.9,2.2,0.867,
2025-26,Regular Season,1630165,Killian Hayes,1610612758,SAC,20,16.5,1.7,5.7,0.289,0.7,2.7,0.245,0.8,0.8,0.938,
2025-26,Regular Season,202691,Klay Thompson,1610612742,DAL,67,21.8,4.1,10.5,0.397,2.9,7.6,0.388,0.5,0.7,0.756,
2025-26,Regular Season,1641738,Kobe Brown,1610612754,IND,58,15.3,2.0,4.3,0.466,0.8,2.2,0.37,0.8,1.0,0.804,
2025-26,Regular Season,1641723,Kobe Bufkin,1610612747,LAL,14,7.0,0.9,3.0,0.286,0.2,1.6,0.13,0.6,0.6,1.0,
2025-26,Regular Season,1642920,Kobe Sanders,1610612746,LAC,64,19.8,2.6,5.6,0.463,1.1,2.8,0.408,0.8,1.0,0.803,
2025-26,Regular Season,1642886,Koby Brea,1610612756,PHX,9,4.4,0.8,1.9,0.412,0.7,1.6,0.429,0.2,0.2,1.0,
2025-26,Regular Season,1642851,Kon Knueppel,1610612766,CHA,78,31.5,6.4,13.4,0.481,3.4,7.9,0.43,2.5,2.9,0.862,
2025-26,Regular Season,1627739,Kris Dunn,1610612746,LAC,78,27.3,2.8,5.9,0.483,1.0,2.6,0.382,0.8,1.0,0.765,
2025-26,Regular Season,1631200,Kris Murray,1610612757,POR,54,23.5,2.2,4.9,0.457,0.6,2.2,0.265,0.7,1.0,0.698,
2025-26,Regular Season,204001,Kristaps Porziņģis,1610612744,GSW,30,24.0,5.5,12.3,0.451,1.8,5.1,0.346,4.2,5.0,0.839,
2025-26,Regular Season,203937,Kyle Anderson,1610612750,MIN,40,19.5,2.4,4.5,0.522,0.1,0.3,0.4,1.1,1.5,0.705,
2025-26,Regular Season,1642271,Kyle Filipowski,1610612762,UTA,76,23.5,4.2,8.5,0.494,1.0,2.9,0.326,2.1,2.8,0.748,
2025-26,Regular Season,1628398,Kyle Kuzma,1610612749,MIL,68,26.2,4.9,10.1,0.491,1.2,3.5,0.345,2.0,2.7,0.724,
2025-26,Regular Season,200768,Kyle Lowry,1610612755,PHI,13,8.7,0.3,1.5,0.2,0.3,1.5,0.2,0.4,0.5,0.833,
2025-26,Regular Season,1642273,Kyshawn George,1610612764,WAS,48,29.0,5.3,12.0,0.438,2.1,5.4,0.381,2.2,2.7,0.802,
2025-26,Regular Season,1643018,LJ Cryer,1610612744,GSW,17,16.3,2.6,6.5,0.396,2.1,5.2,0.393,1.0,1.1,0.895,
2025-26,Regular Season,1630163,LaMelo Ball,1610612766,CHA,69,27.8,7.0,17.1,0.406,3.7,10.0,0.368,2.1,2.4,0.892,
2025-26,Regular Season,1642950,Lachlan Olbrich,1610612741,CHI,33,7.4,0.8,1.5,0.49,0.1,0.4,0.167,0.4,0.9,0.4,
2025-26,Regular Season,1629013,Landry Shamet,1610612752,NYK,49,22.9,3.2,7.2,0.439,2.0,5.2,0.392,1.1,1.6,0.711,
2025-26,Regular Season,1626204,Larry Nance Jr.,1610612739,CLE,33,12.5,1.4,3.5,0.397,0.6,1.8,0.333,0.2,0.3,0.455,
2025-26,Regular Season,1628374,Lauri Markkanen,1610612762,UTA,42,34.3,9.1,19.2,0.477,2.7,7.7,0.355,5.7,6.4,0.896,
2025-26,Regular Season,1643133,Lawson Lovering,1610612763,MEM,2,24.6,3.0,5.0,0.6,0.0,0.0,0.0,1.0,2.5,0.4,
2025-26,Regular Season,2544,LeBron James,1610612747,LAL,57,33.5,7.8,15.3,0.512,1.3,4.1,0.309,3.9,5.2,0.738,
2025-26,Regular Season,1641778,Leaky Black,1610612764,WAS,11,29.7,2.7,6.5,0.423,1.3,3.1,0.412,0.6,0.7,0.875,
2025-26,Regular Season,1631159,Leonard Miller,1610612741,CHI,42,13.8,2.8,5.1,0.54,0.6,2.0,0.313,0.8,1.0,0.744,
2025-26,Regular Season,1642862,Liam McNeeley,1610612766,CHA,30,12.1,1.3,3.1,0.404,0.8,2.0,0.4,1.1,1.3,0.821,
2025-26,Regular Season,1630322,Lindy Waters III,1610612759,SAS,40,7.1,0.8,2.2,0.375,0.7,2.0,0.342,0.1,0.1,0.667,
2025-26,Regular Season,1628366,Lonzo Ball,1610612739,CLE,35,20.8,1.5,5.0,0.301,1.1,4.2,0.272,0.4,0.6,0.667,
2025-26,Regular Season,1631351,Lucas Williamson,1610612763,MEM,4,26.0,2.3,7.5,0.3,1.8,5.5,0.318,1.0,1.0,1.0,
2025-26,Regular Season,1629652,Luguentz Dort,1610612760,OKC,65,27.2,3.0,7.7,0.385,1.9,5.4,0.342,0.7,0.9,0.759,
2025-26,Regular Season,1629029,Luka Dončić,1610612747,LAL,64,35.8,10.8,22.8,0.476,4.0,10.8,0.366,7.9,10.1,0.78,
2025-26,Regular Season,1630568,Luka Garza,1610612738,BOS,67,15.9,2.8,4.9,0.583,0.8,1.8,0.441,1.3,1.6,0.764,
2025-26,Regular Season,1628379,Luke Kennard,1610612747,LAL,74,21.4,3.0,5.6,0.532,1.5,3.2,0.481,0.7,0.8,0.931,
2025-26,Regular Season,1628436,Luke Kornet,1610612759,SAS,66,21.0,2.6,4.0,0.64,0.0,0.0,0.0,1.4,1.7,0.825,
2025-26,Regular Season,1631247,Luke Travers,1610612739,CLE,12,8.6,0.8,3.0,0.25,0.1,1.3,0.063,0.8,0.8,1.0,
2025-26,Regular Season,1630644,Mac McClung,1610612741,CHI,7,10.5,2.0,5.1,0.389,0.3,2.3,0.125,1.4,1.9,0.769,
2025-26,Regular Season,1641869,Malachi Smith,1610612751,BKN,11,18.5,2.7,5.5,0.492,1.1,2.4,0.462,0.3,0.3,1.0,
2025-26,Regular Season,1631103,Malaki Branham,1610612764,WAS,28,9.8,1.5,3.3,0.473,0.5,1.3,0.378,1.0,1.2,0.824,
2025-26,Regular Season,1642502,Malevy Leons,1610612744,GSW,21,9.7,1.0,2.5,0.423,0.1,0.6,0.231,0.3,0.5,0.636,
2025-26,Regular Season,1628370,Malik Monk,1610612758,SAC,60,22.4,4.5,10.4,0.435,2.0,5.2,0.392,1.6,1.8,0.879,
2025-26,Regular Season,1630699,MarJon Beauchamp,1610612755,PHI,13,14.9,2.5,5.7,0.432,1.2,3.5,0.348,0.9,1.3,0.706,
2025-26,Regular Season,1631204,Marcus Sasser,1610612765,DET,35,12.6,1.9,4.9,0.4,1.2,2.9,0.43,0.4,0.5,0.833,
2025-26,Regular Season,203935,Marcus Smart,1610612747,LAL,60,28.7,3.1,7.7,0.399,1.6,4.8,0.336,1.7,2.1,0.816,
2025-26,Regular Season,1641813,Mark Sears,1610612749,MIL,7,3.7,0.9,1.9,0.462,0.6,1.1,0.5,0.9,1.1,0.75,
2025-26,Regular Season,1631109,Mark Williams,1610612756,PHX,58,23.6,4.7,7.4,0.639,0.0,0.0,1.0,2.2,2.8,0.77,
2025-26,Regular Season,1628365,Markelle Fultz,1610612761,TOR,5,7.2,0.4,2.2,0.182,0.0,0.0,0.0,0.0,0.0,0.0,
2025-26,Regular Season,1628963,Marvin Bagley III,1610612742,DAL,57,20.0,4.2,6.8,0.616,0.4,0.8,0.465,1.6,2.4,0.652,
2025-26,Regular Season,203486,Mason Plumlee,1610612759,SAS,19,8.2,0.5,0.7,0.769,0.0,0.0,0.0,0.5,0.7,0.643,
2025-26,Regular Season,1641824,Matas Buzelis,1610612741,CHI,76,29.2,5.8,12.4,0.465,2.3,6.4,0.356,2.4,3.1,0.787,
2025-26,Regular Season,1629680,Matisse Thybulle,1610612757,POR,27,15.9,2.0,4.4,0.45,1.3,3.1,0.412,0.7,0.9,0.87,
2025-26,Regular Season,1631108,Max Christie,1610612742,DAL,73,29.3,4.2,9.4,0.443,2.3,5.8,0.404,1.5,1.7,0.893,
2025-26,Regular Season,1642917,Max Shulga,1610612738,BOS,9,1.4,0.1,0.4,0.25,0.0,0.1,0.0,0.2,0.2,1.0,
2025-26,Regular Season,1629622,Max Strus,1610612739,CLE,9,25.1,4.3,9.0,0.481,3.3,7.4,0.448,0.7,0.9,0.75,
2025-26,Regular Season,1628467,Maxi Kleber,1610612747,LAL,39,10.7,0.8,1.7,0.462,0.2,0.6,0.25,0.4,0.6,0.583,
2025-26,Regular Season,1642875,Maxime Raynaud,1610612758,SAC,71,26.2,5.1,8.9,0.567,0.3,0.9,0.292,1.7,2.2,0.782,
2025-26,Regular Season,1642877,Micah Peavy,1610612740,NOP,58,13.8,1.6,4.2,0.37,0.4,1.7,0.245,0.3,0.4,0.714,
2025-26,Regular Season,1630695,Micah Potter,1610612754,IND,43,18.7,3.0,5.8,0.516,1.5,3.4,0.434,1.9,2.1,0.87,
2025-26,Regular Season,1629008,Michael Porter Jr.,1610612751,BKN,52,32.5,8.5,18.4,0.463,3.4,9.3,0.363,3.8,4.4,0.859,
2025-26,Regular Season,1628969,Mikal Bridges,1610612752,NYK,79,33.3,5.9,12.0,0.488,1.9,5.2,0.369,1.0,1.2,0.825,
2025-26,Regular Season,201144,Mike Conley,1610612750,MIN,52,18.2,1.3,4.0,0.32,1.0,3.1,0.321,0.9,1.0,0.9,
2025-26,Regular Season,1628970,Miles Bridges,1610612766,CHA,74,31.2,6.3,13.8,0.46,2.0,5.9,0.336,2.7,3.3,0.831,
2025-26,Regular Season,1642939,Miles Kelly,1610612742,DAL,14,9.6,1.1,3.1,0.364,0.7,2.4,0.303,0.1,0.1,1.0,
2025-26,Regular Season,1630540,Miles McBride,1610612752,NYK,39,26.6,4.2,9.8,0.422,2.7,6.7,0.412,0.9,1.1,0.814,
2025-26,Regular Season,1629011,Mitchell Robinson,1610612752,NYK,59,19.6,2.5,3.4,0.723,0.0,0.0,0.0,0.7,1.7,0.406,
2025-26,Regular Season,1628964,Mo Bamba,1610612762,UTA,4,11.0,1.3,2.8,0.455,0.0,0.0,0.0,0.0,0.0,0.0,
2025-26,Regular Season,1642885,Mohamed Diawara,1610612752,NYK,67,8.8,1.3,3.0,0.436,0.7,1.8,0.39,0.2,0.3,0.737,
2025-26,Regular Season,1628420,Monte Morris,1610612754,IND,6,10.8,1.2,3.3,0.35,0.3,1.3,0.25,0.3,0.7,0.5,
2025-26,Regular Season,1629021,Moritz Wagner,1610612753,ORL,35,12.0,2.3,5.4,0.429,0.6,1.9,0.324,1.7,2.1,0.819,
2025-26,Regular Season,1630541,Moses Moody,1610612744,GSW,60,25.7,4.1,9.3,0.44,2.5,6.3,0.401,1.5,1.9,0.77,
2025-26,Regular Season,1631243,Mouhamed Gueye,1610612737,ATL,75,15.3,1.7,3.8,0.452,0.5,1.7,0.304,0.5,0.8,0.645,
2025-26,Regular Season,1630619,Moussa Cisse,1610612742,DAL,35,12.8,1.5,2.6,0.589,0.0,0.0,0.0,0.8,1.9,0.439,
2025-26,Regular Season,1631217,Moussa Diabaté,1610612766,CHA,70,25.9,3.2,5.0,0.632,0.0,0.0,0.5,1.6,2.5,0.663,
2025-26,Regular Season,1626167,Myles Turner,1610612749,MIL,70,26.9,4.0,9.1,0.438,2.1,5.4,0.385,1.9,2.5,0.744,
2025-26,Regular Season,1642066,Myron Gardner,1610612748,MIA,41,9.6,1.4,2.9,0.479,0.6,1.6,0.406,0.5,0.6,0.731,
2025-26,Regular Season,1642368,N'Faly Dante,1610612737,ATL,4,3.9,0.3,1.0,0.25,0.0,0.0,0.0,0.3,0.3,1.0,
2025-26,Regular Season,1641772,Nae'Qwan Tomlin,1610612739,CLE,62,15.3,2.2,4.7,0.473,0.4,1.7,0.215,0.7,0.9,0.754,
2025-26,Regular Season,1630230,Naji Marshall,1610612742,DAL,73,29.6,5.7,11.1,0.513,0.8,2.9,0.292,3.1,4.1,0.76,
2025-26,Regular Season,1631466,Nate Williams,1610612744,GSW,12,16.0,2.8,5.7,0.485,0.8,1.8,0.429,0.9,1.1,0.846,
2025-26,Regular Season,1629675,Naz Reid,1610612750,MIN,75,26.1,5.1,11.3,0.452,2.1,5.8,0.361,1.2,1.6,0.733,
2025-26,Regular Season,1629674,Neemias Queta,1610612738,BOS,73,25.5,4.3,6.6,0.648,0.0,0.1,0.0,1.7,2.4,0.699,
2025-26,Regular Season,1629651,Nic Claxton,1610612751,BKN,69,27.8,4.8,8.4,0.571,0.0,0.3,0.158,2.0,3.3,0.616,
2025-26,Regular Season,1630208,Nick Richards,1610612741,CHI,48,14.6,2.1,4.2,0.512,0.1,0.4,0.278,1.4,2.1,0.644,
2025-26,Regular Season,1641733,Nick Smith Jr.,1610612747,LAL,26,12.3,2.2,5.2,0.418,1.0,2.7,0.386,0.3,0.4,0.636,
2025-26,Regular Season,1629638,Nickeil Alexander-Walker,1610612737,ATL,76,33.3,7.0,15.3,0.457,3.2,8.1,0.399,3.6,4.0,0.902,
2025-26,Regular Season,201587,Nicolas Batum,1610612746,LAC,71,17.8,1.3,3.3,0.398,1.2,3.1,0.398,0.1,0.2,0.818,
2025-26,Regular Season,1628502,Nigel Hayes-Davis,1610612756,PHX,27,7.2,0.6,1.7,0.326,0.1,0.6,0.125,0.1,0.1,0.5,
2025-26,Regular Season,203999,Nikola Jokić,1610612743,DEN,63,35.2,10.0,17.7,0.568,1.8,4.6,0.38,6.1,7.4,0.829,
2025-26,Regular Season,1631107,Nikola Jović,1610612748,MIA,47,17.2,2.4,6.7,0.366,1.0,3.6,0.269,1.5,2.1,0.683,
2025-26,Regular Season,1642260,Nikola Topić,1610612760,OKC,7,10.4,1.1,2.7,0.421,0.3,0.9,0.333,0.3,0.3,1.0,
2025-26,Regular Season,202696,Nikola Vučević,1610612738,BOS,61,28.7,6.3,12.7,0.495,1.6,4.2,0.37,1.2,1.5,0.835,
2025-26,Regular Season,1642363,Nique Clifford,1610612758,SAC,72,24.6,3.2,7.7,0.414,1.0,3.1,0.336,0.8,1.1,0.688,
2025-26,Regular Season,1642855,Noa Essengue,1610612741,CHI,2,3.0,0.0,1.5,0.0,0.0,1.0,0.0,0.0,0.0,0.0,
2025-26,Regular Season,1641730,Noah Clowney,1610612751,BKN,66,27.0,3.8,9.6,0.396,2.0,5.9,0.329,2.7,3.4,0.804,
2025-26,Regular Season,1642869,Noah Penda,1610612753,ORL,57,13.0,1.4,3.5,0.41,0.5,1.6,0.33,0.6,0.8,0.688,
2025-26,Regular Season,1642849,Nolan Traore,1610612751,BKN,54,22.6,3.2,8.6,0.378,1.1,3.4,0.324,1.3,1.7,0.78,
2025-26,Regular Season,1641807,Norchad Omier,1610612746,LAC,4,4.8,1.3,1.5,0.833,0.0,0.3,0.0,0.8,0.8,1.0,
2025-26,Regular Season,1626181,Norman Powell,1610612748,MIA,55,30.1,7.4,15.7,0.473,2.7,7.1,0.384,4.5,5.5,0.825,
2025-26,Regular Season,1628384,OG Anunoby,1610612752,NYK,65,33.4,5.9,12.2,0.486,2.4,6.1,0.388,2.8,3.4,0.826,
2025-26,Regular Season,1630167,Obi Toppin,1610612754,IND,20,17.3,3.8,7.6,0.493,1.4,4.3,0.329,1.7,1.9,0.892,
2025-26,Regular Season,1630534,Ochai Agbaji,1610612751,BKN,62,15.7,2.0,4.5,0.436,0.5,2.1,0.266,0.6,0.7,0.837,
2025-26,Regular Season,1630846,Olivier Sarr,1610612739,CLE,2,2.7,0.0,0.0,0.0,0.0,0.0,0.0,0.5,1.0,0.5,
2025-26,Regular Season,1641765,Olivier-Maxence Prosper,1610612763,MEM,53,18.6,3.6,6.6,0.549,1.1,2.8,0.405,1.6,2.2,0.754,
2025-26,Regular Season,1630209,Omer Yurtseven,1610612744,GSW,9,11.6,1.2,2.9,0.423,0.0,0.4,0.0,1.3,2.0,0.667,
2025-26,Regular Season,1630168,Onyeka Okongwu,1610612737,ATL,72,31.1,5.6,11.7,0.479,2.0,5.3,0.377,2.1,2.8,0.758,
2025-26,Regular Season,1631115,Orlando Robinson,1610612753,ORL,4,6.2,0.8,1.3,0.6,0.3,0.5,0.5,0.0,0.0,0.0,
2025-26,Regular Season,1631131,Oscar Tshiebwe,1610612762,UTA,24,15.3,2.8,4.5,0.626,0.0,0.0,0.0,0.8,1.5,0.541,
2025-26,Regular Season,1642345,Oso Ighodaro,1610612756,PHX,78,22.3,2.9,4.5,0.654,0.0,0.0,0.0,0.7,1.4,0.451,
2025-26,Regular Season,1631172,Ousmane Dieng,1610612749,MIL,53,18.2,2.8,6.6,0.424,1.1,3.1,0.364,0.5,0.7,0.722,
2025-26,Regular Season,1629023,P.J. Washington,1610612742,DAL,56,31.0,5.3,11.8,0.45,1.4,4.2,0.325,2.2,3.3,0.687,
2025-26,Regular Season,1641790,PJ Hall,1610612766,CHA,19,11.2,1.6,3.1,0.508,0.2,0.3,0.6,1.2,1.5,0.793,
2025-26,Regular Season,1642359,Pacôme Dadiet,1610612752,NYK,27,3.9,0.4,1.3,0.314,0.2,0.9,0.24,0.2,0.2,1.0,
2025-26,Regular Season,1631094,Paolo Banchero,1610612753,ORL,69,34.9,7.4,16.1,0.459,1.2,3.8,0.309,6.4,8.2,0.778,
2025-26,Regular Season,1627783,Pascal Siakam,1610612754,IND,62,33.2,9.0,18.6,0.484,1.7,4.7,0.358,4.2,6.1,0.693,
2025-26,Regular Season,1626192,Pat Connaughton,1610612766,CHA,40,7.3,1.0,2.1,0.458,0.5,1.3,0.412,0.3,0.5,0.65,
2025-26,Regular Season,1630311,Pat Spencer,1610612744,GSW,62,18.0,2.8,6.4,0.433,0.9,2.4,0.36,0.7,0.9,0.782,
2025-26,Regular Season,1631116,Patrick Baldwin Jr.,1610612758,SAC,9,11.4,1.2,3.0,0.407,0.7,1.6,0.429,0.6,0.8,0.714,
2025-26,Regular Season,1630172,Patrick Williams,1610612741,CHI,68,19.7,2.4,6.4,0.369,1.2,3.6,0.34,0.7,1.0,0.682,
2025-26,Regular Season,202331,Paul George,1610612755,PHI,34,31.1,6.2,14.1,0.438,2.8,7.0,0.405,2.5,3.1,0.827,
2025-26,Regular Season,1630194,Paul Reed,1610612765,DET,62,13.9,3.1,5.2,0.6,0.2,0.6,0.333,1.1,1.7,0.65,
2025-26,Regular Season,1630202,Payton Pritchard,1610612738,BOS,76,32.4,6.4,13.8,0.462,2.6,7.1,0.372,1.6,1.8,0.888,
2025-26,Regular Season,1642362,Payton Sandfort,1610612760,OKC,2,3.5,0.5,2.5,0.2,0.5,2.0,0.25,0.5,1.0,0.5,
2025-26,Regular Season,1641796,Pelle Larsson,1610612748,MIA,67,26.3,3.9,7.9,0.5,0.9,2.7,0.322,2.6,3.3,0.792,
2025-26,Regular Season,1631250,Pete Nance,1610612749,MIL,45,15.4,2.2,4.0,0.533,1.1,2.5,0.438,0.1,0.2,0.333,
2025-26,Regular Season,1631212,Peyton Watson,1610612743,DEN,54,29.6,5.3,10.8,0.491,1.5,3.6,0.411,2.6,3.5,0.73,
2025-26,Regular Season,1630173,Precious Achiuwa,1610612758,SAC,70,23.6,4.3,7.9,0.538,0.4,1.3,0.307,1.0,1.8,0.548,
2025-26,Regular Season,1629656,Quentin Grimes,1610612755,PHI,72,29.7,4.5,10.0,0.451,1.7,5.1,0.331,2.6,3.2,0.837,
2025-26,Regular Season,1631245,Quenton Jackson,1610612754,IND,45,17.5,3.0,6.2,0.479,0.9,2.3,0.375,1.8,2.3,0.814,
2025-26,Regular Season,1642366,Quinten Post,1610612744,GSW,67,17.3,2.9,6.6,0.44,1.4,4.1,0.336,0.5,0.6,0.791,
2025-26,Regular Season,1629628,RJ Barrett,1610612761,TOR,54,30.2,7.0,14.3,0.492,1.7,5.0,0.344,3.4,4.8,0.712,
2025-26,Regular Season,1642853,Rasheer Fleming,1610612756,PHX,51,11.7,1.5,3.8,0.407,0.8,2.3,0.345,0.4,0.6,0.563,
2025-26,Regular Season,1642484,RayJ Dennis,1610612737,ATL,16,11.2,1.4,4.6,0.301,0.8,2.4,0.308,0.5,0.6,0.889,
2025-26,Regular Season,1641712,Rayan Rupert,1610612763,MEM,62,16.0,1.7,4.4,0.396,0.7,1.9,0.342,0.6,0.8,0.76,
2025-26,Regular Season,1642263,Reed Sheppard,1610612745,HOU,78,26.5,5.0,11.5,0.431,2.8,7.0,0.397,0.9,1.1,0.81,
2025-26,Regular Season,1642434,Riley Minix,1610612739,CLE,7,3.6,1.1,1.7,0.667,0.4,0.9,0.5,0.0,0.0,0.0,
2025-26,Regular Season,1642265,Rob Dillingham,1610612741,CHI,61,14.1,2.2,5.9,0.383,0.6,1.8,0.306,0.5,0.7,0.744,
2025-26,Regular Season,1629057,Robert Williams III,1610612757,POR,56,17.1,3.0,4.2,0.712,0.1,0.4,0.333,0.6,0.9,0.608,
2025-26,Regular Season,1642911,Rocco Zikarsky,1610612750,MIN,4,4.1,0.8,1.3,0.6,0.0,0.0,0.0,0.0,0.0,0.0,
2025-26,Regular Season,1631199,Ron Harper Jr.,1610612738,BOS,27,10.0,1.2,3.1,0.398,0.8,2.4,0.344,0.0,0.1,0.5,
2025-26,Regular Season,1641842,Ronald Holland II,1610612765,DET,75,19.8,3.0,6.9,0.43,0.6,2.5,0.232,1.6,1.9,0.801,
2025-26,Regular Season,1626220,Royce O'Neale,1610612756,PHX,75,28.7,3.4,8.1,0.419,2.7,6.7,0.408,0.3,0.5,0.722,
2025-26,Regular Season,203497,Rudy Gobert,1610612750,MIN,75,31.3,4.4,6.5,0.685,0.0,0.1,0.0,2.1,4.0,0.525,
2025-26,Regular Season,1629060,Rui Hachimura,1610612747,LAL,64,28.3,4.4,8.7,0.51,1.7,3.9,0.434,0.7,0.9,0.733,
2025-26,Regular Season,201566,Russell Westbrook,1610612758,SAC,64,28.9,5.6,13.1,0.427,2.0,5.9,0.338,2.0,2.9,0.694,
2025-26,Regular Season,1642346,Ryan Dunn,1610612756,PHX,66,19.3,2.4,5.2,0.452,0.8,2.4,0.335,0.3,0.6,0.476,
2025-26,Regular Season,1641750,Ryan Kalkbrenner,1610612766,CHA,66,21.5,3.2,4.3,0.746,0.0,0.1,0.0,1.2,1.7,0.708,
2025-26,Regular Season,1642948,Ryan Nembhard,1610612742,DAL,56,18.7,2.5,6.2,0.409,0.8,2.3,0.365,0.4,0.5,0.769,
2025-26,Regular Season,1631157,Ryan Rollins,1610612749,MIL,73,32.1,6.5,13.8,0.473,2.5,6.1,0.409,1.6,2.1,0.788,
2025-26,Regular Season,1630180,Saddiq Bey,1610612740,NOP,72,31.2,6.1,13.4,0.451,2.1,5.7,0.367,3.4,4.1,0.841,
2025-26,Regular Season,1630573,Sam Hauser,1610612738,BOS,75,24.8,3.2,7.7,0.418,2.5,6.4,0.389,0.2,0.3,0.85,
2025-26,Regular Season,1630241,Sam Merrill,1610612739,CLE,51,26.5,4.3,9.4,0.459,3.1,7.3,0.419,1.2,1.4,0.855,
2025-26,Regular Season,1630572,Sandro Mamukelashvili,1610612761,TOR,76,21.9,4.1,7.9,0.523,1.4,3.7,0.386,1.5,2.0,0.753,
2025-26,Regular Season,1630583,Santi Aldama,1610612763,MEM,43,27.9,5.3,11.1,0.479,1.6,4.7,0.35,1.8,2.7,0.667,
2025-26,Regular Season,1630703,Scoot Henderson,1610612757,POR,27,24.1,4.7,11.3,0.418,1.9,5.3,0.357,2.9,3.4,0.839,
2025-26,Regular Season,1630567,Scottie Barnes,1610612761,TOR,76,33.7,7.1,14.2,0.502,0.8,2.9,0.292,3.0,3.7,0.813,
2025-26,Regular Season,1630590,Scotty Pippen Jr.,1610612763,MEM,10,21.2,4.3,9.6,0.448,1.0,3.2,0.313,1.8,2.3,0.783,
2025-26,Regular Season,1642951,Sean Pedulla,1610612746,LAC,5,5.3,1.0,2.6,0.385,0.6,1.8,0.333,0.0,0.0,0.0,
2025-26,Regular Season,203552,Seth Curry,1610612744,GSW,7,11.6,2.3,4.1,0.552,1.0,2.1,0.467,0.9,0.9,1.0,
2025-26,Regular Season,1631101,Shaedon Sharpe,1610612757,POR,48,30.0,8.0,17.6,0.456,2.1,6.2,0.34,3.2,4.0,0.784,
2025-26,Regular Season,1628983,Shai Gilgeous-Alexander,1610612760,OKC,66,33.3,10.8,19.5,0.552,1.7,4.4,0.383,8.1,9.2,0.88,
2025-26,Regular Season,1630536,Sharife Cooper,1610612764,WAS,37,16.5,2.8,5.8,0.488,0.6,1.8,0.354,1.2,1.5,0.818,
2025-26,Regular Season,1631321,Sidy Cissoko,1610612757,POR,72,19.7,1.8,4.6,0.398,0.8,2.7,0.299,0.8,1.2,0.651,
2025-26,Regular Season,1631323,Simone Fontecchio,1610612748,MIA,69,16.6,2.7,6.7,0.403,1.7,4.6,0.366,1.2,1.4,0.84,
2025-26,Regular Season,1642883,Sion James,1610612766,CHA,79,22.6,1.7,4.5,0.377,1.0,2.8,0.362,1.0,1.2,0.845,
2025-26,Regular Season,1627746,Skal Labissiere,1610612764,WAS,3,12.5,2.0,3.3,0.6,0.3,1.7,0.2,0.0,0.0,0.0,
2025-26,Regular Season,1642461,Spencer Jones,1610612743,DEN,64,22.1,2.1,4.1,0.504,0.9,2.3,0.396,0.5,0.8,0.608,
2025-26,Regular Season,1630649,Stanley Umude,1610612759,SAS,2,3.3,0.5,1.0,0.5,0.0,0.5,0.0,0.0,0.0,0.0,
2025-26,Regular Season,201939,Stephen Curry,1610612744,GSW,40,31.2,9.0,19.1,0.469,4.5,11.5,0.393,4.8,5.2,0.928,
2025-26,Regular Season,1642264,Stephon Castle,1610612759,SAS,67,30.0,5.7,12.0,0.473,1.2,3.6,0.328,4.2,5.7,0.737,
2025-26,Regular Season,203500,Steven Adams,1610612745,HOU,32,22.8,2.2,4.3,0.504,0.0,0.0,0.0,1.5,2.5,0.58,
2025-26,Regular Season,1629004,Svi Mykhailiuk,1610612762,UTA,50,23.1,3.5,7.2,0.478,2.0,4.8,0.408,0.5,0.6,0.893,
2025-26,Regular Season,204456,T.J. McConnell,1610612754,IND,56,17.2,4.3,8.0,0.538,0.3,0.9,0.32,0.4,0.5,0.862,
2025-26,Regular Season,1643007,Taelon Peter,1610612754,IND,34,12.1,1.5,3.9,0.381,1.1,3.2,0.339,0.2,0.4,0.538,
2025-26,Regular Season,201959,Taj Gibson,1610612763,MEM,8,9.1,1.3,2.4,0.526,0.4,0.8,0.5,0.6,0.8,0.833,
2025-26,Regular Season,1631106,Tari Eason,1610612745,HOU,56,25.8,4.0,9.7,0.411,1.6,4.4,0.363,0.8,1.1,0.75,
2025-26,Regular Season,1627752,Taurean Prince,1610612749,MIL,22,21.8,2.9,6.3,0.46,2.0,4.5,0.434,0.2,0.2,1.0,
2025-26,Regular Season,1641707,Taylor Hendricks,1610612763,MEM,58,18.9,2.7,6.0,0.452,1.1,3.1,0.337,0.8,1.2,0.671,
2025-26,Regular Season,1629611,Terance Mann,1610612751,BKN,63,24.3,2.7,5.8,0.457,0.9,2.4,0.364,1.0,1.3,0.788,
2025-26,Regular Season,1630545,Terrence Shannon Jr.,1610612750,MIN,39,11.3,1.3,3.2,0.411,0.5,1.4,0.382,0.9,1.1,0.773,
2025-26,Regular Season,203648,Thanasis Antetokounmpo,1610612749,MIL,32,3.6,0.4,0.8,0.48,0.0,0.1,0.0,0.5,0.8,0.577,
2025-26,Regular Season,1628418,Thomas Bryant,1610612739,CLE,60,12.2,2.3,4.5,0.506,0.8,2.2,0.359,0.9,1.1,0.803,
2025-26,Regular Season,1642275,Tidjane Salaün,1610612766,CHA,36,15.9,2.2,4.4,0.506,1.0,2.3,0.434,0.7,1.1,0.65,
2025-26,Regular Season,203501,Tim Hardaway Jr.,1610612743,DEN,78,26.7,4.3,9.7,0.448,2.8,6.8,0.409,2.0,2.5,0.813,
2025-26,Regular Season,202699,Tobias Harris,1610612765,DET,60,27.9,4.9,10.6,0.464,1.3,3.6,0.349,2.2,2.5,0.873,
2025-26,Regular Season,1643253,Toby Okani,1610612763,MEM,3,33.8,2.7,9.3,0.286,1.0,4.0,0.25,0.0,1.3,0.0,
2025-26,Regular Season,1642449,Tolu Smith,1610612765,DET,13,10.0,1.3,2.5,0.515,0.0,0.0,0.0,1.3,2.0,0.654,
2025-26,Regular Season,1628396,Tony Bradley,1610612737,ATL,39,10.8,1.5,2.8,0.546,0.0,0.1,0.5,0.8,1.1,0.744,
2025-26,Regular Season,1641787,Tosan Evbuomwan,1610612766,CHA,5,1.5,0.0,0.2,0.0,0.0,0.0,0.0,0.0,0.0,0.0,
2025-26,Regular Season,1641739,Toumani Camara,1610612757,POR,79,33.2,4.8,10.8,0.442,2.7,7.2,0.371,1.2,1.7,0.708,
2025-26,Regular Season,1629027,Trae Young,1610612764,WAS,15,25.6,5.4,11.8,0.458,1.8,5.3,0.338,5.3,6.5,0.825,
2025-26,Regular Season,1631218,Trayce Jackson-Davis,1610612761,TOR,51,9.6,1.4,2.4,0.57,0.0,0.0,1.0,0.7,1.5,0.514,
2025-26,Regular Season,1642848,Tre Johnson,1610612764,WAS,60,24.0,4.5,10.8,0.419,1.9,5.4,0.358,1.3,1.5,0.874,
2025-26,Regular Season,1630200,Tre Jones,1610612741,CHI,61,27.1,5.1,9.3,0.554,0.6,2.0,0.319,2.8,3.4,0.825,
2025-26,Regular Season,1630544,Tre Mann,1610612766,CHA,51,13.0,2.1,5.8,0.362,1.0,3.0,0.327,0.5,0.5,0.852,
2025-26,Regular Season,1630570,Trendon Watford,1610612755,PHI,52,16.5,2.6,5.1,0.513,0.2,1.0,0.2,1.2,1.5,0.779,
2025-26,Regular Season,1642280,Trentyn Flowers,1610612741,CHI,2,2.8,1.0,1.5,0.667,0.0,0.5,0.0,0.0,0.0,0.0,
2025-26,Regular Season,1630286,Trevon Scott,1610612751,BKN,2,17.9,2.0,4.0,0.5,0.5,1.5,0.333,0.5,0.5,1.0,
2025-26,Regular Season,1631211,Trevor Keels,1610612748,MIA,4,1.2,0.0,1.0,0.0,0.0,0.8,0.0,0.0,0.0,0.0,
2025-26,Regular Season,1641725,Trey Alexander,1610612740,NOP,6,8.8,1.3,2.2,0.615,0.5,0.7,0.75,0.0,0.0,0.0,
2025-26,Regular Season,1641998,Trey Jemison III,1610612752,NYK,11,5.5,0.4,0.6,0.571,0.0,0.0,0.0,0.1,0.1,1.0,
2025-26,Regular Season,1630530,Trey Murphy III,1610612740,NOP,66,35.5,7.5,15.9,0.47,3.2,8.6,0.379,3.3,3.7,0.886,
2025-26,Regular Season,1642400,Tristan Enaruna,1610612739,CLE,7,6.5,1.0,2.6,0.389,0.1,0.9,0.167,0.0,0.1,0.0,
2025-26,Regular Season,1641774,Tristan Vukcevic,1610612764,WAS,49,13.7,3.1,6.5,0.479,1.0,2.9,0.347,1.8,2.3,0.784,
2025-26,Regular Season,1641783,Tristan da Silva,1610612753,ORL,74,24.8,3.6,8.1,0.449,1.6,4.2,0.379,1.1,1.3,0.882,
2025-26,Regular Season,1629660,Ty Jerome,1610612763,MEM,15,22.6,6.8,14.3,0.474,2.8,6.7,0.42,3.3,3.7,0.875,
2025-26,Regular Season,1631102,TyTy Washington Jr.,1610612746,LAC,13,5.9,0.7,1.5,0.474,0.2,0.6,0.375,0.0,0.0,0.0,
2025-26,Regular Season,1631174,Tyler Burton,1610612763,MEM,12,25.6,3.5,9.3,0.375,1.8,5.5,0.333,1.9,2.3,0.852,
2025-26,Regular Season,1629639,Tyler Herro,1610612748,MIA,30,31.7,7.8,16.2,0.481,2.6,6.9,0.382,3.2,3.5,0.923,
2025-26,Regular Season,1642278,Tyler Kolek,1610612752,NYK,62,11.7,1.7,4.0,0.435,0.7,1.8,0.386,0.2,0.3,0.7,
2025-26,Regular Season,1641890,Tyler Smith,1610612742,DAL,8,9.6,1.0,3.1,0.32,0.4,2.0,0.188,0.3,0.5,0.5,
2025-26,Regular Season,1631213,Tyrese Martin,1610612755,PHI,45,17.2,2.4,6.2,0.394,1.2,3.7,0.321,0.4,0.6,0.679,
2025-26,Regular Season,1630178,Tyrese Maxey,1610612755,PHI,67,38.2,9.9,21.5,0.463,3.2,8.6,0.369,5.4,6.0,0.891,
2025-26,Regular Season,1642878,Tyrese Proctor,1610612739,CLE,48,10.4,1.6,4.2,0.393,0.8,2.5,0.336,0.8,0.9,0.881,
2025-26,Regular Season,1630623,Tyson Etienne,1610612751,BKN,20,12.2,1.9,4.4,0.425,1.6,3.6,0.431,0.9,1.0,0.9,
2025-26,Regular Season,1626145,Tyus Jones,1610612743,DEN,65,14.4,1.1,3.2,0.346,0.6,2.0,0.277,0.1,0.1,0.778,
2025-26,Regular Season,1642845,VJ Edgecombe,1610612755,PHI,72,34.9,6.0,13.7,0.438,2.0,5.6,0.357,2.0,2.4,0.827,
2025-26,Regular Season,1641705,Victor Wembanyama,1610612759,SAS,63,29.2,8.6,16.8,0.51,1.9,5.4,0.35,5.7,7.0,0.825,
2025-26,Regular Season,1631246,Vince Williams Jr.,1610612762,UTA,40,20.5,2.6,7.3,0.353,1.4,4.4,0.311,1.0,1.3,0.78,
2025-26,Regular Season,1642884,Vladislav Goldin,1610612748,MIA,5,2.8,0.4,0.6,0.667,0.0,0.0,0.0,0.0,0.0,0.0,
2025-26,Regular Season,1630249,Vít Krejčí,1610612757,POR,64,21.7,3.0,6.7,0.448,2.0,5.1,0.391,0.6,0.8,0.745,
2025-26,Regular Season,1631117,Walker Kessler,1610612762,UTA,5,30.8,5.2,7.4,0.703,1.2,1.6,0.75,2.8,4.0,0.7,
2025-26,Regular Season,1642383,Walter Clayton Jr.,1610612763,MEM,68,20.4,2.5,6.6,0.381,1.1,3.5,0.305,1.6,1.7,0.898,
2025-26,Regular Season,1628976,Wendell Carter Jr.,1610612753,ORL,75,29.5,4.3,8.3,0.516,1.0,3.0,0.324,2.6,3.2,0.8,
2025-26,Regular Season,1631111,Wendell Moore Jr.,1610612765,DET,5,10.9,0.8,1.4,0.571,0.0,0.2,0.0,0.4,0.4,1.0,
2025-26,Regular Season,1642954,Will Richard,1610612744,GSW,67,20.2,2.4,5.1,0.474,1.1,3.1,0.341,0.7,0.8,0.852,
2025-26,Regular Season,1642860,Will Riley,1610612764,WAS,70,21.4,3.6,7.9,0.456,1.1,3.2,0.338,1.9,2.4,0.795,
2025-26,Regular Season,1630214,Xavier Tillman,1610612766,CHA,29,6.2,0.7,1.6,0.422,0.1,0.6,0.167,0.0,0.1,0.25,
2025-26,Regular Season,1642905,Yang Hansen,1610612757,POR,41,7.2,0.8,2.4,0.31,0.1,1.0,0.119,0.7,0.8,0.824,
2025-26,Regular Season,1642949,Yanic Konan Niederhäuser,1610612746,LAC,41,10.3,1.6,2.4,0.64,0.0,0.1,0.2,1.1,1.5,0.758,
2025-26,Regular Season,1642530,Yuki Kawamura,1610612741,CHI,14,10.5,0.7,2.1,0.333,0.5,1.4,0.35,0.9,0.9,0.923,
2025-26,Regular Season,1642274,Yves Missi,1610612740,NOP,66,19.7,2.4,4.5,0.544,0.0,0.0,0.0,0.9,1.5,0.559,
2025-26,Regular Season,1642258,Zaccharie Risacher,1610612737,ATL,65,22.5,3.7,8.0,0.457,1.4,3.9,0.373,0.9,1.4,0.636,
2025-26,Regular Season,1628380,Zach Collins,1610612741,CHI,10,18.4,3.7,6.4,0.578,0.9,2.1,0.429,1.4,2.0,0.7,
2025-26,Regular Season,1641744,Zach Edey,1610612763,MEM,11,25.8,5.6,8.9,0.633,0.1,0.5,0.2,2.3,2.9,0.781,
2025-26,Regular Season,203897,Zach LaVine,1610612758,SAC,39,31.4,6.7,14.0,0.479,2.5,6.5,0.39,3.2,3.6,0.88,
2025-26,Regular Season,1630192,Zeke Nnaji,1610612743,DEN,49,11.9,1.3,2.9,0.471,0.3,1.0,0.265,0.7,0.9,0.773,
2025-26,Regular Season,1630533,Ziaire Williams,1610612751,BKN,56,22.9,3.3,7.7,0.425,1.5,4.5,0.343,2.1,2.5,0.85,
2025-26,Regular Season,1629627,Zion Williamson,1610612740,NOP,62,29.7,7.8,13.0,0.6,0.0,0.1,0.25,5.4,7.5,0.716,
2025-26,Regular Season,1642389,Zyon Pullin,1610612750,MIN,3,2.8,0.3,0.3,1.0,0.0,0.0,0.0,0.7,0.7,1.0,
