PLAYER_ID,PLAYER_NAME,TEAM_ID,TEAM_ABBREVIATION,GP,W,L,MIN,TOUCHES,POST_TOUCHES,POST_TOUCH_FGM,POST_TOUCH_FGA,POST_TOUCH_FG_PCT,POST_TOUCH_FTM,POST_TOUCH_FTA,POST_TOUCH_FT_PCT,POST_TOUCH_PTS,POST_TOUCH_PTS_PCT,POST_TOUCH_PASSES,POST_TOUCH_PASSES_PCT,POST_TOUCH_AST,POST_TOUCH_AST_PCT,POST_TOUCH_TOV,POST_TOUCH_TOV_PCT,POST_TOUCH_FOULS,POST_TOUCH_FOULS_PCT,SEASON,SEASON_TYPE,PT_MEASURE_TYPE
1630639,A.J. Lawson,1610612761,TOR,19,9,10,182.0,217,0,0,0,0.0,0,0,0.0,0,0.0,0,0.0,0,0.0,0,0.0,0,0.0,2025-26,Regular Season,PostTouch
1631260,AJ Green,1610612749,MIL,73,29,44,2097.0,3157,0,0,0,0.0,0,0,0.0,0,0.0,0,0.0,0,0.0,0,0.0,0,0.0,2025-26,Regular Season,PostTouch
1642358,AJ Johnson,1610612742,DAL,44,8,36,386.0,593,0,0,0,0.0,0,0,0.0,0,0.0,0,0.0,0,0.0,0,0.0,0,0.0,2025-26,Regular Season,PostTouch
203932,Aaron Gordon,1610612743,DEN,33,24,9,910.0,1571,56,8,30,0.267,15,18,0.833,32,0.571,11,0.196,3,0.054,4,0.071,9,0.161,2025-26,Regular Season,PostTouch
1628988,Aaron Holiday,1610612745,HOU,52,34,18,698.0,1033,0,0,0,0.0,0,0,0.0,0,0.0,0,0.0,0,0.0,0,0.0,0,0.0,2025-26,Regular Season,PostTouch
1630174,Aaron Nesmith,1610612754,IND,45,10,35,1335.0,2246,0,0,0,0.0,0,0,0.0,0,0.0,0,0.0,0,0.0,0,0.0,0,0.0,2025-26,Regular Season,PostTouch
1630598,Aaron Wiggins,1610612760,OKC,60,47,13,1330.0,2037,0,0,0,0.0,0,0,0.0,0,0.0,0,0.0,0,0.0,0,0.0,0,0.0,2025-26,Regular Season,PostTouch
1642846,Ace Bailey,1610612762,UTA,69,18,51,1896.0,2285,13,3,8,0.375,0,0,0.0,6,0.462,4,0.308,0,0.0,0,0.0,0,0.0,2025-26,Regular Season,PostTouch
1642380,Adama Bal,1610612763,MEM,4,1,3,102.0,114,0,0,0,0.0,0,0,0.0,0,0.0,0,0.0,0,0.0,0,0.0,0,0.0,2025-26,Regular Season,PostTouch
1641737,Adem Bona,1610612755,PHI,67,39,28,1160.0,1130,6,2,3,0.667,0,0,0.0,4,0.667,2,0.333,1,0.167,0,0.0,0,0.0,2025-26,Regular Season,PostTouch
1642876,Adou Thiero,1610612747,LAL,21,12,9,108.0,133,1,0,0,0.0,0,0,0.0,0,0.0,1,1.0,0,0.0,0,0.0,0,0.0,2025-26,Regular Season,PostTouch
1642349,Ajay Mitchell,1610612760,OKC,54,47,7,1408.0,2468,0,0,0,0.0,0,0,0.0,0,0.0,0,0.0,0,0.0,0,0.0,0,0.0,2025-26,Regular Season,PostTouch
201143,Al Horford,1610612744,GSW,43,22,21,933.0,1889,97,14,27,0.519,4,4,1.0,32,0.33,59,0.608,15,0.155,4,0.041,2,0.021,2025-26,Regular Season,PostTouch
1630828,Alex Antetokounmpo,1610612749,MIL,3,1,2,11.0,9,0,0,0,0.0,0,0,0.0,0,0.0,0,0.0,0,0.0,0,0.0,0,0.0,2025-26,Regular Season,PostTouch
1627936,Alex Caruso,1610612760,OKC,53,44,9,984.0,1600,1,0,0,0.0,0,0,0.0,0,0.0,1,1.0,1,1.0,0,0.0,0,0.0,2025-26,Regular Season,PostTouch
1631457,Alex Morales,1610612753,ORL,1,0,1,12.0,16,0,0,0,0.0,0,0,0.0,0,0.0,0,0.0,0,0.0,0,0.0,0,0.0,2025-26,Regular Season,PostTouch
1642259,Alex Sarr,1610612764,WAS,48,11,37,1305.0,2729,42,15,27,0.556,4,6,0.667,34,0.81,10,0.238,1,0.024,0,0.0,3,0.071,2025-26,Regular Season,PostTouch
1642918,Alijah Martin,1610612761,TOR,20,9,11,130.0,184,0,0,0,0.0,0,0,0.0,0,0.0,0,0.0,0,0.0,0,0.0,0,0.0,2025-26,Regular Season,PostTouch
1631214,Alondes Williams,1610612764,WAS,4,2,2,101.0,116,1,0,0,0.0,0,0,0.0,0,0.0,1,1.0,1,1.0,0,0.0,0,0.0,2025-26,Regular Season,PostTouch
1630578,Alperen Sengun,1610612745,HOU,68,43,25,2271.0,4851,358,94,167,0.563,27,42,0.643,219,0.612,137,0.383,32,0.089,19,0.053,21,0.059,2025-26,Regular Season,PostTouch
1642873,Amari Williams,1610612738,BOS,21,14,7,136.0,164,0,0,0,0.0,0,0,0.0,0,0.0,0,0.0,0,0.0,0,0.0,0,0.0,2025-26,Regular Season,PostTouch
1641708,Amen Thompson,1610612745,HOU,75,46,29,2795.0,5432,1,1,1,1.0,0,0,0.0,2,2.0,0,0.0,0,0.0,0,0.0,0,0.0,2025-26,Regular Season,PostTouch
1629599,Amir Coffey,1610612756,PHX,43,18,25,437.0,405,0,0,0,0.0,0,0,0.0,0,0.0,0,0.0,0,0.0,0,0.0,0,0.0,2025-26,Regular Season,PostTouch
1643158,Andersson Garcia,1610612762,UTA,5,1,4,169.0,209,0,0,0,0.0,0,0,0.0,0,0.0,0,0.0,0,0.0,0,0.0,0,0.0,2025-26,Regular Season,PostTouch
203083,Andre Drummond,1610612755,PHI,58,31,27,1123.0,1288,11,5,8,0.625,1,2,0.5,11,1.0,0,0.0,0,0.0,1,0.091,1,0.091,2025-26,Regular Season,PostTouch
1641748,Andre Jackson Jr.,1610612749,MIL,44,11,33,342.0,717,0,0,0,0.0,0,0,0.0,0,0.0,0,0.0,0,0.0,0,0.0,0,0.0,2025-26,Regular Season,PostTouch
1629614,Andrew Nembhard,1610612754,IND,57,13,44,1786.0,4984,9,1,6,0.167,0,0,0.0,2,0.222,3,0.333,2,0.222,0,0.0,0,0.0,2025-26,Regular Season,PostTouch
203952,Andrew Wiggins,1610612748,MIA,63,32,31,1934.0,2783,59,15,31,0.484,9,12,0.75,39,0.661,17,0.288,2,0.034,4,0.068,6,0.102,2025-26,Regular Season,PostTouch
1629014,Anfernee Simons,1610612741,CHI,55,31,24,1372.0,2456,0,0,0,0.0,0,0,0.0,0,0.0,0,0.0,0,0.0,0,0.0,0,0.0,2025-26,Regular Season,PostTouch
1641710,Anthony Black,1610612753,ORL,60,33,27,1841.0,3507,6,2,4,0.5,0,0,0.0,4,0.667,2,0.333,0,0.0,0,0.0,0,0.0,2025-26,Regular Season,PostTouch
203076,Anthony Davis,1610612764,WAS,20,10,10,626.0,1187,64,10,25,0.4,1,2,0.5,23,0.359,25,0.391,6,0.094,6,0.094,1,0.016,2025-26,Regular Season,PostTouch
1630162,Anthony Edwards,1610612750,MIN,60,36,24,2109.0,4373,75,15,37,0.405,10,14,0.714,40,0.533,24,0.32,4,0.053,4,0.053,7,0.093,2025-26,Regular Season,PostTouch
1630264,Anthony Gill,1610612764,WAS,49,6,43,769.0,972,3,1,2,0.5,0,0,0.0,2,0.667,1,0.333,0,0.0,0,0.0,0,0.0,2025-26,Regular Season,PostTouch
1641810,Antonio Reeves,1610612766,CHA,10,4,6,68.0,70,0,0,0,0.0,0,0,0.0,0,0.0,0,0.0,0,0.0,0,0.0,0,0.0,2025-26,Regular Season,PostTouch
1630574,Ariel Hukporti,1610612752,NYK,52,34,18,455.0,461,5,0,2,0.0,0,0,0.0,0,0.0,1,0.2,0,0.0,1,0.2,0,0.0,2025-26,Regular Season,PostTouch
1642854,Asa Newell,1610612737,ATL,42,22,20,453.0,583,7,0,1,0.0,0,0,0.0,0,0.0,4,0.571,1,0.143,0,0.0,0,0.0,2025-26,Regular Season,PostTouch
1641709,Ausar Thompson,1610612765,DET,68,49,19,1769.0,2791,11,1,1,1.0,5,8,0.625,7,0.636,4,0.364,0,0.0,0,0.0,4,0.364,2025-26,Regular Season,PostTouch
1630559,Austin Reaves,1610612747,LAL,51,36,15,1762.0,3705,0,0,0,0.0,0,0,0.0,0,0.0,0,0.0,0,0.0,0,0.0,0,0.0,2025-26,Regular Season,PostTouch
1630245,Ayo Dosunmu,1610612750,MIN,66,34,32,1787.0,3500,0,0,0,0.0,0,0,0.0,0,0.0,0,0.0,0,0.0,0,0.0,0,0.0,2025-26,Regular Season,PostTouch
1628389,Bam Adebayo,1610612748,MIA,68,34,34,2199.0,3927,172,26,71,0.366,19,24,0.792,72,0.419,72,0.419,15,0.087,11,0.064,12,0.07,2025-26,Regular Season,PostTouch
1631248,Baylor Scheierman,1610612738,BOS,72,50,22,1309.0,1510,0,0,0,0.0,0,0,0.0,0,0.0,0,0.0,0,0.0,0,0.0,0,0.0,2025-26,Regular Season,PostTouch
1642879,Ben Saraf,1610612751,BKN,40,9,31,785.0,1805,0,0,0,0.0,0,0,0.0,0,0.0,0,0.0,0,0.0,0,0.0,0,0.0,2025-26,Regular Season,PostTouch
1641767,Ben Sheppard,1610612754,IND,65,16,49,1390.0,2203,0,0,0,0.0,0,0,0.0,0,0.0,0,0.0,0,0.0,0,0.0,0,0.0,2025-26,Regular Season,PostTouch
1631097,Bennedict Mathurin,1610612746,LAC,49,19,30,1504.0,2571,10,1,2,0.5,5,6,0.833,7,0.7,3,0.3,0,0.0,2,0.2,3,0.3,2025-26,Regular Season,PostTouch
1643016,Bez Mbeng,1610612762,UTA,12,1,11,358.0,436,0,0,0,0.0,0,0,0.0,0,0.0,0,0.0,0,0.0,0,0.0,0,0.0,2025-26,Regular Season,PostTouch
1641731,Bilal Coulibaly,1610612764,WAS,53,14,39,1397.0,2398,4,0,1,0.0,2,2,1.0,2,0.5,1,0.25,1,0.25,1,0.25,1,0.25,2025-26,Regular Season,PostTouch
202687,Bismack Biyombo,1610612759,SAS,24,20,4,136.0,159,1,0,0,0.0,0,0,0.0,0,0.0,1,1.0,0,0.0,0,0.0,0,0.0,2025-26,Regular Season,PostTouch
1642396,Blake Hinson,1610612762,UTA,11,3,8,214.0,255,0,0,0,0.0,0,0,0.0,0,0.0,0,0.0,0,0.0,0,0.0,0,0.0,2025-26,Regular Season,PostTouch
1631104,Blake Wesley,1610612757,POR,28,18,10,353.0,758,0,0,0,0.0,0,0,0.0,0,0.0,0,0.0,0,0.0,0,0.0,0,0.0,2025-26,Regular Season,PostTouch
1626171,Bobby Portis,1610612749,MIL,67,26,41,1619.0,3093,166,45,85,0.529,13,14,0.929,104,0.627,63,0.38,17,0.102,8,0.048,7,0.042,2025-26,Regular Season,PostTouch
1641752,Bobi Klintman,1610612765,DET,12,8,4,71.0,101,0,0,0,0.0,0,0,0.0,0,0.0,0,0.0,0,0.0,0,0.0,0,0.0,2025-26,Regular Season,PostTouch
203992,Bogdan Bogdanović,1610612746,LAC,21,6,15,429.0,755,0,0,0,0.0,0,0,0.0,0,0.0,0,0.0,0,0.0,0,0.0,0,0.0,2025-26,Regular Season,PostTouch
1630538,Bones Hyland,1610612750,MIN,68,41,27,1105.0,2595,1,1,1,1.0,0,0,0.0,2,2.0,0,0.0,0,0.0,0,0.0,0,0.0,2025-26,Regular Season,PostTouch
203078,Bradley Beal,1610612746,LAC,6,2,4,121.0,177,0,0,0,0.0,0,0,0.0,0,0.0,0,0.0,0,0.0,0,0.0,0,0.0,2025-26,Regular Season,PostTouch
1642382,Branden Carlson,1610612760,OKC,38,30,8,393.0,550,1,0,1,0.0,0,0,0.0,0,0.0,0,0.0,0,0.0,0,0.0,0,0.0,2025-26,Regular Season,PostTouch
1641764,Brandin Podziemski,1610612744,GSW,77,36,41,2189.0,4696,8,2,2,1.0,0,0,0.0,4,0.5,6,0.75,1,0.125,0,0.0,0,0.0,2025-26,Regular Season,PostTouch
1629634,Brandon Clarke,1610612763,MEM,2,1,1,20.0,27,0,0,0,0.0,0,0,0.0,0,0.0,0,0.0,0,0.0,0,0.0,0,0.0,2025-26,Regular Season,PostTouch
1627742,Brandon Ingram,1610612761,TOR,72,40,32,2437.0,3951,112,24,55,0.436,8,10,0.8,58,0.518,40,0.357,9,0.08,6,0.054,5,0.045,2025-26,Regular Season,PostTouch
1641706,Brandon Miller,1610612766,CHA,61,39,22,1842.0,3614,15,2,8,0.25,3,4,0.75,7,0.467,4,0.267,0,0.0,1,0.067,2,0.133,2025-26,Regular Season,PostTouch
1630314,Brandon Williams,1610612742,DAL,65,22,43,1438.0,3148,0,0,0,0.0,0,0,0.0,0,0.0,0,0.0,0,0.0,0,0.0,0,0.0,2025-26,Regular Season,PostTouch
1641729,Brice Sensabaugh,1610612762,UTA,72,18,54,1679.0,2595,1,0,1,0.0,0,0,0.0,0,0.0,0,0.0,0,0.0,0,0.0,0,0.0,2025-26,Regular Season,PostTouch
1642355,Bronny James,1610612747,LAL,37,21,16,292.0,559,0,0,0,0.0,0,0,0.0,0,0.0,0,0.0,0,0.0,0,0.0,0,0.0,2025-26,Regular Season,PostTouch
201572,Brook Lopez,1610612746,LAC,70,38,32,1502.0,1773,88,30,51,0.588,6,8,0.75,69,0.784,28,0.318,8,0.091,2,0.023,4,0.045,2025-26,Regular Season,PostTouch
1642964,Brooks Barnhizer,1610612760,OKC,37,28,9,283.0,303,0,0,0,0.0,0,0,0.0,0,0.0,0,0.0,0,0.0,0,0.0,0,0.0,2025-26,Regular Season,PostTouch
1628971,Bruce Brown,1610612743,DEN,77,49,28,1883.0,2839,0,0,0,0.0,0,0,0.0,0,0.0,0,0.0,0,0.0,0,0.0,0,0.0,2025-26,Regular Season,PostTouch
1631121,Bryce McGowens,1610612740,NOP,42,14,28,880.0,1147,1,0,1,0.0,0,0,0.0,0,0.0,0,0.0,0,0.0,0,0.0,0,0.0,2025-26,Regular Season,PostTouch
1642267,Bub Carrington,1610612764,WAS,76,17,59,2100.0,4475,6,2,5,0.4,0,0,0.0,4,0.667,1,0.167,0,0.0,0,0.0,0,0.0,2025-26,Regular Season,PostTouch
1631205,Buddy Boeheim,1610612760,OKC,4,2,2,15.0,12,0,0,0,0.0,0,0,0.0,0,0.0,0,0.0,0,0.0,0,0.0,0,0.0,2025-26,Regular Season,PostTouch
1627741,Buddy Hield,1610612737,ATL,50,25,25,798.0,1450,1,0,0,0.0,0,0,0.0,0,0.0,1,1.0,0,0.0,0,0.0,0,0.0,2025-26,Regular Season,PostTouch
1643047,CJ Huntley,1610612756,PHX,2,2,0,7.0,5,0,0,0,0.0,0,0,0.0,0,0.0,0,0.0,0,0.0,0,0.0,0,0.0,2025-26,Regular Season,PostTouch
203468,CJ McCollum,1610612737,ATL,73,36,37,2173.0,4183,3,1,2,0.5,0,0,0.0,2,0.667,1,0.333,0,0.0,0,0.0,0,0.0,2025-26,Regular Season,PostTouch
1630595,Cade Cunningham,1610612765,DET,61,44,17,2096.0,5502,71,20,37,0.541,1,2,0.5,43,0.606,28,0.394,12,0.169,2,0.028,1,0.014,2025-26,Regular Season,PostTouch
1631216,Caleb Houstan,1610612737,ATL,18,12,6,75.0,94,0,0,0,0.0,0,0,0.0,0,0.0,0,0.0,0,0.0,0,0.0,0,0.0,2025-26,Regular Season,PostTouch
1631126,Caleb Love,1610612757,POR,47,23,24,1009.0,1842,0,0,0,0.0,0,0,0.0,0,0.0,0,0.0,0,0.0,0,0.0,0,0.0,2025-26,Regular Season,PostTouch
1628997,Caleb Martin,1610612742,DAL,58,20,38,856.0,1040,1,0,1,0.0,0,0,0.0,0,0.0,0,0.0,0,0.0,0,0.0,0,0.0,2025-26,Regular Season,PostTouch
1642353,Cam Christie,1610612746,LAC,51,24,27,461.0,689,0,0,0,0.0,0,0,0.0,0,0.0,0,0.0,0,0.0,0,0.0,0,0.0,2025-26,Regular Season,PostTouch
1642285,Cam Spencer,1610612763,MEM,71,23,48,1694.0,3760,0,0,0,0.0,0,0,0.0,0,0.0,0,0.0,0,0.0,0,0.0,0,0.0,2025-26,Regular Season,PostTouch
1630560,Cam Thomas,1610612749,MIL,42,12,30,881.0,1721,8,3,5,0.6,4,4,1.0,10,1.25,1,0.125,0,0.0,0,0.0,2,0.25,2025-26,Regular Season,PostTouch
1641715,Cam Whitmore,1610612764,WAS,21,3,18,354.0,432,2,2,2,1.0,0,0,0.0,4,2.0,0,0.0,0,0.0,0,0.0,0,0.0,2025-26,Regular Season,PostTouch
1629661,Cameron Johnson,1610612743,DEN,51,34,17,1541.0,1903,0,0,0,0.0,0,0,0.0,0,0.0,0,0.0,0,0.0,0,0.0,0,0.0,2025-26,Regular Season,PostTouch
1626166,Cameron Payne,1610612755,PHI,21,12,9,366.0,872,0,0,0,0.0,0,0,0.0,0,0.0,0,0.0,0,0.0,0,0.0,0,0.0,2025-26,Regular Season,PostTouch
1627747,Caris LeVert,1610612765,DET,56,40,16,1085.0,1956,1,0,0,0.0,0,0,0.0,0,0.0,0,0.0,0,0.0,1,1.0,0,0.0,2025-26,Regular Season,PostTouch
1642868,Carter Bryant,1610612759,SAS,66,53,13,720.0,872,0,0,0,0.0,0,0,0.0,0,0.0,0,0.0,0,0.0,0,0.0,0,0.0,2025-26,Regular Season,PostTouch
1641717,Cason Wallace,1610612760,OKC,74,58,16,1980.0,2751,2,1,1,1.0,0,0,0.0,2,1.0,1,0.5,0,0.0,0,0.0,0,0.0,2025-26,Regular Season,PostTouch
1642907,Cedric Coward,1610612763,MEM,60,20,40,1559.0,3319,12,4,5,0.8,4,4,1.0,13,1.083,3,0.25,1,0.083,1,0.083,2,0.167,2025-26,Regular Season,PostTouch
1643052,Chaney Johnson,1610612751,BKN,14,2,12,282.0,412,1,0,0,0.0,0,0,0.0,0,0.0,1,1.0,0,0.0,0,0.0,0,0.0,2025-26,Regular Season,PostTouch
1629646,Charles Bassey,1610612738,BOS,8,3,5,52.0,58,0,0,0,0.0,0,0,0.0,0,0.0,0,0.0,0,0.0,0,0.0,0,0.0,2025-26,Regular Season,PostTouch
1642404,Chaz Lanier,1610612765,DET,29,24,5,230.0,221,0,0,0,0.0,0,0,0.0,0,0.0,0,0.0,0,0.0,0,0.0,0,0.0,2025-26,Regular Season,PostTouch
1631096,Chet Holmgren,1610612760,OKC,66,53,13,1922.0,2982,65,21,33,0.636,13,16,0.813,55,0.846,16,0.246,3,0.046,2,0.031,8,0.123,2025-26,Regular Season,PostTouch
1628449,Chris Boucher,1610612738,BOS,9,4,5,94.0,113,0,0,0,0.0,0,0,0.0,0,0.0,0,0.0,0,0.0,0,0.0,0,0.0,2025-26,Regular Season,PostTouch
1641753,Chris Livingston,1610612739,CLE,3,2,1,17.0,21,0,0,0,0.0,0,0,0.0,0,0.0,0,0.0,0,0.0,0,0.0,0,0.0,2025-26,Regular Season,PostTouch
1643024,Chris Mañon,1610612747,LAL,6,2,4,25.0,31,0,0,0,0.0,0,0,0.0,0,0.0,0,0.0,0,0.0,0,0.0,0,0.0,2025-26,Regular Season,PostTouch
101108,Chris Paul,1610612746,LAC,16,4,12,228.0,510,3,0,1,0.0,0,0,0.0,0,0.0,2,0.667,1,0.333,0,0.0,0,0.0,2025-26,Regular Season,PostTouch
1642959,Chris Youngblood,1610612757,POR,33,28,5,183.0,183,0,0,0,0.0,0,0,0.0,0,0.0,0,0.0,0,0.0,0,0.0,0,0.0,2025-26,Regular Season,PostTouch
1631128,Christian Braun,1610612743,DEN,41,26,15,1294.0,1938,1,0,0,0.0,1,2,0.5,1,1.0,0,0.0,0,0.0,0,0.0,1,1.0,2025-26,Regular Season,PostTouch
1631132,Christian Koloko,1610612737,ATL,26,16,10,335.0,383,1,0,0,0.0,0,0,0.0,0,0.0,0,0.0,0,0.0,1,1.0,0,0.0,2025-26,Regular Season,PostTouch
1642935,Chucky Hepburn,1610612761,TOR,2,0,2,13.0,31,0,0,0,0.0,0,0,0.0,0,0.0,0,0.0,0,0.0,0,0.0,0,0.0,2025-26,Regular Season,PostTouch
203991,Clint Capela,1610612745,HOU,70,43,27,868.0,1090,6,2,3,0.667,0,2,0.0,4,0.667,2,0.333,0,0.0,0,0.0,1,0.167,2025-26,Regular Season,PostTouch
1629632,Coby White,1610612766,CHA,47,27,20,1198.0,2505,2,0,0,0.0,0,0,0.0,0,0.0,2,1.0,2,1.0,0,0.0,0,0.0,2025-26,Regular Season,PostTouch
1628998,Cody Martin,1610612754,IND,4,0,4,55.0,73,0,0,0,0.0,0,0,0.0,0,0.0,0,0.0,0,0.0,0,0.0,0,0.0,2025-26,Regular Season,PostTouch
1642262,Cody Williams,1610612762,UTA,63,15,48,1487.0,1929,0,0,0,0.0,0,0,0.0,0,0.0,0,0.0,0,0.0,0,0.0,0,0.0,2025-26,Regular Season,PostTouch
1641732,Colby Jones,1610612765,DET,1,0,1,7.0,11,0,0,0,0.0,0,0,0.0,0,0.0,0,0.0,0,0.0,0,0.0,0,0.0,2025-26,Regular Season,PostTouch
1630175,Cole Anthony,1610612749,MIL,35,12,23,527.0,1285,0,0,0,0.0,0,0,0.0,0,0.0,0,0.0,0,0.0,0,0.0,0,0.0,2025-26,Regular Season,PostTouch
1630658,Colin Castleton,1610612753,ORL,1,0,1,10.0,15,0,0,0,0.0,0,0,0.0,0,0.0,0,0.0,0,0.0,0,0.0,0,0.0,2025-26,Regular Season,PostTouch
1631221,Collin Gillespie,1610612756,PHX,76,41,35,2191.0,4612,0,0,0,0.0,0,0,0.0,0,0.0,0,0.0,0,0.0,0,0.0,0,0.0,2025-26,Regular Season,PostTouch
1642867,Collin Murray-Boyles,1610612761,TOR,53,28,25,1164.0,1771,16,6,8,0.75,0,0,0.0,12,0.75,2,0.125,0,0.0,2,0.125,0,0.0,2025-26,Regular Season,PostTouch
1629012,Collin Sexton,1610612741,CHI,63,23,40,1463.0,2984,2,0,1,0.0,1,2,0.5,0,0.0,0,0.0,0,0.0,0,0.0,1,0.5,2025-26,Regular Season,PostTouch
1642843,Cooper Flagg,1610612742,DAL,65,20,45,2197.0,4462,33,8,16,0.5,0,0,0.0,17,0.515,12,0.364,5,0.152,3,0.091,0,0.0,2025-26,Regular Season,PostTouch
1630557,Corey Kispert,1610612737,ATL,55,26,29,1035.0,1385,0,0,0,0.0,0,0,0.0,0,0.0,0,0.0,0,0.0,0,0.0,0,0.0,2025-26,Regular Season,PostTouch
1642504,Cormac Ryan,1610612749,MIL,6,0,6,111.0,134,0,0,0,0.0,0,0,0.0,0,0.0,0,0.0,0,0.0,0,0.0,0,0.0,2025-26,Regular Season,PostTouch
1641854,Craig Porter Jr.,1610612739,CLE,60,40,20,1054.0,2049,1,0,1,0.0,0,0,0.0,0,0.0,0,0.0,0,0.0,0,0.0,0,0.0,2025-26,Regular Season,PostTouch
1642938,Curtis Jones,1610612743,DEN,7,5,2,33.0,49,0,0,0,0.0,0,0,0.0,0,0.0,0,0.0,0,0.0,0,0.0,0,0.0,2025-26,Regular Season,PostTouch
1626156,D'Angelo Russell,1610612764,WAS,26,9,17,495.0,1209,1,1,1,1.0,0,0,0.0,2,2.0,0,0.0,0,0.0,0,0.0,0,0.0,2025-26,Regular Season,PostTouch
1629610,DaQuan Jeffries,1610612758,SAC,3,0,3,60.0,52,0,0,0,0.0,0,0,0.0,0,0.0,0,0.0,0,0.0,0,0.0,0,0.0,2025-26,Regular Season,PostTouch
1641747,DaRon Holmes II,1610612743,DEN,22,14,8,200.0,258,2,0,0,0.0,0,0,0.0,0,0.0,1,0.5,0,0.0,1,0.5,0,0.0,2025-26,Regular Season,PostTouch
1631342,Daeqwon Plowden,1610612758,SAC,28,8,20,723.0,944,0,0,0,0.0,0,0,0.0,0,0.0,0,0.0,0,0.0,0,0.0,0,0.0,2025-26,Regular Season,PostTouch
1630625,Dalano Banton,1610612738,BOS,5,3,2,25.0,51,0,0,0,0.0,0,0,0.0,0,0.0,0,0.0,0,0.0,0,0.0,0,0.0,2025-26,Regular Season,PostTouch
1631207,Dalen Terry,1610612755,PHI,47,21,26,547.0,929,0,0,0,0.0,0,0,0.0,0,0.0,0,0.0,0,0.0,0,0.0,0,0.0,2025-26,Regular Season,PostTouch
1642261,Dalton Knecht,1610612747,LAL,50,31,19,515.0,651,0,0,0,0.0,0,0,0.0,0,0.0,0,0.0,0,0.0,0,0.0,0,0.0,2025-26,Regular Season,PostTouch
1629655,Daniel Gafford,1610612742,DAL,54,11,43,1175.0,1540,39,12,20,0.6,2,2,1.0,26,0.667,11,0.282,2,0.051,5,0.128,1,0.026,2025-26,Regular Season,PostTouch
1642450,Daniss Jenkins,1610612765,DET,67,50,17,1333.0,2943,0,0,0,0.0,0,0,0.0,0,0.0,0,0.0,0,0.0,0,0.0,0,0.0,2025-26,Regular Season,PostTouch
1642874,Danny Wolf,1610612751,BKN,57,14,43,1187.0,2023,15,2,6,0.333,2,2,1.0,6,0.4,6,0.4,0,0.0,2,0.133,1,0.067,2025-26,Regular Season,PostTouch
203967,Dario Saric,1610612758,SAC,5,1,4,41.0,40,0,0,0,0.0,0,0,0.0,0,0.0,0,0.0,0,0.0,0,0.0,0,0.0,2025-26,Regular Season,PostTouch
1641727,Dariq Whitehead,1610612763,MEM,1,0,1,22.0,37,0,0,0,0.0,0,0,0.0,0,0.0,0,0.0,0,0.0,0,0.0,0,0.0,2025-26,Regular Season,PostTouch
1642468,Darius Brown,1610612739,CLE,1,1,0,3.0,5,0,0,0,0.0,0,0,0.0,0,0.0,0,0.0,0,0.0,0,0.0,0,0.0,2025-26,Regular Season,PostTouch
1629636,Darius Garland,1610612746,LAC,41,23,18,1224.0,2734,1,0,0,0.0,0,0,0.0,0,0.0,1,1.0,0,0.0,0,0.0,0,0.0,2025-26,Regular Season,PostTouch
1642357,David Jones Garcia,1610612759,SAS,11,7,4,68.0,132,0,0,0,0.0,0,0,0.0,0,0.0,0,0.0,0,0.0,0,0.0,0,0.0,2025-26,Regular Season,PostTouch
1631223,David Roddy,1610612743,DEN,3,2,1,14.0,36,0,0,0,0.0,0,0,0.0,0,0.0,0,0.0,0,0.0,0,0.0,0,0.0,2025-26,Regular Season,PostTouch
1630558,Davion Mitchell,1610612748,MIA,66,35,31,1888.0,4322,0,0,0,0.0,0,0,0.0,0,0.0,0,0.0,0,0.0,0,0.0,0,0.0,2025-26,Regular Season,PostTouch
1630549,Day'Ron Sharpe,1610612751,BKN,62,17,45,1160.0,2177,48,11,20,0.55,12,14,0.857,35,0.729,12,0.25,5,0.104,4,0.083,7,0.146,2025-26,Regular Season,PostTouch
1628368,De'Aaron Fox,1610612759,SAS,67,52,15,2069.0,4382,2,1,2,0.5,0,0,0.0,2,1.0,0,0.0,0,0.0,0,0.0,0,0.0,2025-26,Regular Season,PostTouch
1629631,De'Andre Hunter,1610612758,SAC,45,24,21,1175.0,1836,4,0,2,0.0,0,0,0.0,0,0.0,0,0.0,0,0.0,0,0.0,0,0.0,2025-26,Regular Season,PostTouch
1629001,De'Anthony Melton,1610612744,GSW,44,21,23,1012.0,2242,4,3,3,1.0,0,0,0.0,6,1.5,0,0.0,0,0.0,1,0.25,0,0.0,2025-26,Regular Season,PostTouch
201599,DeAndre Jordan,1610612740,NOP,12,6,6,199.0,241,1,0,0,0.0,1,2,0.5,1,1.0,0,0.0,0,0.0,0,0.0,1,1.0,2025-26,Regular Season,PostTouch
1630610,DeJon Jarreau,1610612763,MEM,11,2,9,231.0,522,0,0,0,0.0,0,0,0.0,0,0.0,0,0.0,0,0.0,0,0.0,0,0.0,2025-26,Regular Season,PostTouch
201942,DeMar DeRozan,1610612758,SAC,76,20,56,2395.0,3313,216,45,91,0.495,29,36,0.806,128,0.593,94,0.435,21,0.097,6,0.028,19,0.088,2025-26,Regular Season,PostTouch
1629731,Dean Wade,1610612739,CLE,57,35,22,1279.0,1632,0,0,0,0.0,0,0,0.0,0,0.0,0,0.0,0,0.0,0,0.0,0,0.0,2025-26,Regular Season,PostTouch
1629028,Deandre Ayton,1610612747,LAL,67,43,24,1830.0,2504,63,25,40,0.625,4,4,1.0,55,0.873,12,0.19,1,0.016,4,0.063,2,0.032,2025-26,Regular Season,PostTouch
1627749,Dejounte Murray,1610612740,NOP,14,5,9,389.0,932,1,0,0,0.0,0,0,0.0,0,0.0,1,1.0,0,0.0,0,0.0,0,0.0,2025-26,Regular Season,PostTouch
1630166,Deni Avdija,1610612757,POR,62,33,29,2054.0,5138,34,4,7,0.571,2,2,1.0,10,0.294,21,0.618,1,0.029,1,0.029,1,0.029,2025-26,Regular Season,PostTouch
203471,Dennis Schröder,1610612739,CLE,66,26,40,1617.0,3779,3,0,0,0.0,0,0,0.0,0,0.0,2,0.667,0,0.0,1,0.333,0,0.0,2025-26,Regular Season,PostTouch
1641726,Dereck Lively II,1610612742,DAL,7,3,4,115.0,170,0,0,0,0.0,0,0,0.0,0,0.0,0,0.0,0,0.0,0,0.0,0,0.0,2025-26,Regular Season,PostTouch
1642852,Derik Queen,1610612740,NOP,77,25,52,1888.0,3752,89,13,36,0.361,11,14,0.786,38,0.427,34,0.382,11,0.124,7,0.079,8,0.09,2025-26,Regular Season,PostTouch
1627884,Derrick Jones Jr.,1610612746,LAC,45,23,22,1226.0,1518,1,0,0,0.0,0,0,0.0,0,0.0,1,1.0,0,0.0,0,0.0,0,0.0,2025-26,Regular Season,PostTouch
1628401,Derrick White,1610612738,BOS,73,49,24,2500.0,5776,0,0,0,0.0,0,0,0.0,0,0.0,0,0.0,0,0.0,0,0.0,0,0.0,2025-26,Regular Season,PostTouch
1630217,Desmond Bane,1610612753,ORL,77,41,36,2625.0,4651,1,0,0,0.0,0,0,0.0,0,0.0,1,1.0,0,0.0,0,0.0,0,0.0,2025-26,Regular Season,PostTouch
1626164,Devin Booker,1610612756,PHX,61,35,26,2035.0,3910,50,7,19,0.368,4,4,1.0,19,0.38,21,0.42,8,0.16,5,0.1,2,0.04,2025-26,Regular Season,PostTouch
1642269,Devin Carter,1610612758,SAC,34,7,27,574.0,1206,1,0,0,0.0,0,0,0.0,0,0.0,1,1.0,0,0.0,0,0.0,0,0.0,2025-26,Regular Season,PostTouch
1630170,Devin Vassell,1610612759,SAS,62,49,13,1883.0,2630,1,0,1,0.0,0,0,0.0,0,0.0,0,0.0,0,0.0,0,0.0,0,0.0,2025-26,Regular Season,PostTouch
1628415,Dillon Brooks,1610612756,PHX,52,30,22,1581.0,2212,59,23,39,0.59,7,10,0.7,54,0.915,10,0.169,4,0.068,2,0.034,6,0.102,2025-26,Regular Season,PostTouch
1641794,Dillon Jones,1610612752,NYK,6,5,1,27.0,48,0,0,0,0.0,0,0,0.0,0,0.0,0,0.0,0,0.0,0,0.0,0,0.0,2025-26,Regular Season,PostTouch
1627734,Domantas Sabonis,1610612758,SAC,19,3,16,564.0,1212,42,5,16,0.313,5,6,0.833,15,0.357,16,0.381,4,0.095,7,0.167,3,0.071,2025-26,Regular Season,PostTouch
1631230,Dominick Barlow,1610612755,PHI,66,38,28,1581.0,1837,2,1,1,1.0,0,0,0.0,2,1.0,1,0.5,0,0.0,0,0.0,0,0.0,2025-26,Regular Season,PostTouch
1642270,Donovan Clingan,1610612757,POR,73,39,34,1983.0,3052,22,7,9,0.778,4,6,0.667,19,0.864,6,0.273,4,0.182,4,0.182,3,0.136,2025-26,Regular Season,PostTouch
1628378,Donovan Mitchell,1610612739,CLE,68,43,25,2275.0,4787,1,0,0,0.0,0,0,0.0,0,0.0,0,0.0,0,0.0,1,1.0,0,0.0,2025-26,Regular Season,PostTouch
1628978,Donte DiVincenzo,1610612750,MIN,77,46,31,2379.0,4267,0,0,0,0.0,0,0,0.0,0,0.0,0,0.0,0,0.0,0,0.0,0,0.0,2025-26,Regular Season,PostTouch
1627827,Dorian Finney-Smith,1610612745,HOU,36,22,14,599.0,717,0,0,0,0.0,0,0,0.0,0,0.0,0,0.0,0,0.0,0,0.0,0,0.0,2025-26,Regular Season,PostTouch
203926,Doug McDermott,1610612758,SAC,25,7,18,360.0,468,0,0,0,0.0,0,0,0.0,0,0.0,0,0.0,0,0.0,0,0.0,0,0.0,2025-26,Regular Season,PostTouch
1642962,Drake Powell,1610612751,BKN,59,14,45,1204.0,1644,0,0,0,0.0,0,0,0.0,0,0.0,0,0.0,0,0.0,0,0.0,0,0.0,2025-26,Regular Season,PostTouch
203110,Draymond Green,1610612744,GSW,64,30,34,1762.0,4447,13,0,2,0.0,0,0,0.0,0,0.0,11,0.846,3,0.231,0,0.0,0,0.0,2025-26,Regular Season,PostTouch
1629234,Drew Eubanks,1610612758,SAC,42,10,32,552.0,666,6,2,3,0.667,0,0,0.0,4,0.667,0,0.0,0,0.0,1,0.167,0,0.0,2025-26,Regular Season,PostTouch
1641809,Drew Peterson,1610612766,CHA,6,1,5,64.0,78,0,0,0,0.0,0,0,0.0,0,0.0,0,0.0,0,0.0,0,0.0,0,0.0,2025-26,Regular Season,PostTouch
1631166,Drew Timme,1610612747,LAL,23,15,8,186.0,273,12,3,8,0.375,0,0,0.0,6,0.5,4,0.333,0,0.0,0,0.0,0,0.0,2025-26,Regular Season,PostTouch
1630696,Dru Smith,1610612748,MIA,69,37,32,1129.0,2299,2,0,1,0.0,0,0,0.0,0,0.0,1,0.5,0,0.0,0,0.0,0,0.0,2025-26,Regular Season,PostTouch
1629130,Duncan Robinson,1610612765,DET,73,54,19,2018.0,2396,0,0,0,0.0,0,0,0.0,0,0.0,0,0.0,0,0.0,0,0.0,0,0.0,2025-26,Regular Season,PostTouch
1641871,Duop Reath,1610612757,POR,32,16,16,258.0,305,2,1,2,0.5,0,0,0.0,3,1.5,0,0.0,0,0.0,0,0.0,0,0.0,2025-26,Regular Season,PostTouch
203939,Dwight Powell,1610612742,DAL,58,17,41,813.0,983,0,0,0,0.0,0,0,0.0,0,0.0,0,0.0,0,0.0,0,0.0,0,0.0,2025-26,Regular Season,PostTouch
1642928,Dylan Cardwell,1610612758,SAC,40,12,28,809.0,942,9,0,1,0.0,1,2,0.5,1,0.111,6,0.667,2,0.222,0,0.0,1,0.111,2025-26,Regular Season,PostTouch
1642844,Dylan Harper,1610612759,SAS,64,50,14,1433.0,3024,0,0,0,0.0,0,0,0.0,0,0.0,0,0.0,0,0.0,0,0.0,0,0.0,2025-26,Regular Season,PostTouch
1630700,Dyson Daniels,1610612737,ATL,73,43,30,2419.0,4719,2,0,0,0.0,0,0,0.0,0,0.0,2,1.0,1,0.5,0,0.0,0,0.0,2025-26,Regular Season,PostTouch
1630604,E.J. Liddell,1610612751,BKN,21,3,18,203.0,282,1,0,1,0.0,0,0,0.0,0,0.0,0,0.0,0,0.0,0,0.0,0,0.0,2025-26,Regular Season,PostTouch
1642856,Egor Dëmin,1610612751,BKN,52,14,38,1308.0,2810,1,1,1,1.0,0,0,0.0,2,2.0,0,0.0,0,0.0,0,0.0,0,0.0,2025-26,Regular Season,PostTouch
1641989,Elijah Harkless,1610612762,UTA,26,5,21,545.0,914,0,0,0,0.0,0,0,0.0,0,0.0,0,0.0,0,0.0,0,0.0,0,0.0,2025-26,Regular Season,PostTouch
1641801,Emanuel Miller,1610612759,SAS,5,0,5,33.0,44,0,0,0,0.0,0,0,0.0,0,0.0,0,0.0,0,0.0,0,0.0,0,0.0,2025-26,Regular Season,PostTouch
1642402,Enrique Freeman,1610612750,MIN,2,1,1,8.0,8,0,0,0,0.0,0,0,0.0,0,0.0,0,0.0,0,0.0,0,0.0,0,0.0,2025-26,Regular Season,PostTouch
201569,Eric Gordon,1610612755,PHI,6,3,3,74.0,103,0,0,0,0.0,0,0,0.0,0,0.0,0,0.0,0,0.0,0,0.0,0,0.0,2025-26,Regular Season,PostTouch
1630679,Ethan Thompson,1610612754,IND,27,7,20,488.0,717,0,0,0,0.0,0,0,0.0,0,0.0,0,0.0,0,0.0,0,0.0,0,0.0,2025-26,Regular Season,PostTouch
1630596,Evan Mobley,1610612739,CLE,62,38,24,1991.0,4026,89,18,35,0.514,7,14,0.5,44,0.494,32,0.36,13,0.146,9,0.101,8,0.09,2025-26,Regular Season,PostTouch
1630532,Franz Wagner,1610612753,ORL,30,17,13,928.0,1675,17,4,7,0.571,4,4,1.0,13,0.765,5,0.294,1,0.059,1,0.059,3,0.176,2025-26,Regular Season,PostTouch
1641713,GG Jackson,1610612763,MEM,54,16,38,1160.0,2066,6,0,2,0.0,1,2,0.5,1,0.167,0,0.0,0,0.0,2,0.333,1,0.167,2025-26,Regular Season,PostTouch
1629216,Gabe Vincent,1610612737,ATL,50,35,15,840.0,1152,0,0,0,0.0,0,0,0.0,0,0.0,0,0.0,0,0.0,0,0.0,0,0.0,2025-26,Regular Season,PostTouch
202066,Garrett Temple,1610612761,TOR,21,9,12,69.0,137,1,1,1,1.0,0,0,0.0,2,2.0,0,0.0,0,0.0,0,0.0,0,0.0,2025-26,Regular Season,PostTouch
1629726,Garrison Mathews,1610612754,IND,15,4,11,196.0,255,0,0,0,0.0,0,0,0.0,0,0.0,0,0.0,0,0.0,0,0.0,0,0.0,2025-26,Regular Season,PostTouch
203914,Gary Harris,1610612749,MIL,46,15,31,632.0,680,0,0,0,0.0,0,0,0.0,0,0.0,0,0.0,0,0.0,0,0.0,0,0.0,2025-26,Regular Season,PostTouch
1627780,Gary Payton II,1610612744,GSW,68,32,36,1051.0,1947,12,0,0,0.0,0,0,0.0,0,0.0,11,0.917,3,0.25,0,0.0,0,0.0,2025-26,Regular Season,PostTouch
1629018,Gary Trent Jr.,1610612749,MIL,64,24,40,1358.0,1307,0,0,0,0.0,0,0,0.0,0,0.0,0,0.0,0,0.0,0,0.0,0,0.0,2025-26,Regular Season,PostTouch
203507,Giannis Antetokounmpo,1610612749,MIL,36,17,19,1039.0,2553,186,42,71,0.592,8,12,0.667,95,0.511,77,0.414,18,0.097,16,0.086,6,0.032,2025-26,Regular Season,PostTouch
1629048,Goga Bitadze,1610612753,ORL,59,30,29,877.0,1272,15,5,5,1.0,6,8,0.75,16,1.067,5,0.333,2,0.133,0,0.0,4,0.267,2025-26,Regular Season,PostTouch
1641711,Gradey Dick,1610612761,TOR,71,40,31,1042.0,1194,0,0,0,0.0,0,0,0.0,0,0.0,0,0.0,0,0.0,0,0.0,0,0.0,2025-26,Regular Season,PostTouch
1641761,Grant Nelson,1610612751,BKN,4,0,4,35.0,59,1,0,0,0.0,0,0,0.0,0,0.0,1,1.0,0,0.0,0,0.0,0,0.0,2025-26,Regular Season,PostTouch
1629684,Grant Williams,1610612766,CHA,32,23,9,624.0,853,12,1,4,0.25,3,6,0.5,5,0.417,3,0.25,0,0.0,1,0.083,3,0.25,2025-26,Regular Season,PostTouch
1628960,Grayson Allen,1610612756,PHX,48,25,23,1413.0,2653,0,0,0,0.0,0,0,0.0,0,0.0,0,0.0,0,0.0,0,0.0,0,0.0,2025-26,Regular Season,PostTouch
1627824,Guerschon Yabusele,1610612741,CHI,64,30,34,932.0,1318,20,3,8,0.375,3,4,0.75,9,0.45,7,0.35,3,0.15,1,0.05,2,0.1,2025-26,Regular Season,PostTouch
1630611,Gui Santos,1610612744,GSW,65,29,36,1320.0,2473,26,2,6,0.333,4,4,1.0,8,0.308,13,0.5,2,0.077,3,0.115,2,0.077,2025-26,Regular Season,PostTouch
203084,Harrison Barnes,1610612759,SAS,72,54,18,1873.0,2304,11,2,4,0.5,2,2,1.0,7,0.636,3,0.273,0,0.0,3,0.273,1,0.091,2025-26,Regular Season,PostTouch
1631127,Harrison Ingram,1610612759,SAS,6,5,1,20.0,31,0,0,0,0.0,0,0,0.0,0,0.0,0,0.0,0,0.0,0,0.0,0,0.0,2025-26,Regular Season,PostTouch
1629312,Haywood Highsmith,1610612756,PHX,6,3,3,80.0,92,0,0,0,0.0,0,0,0.0,0,0.0,0,0.0,0,0.0,0,0.0,0,0.0,2025-26,Regular Season,PostTouch
1630529,Herbert Jones,1610612740,NOP,55,22,33,1580.0,2488,1,0,0,0.0,0,0,0.0,0,0.0,1,1.0,1,1.0,0,0.0,0,0.0,2025-26,Regular Season,PostTouch
1642864,Hugo González,1610612738,BOS,72,49,23,1057.0,1243,0,0,0,0.0,0,0,0.0,0,0.0,0,0.0,0,0.0,0,0.0,0,0.0,2025-26,Regular Season,PostTouch
1630621,Hunter Dickinson,1610612740,NOP,1,0,1,5.0,7,0,0,0,0.0,0,0,0.0,0,0.0,0,0.0,0,0.0,0,0.0,0,0.0,2025-26,Regular Season,PostTouch
1642282,Hunter Sallis,1610612755,PHI,7,3,4,26.0,62,0,0,0,0.0,0,0,0.0,0,0.0,0,0.0,0,0.0,0,0.0,0,0.0,2025-26,Regular Season,PostTouch
1641816,Hunter Tyson,1610612743,DEN,21,15,6,162.0,212,0,0,0,0.0,0,0,0.0,0,0.0,0,0.0,0,0.0,0,0.0,0,0.0,2025-26,Regular Season,PostTouch
1630193,Immanuel Quickley,1610612761,TOR,67,38,29,2174.0,4921,0,0,0,0.0,0,0,0.0,0,0.0,0,0.0,0,0.0,0,0.0,0,0.0,2025-26,Regular Season,PostTouch
1642403,Isaac Jones,1610612765,DET,6,4,2,26.0,18,0,0,0,0.0,0,0,0.0,0,0.0,0,0.0,0,0.0,0,0.0,0,0.0,2025-26,Regular Season,PostTouch
1630171,Isaac Okoro,1610612741,CHI,61,25,36,1642.0,1786,11,0,1,0.0,2,2,1.0,2,0.182,7,0.636,3,0.273,1,0.091,1,0.091,2025-26,Regular Season,PostTouch
1642268,Isaiah Collier,1610612762,UTA,59,16,43,1517.0,4024,4,1,1,1.0,0,0,0.0,2,0.5,2,0.5,0,0.0,0,0.0,0,0.0,2025-26,Regular Season,PostTouch
1642384,Isaiah Crawford,1610612745,HOU,13,7,6,76.0,67,0,0,0,0.0,0,0,0.0,0,0.0,0,0.0,0,0.0,0,0.0,0,0.0,2025-26,Regular Season,PostTouch
1628392,Isaiah Hartenstein,1610612760,OKC,44,36,8,1089.0,2066,13,3,5,0.6,0,0,0.0,6,0.462,5,0.385,4,0.308,2,0.154,0,0.0,2025-26,Regular Season,PostTouch
1630543,Isaiah Jackson,1610612746,LAC,55,20,35,908.0,1176,20,8,10,0.8,8,10,0.8,24,1.2,1,0.05,0,0.0,3,0.15,5,0.25,2025-26,Regular Season,PostTouch
1630198,Isaiah Joe,1610612760,OKC,68,53,15,1452.0,1907,0,0,0,0.0,0,0,0.0,0,0.0,0,0.0,0,0.0,0,0.0,0,0.0,2025-26,Regular Season,PostTouch
1630587,Isaiah Livers,1610612756,PHX,36,21,15,347.0,379,0,0,0,0.0,0,0,0.0,0,0.0,0,0.0,0,0.0,0,0.0,0,0.0,2025-26,Regular Season,PostTouch
1641815,Isaiah Stevens,1610612758,SAC,3,0,3,43.0,94,0,0,0,0.0,0,0,0.0,0,0.0,0,0.0,0,0.0,0,0.0,0,0.0,2025-26,Regular Season,PostTouch
1630191,Isaiah Stewart,1610612765,DET,55,39,16,1273.0,1434,58,16,30,0.533,5,8,0.625,40,0.69,8,0.138,2,0.034,8,0.138,5,0.086,2025-26,Regular Season,PostTouch
1627826,Ivica Zubac,1610612754,IND,48,17,31,1447.0,2304,232,57,103,0.553,10,20,0.5,127,0.547,87,0.375,20,0.086,14,0.06,11,0.047,2025-26,Regular Season,PostTouch
1631120,JD Davison,1610612745,HOU,27,22,5,192.0,359,0,0,0,0.0,0,0,0.0,0,0.0,0,0.0,0,0.0,0,0.0,0,0.0,2025-26,Regular Season,PostTouch
1629630,Ja Morant,1610612763,MEM,20,7,13,568.0,1431,7,1,3,0.333,2,2,1.0,4,0.571,3,0.429,0,0.0,0,0.0,1,0.143,2025-26,Regular Season,PostTouch
1642266,Ja'Kobe Walter,1610612761,TOR,67,38,29,1337.0,1625,0,0,0,0.0,0,0,0.0,0,0.0,0,0.0,0,0.0,0,0.0,0,0.0,2025-26,Regular Season,PostTouch
1631095,Jabari Smith Jr.,1610612745,HOU,73,45,28,2561.0,3778,36,9,17,0.529,2,2,1.0,20,0.556,12,0.333,2,0.056,4,0.111,1,0.028,2025-26,Regular Season,PostTouch
1631133,Jabari Walker,1610612755,PHI,61,35,26,745.0,892,2,0,1,0.0,0,0,0.0,0,0.0,1,0.5,0,0.0,0,0.0,0,0.0,2025-26,Regular Season,PostTouch
1631210,Jacob Toppin,1610612737,ATL,5,3,2,17.0,35,0,0,0,0.0,0,0,0.0,0,0.0,0,0.0,0,0.0,0,0.0,0,0.0,2025-26,Regular Season,PostTouch
1630702,Jaden Hardy,1610612764,WAS,54,13,41,843.0,1229,0,0,0,0.0,0,0,0.0,0,0.0,0,0.0,0,0.0,0,0.0,0,0.0,2025-26,Regular Season,PostTouch
1631093,Jaden Ivey,1610612741,CHI,37,23,14,670.0,1119,0,0,0,0.0,0,0,0.0,0,0.0,0,0.0,0,0.0,0,0.0,0,0.0,2025-26,Regular Season,PostTouch
1630183,Jaden McDaniels,1610612750,MIN,71,43,28,2262.0,3322,8,2,4,0.5,0,0,0.0,4,0.5,3,0.375,1,0.125,0,0.0,0,0.0,2025-26,Regular Season,PostTouch
1630256,Jae'Sean Tate,1610612745,HOU,42,30,12,353.0,454,9,2,5,0.4,0,0,0.0,4,0.444,3,0.333,0,0.0,0,0.0,0,0.0,2025-26,Regular Season,PostTouch
1642942,Jahmai Mashack,1610612763,MEM,28,10,18,554.0,804,0,0,0,0.0,0,0,0.0,0,0.0,0,0.0,0,0.0,0,0.0,0,0.0,2025-26,Regular Season,PostTouch
1642443,Jahmir Young,1610612748,MIA,11,8,3,51.0,113,0,0,0,0.0,0,0,0.0,0,0.0,0,0.0,0,0.0,0,0.0,0,0.0,2025-26,Regular Season,PostTouch
1643141,Jahmyl Telfort,1610612746,LAC,8,2,6,32.0,30,0,0,0,0.0,0,0,0.0,0,0.0,0,0.0,0,0.0,0,0.0,0,0.0,2025-26,Regular Season,PostTouch
1631170,Jaime Jaquez Jr.,1610612748,MIA,70,38,32,1977.0,4621,37,9,15,0.6,0,0,0.0,18,0.486,19,0.514,1,0.027,2,0.054,0,0.0,2025-26,Regular Season,PostTouch
1631222,Jake LaRavia,1610612747,LAL,77,50,27,1920.0,2817,3,1,3,0.333,0,0,0.0,2,0.667,0,0.0,0,0.0,0,0.0,0,0.0,2025-26,Regular Season,PostTouch
1627751,Jakob Poeltl,1610612761,TOR,41,23,18,1047.0,1551,16,4,5,0.8,1,2,0.5,9,0.563,9,0.563,2,0.125,1,0.063,1,0.063,2025-26,Regular Season,PostTouch
1628973,Jalen Brunson,1610612752,NYK,71,47,24,2482.0,6495,41,10,24,0.417,5,6,0.833,25,0.61,12,0.293,1,0.024,2,0.049,3,0.073,2025-26,Regular Season,PostTouch
1631105,Jalen Duren,1610612765,DET,66,47,19,1864.0,3280,80,22,49,0.449,26,32,0.813,71,0.888,11,0.138,0,0.0,3,0.038,16,0.2,2025-26,Regular Season,PostTouch
1630224,Jalen Green,1610612756,PHX,29,15,14,757.0,1399,1,0,0,0.0,0,0,0.0,0,0.0,1,1.0,0,0.0,0,0.0,0,0.0,2025-26,Regular Season,PostTouch
1630552,Jalen Johnson,1610612737,ATL,69,41,28,2432.0,6192,67,19,31,0.613,9,10,0.9,47,0.701,20,0.299,7,0.104,6,0.09,5,0.075,2025-26,Regular Season,PostTouch
1629618,Jalen Pickett,1610612743,DEN,47,31,16,741.0,1321,4,0,1,0.0,0,0,0.0,0,0.0,1,0.25,0,0.0,2,0.5,0,0.0,2025-26,Regular Season,PostTouch
1641771,Jalen Slawson,1610612754,IND,8,2,6,172.0,301,1,0,1,0.0,0,0,0.0,0,0.0,0,0.0,0,0.0,0,0.0,0,0.0,2025-26,Regular Season,PostTouch
1630188,Jalen Smith,1610612741,CHI,53,26,27,1095.0,1827,10,4,6,0.667,0,0,0.0,8,0.8,2,0.2,0,0.0,2,0.2,0,0.0,2025-26,Regular Season,PostTouch
1630591,Jalen Suggs,1610612753,ORL,52,30,22,1423.0,3328,4,1,1,1.0,0,0,0.0,2,0.5,2,0.5,0,0.0,0,0.0,0,0.0,2025-26,Regular Season,PostTouch
1631114,Jalen Williams,1610612760,OKC,31,23,8,878.0,1695,0,0,0,0.0,0,0,0.0,0,0.0,0,0.0,0,0.0,0,0.0,0,0.0,2025-26,Regular Season,PostTouch
1630592,Jalen Wilson,1610612751,BKN,49,8,41,716.0,992,2,0,1,0.0,0,0,0.0,0,0.0,1,0.5,0,0.0,0,0.0,0,0.0,2025-26,Regular Season,PostTouch
1631288,Jamal Cain,1610612753,ORL,35,18,17,390.0,460,0,0,0,0.0,0,0,0.0,0,0.0,0,0.0,0,0.0,0,0.0,0,0.0,2025-26,Regular Season,PostTouch
1627750,Jamal Murray,1610612743,DEN,72,45,27,2533.0,5485,47,17,32,0.531,5,6,0.833,39,0.83,11,0.234,1,0.021,1,0.021,3,0.064,2025-26,Regular Season,PostTouch
1642347,Jamal Shead,1610612761,TOR,77,43,34,1734.0,3781,0,0,0,0.0,0,0,0.0,0,0.0,0,0.0,0,0.0,0,0.0,0,0.0,2025-26,Regular Season,PostTouch
1631123,Jamaree Bouyea,1610612756,PHX,42,21,21,573.0,1101,0,0,0,0.0,0,0,0.0,0,0.0,0,0.0,0,0.0,0,0.0,0,0.0,2025-26,Regular Season,PostTouch
201935,James Harden,1610612739,CLE,67,38,29,2345.0,5143,39,9,18,0.5,6,6,1.0,24,0.615,17,0.436,8,0.205,1,0.026,3,0.077,2025-26,Regular Season,PostTouch
1630164,James Wiseman,1610612754,IND,4,0,4,58.0,61,2,0,1,0.0,0,0,0.0,0,0.0,0,0.0,0,0.0,1,0.5,0,0.0,2025-26,Regular Season,PostTouch
1642364,Jamir Watkins,1610612764,WAS,44,10,34,854.0,1023,1,0,0,0.0,0,0,0.0,0,0.0,1,1.0,1,1.0,0,0.0,0,0.0,2025-26,Regular Season,PostTouch
1642419,Jamison Battle,1610612761,TOR,56,32,24,498.0,553,1,0,0,0.0,0,0,0.0,0,0.0,0,0.0,0,0.0,1,1.0,0,0.0,2025-26,Regular Season,PostTouch
1641716,Jarace Walker,1610612754,IND,73,15,58,1866.0,3063,13,1,4,0.25,1,2,0.5,3,0.231,6,0.462,1,0.077,2,0.154,1,0.077,2025-26,Regular Season,PostTouch
1642272,Jared McCain,1610612760,OKC,62,43,19,1075.0,1802,0,0,0,0.0,0,0,0.0,0,0.0,0,0.0,0,0.0,0,0.0,0,0.0,2025-26,Regular Season,PostTouch
1628991,Jaren Jackson Jr.,1610612762,UTA,48,19,29,1455.0,2340,152,43,81,0.531,10,14,0.714,98,0.645,47,0.309,8,0.053,9,0.059,7,0.046,2025-26,Regular Season,PostTouch
1629020,Jarred Vanderbilt,1610612747,LAL,60,36,24,1051.0,1346,0,0,0,0.0,0,0,0.0,0,0.0,0,0.0,0,0.0,0,0.0,0,0.0,2025-26,Regular Season,PostTouch
1628386,Jarrett Allen,1610612739,CLE,54,35,19,1465.0,2062,53,19,28,0.679,10,16,0.625,48,0.906,5,0.094,3,0.057,5,0.094,8,0.151,2025-26,Regular Season,PostTouch
1642859,Jase Richardson,1610612753,ORL,51,23,28,571.0,890,0,0,0,0.0,0,0,0.0,0,0.0,0,0.0,0,0.0,0,0.0,0,0.0,2025-26,Regular Season,PostTouch
1642914,Javon Small,1610612763,MEM,40,13,27,804.0,1561,0,0,0,0.0,0,0,0.0,0,0.0,0,0.0,0,0.0,0,0.0,0,0.0,2025-26,Regular Season,PostTouch
1631451,Javonte Cooke,1610612757,POR,19,6,13,94.0,175,0,0,0,0.0,0,0,0.0,0,0.0,0,0.0,0,0.0,0,0.0,0,0.0,2025-26,Regular Season,PostTouch
1629750,Javonte Green,1610612765,DET,77,56,21,1370.0,1892,0,0,0,0.0,0,0,0.0,0,0.0,0,0.0,0,0.0,0,0.0,0,0.0,2025-26,Regular Season,PostTouch
1629637,Jaxson Hayes,1610612747,LAL,65,43,22,1179.0,1306,10,0,0,0.0,0,0,0.0,0,0.0,7,0.7,1,0.1,0,0.0,0,0.0,2025-26,Regular Season,PostTouch
1630643,Jay Huff,1610612754,IND,77,18,59,1603.0,2211,42,13,19,0.684,5,6,0.833,31,0.738,10,0.238,0,0.0,5,0.119,3,0.071,2025-26,Regular Season,PostTouch
1627759,Jaylen Brown,1610612738,BOS,68,44,24,2335.0,4670,83,18,35,0.514,10,10,1.0,46,0.554,30,0.361,10,0.12,4,0.048,5,0.06,2025-26,Regular Season,PostTouch
1641740,Jaylen Clark,1610612750,MIN,63,37,26,784.0,691,0,0,0,0.0,0,0,0.0,0,0.0,0,0.0,0,0.0,0,0.0,0,0.0,2025-26,Regular Season,PostTouch
1642377,Jaylen Wells,1610612763,MEM,69,24,45,1821.0,2167,1,0,0,0.0,0,0,0.0,0,0.0,1,1.0,0,0.0,0,0.0,0,0.0,2025-26,Regular Season,PostTouch
1631119,Jaylin Williams,1610612760,OKC,62,51,11,1237.0,2602,5,0,0,0.0,1,2,0.5,1,0.2,3,0.6,1,0.2,0,0.0,1,0.2,2025-26,Regular Season,PostTouch
1642281,Jaylon Tyson,1610612739,CLE,64,40,24,1727.0,2578,1,0,1,0.0,0,0,0.0,0,0.0,0,0.0,0,0.0,0,0.0,0,0.0,2025-26,Regular Season,PostTouch
1643257,Jayson Kent,1610612757,POR,3,2,1,19.0,17,0,0,0,0.0,0,0,0.0,0,0.0,0,0.0,0,0.0,0,0.0,0,0.0,2025-26,Regular Season,PostTouch
1628369,Jayson Tatum,1610612738,BOS,13,11,2,409.0,955,8,2,5,0.4,0,0,0.0,4,0.5,2,0.25,2,0.25,1,0.125,0,0.0,2025-26,Regular Season,PostTouch
201145,Jeff Green,1610612745,HOU,29,21,8,151.0,153,7,2,4,0.5,0,0,0.0,4,0.571,3,0.429,2,0.286,0,0.0,0,0.0,2025-26,Regular Season,PostTouch
203924,Jerami Grant,1610612757,POR,57,27,30,1695.0,2637,33,8,9,0.889,0,0,0.0,17,0.515,19,0.576,5,0.152,5,0.152,0,0.0,2025-26,Regular Season,PostTouch
1642847,Jeremiah Fears,1610612740,NOP,78,25,53,1952.0,4244,4,0,2,0.0,0,0,0.0,0,0.0,2,0.5,0,0.0,0,0.0,0,0.0,2025-26,Regular Season,PostTouch
1630526,Jeremiah Robinson-Earl,1610612742,DAL,22,8,14,361.0,477,0,0,0,0.0,0,0,0.0,0,0.0,0,0.0,0,0.0,0,0.0,0,0.0,2025-26,Regular Season,PostTouch
1631110,Jeremy Sochan,1610612752,NYK,42,29,13,443.0,650,5,2,3,0.667,0,0,0.0,5,1.0,2,0.4,0,0.0,0,0.0,0,0.0,2025-26,Regular Season,PostTouch
1630579,Jericho Sims,1610612749,MIL,62,23,39,1155.0,1663,1,0,0,0.0,0,0,0.0,0,0.0,1,1.0,0,0.0,0,0.0,0,0.0,2025-26,Regular Season,PostTouch
1641724,Jett Howard,1610612753,ORL,55,28,27,695.0,755,2,0,0,0.0,2,2,1.0,2,1.0,1,0.5,0,0.0,0,0.0,1,0.5,2025-26,Regular Season,PostTouch
1628975,Jevon Carter,1610612753,ORL,48,22,26,776.0,1480,0,0,0,0.0,0,0,0.0,0,0.0,0,0.0,0,0.0,0,0.0,0,0.0,2025-26,Regular Season,PostTouch
202710,Jimmy Butler III,1610612744,GSW,38,23,15,1182.0,2441,67,11,19,0.579,6,6,1.0,29,0.433,42,0.627,11,0.164,2,0.03,3,0.045,2025-26,Regular Season,PostTouch
1642866,Joan Beringer,1610612750,MIN,35,19,16,228.0,272,6,1,2,0.5,0,0,0.0,2,0.333,2,0.333,0,0.0,1,0.167,0,0.0,2025-26,Regular Season,PostTouch
1629111,Jock Landale,1610612737,ATL,68,36,32,1506.0,2182,122,32,62,0.516,12,18,0.667,76,0.623,31,0.254,8,0.066,8,0.066,9,0.074,2025-26,Regular Season,PostTouch
204060,Joe Ingles,1610612750,MIN,25,12,13,102.0,172,0,0,0,0.0,0,0,0.0,0,0.0,0,0.0,0,0.0,0,0.0,0,0.0,2025-26,Regular Season,PostTouch
203954,Joel Embiid,1610612755,PHI,37,24,13,1162.0,2550,196,49,90,0.544,33,40,0.825,134,0.684,68,0.347,12,0.061,12,0.061,20,0.102,2025-26,Regular Season,PostTouch
1628381,John Collins,1610612746,LAC,64,29,35,1758.0,2336,77,36,48,0.75,3,6,0.5,77,1.0,20,0.26,6,0.078,4,0.052,3,0.039,2025-26,Regular Season,PostTouch
1629723,John Konchar,1610612762,UTA,52,17,35,988.0,1420,0,0,0,0.0,0,0,0.0,0,0.0,0,0.0,0,0.0,0,0.0,0,0.0,2025-26,Regular Season,PostTouch
1642967,John Poulakidas,1610612742,DAL,8,1,7,133.0,146,0,0,0,0.0,0,0,0.0,0,0.0,0,0.0,0,0.0,0,0.0,0,0.0,2025-26,Regular Season,PostTouch
1642910,John Tonje,1610612738,BOS,5,4,1,12.0,18,0,0,0,0.0,0,0,0.0,0,0.0,0,0.0,0,0.0,0,0.0,0,0.0,2025-26,Regular Season,PostTouch
1641780,Johni Broome,1610612755,PHI,11,5,6,55.0,99,4,0,0,0.0,2,2,1.0,2,0.5,3,0.75,1,0.25,0,0.0,1,0.25,2025-26,Regular Season,PostTouch
1642277,Johnny Furphy,1610612754,IND,35,10,25,643.0,958,2,0,0,0.0,0,2,0.0,0,0.0,1,0.5,1,0.5,0,0.0,1,0.5,2025-26,Regular Season,PostTouch
1630548,Johnny Juzang,1610612750,MIN,21,13,8,88.0,121,0,0,0,0.0,0,0,0.0,0,0.0,0,0.0,0,0.0,0,0.0,0,0.0,2025-26,Regular Season,PostTouch
202685,Jonas Valančiūnas,1610612743,DEN,60,37,23,792.0,1599,126,38,65,0.585,28,36,0.778,104,0.825,14,0.111,2,0.016,14,0.111,18,0.143,2025-26,Regular Season,PostTouch
1628371,Jonathan Isaac,1610612753,ORL,52,29,23,521.0,613,0,0,0,0.0,0,0,0.0,0,0.0,0,0.0,0,0.0,0,0.0,0,0.0,2025-26,Regular Season,PostTouch
1630228,Jonathan Kuminga,1610612737,ATL,33,21,12,754.0,1373,24,4,8,0.5,5,8,0.625,13,0.542,9,0.375,1,0.042,1,0.042,4,0.167,2025-26,Regular Season,PostTouch
1642367,Jonathan Mogbo,1610612761,TOR,35,17,18,220.0,302,1,0,0,0.0,0,0,0.0,0,0.0,1,1.0,0,0.0,0,0.0,0,0.0,2025-26,Regular Season,PostTouch
203903,Jordan Clarkson,1610612752,NYK,68,42,26,1223.0,1564,0,0,0,0.0,0,0,0.0,0,0.0,0,0.0,0,0.0,0,0.0,0,0.0,2025-26,Regular Season,PostTouch
1630692,Jordan Goodwin,1610612756,PHX,67,37,30,1509.0,2642,0,0,0,0.0,0,0,0.0,0,0.0,0,0.0,0,0.0,0,0.0,0,0.0,2025-26,Regular Season,PostTouch
1641722,Jordan Hawkins,1610612740,NOP,47,12,35,587.0,719,0,0,0,0.0,0,0,0.0,0,0.0,0,0.0,0,0.0,0,0.0,0,0.0,2025-26,Regular Season,PostTouch
1629162,Jordan McLaughlin,1610612759,SAS,41,35,6,266.0,577,0,0,0,0.0,0,0,0.0,0,0.0,0,0.0,0,0.0,0,0.0,0,0.0,2025-26,Regular Season,PostTouch
1641757,Jordan Miller,1610612746,LAC,55,33,22,1194.0,1822,7,1,2,0.5,4,4,1.0,6,0.857,2,0.286,0,0.0,0,0.0,2,0.286,2025-26,Regular Season,PostTouch
1629673,Jordan Poole,1610612740,NOP,37,15,22,873.0,1646,0,0,0,0.0,0,0,0.0,0,0.0,0,0.0,0,0.0,0,0.0,0,0.0,2025-26,Regular Season,PostTouch
1641775,Jordan Walsh,1610612738,BOS,63,42,21,1108.0,1140,0,0,0,0.0,0,0,0.0,0,0.0,0,0.0,0,0.0,0,0.0,0,0.0,2025-26,Regular Season,PostTouch
1630631,Jose Alvarado,1610612752,NYK,67,27,40,1318.0,2778,0,0,0,0.0,0,0,0.0,0,0.0,0,0.0,0,0.0,0,0.0,0,0.0,2025-26,Regular Season,PostTouch
1630581,Josh Giddey,1610612741,CHI,54,21,33,1731.0,5079,5,0,0,0.0,0,0,0.0,0,0.0,3,0.6,1,0.2,1,0.2,0,0.0,2025-26,Regular Season,PostTouch
1630182,Josh Green,1610612766,CHA,54,35,19,877.0,777,0,0,0,0.0,0,0,0.0,0,0.0,0,0.0,0,0.0,0,0.0,0,0.0,2025-26,Regular Season,PostTouch
1628404,Josh Hart,1610612752,NYK,63,41,22,1899.0,3755,1,0,1,0.0,0,0,0.0,0,0.0,0,0.0,0,0.0,0,0.0,0,0.0,2025-26,Regular Season,PostTouch
1631169,Josh Minott,1610612751,BKN,48,22,26,815.0,907,0,0,0,0.0,0,0,0.0,0,0.0,0,0.0,0,0.0,0,0.0,0,0.0,2025-26,Regular Season,PostTouch
1629006,Josh Okogie,1610612745,HOU,73,45,28,1259.0,1297,1,0,0,0.0,0,0,0.0,0,0.0,1,1.0,1,1.0,0,0.0,0,0.0,2025-26,Regular Season,PostTouch
201950,Jrue Holiday,1610612757,POR,49,26,23,1426.0,3307,19,2,9,0.222,1,2,0.5,5,0.263,9,0.474,0,0.0,0,0.0,1,0.053,2025-26,Regular Season,PostTouch
1630577,Julian Champagnie,1610612759,SAS,77,59,18,2127.0,2905,0,0,0,0.0,0,0,0.0,0,0.0,0,0.0,0,0.0,0,0.0,0,0.0,2025-26,Regular Season,PostTouch
1641763,Julian Phillips,1610612750,MIN,44,17,27,370.0,324,0,0,0,0.0,0,0,0.0,0,0.0,0,0.0,0,0.0,0,0.0,0,0.0,2025-26,Regular Season,PostTouch
1642882,Julian Reese,1610612764,WAS,7,1,6,217.0,312,7,2,6,0.333,2,2,1.0,6,0.857,0,0.0,0,0.0,0,0.0,1,0.143,2025-26,Regular Season,PostTouch
1631124,Julian Strawther,1610612743,DEN,52,33,19,748.0,1043,0,0,0,0.0,0,0,0.0,0,0.0,0,0.0,0,0.0,0,0.0,0,0.0,2025-26,Regular Season,PostTouch
203944,Julius Randle,1610612750,MIN,77,46,31,2550.0,4687,190,28,65,0.431,16,22,0.727,75,0.395,92,0.484,26,0.137,13,0.068,11,0.058,2025-26,Regular Season,PostTouch
1630551,Justin Champagnie,1610612764,WAS,65,13,52,1278.0,1896,1,0,0,0.0,0,0,0.0,0,0.0,0,0.0,0,0.0,1,1.0,0,0.0,2025-26,Regular Season,PostTouch
1642348,Justin Edwards,1610612755,PHI,59,35,24,910.0,1317,0,0,0,0.0,0,0,0.0,0,0.0,0,0.0,0,0.0,0,0.0,0,0.0,2025-26,Regular Season,PostTouch
203994,Jusuf Nurkić,1610612762,UTA,41,14,27,1083.0,2372,47,13,29,0.448,6,7,0.857,34,0.723,12,0.255,4,0.085,1,0.021,4,0.085,2025-26,Regular Season,PostTouch
1642354,KJ Simpson,1610612743,DEN,18,8,10,248.0,544,0,0,0,0.0,0,0,0.0,0,0.0,0,0.0,0,0.0,0,0.0,0,0.0,2025-26,Regular Season,PostTouch
1642955,Kadary Richmond,1610612764,WAS,3,2,1,67.0,85,0,0,0,0.0,0,0,0.0,0,0.0,0,0.0,0,0.0,0,0.0,0,0.0,2025-26,Regular Season,PostTouch
1642880,Kam Jones,1610612754,IND,32,5,27,511.0,1020,1,1,1,1.0,0,0,0.0,2,2.0,0,0.0,0,0.0,0,0.0,0,0.0,2025-26,Regular Season,PostTouch
1626157,Karl-Anthony Towns,1610612752,NYK,72,46,26,2230.0,3749,194,44,88,0.5,23,27,0.852,115,0.593,51,0.263,13,0.067,22,0.113,14,0.072,2025-26,Regular Season,PostTouch
1631255,Karlo Matković,1610612740,NOP,62,24,38,912.0,1031,5,1,4,0.25,0,0,0.0,2,0.4,1,0.2,0,0.0,0,0.0,0,0.0,2025-26,Regular Season,PostTouch
1642857,Kasparas Jakučionis,1610612748,MIA,48,25,23,846.0,1549,0,0,0,0.0,0,0,0.0,0,0.0,0,0.0,0,0.0,0,0.0,0,0.0,2025-26,Regular Season,PostTouch
202695,Kawhi Leonard,1610612746,LAC,61,35,26,1957.0,3494,94,29,51,0.569,11,12,0.917,73,0.777,28,0.298,2,0.021,6,0.064,6,0.064,2025-26,Regular Season,PostTouch
1630811,Keaton Wallace,1610612737,ATL,51,30,21,496.0,1145,0,0,0,0.0,0,0,0.0,0,0.0,0,0.0,0,0.0,0,0.0,0,0.0,2025-26,Regular Season,PostTouch
1631099,Keegan Murray,1610612758,SAC,23,5,18,793.0,1055,6,2,5,0.4,0,0,0.0,4,0.667,0,0.0,0,0.0,0,0.0,0,0.0,2025-26,Regular Season,PostTouch
1642276,Kel'el Ware,1610612748,MIA,72,36,36,1589.0,2196,30,5,20,0.25,4,4,1.0,14,0.467,7,0.233,3,0.1,1,0.033,2,0.067,2025-26,Regular Season,PostTouch
1629640,Keldon Johnson,1610612759,SAS,77,59,18,1794.0,2807,12,9,10,0.9,0,0,0.0,18,1.5,1,0.083,0,0.0,1,0.083,0,0.0,2025-26,Regular Season,PostTouch
203482,Kelly Olynyk,1610612759,SAS,42,33,9,360.0,668,10,2,2,1.0,3,4,0.75,7,0.7,5,0.5,1,0.1,1,0.1,2,0.2,2025-26,Regular Season,PostTouch
1626162,Kelly Oubre Jr.,1610612755,PHI,45,25,20,1439.0,2105,4,1,3,0.333,0,0,0.0,2,0.5,1,0.25,0,0.0,0,0.0,0,0.0,2025-26,Regular Season,PostTouch
1631113,Kennedy Chandler,1610612762,UTA,8,0,8,251.0,566,0,0,0,0.0,0,0,0.0,0,0.0,0,0.0,0,0.0,0,0.0,0,0.0,2025-26,Regular Season,PostTouch
1629026,Kenrich Williams,1610612760,OKC,51,38,13,767.0,1080,2,1,2,0.5,0,0,0.0,2,1.0,0,0.0,0,0.0,0,0.0,0,0.0,2025-26,Regular Season,PostTouch
203484,Kentavious Caldwell-Pope,1610612763,MEM,51,20,31,1088.0,2061,2,0,0,0.0,0,0,0.0,0,0.0,1,0.5,1,0.5,0,0.0,0,0.0,2025-26,Regular Season,PostTouch
1631165,Keon Ellis,1610612739,CLE,68,28,40,1377.0,1645,0,0,0,0.0,0,0,0.0,0,0.0,0,0.0,0,0.0,0,0.0,0,0.0,2025-26,Regular Season,PostTouch
1642352,Keshad Johnson,1610612748,MIA,27,13,14,210.0,379,1,0,0,0.0,0,0,0.0,0,0.0,1,1.0,0,0.0,0,0.0,0,0.0,2025-26,Regular Season,PostTouch
1642933,Keshon Gilbert,1610612737,ATL,3,0,3,48.0,52,0,0,0,0.0,0,0,0.0,0,0.0,0,0.0,0,0.0,0,0.0,0,0.0,2025-26,Regular Season,PostTouch
201142,Kevin Durant,1610612745,HOU,74,45,29,2690.0,4758,102,36,61,0.59,9,10,0.9,85,0.833,26,0.255,4,0.039,8,0.078,6,0.059,2025-26,Regular Season,PostTouch
1628989,Kevin Huerter,1610612765,DET,65,37,28,1456.0,2427,0,0,0,0.0,0,0,0.0,0,0.0,0,0.0,0,0.0,0,0.0,0,0.0,2025-26,Regular Season,PostTouch
201567,Kevin Love,1610612762,UTA,37,10,27,613.0,1129,3,0,0,0.0,1,2,0.5,1,0.333,2,0.667,1,0.333,0,0.0,1,0.333,2025-26,Regular Season,PostTouch
1641755,Kevin McCullar Jr.,1610612752,NYK,20,11,9,130.0,216,0,0,0,0.0,0,0,0.0,0,0.0,0,0.0,0,0.0,0,0.0,0,0.0,2025-26,Regular Season,PostTouch
1629645,Kevin Porter Jr.,1610612749,MIL,38,18,20,1261.0,3025,2,1,1,1.0,2,2,1.0,4,2.0,0,0.0,0,0.0,0,0.0,1,0.5,2025-26,Regular Season,PostTouch
1626172,Kevon Looney,1610612740,NOP,19,2,17,254.0,412,0,0,0,0.0,0,0,0.0,0,0.0,0,0.0,0,0.0,0,0.0,0,0.0,2025-26,Regular Season,PostTouch
1641718,Keyonte George,1610612762,UTA,54,16,38,1786.0,4252,0,0,0,0.0,0,0,0.0,0,0.0,0,0.0,0,0.0,0,0.0,0,0.0,2025-26,Regular Season,PostTouch
1642863,Khaman Maluach,1610612756,PHX,42,20,22,343.0,428,3,0,2,0.0,0,0,0.0,0,0.0,0,0.0,0,0.0,1,0.333,0,0.0,2025-26,Regular Season,PostTouch
203114,Khris Middleton,1610612742,DAL,58,16,42,1353.0,1887,97,26,54,0.481,4,4,1.0,56,0.577,32,0.33,4,0.041,6,0.062,2,0.021,2025-26,Regular Season,PostTouch
1630165,Killian Hayes,1610612758,SAC,19,9,10,315.0,679,0,0,0,0.0,0,0,0.0,0,0.0,0,0.0,0,0.0,0,0.0,0,0.0,2025-26,Regular Season,PostTouch
202691,Klay Thompson,1610612742,DAL,66,19,47,1442.0,1659,2,0,1,0.0,0,0,0.0,0,0.0,1,0.5,1,0.5,0,0.0,0,0.0,2025-26,Regular Season,PostTouch
1641738,Kobe Brown,1610612754,IND,57,17,40,845.0,1234,12,1,8,0.125,0,0,0.0,2,0.167,4,0.333,0,0.0,0,0.0,0,0.0,2025-26,Regular Season,PostTouch
1641723,Kobe Bufkin,1610612747,LAL,13,9,4,94.0,158,0,0,0,0.0,0,0,0.0,0,0.0,0,0.0,0,0.0,0,0.0,0,0.0,2025-26,Regular Season,PostTouch
1642920,Kobe Sanders,1610612746,LAC,63,33,30,1249.0,1725,0,0,0,0.0,0,0,0.0,0,0.0,0,0.0,0,0.0,0,0.0,0,0.0,2025-26,Regular Season,PostTouch
1642886,Koby Brea,1610612756,PHX,9,4,5,40.0,70,0,0,0,0.0,0,0,0.0,0,0.0,0,0.0,0,0.0,0,0.0,0,0.0,2025-26,Regular Season,PostTouch
1642851,Kon Knueppel,1610612766,CHA,77,42,35,2424.0,3959,5,2,2,1.0,2,2,1.0,6,1.2,1,0.2,0,0.0,0,0.0,2,0.4,2025-26,Regular Season,PostTouch
1627739,Kris Dunn,1610612746,LAC,77,39,38,2101.0,3967,9,1,2,0.5,0,0,0.0,2,0.222,7,0.778,3,0.333,0,0.0,0,0.0,2025-26,Regular Season,PostTouch
1631200,Kris Murray,1610612757,POR,53,26,27,1249.0,1094,1,0,0,0.0,0,0,0.0,0,0.0,1,1.0,1,1.0,0,0.0,0,0.0,2025-26,Regular Season,PostTouch
204001,Kristaps Porziņģis,1610612744,GSW,29,13,16,696.0,1182,107,34,58,0.586,16,18,0.889,88,0.822,26,0.243,5,0.047,6,0.056,10,0.093,2025-26,Regular Season,PostTouch
203937,Kyle Anderson,1610612750,MIN,39,13,26,763.0,1288,4,3,3,1.0,0,0,0.0,6,1.5,1,0.25,0,0.0,0,0.0,0,0.0,2025-26,Regular Season,PostTouch
1642271,Kyle Filipowski,1610612762,UTA,75,21,54,1745.0,3078,46,12,21,0.571,3,4,0.75,28,0.609,10,0.217,0,0.0,10,0.217,2,0.043,2025-26,Regular Season,PostTouch
1628398,Kyle Kuzma,1610612749,MIL,67,29,38,1763.0,2943,25,6,11,0.545,1,2,0.5,13,0.52,10,0.4,4,0.16,1,0.04,1,0.04,2025-26,Regular Season,PostTouch
200768,Kyle Lowry,1610612755,PHI,13,8,5,113.0,166,0,0,0,0.0,0,0,0.0,0,0.0,0,0.0,0,0.0,0,0.0,0,0.0,2025-26,Regular Season,PostTouch
1642273,Kyshawn George,1610612764,WAS,48,10,38,1391.0,2798,32,5,13,0.385,5,6,0.833,15,0.469,9,0.281,3,0.094,2,0.063,3,0.094,2025-26,Regular Season,PostTouch
1643018,LJ Cryer,1610612744,GSW,17,6,11,277.0,504,0,0,0,0.0,0,0,0.0,0,0.0,0,0.0,0,0.0,0,0.0,0,0.0,2025-26,Regular Season,PostTouch
1630163,LaMelo Ball,1610612766,CHA,68,39,29,1888.0,4936,1,1,1,1.0,0,0,0.0,2,2.0,0,0.0,0,0.0,0,0.0,0,0.0,2025-26,Regular Season,PostTouch
1642950,Lachlan Olbrich,1610612741,CHI,32,7,25,227.0,361,3,1,2,0.5,0,0,0.0,2,0.667,0,0.0,0,0.0,1,0.333,0,0.0,2025-26,Regular Season,PostTouch
1629013,Landry Shamet,1610612752,NYK,48,32,16,1102.0,1353,1,0,1,0.0,0,0,0.0,0,0.0,0,0.0,0,0.0,0,0.0,0,0.0,2025-26,Regular Season,PostTouch
1626204,Larry Nance Jr.,1610612739,CLE,31,22,9,369.0,476,4,0,2,0.0,0,0,0.0,0,0.0,2,0.5,0,0.0,0,0.0,0,0.0,2025-26,Regular Season,PostTouch
1628374,Lauri Markkanen,1610612762,UTA,42,17,25,1443.0,2223,39,10,19,0.526,9,10,0.9,31,0.795,8,0.205,1,0.026,6,0.154,5,0.128,2025-26,Regular Season,PostTouch
1643133,Lawson Lovering,1610612763,MEM,2,1,1,49.0,43,2,0,1,0.0,0,0,0.0,0,0.0,1,0.5,1,0.5,0,0.0,0,0.0,2025-26,Regular Season,PostTouch
2544,LeBron James,1610612747,LAL,56,36,20,1870.0,3870,152,26,61,0.426,7,10,0.7,60,0.395,67,0.441,20,0.132,13,0.086,5,0.033,2025-26,Regular Season,PostTouch
1641778,Leaky Black,1610612764,WAS,9,1,8,281.0,313,2,0,0,0.0,0,0,0.0,0,0.0,2,1.0,0,0.0,0,0.0,0,0.0,2025-26,Regular Season,PostTouch
1631159,Leonard Miller,1610612741,CHI,41,16,25,548.0,892,3,1,1,1.0,0,0,0.0,2,0.667,1,0.333,1,0.333,1,0.333,0,0.0,2025-26,Regular Season,PostTouch
1642862,Liam McNeeley,1610612766,CHA,30,11,19,363.0,467,0,0,0,0.0,0,0,0.0,0,0.0,0,0.0,0,0.0,0,0.0,0,0.0,2025-26,Regular Season,PostTouch
1630322,Lindy Waters III,1610612759,SAS,39,30,9,280.0,393,0,0,0,0.0,0,0,0.0,0,0.0,0,0.0,0,0.0,0,0.0,0,0.0,2025-26,Regular Season,PostTouch
1628366,Lonzo Ball,1610612739,CLE,35,19,16,728.0,1621,1,0,0,0.0,0,0,0.0,0,0.0,1,1.0,0,0.0,0,0.0,0,0.0,2025-26,Regular Season,PostTouch
1631351,Lucas Williamson,1610612763,MEM,2,0,2,28.0,46,0,0,0,0.0,0,0,0.0,0,0.0,0,0.0,0,0.0,0,0.0,0,0.0,2025-26,Regular Season,PostTouch
1629652,Luguentz Dort,1610612760,OKC,64,50,14,1744.0,1835,0,0,0,0.0,0,0,0.0,0,0.0,0,0.0,0,0.0,0,0.0,0,0.0,2025-26,Regular Season,PostTouch
1629029,Luka Dončić,1610612747,LAL,64,43,21,2289.0,5621,139,41,74,0.554,26,36,0.722,113,0.813,44,0.317,12,0.086,2,0.014,18,0.129,2025-26,Regular Season,PostTouch
1630568,Luka Garza,1610612738,BOS,67,45,22,1064.0,1505,10,1,2,0.5,5,6,0.833,7,0.7,0,0.0,0,0.0,2,0.2,3,0.3,2025-26,Regular Season,PostTouch
1628379,Luke Kennard,1610612747,LAL,73,42,31,1545.0,1965,0,0,0,0.0,0,0,0.0,0,0.0,0,0.0,0,0.0,0,0.0,0,0.0,2025-26,Regular Season,PostTouch
1628436,Luke Kornet,1610612759,SAS,64,49,15,1350.0,1707,7,2,4,0.5,2,2,1.0,6,0.857,1,0.143,0,0.0,0,0.0,1,0.143,2025-26,Regular Season,PostTouch
1631247,Luke Travers,1610612739,CLE,12,6,6,103.0,158,0,0,0,0.0,0,0,0.0,0,0.0,0,0.0,0,0.0,0,0.0,0,0.0,2025-26,Regular Season,PostTouch
1630644,Mac McClung,1610612741,CHI,6,0,6,63.0,125,0,0,0,0.0,0,0,0.0,0,0.0,0,0.0,0,0.0,0,0.0,0,0.0,2025-26,Regular Season,PostTouch
1641869,Malachi Smith,1610612751,BKN,10,1,9,182.0,351,0,0,0,0.0,0,0,0.0,0,0.0,0,0.0,0,0.0,0,0.0,0,0.0,2025-26,Regular Season,PostTouch
1631103,Malaki Branham,1610612764,WAS,28,7,21,275.0,446,0,0,0,0.0,0,0,0.0,0,0.0,0,0.0,0,0.0,0,0.0,0,0.0,2025-26,Regular Season,PostTouch
1642502,Malevy Leons,1610612744,GSW,21,6,15,203.0,276,3,0,0,0.0,0,0,0.0,0,0.0,2,0.667,0,0.0,1,0.333,0,0.0,2025-26,Regular Season,PostTouch
1628370,Malik Monk,1610612758,SAC,59,17,42,1329.0,2308,0,0,0,0.0,0,0,0.0,0,0.0,0,0.0,0,0.0,0,0.0,0,0.0,2025-26,Regular Season,PostTouch
1630699,MarJon Beauchamp,1610612755,PHI,12,6,6,190.0,266,0,0,0,0.0,0,0,0.0,0,0.0,0,0.0,0,0.0,0,0.0,0,0.0,2025-26,Regular Season,PostTouch
1631204,Marcus Sasser,1610612765,DET,33,24,9,413.0,756,0,0,0,0.0,0,0,0.0,0,0.0,0,0.0,0,0.0,0,0.0,0,0.0,2025-26,Regular Season,PostTouch
203935,Marcus Smart,1610612747,LAL,60,39,21,1725.0,2640,24,3,8,0.375,2,2,1.0,9,0.375,14,0.583,3,0.125,0,0.0,1,0.042,2025-26,Regular Season,PostTouch
1641813,Mark Sears,1610612749,MIL,7,1,6,26.0,54,0,0,0,0.0,0,0,0.0,0,0.0,0,0.0,0,0.0,0,0.0,0,0.0,2025-26,Regular Season,PostTouch
1631109,Mark Williams,1610612756,PHX,57,33,24,1342.0,1983,25,7,17,0.412,1,2,0.5,16,0.64,3,0.12,0,0.0,2,0.08,1,0.04,2025-26,Regular Season,PostTouch
1628365,Markelle Fultz,1610612761,TOR,5,3,2,36.0,64,0,0,0,0.0,0,0,0.0,0,0.0,0,0.0,0,0.0,0,0.0,0,0.0,2025-26,Regular Season,PostTouch
1628963,Marvin Bagley III,1610612742,DAL,56,15,41,1119.0,1727,19,5,13,0.385,0,0,0.0,10,0.526,5,0.263,1,0.053,0,0.0,0,0.0,2025-26,Regular Season,PostTouch
203486,Mason Plumlee,1610612759,SAS,19,10,9,156.0,226,1,1,1,1.0,0,0,0.0,2,2.0,0,0.0,0,0.0,0,0.0,0,0.0,2025-26,Regular Season,PostTouch
1641824,Matas Buzelis,1610612741,CHI,76,28,48,2222.0,3973,3,0,2,0.0,0,0,0.0,0,0.0,1,0.333,0,0.0,0,0.0,0,0.0,2025-26,Regular Season,PostTouch
1629680,Matisse Thybulle,1610612757,POR,26,15,11,397.0,545,0,0,0,0.0,0,0,0.0,0,0.0,0,0.0,0,0.0,0,0.0,0,0.0,2025-26,Regular Season,PostTouch
1631108,Max Christie,1610612742,DAL,72,22,50,2114.0,2859,3,0,1,0.0,0,0,0.0,0,0.0,2,0.667,0,0.0,0,0.0,0,0.0,2025-26,Regular Season,PostTouch
1642917,Max Shulga,1610612738,BOS,9,6,3,13.0,24,0,0,0,0.0,0,0,0.0,0,0.0,0,0.0,0,0.0,0,0.0,0,0.0,2025-26,Regular Season,PostTouch
1629622,Max Strus,1610612739,CLE,8,6,2,195.0,321,0,0,0,0.0,0,0,0.0,0,0.0,0,0.0,0,0.0,0,0.0,0,0.0,2025-26,Regular Season,PostTouch
1628467,Maxi Kleber,1610612747,LAL,38,17,21,403.0,453,2,0,1,0.0,0,0,0.0,0,0.0,0,0.0,0,0.0,1,0.5,0,0.0,2025-26,Regular Season,PostTouch
1642875,Maxime Raynaud,1610612758,SAC,70,20,50,1828.0,3048,52,15,37,0.405,7,10,0.7,39,0.75,3,0.058,0,0.0,4,0.077,5,0.096,2025-26,Regular Season,PostTouch
1642877,Micah Peavy,1610612740,NOP,57,16,41,772.0,824,0,0,0,0.0,0,0,0.0,0,0.0,0,0.0,0,0.0,0,0.0,0,0.0,2025-26,Regular Season,PostTouch
1630695,Micah Potter,1610612754,IND,42,10,32,774.0,1201,36,10,17,0.588,7,8,0.875,29,0.806,9,0.25,3,0.083,2,0.056,4,0.111,2025-26,Regular Season,PostTouch
1629008,Michael Porter Jr.,1610612751,BKN,52,14,38,1689.0,3063,18,5,7,0.714,2,2,1.0,12,0.667,8,0.444,0,0.0,2,0.111,1,0.056,2025-26,Regular Season,PostTouch
1628969,Mikal Bridges,1610612752,NYK,78,50,28,2596.0,4381,18,4,14,0.286,2,2,1.0,10,0.556,3,0.167,0,0.0,0,0.0,1,0.056,2025-26,Regular Season,PostTouch
201144,Mike Conley,1610612750,MIN,51,31,20,925.0,1916,1,0,0,0.0,0,0,0.0,0,0.0,1,1.0,0,0.0,0,0.0,0,0.0,2025-26,Regular Season,PostTouch
1628970,Miles Bridges,1610612766,CHA,73,40,33,2274.0,3795,65,22,39,0.564,3,4,0.75,49,0.754,21,0.323,6,0.092,3,0.046,2,0.031,2025-26,Regular Season,PostTouch
1642939,Miles Kelly,1610612742,DAL,14,7,7,134.0,155,0,0,0,0.0,0,0,0.0,0,0.0,0,0.0,0,0.0,0,0.0,0,0.0,2025-26,Regular Season,PostTouch
1630540,Miles McBride,1610612752,NYK,38,23,15,1017.0,1803,1,0,1,0.0,0,0,0.0,0,0.0,0,0.0,0,0.0,0,0.0,0,0.0,2025-26,Regular Season,PostTouch
1629011,Mitchell Robinson,1610612752,NYK,58,38,20,1136.0,1132,1,0,0,0.0,0,0,0.0,0,0.0,0,0.0,0,0.0,1,1.0,0,0.0,2025-26,Regular Season,PostTouch
1628964,Mo Bamba,1610612762,UTA,4,3,1,44.0,63,0,0,0,0.0,0,0,0.0,0,0.0,0,0.0,0,0.0,0,0.0,0,0.0,2025-26,Regular Season,PostTouch
1642885,Mohamed Diawara,1610612752,NYK,67,41,26,590.0,924,5,2,2,1.0,0,0,0.0,4,0.8,1,0.2,1,0.2,2,0.4,0,0.0,2025-26,Regular Season,PostTouch
1628420,Monte Morris,1610612754,IND,6,0,6,65.0,152,0,0,0,0.0,0,0,0.0,0,0.0,0,0.0,0,0.0,0,0.0,0,0.0,2025-26,Regular Season,PostTouch
1629021,Moritz Wagner,1610612753,ORL,34,19,15,416.0,707,33,8,18,0.444,9,12,0.75,26,0.788,6,0.182,1,0.03,1,0.03,6,0.182,2025-26,Regular Season,PostTouch
1630541,Moses Moody,1610612744,GSW,60,30,30,1540.0,1871,2,0,0,0.0,0,0,0.0,0,0.0,2,1.0,1,0.5,0,0.0,0,0.0,2025-26,Regular Season,PostTouch
1631243,Mouhamed Gueye,1610612737,ATL,74,43,31,1143.0,1400,8,1,3,0.333,0,2,0.0,2,0.25,4,0.5,1,0.125,0,0.0,1,0.125,2025-26,Regular Season,PostTouch
1630619,Moussa Cisse,1610612742,DAL,35,10,25,448.0,482,2,1,2,0.5,0,0,0.0,2,1.0,0,0.0,0,0.0,0,0.0,0,0.0,2025-26,Regular Season,PostTouch
1631217,Moussa Diabaté,1610612766,CHA,69,38,31,1791.0,2510,16,2,4,0.5,1,2,0.5,5,0.313,4,0.25,0,0.0,4,0.25,1,0.063,2025-26,Regular Season,PostTouch
1626167,Myles Turner,1610612749,MIL,69,28,41,1863.0,2205,69,15,36,0.417,10,12,0.833,40,0.58,13,0.188,1,0.014,8,0.116,6,0.087,2025-26,Regular Season,PostTouch
1642066,Myron Gardner,1610612748,MIA,41,22,19,395.0,673,1,0,0,0.0,1,2,0.5,1,1.0,0,0.0,0,0.0,0,0.0,1,1.0,2025-26,Regular Season,PostTouch
1642368,N'Faly Dante,1610612737,ATL,4,3,1,15.0,20,0,0,0,0.0,0,0,0.0,0,0.0,0,0.0,0,0.0,0,0.0,0,0.0,2025-26,Regular Season,PostTouch
1641772,Nae'Qwan Tomlin,1610612739,CLE,60,39,21,913.0,1011,2,1,1,1.0,0,0,0.0,2,1.0,1,0.5,1,0.5,0,0.0,0,0.0,2025-26,Regular Season,PostTouch
1630230,Naji Marshall,1610612742,DAL,72,24,48,2132.0,3490,3,1,2,0.5,2,2,1.0,4,1.333,0,0.0,0,0.0,0,0.0,1,0.333,2025-26,Regular Season,PostTouch
1631466,Nate Williams,1610612744,GSW,12,2,10,192.0,211,0,0,0,0.0,0,0,0.0,0,0.0,0,0.0,0,0.0,0,0.0,0,0.0,2025-26,Regular Season,PostTouch
1629675,Naz Reid,1610612750,MIN,74,45,29,1935.0,3702,82,29,45,0.644,7,10,0.7,65,0.793,19,0.232,3,0.037,9,0.11,5,0.061,2025-26,Regular Season,PostTouch
1629674,Neemias Queta,1610612738,BOS,72,49,23,1830.0,2533,12,1,4,0.25,0,0,0.0,2,0.167,1,0.083,0,0.0,2,0.167,0,0.0,2025-26,Regular Season,PostTouch
1629651,Nic Claxton,1610612751,BKN,69,17,52,1920.0,3348,28,4,11,0.364,2,4,0.5,11,0.393,9,0.321,2,0.071,0,0.0,2,0.071,2025-26,Regular Season,PostTouch
1630208,Nick Richards,1610612741,CHI,48,20,28,701.0,973,9,2,6,0.333,0,0,0.0,5,0.556,1,0.111,0,0.0,1,0.111,0,0.0,2025-26,Regular Season,PostTouch
1641733,Nick Smith Jr.,1610612747,LAL,25,12,13,318.0,593,0,0,0,0.0,0,0,0.0,0,0.0,0,0.0,0,0.0,0,0.0,0,0.0,2025-26,Regular Season,PostTouch
1629638,Nickeil Alexander-Walker,1610612737,ATL,75,42,33,2493.0,4460,0,0,0,0.0,0,0,0.0,0,0.0,0,0.0,0,0.0,0,0.0,0,0.0,2025-26,Regular Season,PostTouch
201587,Nicolas Batum,1610612746,LAC,71,38,33,1262.0,1668,0,0,0,0.0,0,0,0.0,0,0.0,0,0.0,0,0.0,0,0.0,0,0.0,2025-26,Regular Season,PostTouch
1628502,Nigel Hayes-Davis,1610612756,PHX,27,15,12,195.0,230,3,1,1,1.0,1,2,0.5,3,1.0,1,0.333,0,0.0,0,0.0,1,0.333,2025-26,Regular Season,PostTouch
203999,Nikola Jokić,1610612743,DEN,61,39,22,2128.0,6136,447,117,188,0.622,49,58,0.845,287,0.642,183,0.409,55,0.123,26,0.058,29,0.065,2025-26,Regular Season,PostTouch
1631107,Nikola Jović,1610612748,MIA,46,23,23,795.0,1542,21,3,8,0.375,1,2,0.5,7,0.333,9,0.429,0,0.0,0,0.0,1,0.048,2025-26,Regular Season,PostTouch
1642260,Nikola Topić,1610612760,OKC,6,4,2,65.0,149,0,0,0,0.0,0,0,0.0,0,0.0,0,0.0,0,0.0,0,0.0,0,0.0,2025-26,Regular Season,PostTouch
202696,Nikola Vučević,1610612738,BOS,60,32,28,1740.0,3653,243,38,88,0.432,11,16,0.688,89,0.366,119,0.49,31,0.128,11,0.045,9,0.037,2025-26,Regular Season,PostTouch
1642363,Nique Clifford,1610612758,SAC,71,20,51,1732.0,2688,0,0,0,0.0,0,0,0.0,0,0.0,0,0.0,0,0.0,0,0.0,0,0.0,2025-26,Regular Season,PostTouch
1642855,Noa Essengue,1610612741,CHI,2,1,1,6.0,9,0,0,0,0.0,0,0,0.0,0,0.0,0,0.0,0,0.0,0,0.0,0,0.0,2025-26,Regular Season,PostTouch
1641730,Noah Clowney,1610612751,BKN,66,17,49,1780.0,2507,5,1,1,1.0,0,0,0.0,2,0.4,3,0.6,3,0.6,1,0.2,0,0.0,2025-26,Regular Season,PostTouch
1642869,Noah Penda,1610612753,ORL,56,27,29,741.0,1253,8,1,2,0.5,0,0,0.0,2,0.25,5,0.625,1,0.125,1,0.125,0,0.0,2025-26,Regular Season,PostTouch
1642849,Nolan Traore,1610612751,BKN,53,12,41,1190.0,2874,0,0,0,0.0,0,0,0.0,0,0.0,0,0.0,0,0.0,0,0.0,0,0.0,2025-26,Regular Season,PostTouch
1641807,Norchad Omier,1610612746,LAC,3,3,0,14.0,26,2,2,2,1.0,0,0,0.0,4,2.0,0,0.0,0,0.0,0,0.0,0,0.0,2025-26,Regular Season,PostTouch
1626181,Norman Powell,1610612748,MIA,55,28,27,1654.0,2523,3,2,3,0.667,0,0,0.0,4,1.333,0,0.0,0,0.0,0,0.0,0,0.0,2025-26,Regular Season,PostTouch
1628384,OG Anunoby,1610612752,NYK,64,42,22,2135.0,2832,33,6,11,0.545,2,2,1.0,14,0.424,15,0.455,3,0.091,2,0.061,1,0.03,2025-26,Regular Season,PostTouch
1630167,Obi Toppin,1610612754,IND,19,3,16,322.0,690,17,4,5,0.8,0,0,0.0,8,0.471,8,0.471,2,0.118,3,0.176,0,0.0,2025-26,Regular Season,PostTouch
1630534,Ochai Agbaji,1610612751,BKN,61,27,34,955.0,1184,0,0,0,0.0,0,0,0.0,0,0.0,0,0.0,0,0.0,0,0.0,0,0.0,2025-26,Regular Season,PostTouch
1630846,Olivier Sarr,1610612739,CLE,1,1,0,4.0,6,0,0,0,0.0,0,0,0.0,0,0.0,0,0.0,0,0.0,0,0.0,0,0.0,2025-26,Regular Season,PostTouch
1641765,Olivier-Maxence Prosper,1610612763,MEM,51,16,35,950.0,1310,5,1,2,0.5,2,2,1.0,4,0.8,2,0.4,0,0.0,0,0.0,1,0.2,2025-26,Regular Season,PostTouch
1630209,Omer Yurtseven,1610612744,GSW,9,3,6,104.0,190,7,1,1,1.0,4,4,1.0,6,0.857,1,0.143,0,0.0,3,0.429,2,0.286,2025-26,Regular Season,PostTouch
1630168,Onyeka Okongwu,1610612737,ATL,71,40,31,2201.0,3698,64,14,36,0.389,7,14,0.5,35,0.547,14,0.219,6,0.094,1,0.016,7,0.109,2025-26,Regular Season,PostTouch
1631115,Orlando Robinson,1610612753,ORL,4,2,2,25.0,45,1,0,0,0.0,0,0,0.0,0,0.0,0,0.0,0,0.0,0,0.0,0,0.0,2025-26,Regular Season,PostTouch
1631131,Oscar Tshiebwe,1610612762,UTA,23,2,21,347.0,430,3,1,1,1.0,0,2,0.0,2,0.667,1,0.333,0,0.0,0,0.0,1,0.333,2025-26,Regular Season,PostTouch
1642345,Oso Ighodaro,1610612756,PHX,77,42,35,1715.0,2585,8,2,4,0.5,0,0,0.0,5,0.625,3,0.375,1,0.125,1,0.125,0,0.0,2025-26,Regular Season,PostTouch
1631172,Ousmane Dieng,1610612749,MIL,52,31,21,932.0,1565,0,0,0,0.0,0,0,0.0,0,0.0,0,0.0,0,0.0,0,0.0,0,0.0,2025-26,Regular Season,PostTouch
1629023,P.J. Washington,1610612742,DAL,55,15,40,1706.0,2711,44,10,23,0.435,4,6,0.667,25,0.568,15,0.341,4,0.091,1,0.023,3,0.068,2025-26,Regular Season,PostTouch
1641790,PJ Hall,1610612766,CHA,19,7,12,213.0,298,4,0,3,0.0,0,0,0.0,0,0.0,1,0.25,0,0.0,0,0.0,0,0.0,2025-26,Regular Season,PostTouch
1642359,Pacôme Dadiet,1610612752,NYK,27,17,10,105.0,157,0,0,0,0.0,0,0,0.0,0,0.0,0,0.0,0,0.0,0,0.0,0,0.0,2025-26,Regular Season,PostTouch
1631094,Paolo Banchero,1610612753,ORL,67,34,33,2332.0,5099,147,26,49,0.531,25,30,0.833,79,0.537,66,0.449,22,0.15,10,0.068,16,0.109,2025-26,Regular Season,PostTouch
1627783,Pascal Siakam,1610612754,IND,62,17,45,2057.0,4308,194,47,93,0.505,22,28,0.786,122,0.629,67,0.345,7,0.036,12,0.062,14,0.072,2025-26,Regular Season,PostTouch
1626192,Pat Connaughton,1610612766,CHA,39,24,15,287.0,451,0,0,0,0.0,0,0,0.0,0,0.0,0,0.0,0,0.0,0,0.0,0,0.0,2025-26,Regular Season,PostTouch
1630311,Pat Spencer,1610612744,GSW,61,29,32,1105.0,2717,9,1,4,0.25,0,0,0.0,2,0.222,5,0.556,1,0.111,0,0.0,0,0.0,2025-26,Regular Season,PostTouch
1631116,Patrick Baldwin Jr.,1610612758,SAC,9,3,6,102.0,111,0,0,0,0.0,0,0,0.0,0,0.0,0,0.0,0,0.0,0,0.0,0,0.0,2025-26,Regular Season,PostTouch
1630172,Patrick Williams,1610612741,CHI,67,22,45,1316.0,1972,8,1,4,0.25,0,0,0.0,2,0.25,0,0.0,0,0.0,1,0.125,0,0.0,2025-26,Regular Season,PostTouch
202331,Paul George,1610612755,PHI,32,20,12,990.0,2037,29,8,17,0.471,2,2,1.0,19,0.655,8,0.276,1,0.034,1,0.034,1,0.034,2025-26,Regular Season,PostTouch
1630194,Paul Reed,1610612765,DET,60,43,17,823.0,1337,7,1,4,0.25,0,0,0.0,2,0.286,2,0.286,0,0.0,0,0.0,0,0.0,2025-26,Regular Season,PostTouch
1630202,Payton Pritchard,1610612738,BOS,75,51,24,2431.0,5181,2,0,0,0.0,0,0,0.0,0,0.0,2,1.0,2,1.0,0,0.0,0,0.0,2025-26,Regular Season,PostTouch
1642362,Payton Sandfort,1610612760,OKC,2,2,0,7.0,11,0,0,0,0.0,0,0,0.0,0,0.0,0,0.0,0,0.0,0,0.0,0,0.0,2025-26,Regular Season,PostTouch
1641796,Pelle Larsson,1610612748,MIA,66,36,30,1740.0,2522,3,1,3,0.333,0,0,0.0,2,0.667,0,0.0,0,0.0,0,0.0,0,0.0,2025-26,Regular Season,PostTouch
1631250,Pete Nance,1610612749,MIL,44,13,31,669.0,1024,4,2,3,0.667,0,0,0.0,4,1.0,1,0.25,0,0.0,0,0.0,0,0.0,2025-26,Regular Season,PostTouch
1631212,Peyton Watson,1610612743,DEN,54,36,18,1598.0,2777,1,0,0,0.0,0,0,0.0,0,0.0,1,1.0,1,1.0,0,0.0,0,0.0,2025-26,Regular Season,PostTouch
1630173,Precious Achiuwa,1610612758,SAC,69,19,50,1631.0,2064,20,4,9,0.444,0,0,0.0,8,0.4,10,0.5,1,0.05,1,0.05,0,0.0,2025-26,Regular Season,PostTouch
1629656,Quentin Grimes,1610612755,PHI,70,40,30,2095.0,3409,4,1,1,1.0,0,0,0.0,2,0.5,3,0.75,1,0.25,0,0.0,0,0.0,2025-26,Regular Season,PostTouch
1631245,Quenton Jackson,1610612754,IND,44,9,35,761.0,1621,0,0,0,0.0,0,0,0.0,0,0.0,0,0.0,0,0.0,0,0.0,0,0.0,2025-26,Regular Season,PostTouch
1642366,Quinten Post,1610612744,GSW,67,32,35,1159.0,2144,47,9,14,0.643,4,6,0.667,22,0.468,24,0.511,2,0.043,2,0.043,3,0.064,2025-26,Regular Season,PostTouch
1629628,RJ Barrett,1610612761,TOR,53,31,22,1595.0,2863,31,7,15,0.467,5,6,0.833,20,0.645,11,0.355,1,0.032,1,0.032,3,0.097,2025-26,Regular Season,PostTouch
1642853,Rasheer Fleming,1610612756,PHX,51,27,24,597.0,518,1,0,0,0.0,0,0,0.0,0,0.0,1,1.0,1,1.0,0,0.0,0,0.0,2025-26,Regular Season,PostTouch
1642484,RayJ Dennis,1610612737,ATL,16,3,13,180.0,479,0,0,0,0.0,0,0,0.0,0,0.0,0,0.0,0,0.0,0,0.0,0,0.0,2025-26,Regular Season,PostTouch
1641712,Rayan Rupert,1610612763,MEM,61,29,32,952.0,1217,0,0,0,0.0,0,0,0.0,0,0.0,0,0.0,0,0.0,0,0.0,0,0.0,2025-26,Regular Season,PostTouch
1642263,Reed Sheppard,1610612745,HOU,77,48,29,2037.0,4228,0,0,0,0.0,0,0,0.0,0,0.0,0,0.0,0,0.0,0,0.0,0,0.0,2025-26,Regular Season,PostTouch
1642434,Riley Minix,1610612739,CLE,6,5,1,24.0,50,0,0,0,0.0,0,0,0.0,0,0.0,0,0.0,0,0.0,0,0.0,0,0.0,2025-26,Regular Season,PostTouch
1642265,Rob Dillingham,1610612741,CHI,60,27,33,838.0,1690,0,0,0,0.0,0,0,0.0,0,0.0,0,0.0,0,0.0,0,0.0,0,0.0,2025-26,Regular Season,PostTouch
1629057,Robert Williams III,1610612757,POR,55,28,27,932.0,1299,1,0,0,0.0,1,2,0.5,1,1.0,0,0.0,0,0.0,0,0.0,1,1.0,2025-26,Regular Season,PostTouch
1642911,Rocco Zikarsky,1610612750,MIN,4,0,4,16.0,25,1,0,0,0.0,0,0,0.0,0,0.0,0,0.0,0,0.0,0,0.0,0,0.0,2025-26,Regular Season,PostTouch
1631199,Ron Harper Jr.,1610612738,BOS,26,19,7,268.0,358,0,0,0,0.0,0,0,0.0,0,0.0,0,0.0,0,0.0,0,0.0,0,0.0,2025-26,Regular Season,PostTouch
1641842,Ronald Holland II,1610612765,DET,73,52,21,1448.0,2290,0,0,0,0.0,0,0,0.0,0,0.0,0,0.0,0,0.0,0,0.0,0,0.0,2025-26,Regular Season,PostTouch
1626220,Royce O'Neale,1610612756,PHX,74,41,33,2129.0,3986,0,0,0,0.0,0,0,0.0,0,0.0,0,0.0,0,0.0,0,0.0,0,0.0,2025-26,Regular Season,PostTouch
203497,Rudy Gobert,1610612750,MIN,74,45,29,2317.0,3298,26,4,5,0.8,2,8,0.25,10,0.385,10,0.385,3,0.115,1,0.038,4,0.154,2025-26,Regular Season,PostTouch
1629060,Rui Hachimura,1610612747,LAL,63,44,19,1773.0,1862,39,9,21,0.429,3,4,0.75,21,0.538,13,0.333,2,0.051,2,0.051,2,0.051,2025-26,Regular Season,PostTouch
201566,Russell Westbrook,1610612758,SAC,64,16,48,1853.0,4416,39,8,13,0.615,7,8,0.875,24,0.615,17,0.436,5,0.128,0,0.0,4,0.103,2025-26,Regular Season,PostTouch
1642346,Ryan Dunn,1610612756,PHX,66,38,28,1277.0,1655,0,0,0,0.0,0,0,0.0,0,0.0,0,0.0,0,0.0,0,0.0,0,0.0,2025-26,Regular Season,PostTouch
1641750,Ryan Kalkbrenner,1610612766,CHA,65,37,28,1404.0,1517,14,4,6,0.667,0,0,0.0,9,0.643,5,0.357,0,0.0,0,0.0,0,0.0,2025-26,Regular Season,PostTouch
1642948,Ryan Nembhard,1610612742,DAL,56,19,37,1045.0,2301,0,0,0,0.0,0,0,0.0,0,0.0,0,0.0,0,0.0,0,0.0,0,0.0,2025-26,Regular Season,PostTouch
1631157,Ryan Rollins,1610612749,MIL,72,28,44,2310.0,5125,0,0,0,0.0,0,0,0.0,0,0.0,0,0.0,0,0.0,0,0.0,0,0.0,2025-26,Regular Season,PostTouch
1630180,Saddiq Bey,1610612740,NOP,71,24,47,2207.0,3038,163,34,89,0.382,31,37,0.838,103,0.632,40,0.245,7,0.043,8,0.049,19,0.117,2025-26,Regular Season,PostTouch
1630573,Sam Hauser,1610612738,BOS,74,51,23,1832.0,2642,0,0,0,0.0,0,0,0.0,0,0.0,0,0.0,0,0.0,0,0.0,0,0.0,2025-26,Regular Season,PostTouch
1630241,Sam Merrill,1610612739,CLE,50,35,15,1322.0,2040,1,0,0,0.0,0,0,0.0,0,0.0,1,1.0,0,0.0,0,0.0,0,0.0,2025-26,Regular Season,PostTouch
1630572,Sandro Mamukelashvili,1610612761,TOR,75,41,34,1643.0,2625,21,5,10,0.5,6,6,1.0,16,0.762,7,0.333,5,0.238,1,0.048,3,0.143,2025-26,Regular Season,PostTouch
1630583,Santi Aldama,1610612763,MEM,43,19,24,1198.0,2326,21,5,10,0.5,6,8,0.75,18,0.857,6,0.286,2,0.095,1,0.048,4,0.19,2025-26,Regular Season,PostTouch
1630703,Scoot Henderson,1610612757,POR,26,16,10,616.0,1407,0,0,0,0.0,0,0,0.0,0,0.0,0,0.0,0,0.0,0,0.0,0,0.0,2025-26,Regular Season,PostTouch
1630567,Scottie Barnes,1610612761,TOR,75,42,33,2528.0,5282,160,31,74,0.419,15,18,0.833,80,0.5,57,0.356,12,0.075,9,0.056,9,0.056,2025-26,Regular Season,PostTouch
1630590,Scotty Pippen Jr.,1610612763,MEM,10,2,8,212.0,497,0,0,0,0.0,0,0,0.0,0,0.0,0,0.0,0,0.0,0,0.0,0,0.0,2025-26,Regular Season,PostTouch
1642951,Sean Pedulla,1610612746,LAC,5,3,2,26.0,46,0,0,0,0.0,0,0,0.0,0,0.0,0,0.0,0,0.0,0,0.0,0,0.0,2025-26,Regular Season,PostTouch
203552,Seth Curry,1610612744,GSW,6,0,6,69.0,91,0,0,0,0.0,0,0,0.0,0,0.0,0,0.0,0,0.0,0,0.0,0,0.0,2025-26,Regular Season,PostTouch
1631101,Shaedon Sharpe,1610612757,POR,48,22,26,1439.0,2672,2,0,0,0.0,0,0,0.0,0,0.0,1,0.5,0,0.0,0,0.0,0,0.0,2025-26,Regular Season,PostTouch
1628983,Shai Gilgeous-Alexander,1610612760,OKC,65,53,12,2177.0,4367,79,22,44,0.5,9,12,0.75,54,0.684,27,0.342,4,0.051,2,0.025,6,0.076,2025-26,Regular Season,PostTouch
1630536,Sharife Cooper,1610612764,WAS,35,6,29,582.0,1245,0,0,0,0.0,0,0,0.0,0,0.0,0,0.0,0,0.0,0,0.0,0,0.0,2025-26,Regular Season,PostTouch
1631321,Sidy Cissoko,1610612757,POR,71,37,34,1414.0,1751,0,0,0,0.0,0,0,0.0,0,0.0,0,0.0,0,0.0,0,0.0,0,0.0,2025-26,Regular Season,PostTouch
1631323,Simone Fontecchio,1610612748,MIA,68,34,34,1127.0,1705,0,0,0,0.0,0,0,0.0,0,0.0,0,0.0,0,0.0,0,0.0,0,0.0,2025-26,Regular Season,PostTouch
1642883,Sion James,1610612766,CHA,78,42,36,1764.0,2651,1,0,0,0.0,0,0,0.0,0,0.0,1,1.0,0,0.0,0,0.0,0,0.0,2025-26,Regular Season,PostTouch
1627746,Skal Labissiere,1610612764,WAS,3,2,1,38.0,67,0,0,0,0.0,0,0,0.0,0,0.0,0,0.0,0,0.0,0,0.0,0,0.0,2025-26,Regular Season,PostTouch
1642461,Spencer Jones,1610612743,DEN,64,41,23,1417.0,1087,0,0,0,0.0,0,0,0.0,0,0.0,0,0.0,0,0.0,0,0.0,0,0.0,2025-26,Regular Season,PostTouch
1630649,Stanley Umude,1610612759,SAS,2,2,0,7.0,8,0,0,0,0.0,0,0,0.0,0,0.0,0,0.0,0,0.0,0,0.0,0,0.0,2025-26,Regular Season,PostTouch
201939,Stephen Curry,1610612744,GSW,39,23,16,1222.0,2591,0,0,0,0.0,0,0,0.0,0,0.0,0,0.0,0,0.0,0,0.0,0,0.0,2025-26,Regular Season,PostTouch
1642264,Stephon Castle,1610612759,SAS,65,50,15,1937.0,4386,8,1,3,0.333,2,2,1.0,4,0.5,3,0.375,2,0.25,1,0.125,1,0.125,2025-26,Regular Season,PostTouch
203500,Steven Adams,1610612745,HOU,32,21,11,730.0,901,7,3,3,1.0,0,0,0.0,6,0.857,2,0.286,0,0.0,2,0.286,0,0.0,2025-26,Regular Season,PostTouch
1629004,Svi Mykhailiuk,1610612762,UTA,49,14,35,1132.0,1404,0,0,0,0.0,0,0,0.0,0,0.0,0,0.0,0,0.0,0,0.0,0,0.0,2025-26,Regular Season,PostTouch
204456,T.J. McConnell,1610612754,IND,56,15,41,963.0,2800,0,0,0,0.0,0,0,0.0,0,0.0,0,0.0,0,0.0,0,0.0,0,0.0,2025-26,Regular Season,PostTouch
1643007,Taelon Peter,1610612754,IND,33,5,28,394.0,652,0,0,0,0.0,0,0,0.0,0,0.0,0,0.0,0,0.0,0,0.0,0,0.0,2025-26,Regular Season,PostTouch
201959,Taj Gibson,1610612763,MEM,7,1,6,65.0,66,1,0,1,0.0,0,0,0.0,0,0.0,0,0.0,0,0.0,0,0.0,0,0.0,2025-26,Regular Season,PostTouch
1631106,Tari Eason,1610612745,HOU,55,34,21,1424.0,2162,4,1,2,0.5,0,0,0.0,2,0.5,1,0.25,0,0.0,1,0.25,0,0.0,2025-26,Regular Season,PostTouch
1627752,Taurean Prince,1610612749,MIL,21,8,13,456.0,591,0,0,0,0.0,0,0,0.0,0,0.0,0,0.0,0,0.0,0,0.0,0,0.0,2025-26,Regular Season,PostTouch
1641707,Taylor Hendricks,1610612763,MEM,57,12,45,1084.0,1210,7,1,3,0.333,2,2,1.0,4,0.571,3,0.429,1,0.143,0,0.0,1,0.143,2025-26,Regular Season,PostTouch
1629611,Terance Mann,1610612751,BKN,63,15,48,1529.0,2586,4,0,1,0.0,0,0,0.0,0,0.0,3,0.75,2,0.5,0,0.0,0,0.0,2025-26,Regular Season,PostTouch
1630545,Terrence Shannon Jr.,1610612750,MIN,38,21,17,436.0,533,0,0,0,0.0,0,0,0.0,0,0.0,0,0.0,0,0.0,0,0.0,0,0.0,2025-26,Regular Season,PostTouch
203648,Thanasis Antetokounmpo,1610612749,MIL,31,8,23,115.0,176,2,0,0,0.0,1,2,0.5,1,0.5,0,0.0,0,0.0,1,0.5,1,0.5,2025-26,Regular Season,PostTouch
1628418,Thomas Bryant,1610612739,CLE,59,36,23,706.0,1148,15,5,11,0.455,2,4,0.5,12,0.8,1,0.067,0,0.0,0,0.0,2,0.133,2025-26,Regular Season,PostTouch
1642275,Tidjane Salaün,1610612766,CHA,36,18,18,571.0,824,1,0,0,0.0,0,0,0.0,0,0.0,0,0.0,0,0.0,1,1.0,0,0.0,2025-26,Regular Season,PostTouch
203501,Tim Hardaway Jr.,1610612743,DEN,76,48,28,2031.0,2387,1,1,1,1.0,0,0,0.0,2,2.0,0,0.0,0,0.0,0,0.0,0,0.0,2025-26,Regular Season,PostTouch
202699,Tobias Harris,1610612765,DET,59,42,17,1649.0,2514,182,54,88,0.614,23,28,0.821,138,0.758,67,0.368,16,0.088,7,0.038,15,0.082,2025-26,Regular Season,PostTouch
1643253,Toby Okani,1610612763,MEM,1,0,1,28.0,28,0,0,0,0.0,0,0,0.0,0,0.0,0,0.0,0,0.0,0,0.0,0,0.0,2025-26,Regular Season,PostTouch
1642449,Tolu Smith,1610612765,DET,12,9,3,118.0,173,2,0,1,0.0,0,0,0.0,0,0.0,0,0.0,0,0.0,0,0.0,0,0.0,2025-26,Regular Season,PostTouch
1628396,Tony Bradley,1610612754,IND,38,9,29,416.0,449,6,2,4,0.5,4,4,1.0,8,1.333,0,0.0,0,0.0,0,0.0,2,0.333,2025-26,Regular Season,PostTouch
1641787,Tosan Evbuomwan,1610612766,CHA,5,4,1,8.0,8,0,0,0,0.0,0,0,0.0,0,0.0,0,0.0,0,0.0,0,0.0,0,0.0,2025-26,Regular Season,PostTouch
1641739,Toumani Camara,1610612757,POR,78,40,38,2590.0,4334,3,0,1,0.0,0,0,0.0,0,0.0,1,0.333,0,0.0,1,0.333,0,0.0,2025-26,Regular Season,PostTouch
1629027,Trae Young,1610612764,WAS,15,2,13,384.0,935,0,0,0,0.0,0,0,0.0,0,0.0,0,0.0,0,0.0,0,0.0,0,0.0,2025-26,Regular Season,PostTouch
1631218,Trayce Jackson-Davis,1610612761,TOR,50,27,23,487.0,817,16,1,2,0.5,2,2,1.0,4,0.25,10,0.625,2,0.125,1,0.063,1,0.063,2025-26,Regular Season,PostTouch
1642848,Tre Johnson,1610612764,WAS,59,12,47,1418.0,1957,3,0,0,0.0,0,0,0.0,0,0.0,1,0.333,0,0.0,1,0.333,0,0.0,2025-26,Regular Season,PostTouch
1630200,Tre Jones,1610612741,CHI,60,25,35,1619.0,3628,0,0,0,0.0,0,0,0.0,0,0.0,0,0.0,0,0.0,0,0.0,0,0.0,2025-26,Regular Season,PostTouch
1630544,Tre Mann,1610612766,CHA,51,29,22,661.0,1389,0,0,0,0.0,0,0,0.0,0,0.0,0,0.0,0,0.0,0,0.0,0,0.0,2025-26,Regular Season,PostTouch
1630570,Trendon Watford,1610612755,PHI,51,26,25,852.0,2025,61,14,24,0.583,2,4,0.5,31,0.508,25,0.41,6,0.098,4,0.066,2,0.033,2025-26,Regular Season,PostTouch
1642280,Trentyn Flowers,1610612741,CHI,2,0,2,6.0,8,0,0,0,0.0,0,0,0.0,0,0.0,0,0.0,0,0.0,0,0.0,0,0.0,2025-26,Regular Season,PostTouch
1630286,Trevon Scott,1610612751,BKN,1,0,1,8.0,10,0,0,0,0.0,0,0,0.0,0,0.0,0,0.0,0,0.0,0,0.0,0,0.0,2025-26,Regular Season,PostTouch
1631211,Trevor Keels,1610612748,MIA,4,4,0,5.0,12,0,0,0,0.0,0,0,0.0,0,0.0,0,0.0,0,0.0,0,0.0,0,0.0,2025-26,Regular Season,PostTouch
1641725,Trey Alexander,1610612740,NOP,5,1,4,42.0,51,0,0,0,0.0,0,0,0.0,0,0.0,0,0.0,0,0.0,0,0.0,0,0.0,2025-26,Regular Season,PostTouch
1641998,Trey Jemison III,1610612752,NYK,11,9,2,61.0,54,0,0,0,0.0,0,0,0.0,0,0.0,0,0.0,0,0.0,0,0.0,0,0.0,2025-26,Regular Season,PostTouch
1630530,Trey Murphy III,1610612740,NOP,66,21,45,2341.0,4040,0,0,0,0.0,0,0,0.0,0,0.0,0,0.0,0,0.0,0,0.0,0,0.0,2025-26,Regular Season,PostTouch
1642400,Tristan Enaruna,1610612739,CLE,6,6,0,34.0,50,0,0,0,0.0,0,0,0.0,0,0.0,0,0.0,0,0.0,0,0.0,0,0.0,2025-26,Regular Season,PostTouch
1641774,Tristan Vukcevic,1610612764,WAS,49,8,41,671.0,1160,5,1,1,1.0,2,6,0.333,4,0.8,1,0.2,0,0.0,0,0.0,3,0.6,2025-26,Regular Season,PostTouch
1641783,Tristan da Silva,1610612753,ORL,72,39,33,1784.0,2240,3,2,3,0.667,0,0,0.0,4,1.333,0,0.0,0,0.0,0,0.0,0,0.0,2025-26,Regular Season,PostTouch
1629660,Ty Jerome,1610612763,MEM,15,3,12,339.0,784,0,0,0,0.0,0,0,0.0,0,0.0,0,0.0,0,0.0,0,0.0,0,0.0,2025-26,Regular Season,PostTouch
1631102,TyTy Washington Jr.,1610612746,LAC,12,6,6,72.0,126,0,0,0,0.0,0,0,0.0,0,0.0,0,0.0,0,0.0,0,0.0,0,0.0,2025-26,Regular Season,PostTouch
1631174,Tyler Burton,1610612763,MEM,12,2,10,307.0,403,0,0,0,0.0,0,0,0.0,0,0.0,0,0.0,0,0.0,0,0.0,0,0.0,2025-26,Regular Season,PostTouch
1629639,Tyler Herro,1610612748,MIA,30,13,17,952.0,1826,2,0,0,0.0,0,0,0.0,0,0.0,1,0.5,0,0.0,1,0.5,0,0.0,2025-26,Regular Season,PostTouch
1642278,Tyler Kolek,1610612752,NYK,62,39,23,727.0,1809,0,0,0,0.0,0,0,0.0,0,0.0,0,0.0,0,0.0,0,0.0,0,0.0,2025-26,Regular Season,PostTouch
1641890,Tyler Smith,1610612742,DAL,8,1,7,77.0,94,0,0,0,0.0,0,0,0.0,0,0.0,0,0.0,0,0.0,0,0.0,0,0.0,2025-26,Regular Season,PostTouch
1631213,Tyrese Martin,1610612755,PHI,45,11,34,775.0,1508,0,0,0,0.0,0,0,0.0,0,0.0,0,0.0,0,0.0,0,0.0,0,0.0,2025-26,Regular Season,PostTouch
1630178,Tyrese Maxey,1610612755,PHI,65,36,29,2490.0,6283,11,3,6,0.5,2,2,1.0,8,0.727,3,0.273,0,0.0,1,0.091,1,0.091,2025-26,Regular Season,PostTouch
1642878,Tyrese Proctor,1610612739,CLE,46,30,16,472.0,847,0,0,0,0.0,0,0,0.0,0,0.0,0,0.0,0,0.0,0,0.0,0,0.0,2025-26,Regular Season,PostTouch
1630623,Tyson Etienne,1610612751,BKN,19,3,16,223.0,329,0,0,0,0.0,0,0,0.0,0,0.0,0,0.0,0,0.0,0,0.0,0,0.0,2025-26,Regular Season,PostTouch
1626145,Tyus Jones,1610612743,DEN,64,34,30,932.0,2025,0,0,0,0.0,0,0,0.0,0,0.0,0,0.0,0,0.0,0,0.0,0,0.0,2025-26,Regular Season,PostTouch
1642845,VJ Edgecombe,1610612755,PHI,70,41,29,2436.0,4911,7,2,4,0.5,2,2,1.0,6,0.857,0,0.0,0,0.0,2,0.286,1,0.143,2025-26,Regular Season,PostTouch
1641705,Victor Wembanyama,1610612759,SAS,61,48,13,1784.0,3561,179,40,84,0.476,25,32,0.781,106,0.592,61,0.341,9,0.05,10,0.056,16,0.089,2025-26,Regular Season,PostTouch
1631246,Vince Williams Jr.,1610612762,UTA,40,16,24,819.0,1976,4,0,0,0.0,0,0,0.0,0,0.0,3,0.75,2,0.5,0,0.0,0,0.0,2025-26,Regular Season,PostTouch
1642884,Vladislav Goldin,1610612748,MIA,5,3,2,14.0,14,1,1,1,1.0,0,0,0.0,2,2.0,0,0.0,0,0.0,0,0.0,0,0.0,2025-26,Regular Season,PostTouch
1630249,Vít Krejčí,1610612757,POR,64,31,33,1387.0,1957,0,0,0,0.0,0,0,0.0,0,0.0,0,0.0,0,0.0,0,0.0,0,0.0,2025-26,Regular Season,PostTouch
1631117,Walker Kessler,1610612762,UTA,5,2,3,154.0,265,0,0,0,0.0,0,0,0.0,0,0.0,0,0.0,0,0.0,0,0.0,0,0.0,2025-26,Regular Season,PostTouch
1642383,Walter Clayton Jr.,1610612763,MEM,66,17,49,1338.0,2965,0,0,0,0.0,0,0,0.0,0,0.0,0,0.0,0,0.0,0,0.0,0,0.0,2025-26,Regular Season,PostTouch
1628976,Wendell Carter Jr.,1610612753,ORL,73,39,34,2162.0,2895,26,5,13,0.385,3,4,0.75,13,0.5,8,0.308,0,0.0,2,0.077,2,0.077,2025-26,Regular Season,PostTouch
1631111,Wendell Moore Jr.,1610612765,DET,5,4,1,54.0,59,0,0,0,0.0,0,0,0.0,0,0.0,0,0.0,0,0.0,0,0.0,0,0.0,2025-26,Regular Season,PostTouch
1642954,Will Richard,1610612744,GSW,66,34,32,1348.0,1636,2,0,0,0.0,0,0,0.0,0,0.0,2,1.0,0,0.0,0,0.0,0,0.0,2025-26,Regular Season,PostTouch
1642860,Will Riley,1610612764,WAS,68,16,52,1429.0,2182,0,0,0,0.0,0,0,0.0,0,0.0,0,0.0,0,0.0,0,0.0,0,0.0,2025-26,Regular Season,PostTouch
1630214,Xavier Tillman,1610612766,CHA,28,20,8,178.0,238,2,0,0,0.0,0,0,0.0,0,0.0,2,1.0,1,0.5,0,0.0,0,0.0,2025-26,Regular Season,PostTouch
1642905,Yang Hansen,1610612757,POR,41,22,19,296.0,390,24,4,10,0.4,7,8,0.875,16,0.667,5,0.208,1,0.042,3,0.125,4,0.167,2025-26,Regular Season,PostTouch
1642949,Yanic Konan Niederhäuser,1610612746,LAC,41,22,19,424.0,473,4,2,3,0.667,0,0,0.0,4,1.0,1,0.25,1,0.25,0,0.0,0,0.0,2025-26,Regular Season,PostTouch
1642530,Yuki Kawamura,1610612741,CHI,13,4,9,142.0,300,0,0,0,0.0,0,0,0.0,0,0.0,0,0.0,0,0.0,0,0.0,0,0.0,2025-26,Regular Season,PostTouch
1642274,Yves Missi,1610612740,NOP,65,19,46,1257.0,1560,7,1,3,0.333,0,0,0.0,2,0.286,2,0.286,0,0.0,2,0.286,0,0.0,2025-26,Regular Season,PostTouch
1642258,Zaccharie Risacher,1610612737,ATL,64,38,26,1453.0,1689,2,0,1,0.0,0,0,0.0,0,0.0,1,0.5,0,0.0,0,0.0,0,0.0,2025-26,Regular Season,PostTouch
1628380,Zach Collins,1610612741,CHI,10,6,4,184.0,300,5,2,3,0.667,2,2,1.0,6,1.2,1,0.2,0,0.0,0,0.0,1,0.2,2025-26,Regular Season,PostTouch
1641744,Zach Edey,1610612763,MEM,11,7,4,284.0,401,47,19,30,0.633,0,0,0.0,38,0.809,10,0.213,4,0.085,4,0.085,0,0.0,2025-26,Regular Season,PostTouch
203897,Zach LaVine,1610612758,SAC,39,9,30,1224.0,1999,7,1,3,0.333,0,0,0.0,2,0.286,2,0.286,0,0.0,1,0.143,0,0.0,2025-26,Regular Season,PostTouch
1630192,Zeke Nnaji,1610612743,DEN,49,35,14,585.0,691,2,0,0,0.0,0,0,0.0,0,0.0,1,0.5,1,0.5,1,0.5,0,0.0,2025-26,Regular Season,PostTouch
1630533,Ziaire Williams,1610612751,BKN,56,13,43,1281.0,1493,1,0,0,0.0,0,0,0.0,0,0.0,0,0.0,0,0.0,0,0.0,0,0.0,2025-26,Regular Season,PostTouch
1629627,Zion Williamson,1610612740,NOP,61,22,39,1813.0,2991,93,14,32,0.438,14,18,0.778,42,0.452,37,0.398,10,0.108,12,0.129,9,0.097,2025-26,Regular Season,PostTouch
1642389,Zyon Pullin,1610612750,MIN,2,2,0,6.0,16,0,0,0,0.0,0,0,0.0,0,0.0,0,0.0,0,0.0,0,0.0,0,0.0,2025-26,Regular Season,PostTouch
