PLAYER_ID,PLAYER_NAME,TEAM_ID,TEAM_ABBREVIATION,AGE,G,MIN,OFF_BOXOUTS,DEF_BOXOUTS,BOX_OUTS,BOX_OUT_PLAYER_TEAM_REBS,BOX_OUT_PLAYER_REBS,PCT_BOX_OUTS_OFF,PCT_BOX_OUTS_DEF,PCT_BOX_OUTS_TEAM_REB,PCT_BOX_OUTS_REB,SEASON,SEASON_TYPE
1630639,A.J. Lawson,1610612761,TOR,25.0,11,128.0,0,4,4,4,2,0.0,1.0,1.0,0.5,2025-26,Regular Season
1631260,AJ Green,1610612749,MIL,26.0,73,2097.0,0,36,36,36,9,0.0,1.0,1.0,0.25,2025-26,Regular Season
1642358,AJ Johnson,1610612742,DAL,21.0,28,318.0,0,1,1,1,0,0.0,1.0,1.0,0.0,2025-26,Regular Season
203932,Aaron Gordon,1610612743,DEN,30.0,33,910.0,4,10,14,14,11,0.286,0.714,1.0,0.786,2025-26,Regular Season
1628988,Aaron Holiday,1610612745,HOU,29.0,45,660.0,0,6,6,6,1,0.0,1.0,1.0,0.167,2025-26,Regular Season
1630174,Aaron Nesmith,1610612754,IND,26.0,45,1335.0,1,10,11,11,5,0.091,0.909,1.0,0.455,2025-26,Regular Season
1630598,Aaron Wiggins,1610612760,OKC,27.0,58,1298.0,1,15,16,16,12,0.063,0.938,1.0,0.75,2025-26,Regular Season
1642846,Ace Bailey,1610612762,UTA,19.0,69,1896.0,3,24,27,27,10,0.111,0.889,1.0,0.37,2025-26,Regular Season
1642380,Adama Bal,1610612763,MEM,22.0,4,102.0,0,1,1,1,0,0.0,1.0,1.0,0.0,2025-26,Regular Season
1641737,Adem Bona,1610612755,PHI,23.0,66,1149.0,34,27,61,61,40,0.557,0.443,1.0,0.656,2025-26,Regular Season
1642876,Adou Thiero,1610612747,LAL,21.0,17,101.0,0,2,2,2,0,0.0,1.0,1.0,0.0,2025-26,Regular Season
1642349,Ajay Mitchell,1610612760,OKC,23.0,53,1404.0,1,18,19,19,8,0.053,0.947,1.0,0.421,2025-26,Regular Season
201143,Al Horford,1610612744,GSW,39.0,43,933.0,4,33,37,37,33,0.108,0.892,1.0,0.892,2025-26,Regular Season
1630828,Alex Antetokounmpo,1610612749,MIL,24.0,1,4.0,1,0,1,1,1,1.0,0.0,1.0,1.0,2025-26,Regular Season
1627936,Alex Caruso,1610612760,OKC,32.0,53,984.0,0,20,20,20,12,0.0,1.0,1.0,0.6,2025-26,Regular Season
1631457,Alex Morales,1610612753,ORL,28.0,1,12.0,0,1,1,1,0,0.0,1.0,1.0,0.0,2025-26,Regular Season
1642259,Alex Sarr,1610612764,WAS,20.0,48,1305.0,25,37,62,62,51,0.403,0.597,1.0,0.823,2025-26,Regular Season
1642918,Alijah Martin,1610612761,TOR,24.0,13,108.0,1,1,2,2,2,0.5,0.5,1.0,1.0,2025-26,Regular Season
1631214,Alondes Williams,1610612764,WAS,26.0,3,91.0,0,0,0,0,0,0.0,0.0,0.0,0.0,2025-26,Regular Season
1630578,Alperen Sengun,1610612745,HOU,23.0,67,2270.0,44,63,107,104,74,0.411,0.589,0.981,0.698,2025-26,Regular Season
1642873,Amari Williams,1610612738,BOS,24.0,13,125.0,3,5,8,8,4,0.375,0.625,1.0,0.5,2025-26,Regular Season
1641708,Amen Thompson,1610612745,HOU,23.0,75,2795.0,16,22,38,38,27,0.421,0.579,1.0,0.711,2025-26,Regular Season
1629599,Amir Coffey,1610612756,PHX,28.0,31,365.0,0,5,5,5,1,0.0,1.0,1.0,0.2,2025-26,Regular Season
1643158,Andersson Garcia,1610612762,UTA,25.0,5,169.0,1,4,5,5,3,0.2,0.8,1.0,0.6,2025-26,Regular Season
203083,Andre Drummond,1610612755,PHI,32.0,57,1118.0,52,31,83,83,74,0.627,0.373,1.0,0.892,2025-26,Regular Season
1641748,Andre Jackson Jr.,1610612749,MIL,24.0,31,297.0,4,0,4,4,2,1.0,0.0,1.0,0.5,2025-26,Regular Season
1629614,Andrew Nembhard,1610612754,IND,26.0,57,1786.0,0,14,14,14,2,0.0,1.0,1.0,0.143,2025-26,Regular Season
203952,Andrew Wiggins,1610612748,MIA,31.0,64,1960.0,10,41,51,48,21,0.196,0.804,0.941,0.412,2025-26,Regular Season
1629014,Anfernee Simons,1610612741,CHI,26.0,54,1351.0,0,4,4,4,1,0.0,1.0,1.0,0.25,2025-26,Regular Season
1641710,Anthony Black,1610612753,ORL,22.0,60,1841.0,0,19,19,19,6,0.0,1.0,1.0,0.316,2025-26,Regular Season
203076,Anthony Davis,1610612764,WAS,33.0,20,626.0,15,17,32,32,28,0.469,0.531,1.0,0.875,2025-26,Regular Season
1630162,Anthony Edwards,1610612750,MIN,24.0,60,2109.0,0,16,16,16,9,0.0,1.0,1.0,0.563,2025-26,Regular Season
1630264,Anthony Gill,1610612764,WAS,33.0,41,768.0,13,25,38,38,26,0.342,0.658,1.0,0.684,2025-26,Regular Season
1641810,Antonio Reeves,1610612766,CHA,25.0,5,49.0,0,2,2,2,1,0.0,1.0,1.0,0.5,2025-26,Regular Season
1630574,Ariel Hukporti,1610612752,NYK,23.0,46,437.0,12,22,34,34,24,0.353,0.647,1.0,0.706,2025-26,Regular Season
1642854,Asa Newell,1610612737,ATL,20.0,36,432.0,5,15,20,20,13,0.25,0.75,1.0,0.65,2025-26,Regular Season
1641709,Ausar Thompson,1610612765,DET,23.0,68,1769.0,12,10,22,21,16,0.545,0.455,1.0,0.762,2025-26,Regular Season
1630559,Austin Reaves,1610612747,LAL,27.0,51,1762.0,0,12,12,12,1,0.0,1.0,1.0,0.083,2025-26,Regular Season
1630245,Ayo Dosunmu,1610612750,MIN,26.0,64,1744.0,1,14,15,15,7,0.067,0.933,1.0,0.467,2025-26,Regular Season
1628389,Bam Adebayo,1610612748,MIA,28.0,69,2223.0,20,129,149,144,97,0.134,0.866,0.966,0.651,2025-26,Regular Season
1631248,Baylor Scheierman,1610612738,BOS,25.0,69,1298.0,5,17,22,22,14,0.227,0.773,1.0,0.636,2025-26,Regular Season
1642879,Ben Saraf,1610612751,BKN,19.0,38,780.0,1,6,7,7,5,0.143,0.857,1.0,0.714,2025-26,Regular Season
1641767,Ben Sheppard,1610612754,IND,24.0,65,1390.0,0,16,16,16,4,0.0,1.0,1.0,0.25,2025-26,Regular Season
1631097,Bennedict Mathurin,1610612746,LAC,23.0,49,1504.0,5,20,25,25,14,0.2,0.8,1.0,0.56,2025-26,Regular Season
1643016,Bez Mbeng,1610612762,UTA,22.0,12,358.0,0,3,3,3,0,0.0,1.0,1.0,0.0,2025-26,Regular Season
1641731,Bilal Coulibaly,1610612764,WAS,21.0,54,1422.0,3,10,13,13,9,0.231,0.769,1.0,0.692,2025-26,Regular Season
202687,Bismack Biyombo,1610612759,SAS,33.0,19,123.0,2,5,7,7,5,0.286,0.714,1.0,0.714,2025-26,Regular Season
1642396,Blake Hinson,1610612762,UTA,26.0,11,214.0,0,2,2,2,1,0.0,1.0,1.0,0.5,2025-26,Regular Season
1631104,Blake Wesley,1610612757,POR,23.0,18,278.0,0,2,2,2,0,0.0,1.0,1.0,0.0,2025-26,Regular Season
1626171,Bobby Portis,1610612749,MIL,31.0,67,1619.0,20,66,86,84,53,0.233,0.767,0.977,0.616,2025-26,Regular Season
1641752,Bobi Klintman,1610612765,DET,23.0,9,64.0,0,1,1,1,1,0.0,1.0,1.0,1.0,2025-26,Regular Season
203992,Bogdan Bogdanović,1610612746,LAC,33.0,21,429.0,0,3,3,3,3,0.0,1.0,1.0,1.0,2025-26,Regular Season
1630538,Bones Hyland,1610612750,MIN,25.0,62,1073.0,0,6,6,6,3,0.0,1.0,1.0,0.5,2025-26,Regular Season
203078,Bradley Beal,1610612746,LAC,32.0,6,121.0,0,0,0,0,0,0.0,0.0,0.0,0.0,2025-26,Regular Season
1642382,Branden Carlson,1610612760,OKC,26.0,34,386.0,2,16,18,18,14,0.111,0.889,1.0,0.778,2025-26,Regular Season
1641764,Brandin Podziemski,1610612744,GSW,23.0,77,2189.0,8,22,30,29,15,0.267,0.733,0.967,0.5,2025-26,Regular Season
1629634,Brandon Clarke,1610612763,MEM,29.0,2,20.0,0,1,1,1,0,0.0,1.0,1.0,0.0,2025-26,Regular Season
1627742,Brandon Ingram,1610612761,TOR,28.0,71,2402.0,0,22,22,22,14,0.0,1.0,1.0,0.636,2025-26,Regular Season
1641706,Brandon Miller,1610612766,CHA,23.0,61,1842.0,1,13,14,13,6,0.071,0.929,0.929,0.429,2025-26,Regular Season
1630314,Brandon Williams,1610612742,DAL,26.0,64,1424.0,0,14,14,14,6,0.0,1.0,1.0,0.429,2025-26,Regular Season
1641729,Brice Sensabaugh,1610612762,UTA,22.0,68,1656.0,6,21,27,27,19,0.222,0.778,1.0,0.704,2025-26,Regular Season
1642355,Bronny James,1610612747,LAL,21.0,25,260.0,0,2,2,2,0,0.0,1.0,1.0,0.0,2025-26,Regular Season
201572,Brook Lopez,1610612746,LAC,38.0,70,1502.0,9,82,91,88,48,0.099,0.901,0.967,0.527,2025-26,Regular Season
1642964,Brooks Barnhizer,1610612760,OKC,24.0,29,262.0,2,4,6,6,4,0.333,0.667,1.0,0.667,2025-26,Regular Season
1628971,Bruce Brown,1610612743,DEN,29.0,77,1883.0,12,14,26,25,19,0.462,0.538,0.962,0.731,2025-26,Regular Season
1631121,Bryce McGowens,1610612740,NOP,23.0,40,871.0,1,13,14,14,3,0.071,0.929,1.0,0.214,2025-26,Regular Season
1642267,Bub Carrington,1610612764,WAS,20.0,76,2111.0,2,29,31,30,10,0.065,0.935,0.968,0.323,2025-26,Regular Season
1631205,Buddy Boeheim,1610612760,OKC,26.0,2,12.0,0,0,0,0,0,0.0,0.0,0.0,0.0,2025-26,Regular Season
1627741,Buddy Hield,1610612737,ATL,33.0,45,768.0,0,4,4,4,1,0.0,1.0,1.0,0.25,2025-26,Regular Season
203468,CJ McCollum,1610612737,ATL,34.0,72,2141.0,1,13,14,14,8,0.071,0.929,1.0,0.571,2025-26,Regular Season
1630595,Cade Cunningham,1610612765,DET,24.0,61,2096.0,3,25,28,28,14,0.107,0.893,1.0,0.5,2025-26,Regular Season
1631216,Caleb Houstan,1610612737,ATL,23.0,5,32.0,0,0,0,0,0,0.0,0.0,0.0,0.0,2025-26,Regular Season
1631126,Caleb Love,1610612757,POR,24.0,42,966.0,0,5,5,5,4,0.0,1.0,1.0,0.8,2025-26,Regular Season
1628997,Caleb Martin,1610612742,DAL,30.0,50,818.0,0,12,12,12,4,0.0,1.0,1.0,0.333,2025-26,Regular Season
1642353,Cam Christie,1610612746,LAC,20.0,36,401.0,0,3,3,3,1,0.0,1.0,1.0,0.333,2025-26,Regular Season
1642285,Cam Spencer,1610612763,MEM,25.0,70,1672.0,0,20,20,19,8,0.0,1.0,0.95,0.4,2025-26,Regular Season
1630560,Cam Thomas,1610612749,MIL,24.0,39,839.0,0,4,4,4,1,0.0,1.0,1.0,0.25,2025-26,Regular Season
1641715,Cam Whitmore,1610612764,WAS,21.0,21,354.0,3,4,7,7,5,0.429,0.571,1.0,0.714,2025-26,Regular Season
1629661,Cameron Johnson,1610612743,DEN,30.0,51,1541.0,1,26,27,27,8,0.037,0.963,1.0,0.296,2025-26,Regular Season
1626166,Cameron Payne,1610612755,PHI,31.0,20,361.0,1,3,4,4,2,0.25,0.75,1.0,0.5,2025-26,Regular Season
1627747,Caris LeVert,1610612765,DET,31.0,54,1055.0,0,15,15,15,7,0.0,1.0,1.0,0.467,2025-26,Regular Season
1642868,Carter Bryant,1610612759,SAS,20.0,61,693.0,2,11,13,13,4,0.154,0.846,1.0,0.308,2025-26,Regular Season
1641717,Cason Wallace,1610612760,OKC,22.0,74,1980.0,2,31,33,33,11,0.061,0.939,1.0,0.333,2025-26,Regular Season
1642907,Cedric Coward,1610612763,MEM,22.0,60,1559.0,7,14,21,21,13,0.333,0.667,1.0,0.619,2025-26,Regular Season
1643052,Chaney Johnson,1610612751,BKN,23.0,14,282.0,4,13,17,16,9,0.235,0.765,0.941,0.529,2025-26,Regular Season
1629646,Charles Bassey,1610612738,BOS,25.0,7,50.0,3,1,4,4,4,0.75,0.25,1.0,1.0,2025-26,Regular Season
1642404,Chaz Lanier,1610612765,DET,24.0,15,164.0,0,3,3,3,0,0.0,1.0,1.0,0.0,2025-26,Regular Season
1631096,Chet Holmgren,1610612760,OKC,23.0,66,1922.0,19,67,86,86,62,0.221,0.779,1.0,0.721,2025-26,Regular Season
1628449,Chris Boucher,1610612738,BOS,33.0,7,84.0,1,3,4,4,3,0.25,0.75,1.0,0.75,2025-26,Regular Season
1641753,Chris Livingston,1610612739,CLE,22.0,3,17.0,0,0,0,0,0,0.0,0.0,0.0,0.0,2025-26,Regular Season
1643024,Chris Mañon,1610612747,LAL,24.0,3,17.0,0,0,0,0,0,0.0,0.0,0.0,0.0,2025-26,Regular Season
101108,Chris Paul,1610612746,LAC,40.0,14,207.0,0,5,5,5,2,0.0,1.0,1.0,0.4,2025-26,Regular Season
1642959,Chris Youngblood,1610612757,POR,24.0,21,143.0,0,1,1,1,1,0.0,1.0,1.0,1.0,2025-26,Regular Season
1631128,Christian Braun,1610612743,DEN,24.0,41,1294.0,7,12,19,18,10,0.368,0.632,1.0,0.556,2025-26,Regular Season
1631132,Christian Koloko,1610612737,ATL,25.0,26,335.0,5,9,14,14,7,0.357,0.643,1.0,0.5,2025-26,Regular Season
1642935,Chucky Hepburn,1610612761,TOR,23.0,2,13.0,0,0,0,0,0,0.0,0.0,0.0,0.0,2025-26,Regular Season
203991,Clint Capela,1610612745,HOU,31.0,69,865.0,32,36,68,67,55,0.471,0.529,0.985,0.809,2025-26,Regular Season
1629632,Coby White,1610612766,CHA,26.0,46,1169.0,0,21,21,20,10,0.0,1.0,0.952,0.476,2025-26,Regular Season
1628998,Cody Martin,1610612754,IND,30.0,4,55.0,0,1,1,1,0,0.0,1.0,1.0,0.0,2025-26,Regular Season
1642262,Cody Williams,1610612762,UTA,21.0,62,1479.0,0,9,9,9,4,0.0,1.0,1.0,0.444,2025-26,Regular Season
1641732,Colby Jones,1610612765,DET,23.0,1,7.0,0,1,1,1,1,0.0,1.0,1.0,1.0,2025-26,Regular Season
1630175,Cole Anthony,1610612749,MIL,25.0,32,500.0,0,3,3,3,2,0.0,1.0,1.0,0.667,2025-26,Regular Season
1630658,Colin Castleton,1610612753,ORL,25.0,1,10.0,0,1,1,1,1,0.0,1.0,1.0,1.0,2025-26,Regular Season
1631221,Collin Gillespie,1610612756,PHX,26.0,76,2191.0,1,23,24,24,15,0.042,0.958,1.0,0.625,2025-26,Regular Season
1642867,Collin Murray-Boyles,1610612761,TOR,20.0,53,1164.0,24,26,50,50,32,0.48,0.52,1.0,0.64,2025-26,Regular Season
1629012,Collin Sexton,1610612741,CHI,27.0,63,1463.0,0,12,12,12,4,0.0,1.0,1.0,0.333,2025-26,Regular Season
1642843,Cooper Flagg,1610612742,DAL,19.0,65,2197.0,2,22,24,23,16,0.083,0.917,0.958,0.667,2025-26,Regular Season
1630557,Corey Kispert,1610612737,ATL,27.0,52,1003.0,1,6,7,7,2,0.143,0.857,1.0,0.286,2025-26,Regular Season
1642504,Cormac Ryan,1610612749,MIL,27.0,6,111.0,1,0,1,1,1,1.0,0.0,1.0,1.0,2025-26,Regular Season
1641854,Craig Porter Jr.,1610612739,CLE,26.0,58,1048.0,1,9,10,9,3,0.1,0.9,0.9,0.3,2025-26,Regular Season
1642938,Curtis Jones,1610612743,DEN,24.0,5,25.0,0,0,0,0,0,0.0,0.0,0.0,0.0,2025-26,Regular Season
1626156,D'Angelo Russell,1610612764,WAS,30.0,24,457.0,0,3,3,3,2,0.0,1.0,1.0,0.667,2025-26,Regular Season
1629610,DaQuan Jeffries,1610612758,SAC,28.0,3,60.0,1,3,4,4,2,0.25,0.75,1.0,0.5,2025-26,Regular Season
1641747,DaRon Holmes II,1610612743,DEN,23.0,16,189.0,2,16,18,18,5,0.111,0.889,1.0,0.278,2025-26,Regular Season
1631342,Daeqwon Plowden,1610612758,SAC,27.0,28,723.0,0,10,10,10,2,0.0,1.0,1.0,0.2,2025-26,Regular Season
1630625,Dalano Banton,1610612738,BOS,26.0,3,17.0,0,0,0,0,0,0.0,0.0,0.0,0.0,2025-26,Regular Season
1631207,Dalen Terry,1610612755,PHI,23.0,35,500.0,1,5,6,5,4,0.167,0.833,0.833,0.667,2025-26,Regular Season
1642261,Dalton Knecht,1610612747,LAL,24.0,37,458.0,0,5,5,5,4,0.0,1.0,1.0,0.8,2025-26,Regular Season
1629655,Daniel Gafford,1610612742,DAL,27.0,54,1175.0,28,46,74,74,44,0.378,0.622,1.0,0.595,2025-26,Regular Season
1642450,Daniss Jenkins,1610612765,DET,24.0,61,1300.0,1,10,11,10,1,0.091,0.909,0.909,0.091,2025-26,Regular Season
1642874,Danny Wolf,1610612751,BKN,21.0,55,1171.0,7,22,29,29,19,0.241,0.759,1.0,0.655,2025-26,Regular Season
203967,Dario Saric,1610612758,SAC,31.0,5,41.0,0,2,2,2,1,0.0,1.0,1.0,0.5,2025-26,Regular Season
1641727,Dariq Whitehead,1610612763,MEM,21.0,1,22.0,0,0,0,0,0,0.0,0.0,0.0,0.0,2025-26,Regular Season
1629636,Darius Garland,1610612746,LAC,26.0,41,1224.0,0,5,5,5,3,0.0,1.0,1.0,0.6,2025-26,Regular Season
1642357,David Jones Garcia,1610612759,SAS,24.0,9,65.0,0,1,1,1,1,0.0,1.0,1.0,1.0,2025-26,Regular Season
1631223,David Roddy,1610612743,DEN,25.0,2,12.0,0,0,0,0,0,0.0,0.0,0.0,0.0,2025-26,Regular Season
1630558,Davion Mitchell,1610612748,MIA,27.0,67,1914.0,0,20,20,20,8,0.0,1.0,1.0,0.4,2025-26,Regular Season
1630549,Day'Ron Sharpe,1610612751,BKN,24.0,62,1160.0,35,40,75,74,52,0.467,0.533,0.987,0.693,2025-26,Regular Season
1628368,De'Aaron Fox,1610612759,SAS,28.0,67,2069.0,1,7,8,8,4,0.125,0.875,1.0,0.5,2025-26,Regular Season
1629631,De'Andre Hunter,1610612758,SAC,28.0,45,1175.0,1,22,23,23,8,0.043,0.957,1.0,0.348,2025-26,Regular Season
1629001,De'Anthony Melton,1610612744,GSW,27.0,44,1012.0,1,11,12,12,3,0.083,0.917,1.0,0.25,2025-26,Regular Season
201599,DeAndre Jordan,1610612740,NOP,37.0,12,199.0,8,6,14,14,13,0.571,0.429,1.0,0.929,2025-26,Regular Season
1630610,DeJon Jarreau,1610612763,MEM,28.0,11,231.0,0,1,1,1,1,0.0,1.0,1.0,1.0,2025-26,Regular Season
201942,DeMar DeRozan,1610612758,SAC,36.0,76,2395.0,0,29,29,29,14,0.0,1.0,1.0,0.483,2025-26,Regular Season
1629731,Dean Wade,1610612739,CLE,29.0,57,1279.0,3,50,53,53,19,0.057,0.943,1.0,0.358,2025-26,Regular Season
1629028,Deandre Ayton,1610612747,LAL,27.0,67,1830.0,27,37,64,62,56,0.422,0.578,0.969,0.875,2025-26,Regular Season
1627749,Dejounte Murray,1610612740,NOP,29.0,14,389.0,0,2,2,2,1,0.0,1.0,1.0,0.5,2025-26,Regular Season
1630166,Deni Avdija,1610612757,POR,25.0,62,2054.0,1,20,21,21,18,0.048,0.952,1.0,0.857,2025-26,Regular Season
203471,Dennis Schröder,1610612739,CLE,32.0,64,1579.0,1,9,10,10,6,0.1,0.9,1.0,0.6,2025-26,Regular Season
1641726,Dereck Lively II,1610612742,DAL,22.0,7,115.0,1,11,12,12,6,0.083,0.917,1.0,0.5,2025-26,Regular Season
1642852,Derik Queen,1610612740,NOP,21.0,77,1888.0,11,53,64,63,37,0.172,0.828,1.0,0.587,2025-26,Regular Season
1627884,Derrick Jones Jr.,1610612746,LAC,29.0,45,1226.0,0,10,10,9,5,0.0,1.0,0.9,0.5,2025-26,Regular Season
1628401,Derrick White,1610612738,BOS,31.0,73,2500.0,0,17,17,17,2,0.0,1.0,1.0,0.118,2025-26,Regular Season
1630217,Desmond Bane,1610612753,ORL,27.0,77,2625.0,13,20,33,33,20,0.394,0.606,1.0,0.606,2025-26,Regular Season
1626164,Devin Booker,1610612756,PHX,29.0,61,2035.0,2,28,30,30,13,0.067,0.933,1.0,0.433,2025-26,Regular Season
1642269,Devin Carter,1610612758,SAC,24.0,31,557.0,0,1,1,1,0,0.0,1.0,1.0,0.0,2025-26,Regular Season
1630170,Devin Vassell,1610612759,SAS,25.0,62,1883.0,0,10,10,10,8,0.0,1.0,1.0,0.8,2025-26,Regular Season
1628415,Dillon Brooks,1610612756,PHX,30.0,52,1581.0,1,14,15,15,10,0.067,0.933,1.0,0.667,2025-26,Regular Season
1641794,Dillon Jones,1610612752,NYK,24.0,3,19.0,0,0,0,0,0,0.0,0.0,0.0,0.0,2025-26,Regular Season
1627734,Domantas Sabonis,1610612758,SAC,29.0,19,564.0,20,22,42,41,34,0.476,0.524,0.976,0.81,2025-26,Regular Season
1631230,Dominick Barlow,1610612755,PHI,22.0,66,1581.0,3,22,25,25,10,0.12,0.88,1.0,0.4,2025-26,Regular Season
1642270,Donovan Clingan,1610612757,POR,22.0,73,1983.0,76,54,130,128,111,0.585,0.415,0.985,0.854,2025-26,Regular Season
1628378,Donovan Mitchell,1610612739,CLE,29.0,67,2250.0,0,21,21,21,11,0.0,1.0,1.0,0.524,2025-26,Regular Season
1628978,Donte DiVincenzo,1610612750,MIN,29.0,77,2379.0,0,17,17,17,9,0.0,1.0,1.0,0.529,2025-26,Regular Season
1627827,Dorian Finney-Smith,1610612745,HOU,32.0,34,577.0,0,14,14,14,2,0.0,1.0,1.0,0.143,2025-26,Regular Season
203926,Doug McDermott,1610612758,SAC,34.0,19,317.0,0,0,0,0,0,0.0,0.0,0.0,0.0,2025-26,Regular Season
1642962,Drake Powell,1610612751,BKN,20.0,56,1188.0,2,15,17,15,4,0.118,0.882,0.882,0.235,2025-26,Regular Season
203110,Draymond Green,1610612744,GSW,36.0,64,1762.0,7,68,75,72,39,0.093,0.907,0.96,0.52,2025-26,Regular Season
1629234,Drew Eubanks,1610612758,SAC,29.0,42,552.0,11,21,32,32,20,0.344,0.656,1.0,0.625,2025-26,Regular Season
1641809,Drew Peterson,1610612766,CHA,26.0,6,64.0,0,1,1,1,1,0.0,1.0,1.0,1.0,2025-26,Regular Season
1631166,Drew Timme,1610612747,LAL,25.0,18,178.0,1,8,9,9,1,0.111,0.889,1.0,0.111,2025-26,Regular Season
1630696,Dru Smith,1610612748,MIA,28.0,67,1121.0,1,18,19,18,7,0.053,0.947,0.947,0.368,2025-26,Regular Season
1629130,Duncan Robinson,1610612765,DET,31.0,73,2018.0,1,29,30,30,11,0.033,0.967,1.0,0.367,2025-26,Regular Season
1641871,Duop Reath,1610612757,POR,29.0,28,250.0,0,12,12,12,3,0.0,1.0,1.0,0.25,2025-26,Regular Season
203939,Dwight Powell,1610612742,DAL,34.0,55,808.0,17,43,60,59,32,0.283,0.717,0.983,0.533,2025-26,Regular Season
1642928,Dylan Cardwell,1610612758,SAC,24.0,39,804.0,20,33,53,53,36,0.377,0.623,1.0,0.679,2025-26,Regular Season
1642844,Dylan Harper,1610612759,SAS,20.0,64,1433.0,0,6,6,6,3,0.0,1.0,1.0,0.5,2025-26,Regular Season
1630700,Dyson Daniels,1610612737,ATL,23.0,73,2419.0,7,21,28,27,23,0.25,0.75,1.0,0.852,2025-26,Regular Season
1630604,E.J. Liddell,1610612751,BKN,25.0,16,174.0,1,9,10,10,4,0.1,0.9,1.0,0.4,2025-26,Regular Season
1642856,Egor Dëmin,1610612751,BKN,20.0,52,1308.0,0,19,19,19,6,0.0,1.0,1.0,0.316,2025-26,Regular Season
1641989,Elijah Harkless,1610612762,UTA,26.0,25,544.0,0,8,8,7,0,0.0,1.0,0.875,0.0,2025-26,Regular Season
1641801,Emanuel Miller,1610612759,SAS,25.0,4,29.0,0,1,1,1,0,0.0,1.0,1.0,0.0,2025-26,Regular Season
1642402,Enrique Freeman,1610612750,MIN,25.0,2,8.0,0,0,0,0,0,0.0,0.0,0.0,0.0,2025-26,Regular Season
201569,Eric Gordon,1610612755,PHI,37.0,5,68.0,0,0,0,0,0,0.0,0.0,0.0,0.0,2025-26,Regular Season
1630679,Ethan Thompson,1610612754,IND,26.0,24,485.0,1,9,10,10,2,0.1,0.9,1.0,0.2,2025-26,Regular Season
1630596,Evan Mobley,1610612739,CLE,24.0,62,1991.0,22,77,99,98,67,0.222,0.778,0.99,0.677,2025-26,Regular Season
1630532,Franz Wagner,1610612753,ORL,24.0,30,928.0,0,19,19,19,9,0.0,1.0,1.0,0.474,2025-26,Regular Season
1641713,GG Jackson,1610612763,MEM,21.0,51,1155.0,1,7,8,8,3,0.125,0.875,1.0,0.375,2025-26,Regular Season
1629216,Gabe Vincent,1610612737,ATL,29.0,48,816.0,0,9,9,9,1,0.0,1.0,1.0,0.111,2025-26,Regular Season
202066,Garrett Temple,1610612761,TOR,39.0,11,45.0,0,1,1,1,1,0.0,1.0,1.0,1.0,2025-26,Regular Season
1629726,Garrison Mathews,1610612754,IND,29.0,12,180.0,0,2,2,2,0,0.0,1.0,1.0,0.0,2025-26,Regular Season
203914,Gary Harris,1610612749,MIL,31.0,40,588.0,0,4,4,4,1,0.0,1.0,1.0,0.25,2025-26,Regular Season
1627780,Gary Payton II,1610612744,GSW,33.0,66,1031.0,5,11,16,16,12,0.313,0.688,1.0,0.75,2025-26,Regular Season
1629018,Gary Trent Jr.,1610612749,MIL,27.0,55,1279.0,1,7,8,8,3,0.125,0.875,1.0,0.375,2025-26,Regular Season
203507,Giannis Antetokounmpo,1610612749,MIL,31.0,36,1039.0,12,24,36,36,32,0.333,0.667,1.0,0.889,2025-26,Regular Season
1629048,Goga Bitadze,1610612753,ORL,26.0,59,877.0,34,46,80,80,48,0.425,0.575,1.0,0.6,2025-26,Regular Season
1641711,Gradey Dick,1610612761,TOR,22.0,65,1017.0,2,8,10,10,5,0.2,0.8,1.0,0.5,2025-26,Regular Season
1641761,Grant Nelson,1610612751,BKN,24.0,4,35.0,2,1,3,3,2,0.667,0.333,1.0,0.667,2025-26,Regular Season
1629684,Grant Williams,1610612766,CHA,27.0,32,624.0,9,31,40,39,22,0.225,0.775,0.975,0.55,2025-26,Regular Season
1628960,Grayson Allen,1610612756,PHX,30.0,47,1401.0,0,9,9,9,1,0.0,1.0,1.0,0.111,2025-26,Regular Season
1627824,Guerschon Yabusele,1610612741,CHI,30.0,58,895.0,10,33,43,43,19,0.233,0.767,1.0,0.442,2025-26,Regular Season
1630611,Gui Santos,1610612744,GSW,23.0,61,1305.0,8,31,39,39,21,0.205,0.795,1.0,0.538,2025-26,Regular Season
203084,Harrison Barnes,1610612759,SAS,33.0,72,1873.0,7,41,48,47,30,0.146,0.854,0.979,0.625,2025-26,Regular Season
1631127,Harrison Ingram,1610612759,SAS,23.0,3,12.0,0,0,0,0,0,0.0,0.0,0.0,0.0,2025-26,Regular Season
1629312,Haywood Highsmith,1610612756,PHX,29.0,4,71.0,1,1,2,2,1,0.5,0.5,1.0,0.5,2025-26,Regular Season
1630529,Herbert Jones,1610612740,NOP,27.0,55,1580.0,1,33,34,33,10,0.029,0.971,0.971,0.294,2025-26,Regular Season
1642864,Hugo González,1610612738,BOS,20.0,68,1046.0,5,11,16,16,9,0.313,0.688,1.0,0.563,2025-26,Regular Season
1630621,Hunter Dickinson,1610612740,NOP,25.0,1,5.0,0,0,0,0,0,0.0,0.0,0.0,0.0,2025-26,Regular Season
1642282,Hunter Sallis,1610612755,PHI,23.0,3,18.0,0,0,0,0,0,0.0,0.0,0.0,0.0,2025-26,Regular Season
1641816,Hunter Tyson,1610612743,DEN,25.0,12,124.0,0,0,0,0,0,0.0,0.0,0.0,0.0,2025-26,Regular Season
1630193,Immanuel Quickley,1610612761,TOR,26.0,67,2174.0,1,23,24,24,13,0.042,0.958,1.0,0.542,2025-26,Regular Season
1642403,Isaac Jones,1610612765,DET,25.0,3,22.0,0,0,0,0,0,0.0,0.0,0.0,0.0,2025-26,Regular Season
1630171,Isaac Okoro,1610612741,CHI,25.0,61,1642.0,3,42,45,45,16,0.067,0.933,1.0,0.356,2025-26,Regular Season
1642268,Isaiah Collier,1610612762,UTA,21.0,56,1468.0,0,4,4,4,3,0.0,1.0,1.0,0.75,2025-26,Regular Season
1642384,Isaiah Crawford,1610612745,HOU,24.0,6,57.0,0,1,1,1,1,0.0,1.0,1.0,1.0,2025-26,Regular Season
1628392,Isaiah Hartenstein,1610612760,OKC,27.0,44,1089.0,35,63,98,97,71,0.357,0.643,0.99,0.724,2025-26,Regular Season
1630543,Isaiah Jackson,1610612746,LAC,24.0,54,906.0,19,22,41,41,27,0.463,0.537,1.0,0.659,2025-26,Regular Season
1630198,Isaiah Joe,1610612760,OKC,26.0,68,1452.0,0,15,15,15,4,0.0,1.0,1.0,0.267,2025-26,Regular Season
1630587,Isaiah Livers,1610612756,PHX,27.0,32,339.0,0,5,5,4,2,0.0,1.0,0.8,0.4,2025-26,Regular Season
1641815,Isaiah Stevens,1610612758,SAC,25.0,3,43.0,0,0,0,0,0,0.0,0.0,0.0,0.0,2025-26,Regular Season
1630191,Isaiah Stewart,1610612765,DET,24.0,55,1273.0,23,55,78,78,55,0.295,0.705,1.0,0.705,2025-26,Regular Season
1627826,Ivica Zubac,1610612754,IND,29.0,48,1447.0,47,65,112,110,73,0.42,0.58,0.982,0.652,2025-26,Regular Season
1631120,JD Davison,1610612745,HOU,23.0,17,161.0,1,0,1,1,1,1.0,0.0,1.0,1.0,2025-26,Regular Season
1629630,Ja Morant,1610612763,MEM,26.0,20,569.0,0,6,6,6,2,0.0,1.0,1.0,0.333,2025-26,Regular Season
1642266,Ja'Kobe Walter,1610612761,TOR,21.0,67,1337.0,5,8,13,13,8,0.385,0.615,1.0,0.615,2025-26,Regular Season
1631095,Jabari Smith Jr.,1610612745,HOU,22.0,73,2561.0,10,40,50,49,33,0.2,0.8,0.98,0.66,2025-26,Regular Season
1631133,Jabari Walker,1610612755,PHI,23.0,55,721.0,11,8,21,19,15,0.524,0.381,1.0,0.789,2025-26,Regular Season
1631210,Jacob Toppin,1610612737,ATL,25.0,2,8.0,0,0,0,0,0,0.0,0.0,0.0,0.0,2025-26,Regular Season
1630702,Jaden Hardy,1610612764,WAS,23.0,46,808.0,0,11,11,11,3,0.0,1.0,1.0,0.273,2025-26,Regular Season
1631093,Jaden Ivey,1610612741,CHI,24.0,36,659.0,2,4,6,6,3,0.333,0.667,1.0,0.5,2025-26,Regular Season
1630183,Jaden McDaniels,1610612750,MIN,25.0,71,2262.0,0,9,9,9,1,0.0,1.0,1.0,0.111,2025-26,Regular Season
1630256,Jae'Sean Tate,1610612745,HOU,30.0,36,333.0,2,10,12,11,5,0.167,0.833,0.917,0.417,2025-26,Regular Season
1642942,Jahmai Mashack,1610612763,MEM,23.0,26,552.0,0,9,9,9,2,0.0,1.0,1.0,0.222,2025-26,Regular Season
1642443,Jahmir Young,1610612748,MIA,25.0,7,42.0,0,0,0,0,0,0.0,0.0,0.0,0.0,2025-26,Regular Season
1643141,Jahmyl Telfort,1610612746,LAC,24.0,3,11.0,0,1,1,1,0,0.0,1.0,1.0,0.0,2025-26,Regular Season
1631170,Jaime Jaquez Jr.,1610612748,MIA,25.0,71,2009.0,1,46,47,46,23,0.021,0.979,0.979,0.489,2025-26,Regular Season
1631222,Jake LaRavia,1610612747,LAL,24.0,77,1920.0,9,29,38,36,19,0.237,0.763,0.947,0.5,2025-26,Regular Season
1627751,Jakob Poeltl,1610612761,TOR,30.0,41,1047.0,32,58,90,88,59,0.356,0.644,0.978,0.656,2025-26,Regular Season
1628973,Jalen Brunson,1610612752,NYK,29.0,71,2482.0,0,14,14,14,5,0.0,1.0,1.0,0.357,2025-26,Regular Season
1631105,Jalen Duren,1610612765,DET,22.0,66,1865.0,64,89,154,153,116,0.416,0.578,1.0,0.758,2025-26,Regular Season
1630224,Jalen Green,1610612756,PHX,24.0,27,736.0,0,2,2,2,2,0.0,1.0,1.0,1.0,2025-26,Regular Season
1630552,Jalen Johnson,1610612737,ATL,24.0,69,2432.0,3,41,44,44,31,0.068,0.932,1.0,0.705,2025-26,Regular Season
1629618,Jalen Pickett,1610612743,DEN,26.0,32,666.0,2,10,12,12,8,0.167,0.833,1.0,0.667,2025-26,Regular Season
1641771,Jalen Slawson,1610612754,IND,26.0,8,172.0,0,2,2,2,2,0.0,1.0,1.0,1.0,2025-26,Regular Season
1630188,Jalen Smith,1610612741,CHI,26.0,53,1095.0,27,63,90,90,66,0.3,0.7,1.0,0.733,2025-26,Regular Season
1630591,Jalen Suggs,1610612753,ORL,24.0,52,1423.0,4,7,11,11,7,0.364,0.636,1.0,0.636,2025-26,Regular Season
1631114,Jalen Williams,1610612760,OKC,24.0,31,878.0,1,12,13,13,6,0.077,0.923,1.0,0.462,2025-26,Regular Season
1630592,Jalen Wilson,1610612751,BKN,25.0,43,685.0,0,15,15,14,4,0.0,1.0,0.933,0.267,2025-26,Regular Season
1631288,Jamal Cain,1610612753,ORL,27.0,30,382.0,2,5,7,7,4,0.286,0.714,1.0,0.571,2025-26,Regular Season
1627750,Jamal Murray,1610612743,DEN,29.0,72,2533.0,1,14,15,15,7,0.067,0.933,1.0,0.467,2025-26,Regular Season
1642347,Jamal Shead,1610612761,TOR,23.0,77,1734.0,0,15,15,15,3,0.0,1.0,1.0,0.2,2025-26,Regular Season
1631123,Jamaree Bouyea,1610612756,PHX,26.0,35,537.0,0,4,4,4,0,0.0,1.0,1.0,0.0,2025-26,Regular Season
201935,James Harden,1610612739,CLE,36.0,67,2345.0,0,35,35,34,20,0.0,1.0,0.971,0.571,2025-26,Regular Season
1630164,James Wiseman,1610612754,IND,25.0,4,58.0,1,3,4,4,1,0.25,0.75,1.0,0.25,2025-26,Regular Season
1642364,Jamir Watkins,1610612764,WAS,24.0,44,873.0,0,11,11,11,6,0.0,1.0,1.0,0.545,2025-26,Regular Season
1642419,Jamison Battle,1610612761,TOR,24.0,40,409.0,3,6,9,9,5,0.333,0.667,1.0,0.556,2025-26,Regular Season
1641716,Jarace Walker,1610612754,IND,22.0,72,1850.0,1,27,28,28,13,0.036,0.964,1.0,0.464,2025-26,Regular Season
1642272,Jared McCain,1610612760,OKC,22.0,57,1039.0,0,5,5,5,4,0.0,1.0,1.0,0.8,2025-26,Regular Season
1628991,Jaren Jackson Jr.,1610612762,UTA,26.0,48,1455.0,3,35,38,37,22,0.079,0.921,0.974,0.579,2025-26,Regular Season
1629020,Jarred Vanderbilt,1610612747,LAL,27.0,59,1043.0,7,16,23,23,18,0.304,0.696,1.0,0.783,2025-26,Regular Season
1628386,Jarrett Allen,1610612739,CLE,27.0,54,1465.0,20,57,77,77,48,0.26,0.74,1.0,0.623,2025-26,Regular Season
1642859,Jase Richardson,1610612753,ORL,20.0,34,490.0,0,5,5,5,3,0.0,1.0,1.0,0.6,2025-26,Regular Season
1642914,Javon Small,1610612763,MEM,23.0,37,793.0,0,4,4,4,1,0.0,1.0,1.0,0.25,2025-26,Regular Season
1631451,Javonte Cooke,1610612757,POR,26.0,12,73.0,0,1,1,1,0,0.0,1.0,1.0,0.0,2025-26,Regular Season
1629750,Javonte Green,1610612765,DET,32.0,74,1351.0,3,22,25,25,13,0.12,0.88,1.0,0.52,2025-26,Regular Season
1629637,Jaxson Hayes,1610612747,LAL,25.0,65,1179.0,12,33,45,44,29,0.267,0.733,0.978,0.644,2025-26,Regular Season
1630643,Jay Huff,1610612754,IND,28.0,76,1601.0,16,87,103,100,46,0.155,0.845,0.98,0.451,2025-26,Regular Season
1627759,Jaylen Brown,1610612738,BOS,29.0,68,2335.0,1,51,52,52,31,0.019,0.981,1.0,0.596,2025-26,Regular Season
1641740,Jaylen Clark,1610612750,MIN,24.0,60,765.0,5,6,11,11,8,0.455,0.545,1.0,0.727,2025-26,Regular Season
1642377,Jaylen Wells,1610612763,MEM,22.0,69,1821.0,4,12,16,15,7,0.25,0.75,0.938,0.438,2025-26,Regular Season
1631119,Jaylin Williams,1610612760,OKC,23.0,62,1237.0,3,71,74,71,48,0.041,0.959,0.959,0.649,2025-26,Regular Season
1642281,Jaylon Tyson,1610612739,CLE,23.0,64,1727.0,25,20,45,43,31,0.556,0.444,0.977,0.705,2025-26,Regular Season
1643257,Jayson Kent,1610612757,POR,24.0,1,13.0,0,0,0,0,0,0.0,0.0,0.0,0.0,2025-26,Regular Season
1628369,Jayson Tatum,1610612738,BOS,28.0,13,409.0,1,5,6,6,4,0.167,0.833,1.0,0.667,2025-26,Regular Season
201145,Jeff Green,1610612745,HOU,39.0,18,111.0,0,3,3,3,2,0.0,1.0,1.0,0.667,2025-26,Regular Season
203924,Jerami Grant,1610612757,POR,32.0,57,1695.0,1,27,28,28,11,0.036,0.964,1.0,0.393,2025-26,Regular Season
1642847,Jeremiah Fears,1610612740,NOP,19.0,78,1952.0,4,16,20,20,7,0.2,0.8,1.0,0.35,2025-26,Regular Season
1630526,Jeremiah Robinson-Earl,1610612742,DAL,25.0,21,357.0,4,8,12,12,8,0.333,0.667,1.0,0.667,2025-26,Regular Season
1631110,Jeremy Sochan,1610612752,NYK,22.0,36,421.0,7,7,14,14,5,0.5,0.5,1.0,0.357,2025-26,Regular Season
1630579,Jericho Sims,1610612749,MIL,27.0,56,1140.0,38,43,81,80,59,0.469,0.531,0.988,0.728,2025-26,Regular Season
1641724,Jett Howard,1610612753,ORL,22.0,48,666.0,1,6,7,7,5,0.143,0.857,1.0,0.714,2025-26,Regular Season
1628975,Jevon Carter,1610612753,ORL,30.0,42,738.0,0,10,10,10,3,0.0,1.0,1.0,0.3,2025-26,Regular Season
202710,Jimmy Butler III,1610612744,GSW,36.0,38,1182.0,12,16,28,28,16,0.429,0.571,1.0,0.571,2025-26,Regular Season
1642866,Joan Beringer,1610612750,MIN,19.0,32,224.0,4,11,15,15,11,0.267,0.733,1.0,0.733,2025-26,Regular Season
1629111,Jock Landale,1610612737,ATL,30.0,68,1506.0,63,83,146,146,99,0.432,0.568,1.0,0.678,2025-26,Regular Season
204060,Joe Ingles,1610612750,MIN,38.0,10,62.0,0,0,0,0,0,0.0,0.0,0.0,0.0,2025-26,Regular Season
203954,Joel Embiid,1610612755,PHI,32.0,37,1162.0,10,42,52,52,38,0.192,0.808,1.0,0.731,2025-26,Regular Season
1628381,John Collins,1610612746,LAC,28.0,64,1758.0,16,22,38,38,24,0.421,0.579,1.0,0.632,2025-26,Regular Season
1629723,John Konchar,1610612762,UTA,30.0,49,970.0,1,12,13,13,5,0.077,0.923,1.0,0.385,2025-26,Regular Season
1642967,John Poulakidas,1610612742,DAL,23.0,8,133.0,0,0,0,0,0,0.0,0.0,0.0,0.0,2025-26,Regular Season
1642910,John Tonje,1610612738,BOS,24.0,2,6.0,0,0,0,0,0,0.0,0.0,0.0,0.0,2025-26,Regular Season
1641780,Johni Broome,1610612755,PHI,23.0,8,51.0,4,0,4,4,3,1.0,0.0,1.0,0.75,2025-26,Regular Season
1642277,Johnny Furphy,1610612754,IND,21.0,33,640.0,5,11,16,16,10,0.313,0.688,1.0,0.625,2025-26,Regular Season
1630548,Johnny Juzang,1610612750,MIN,25.0,14,67.0,0,1,1,1,1,0.0,1.0,1.0,1.0,2025-26,Regular Season
202685,Jonas Valančiūnas,1610612743,DEN,33.0,58,785.0,32,46,78,76,58,0.41,0.59,0.974,0.744,2025-26,Regular Season
1628371,Jonathan Isaac,1610612753,ORL,28.0,49,516.0,10,11,21,21,10,0.476,0.524,1.0,0.476,2025-26,Regular Season
1630228,Jonathan Kuminga,1610612737,ATL,23.0,33,754.0,8,9,17,17,15,0.471,0.529,1.0,0.882,2025-26,Regular Season
1642367,Jonathan Mogbo,1610612761,TOR,24.0,27,210.0,5,8,13,13,7,0.385,0.615,1.0,0.538,2025-26,Regular Season
203903,Jordan Clarkson,1610612752,NYK,33.0,65,1208.0,2,25,27,27,10,0.074,0.926,1.0,0.37,2025-26,Regular Season
1630692,Jordan Goodwin,1610612756,PHX,27.0,67,1509.0,9,23,32,32,18,0.281,0.719,1.0,0.563,2025-26,Regular Season
1641722,Jordan Hawkins,1610612740,NOP,23.0,36,540.0,0,4,4,4,2,0.0,1.0,1.0,0.5,2025-26,Regular Season
1629162,Jordan McLaughlin,1610612759,SAS,29.0,29,243.0,0,1,1,1,0,0.0,1.0,1.0,0.0,2025-26,Regular Season
1641757,Jordan Miller,1610612746,LAC,26.0,53,1188.0,3,7,10,10,5,0.3,0.7,1.0,0.5,2025-26,Regular Season
1629673,Jordan Poole,1610612740,NOP,26.0,37,873.0,0,7,7,7,3,0.0,1.0,1.0,0.429,2025-26,Regular Season
1641775,Jordan Walsh,1610612738,BOS,22.0,60,1094.0,10,19,29,28,18,0.345,0.655,0.966,0.621,2025-26,Regular Season
1630631,Jose Alvarado,1610612752,NYK,27.0,64,1294.0,0,12,12,11,2,0.0,1.0,0.917,0.167,2025-26,Regular Season
1630581,Josh Giddey,1610612741,CHI,23.0,54,1731.0,0,17,17,17,13,0.0,1.0,1.0,0.765,2025-26,Regular Season
1630182,Josh Green,1610612766,CHA,25.0,50,846.0,0,12,12,12,3,0.0,1.0,1.0,0.25,2025-26,Regular Season
1628404,Josh Hart,1610612752,NYK,31.0,63,1899.0,6,24,30,30,22,0.2,0.8,1.0,0.733,2025-26,Regular Season
1631169,Josh Minott,1610612751,BKN,23.0,47,813.0,1,11,13,12,6,0.077,0.846,1.0,0.5,2025-26,Regular Season
1629006,Josh Okogie,1610612745,HOU,27.0,69,1240.0,5,7,12,12,5,0.417,0.583,1.0,0.417,2025-26,Regular Season
201950,Jrue Holiday,1610612757,POR,35.0,48,1404.0,1,13,14,14,6,0.071,0.929,1.0,0.429,2025-26,Regular Season
1630577,Julian Champagnie,1610612759,SAS,24.0,77,2127.0,5,37,42,42,30,0.119,0.881,1.0,0.714,2025-26,Regular Season
1641763,Julian Phillips,1610612750,MIN,22.0,34,340.0,0,9,9,9,3,0.0,1.0,1.0,0.333,2025-26,Regular Season
1642882,Julian Reese,1610612764,WAS,22.0,8,228.0,8,6,14,13,10,0.571,0.429,0.929,0.714,2025-26,Regular Season
1631124,Julian Strawther,1610612743,DEN,23.0,41,675.0,0,4,4,4,1,0.0,1.0,1.0,0.25,2025-26,Regular Season
203944,Julius Randle,1610612750,MIN,31.0,77,2550.0,29,53,82,81,65,0.354,0.646,0.988,0.793,2025-26,Regular Season
1630551,Justin Champagnie,1610612764,WAS,24.0,63,1292.0,1,15,16,15,13,0.063,0.938,0.938,0.813,2025-26,Regular Season
1642348,Justin Edwards,1610612755,PHI,22.0,50,876.0,1,8,9,9,5,0.111,0.889,1.0,0.556,2025-26,Regular Season
203994,Jusuf Nurkić,1610612762,UTA,31.0,41,1083.0,41,87,128,127,92,0.32,0.68,0.992,0.719,2025-26,Regular Season
1642354,KJ Simpson,1610612743,DEN,23.0,14,238.0,0,3,3,3,0,0.0,1.0,1.0,0.0,2025-26,Regular Season
1642955,Kadary Richmond,1610612764,WAS,24.0,3,67.0,0,0,0,0,0,0.0,0.0,0.0,0.0,2025-26,Regular Season
1642880,Kam Jones,1610612754,IND,24.0,26,494.0,0,13,13,13,1,0.0,1.0,1.0,0.077,2025-26,Regular Season
1626157,Karl-Anthony Towns,1610612752,NYK,30.0,72,2230.0,64,107,171,170,140,0.374,0.626,0.994,0.819,2025-26,Regular Season
1631255,Karlo Matković,1610612740,NOP,25.0,62,912.0,8,36,44,44,23,0.182,0.818,1.0,0.523,2025-26,Regular Season
1642857,Kasparas Jakučionis,1610612748,MIA,19.0,48,870.0,2,9,11,11,3,0.182,0.818,1.0,0.273,2025-26,Regular Season
202695,Kawhi Leonard,1610612746,LAC,34.0,61,1957.0,2,27,29,29,14,0.069,0.931,1.0,0.483,2025-26,Regular Season
1630811,Keaton Wallace,1610612737,ATL,27.0,39,461.0,1,9,10,9,2,0.1,0.9,0.9,0.2,2025-26,Regular Season
1631099,Keegan Murray,1610612758,SAC,25.0,23,793.0,4,13,17,17,13,0.235,0.765,1.0,0.765,2025-26,Regular Season
1642276,Kel'el Ware,1610612748,MIA,21.0,72,1612.0,22,86,109,105,90,0.202,0.789,0.972,0.833,2025-26,Regular Season
1629640,Keldon Johnson,1610612759,SAS,26.0,77,1794.0,32,33,65,65,41,0.492,0.508,1.0,0.631,2025-26,Regular Season
203482,Kelly Olynyk,1610612759,SAS,34.0,36,344.0,4,8,12,12,7,0.333,0.667,1.0,0.583,2025-26,Regular Season
1626162,Kelly Oubre Jr.,1610612755,PHI,30.0,45,1439.0,1,12,13,13,10,0.077,0.923,1.0,0.769,2025-26,Regular Season
1631113,Kennedy Chandler,1610612762,UTA,23.0,8,251.0,0,0,0,0,0,0.0,0.0,0.0,0.0,2025-26,Regular Season
1629026,Kenrich Williams,1610612760,OKC,31.0,49,758.0,8,17,25,25,13,0.32,0.68,1.0,0.52,2025-26,Regular Season
203484,Kentavious Caldwell-Pope,1610612763,MEM,33.0,51,1088.0,2,6,8,8,4,0.25,0.75,1.0,0.5,2025-26,Regular Season
1631165,Keon Ellis,1610612739,CLE,26.0,66,1361.0,0,2,2,2,0,0.0,1.0,1.0,0.0,2025-26,Regular Season
1642352,Keshad Johnson,1610612748,MIA,24.0,20,195.0,1,6,7,7,4,0.143,0.857,1.0,0.571,2025-26,Regular Season
1642933,Keshon Gilbert,1610612737,ATL,22.0,3,48.0,0,0,0,0,0,0.0,0.0,0.0,0.0,2025-26,Regular Season
201142,Kevin Durant,1610612745,HOU,37.0,74,2690.0,0,23,23,23,13,0.0,1.0,1.0,0.565,2025-26,Regular Season
1628989,Kevin Huerter,1610612765,DET,27.0,65,1456.0,0,22,22,22,13,0.0,1.0,1.0,0.591,2025-26,Regular Season
201567,Kevin Love,1610612762,UTA,37.0,36,609.0,15,40,55,52,35,0.273,0.727,0.945,0.636,2025-26,Regular Season
1641755,Kevin McCullar Jr.,1610612752,NYK,25.0,12,112.0,0,0,0,0,0,0.0,0.0,0.0,0.0,2025-26,Regular Season
1629645,Kevin Porter Jr.,1610612749,MIL,25.0,38,1261.0,3,7,10,10,5,0.3,0.7,1.0,0.5,2025-26,Regular Season
1626172,Kevon Looney,1610612740,NOP,30.0,19,254.0,8,14,22,22,14,0.364,0.636,1.0,0.636,2025-26,Regular Season
1641718,Keyonte George,1610612762,UTA,22.0,53,1773.0,1,18,19,19,8,0.053,0.947,1.0,0.421,2025-26,Regular Season
1642863,Khaman Maluach,1610612756,PHX,19.0,39,338.0,7,16,23,23,15,0.304,0.696,1.0,0.652,2025-26,Regular Season
203114,Khris Middleton,1610612742,DAL,34.0,57,1339.0,6,30,36,35,23,0.167,0.833,0.972,0.639,2025-26,Regular Season
1630165,Killian Hayes,1610612758,SAC,24.0,18,314.0,0,2,2,2,1,0.0,1.0,1.0,0.5,2025-26,Regular Season
202691,Klay Thompson,1610612742,DAL,36.0,63,1360.0,0,7,7,7,2,0.0,1.0,1.0,0.286,2025-26,Regular Season
1641738,Kobe Brown,1610612754,IND,26.0,46,785.0,10,16,26,25,21,0.385,0.615,0.962,0.808,2025-26,Regular Season
1641723,Kobe Bufkin,1610612747,LAL,22.0,6,76.0,0,1,1,1,0,0.0,1.0,1.0,0.0,2025-26,Regular Season
1642920,Kobe Sanders,1610612746,LAC,23.0,61,1235.0,1,22,23,21,7,0.043,0.957,0.955,0.318,2025-26,Regular Season
1642886,Koby Brea,1610612756,PHX,23.0,6,30.0,0,0,0,0,0,0.0,0.0,0.0,0.0,2025-26,Regular Season
1642851,Kon Knueppel,1610612766,CHA,20.0,77,2424.0,3,31,34,33,11,0.088,0.912,0.971,0.324,2025-26,Regular Season
1627739,Kris Dunn,1610612746,LAC,32.0,77,2101.0,2,11,13,13,6,0.154,0.846,1.0,0.462,2025-26,Regular Season
1631200,Kris Murray,1610612757,POR,25.0,52,1244.0,19,27,46,45,23,0.413,0.587,0.978,0.5,2025-26,Regular Season
204001,Kristaps Porziņģis,1610612744,GSW,30.0,29,696.0,8,35,43,43,26,0.186,0.814,1.0,0.605,2025-26,Regular Season
203937,Kyle Anderson,1610612750,MIN,32.0,39,763.0,3,20,23,23,15,0.13,0.87,1.0,0.652,2025-26,Regular Season
1642271,Kyle Filipowski,1610612762,UTA,22.0,74,1741.0,16,59,75,75,59,0.213,0.787,1.0,0.787,2025-26,Regular Season
1628398,Kyle Kuzma,1610612749,MIL,30.0,66,1745.0,8,33,41,41,25,0.195,0.805,1.0,0.61,2025-26,Regular Season
200768,Kyle Lowry,1610612755,PHI,40.0,9,91.0,0,1,1,1,0,0.0,1.0,1.0,0.0,2025-26,Regular Season
1642273,Kyshawn George,1610612764,WAS,22.0,48,1391.0,4,30,34,33,12,0.118,0.882,0.971,0.353,2025-26,Regular Season
1643018,LJ Cryer,1610612744,GSW,24.0,13,233.0,0,1,1,1,0,0.0,1.0,1.0,0.0,2025-26,Regular Season
1630163,LaMelo Ball,1610612766,CHA,24.0,65,1832.0,1,19,20,19,10,0.05,0.95,1.0,0.526,2025-26,Regular Season
1642950,Lachlan Olbrich,1610612741,CHI,22.0,28,220.0,4,12,16,15,7,0.25,0.75,0.938,0.438,2025-26,Regular Season
1629013,Landry Shamet,1610612752,NYK,29.0,47,1100.0,1,18,19,18,3,0.053,0.947,0.947,0.158,2025-26,Regular Season
1626204,Larry Nance Jr.,1610612739,CLE,33.0,29,360.0,4,8,12,12,6,0.333,0.667,1.0,0.5,2025-26,Regular Season
1628374,Lauri Markkanen,1610612762,UTA,28.0,42,1443.0,5,26,31,31,21,0.161,0.839,1.0,0.677,2025-26,Regular Season
1643133,Lawson Lovering,1610612763,MEM,22.0,2,49.0,0,2,2,2,1,0.0,1.0,1.0,0.5,2025-26,Regular Season
2544,LeBron James,1610612747,LAL,41.0,56,1870.0,3,21,24,24,19,0.125,0.875,1.0,0.792,2025-26,Regular Season
1641778,Leaky Black,1610612764,WAS,26.0,10,285.0,0,2,2,2,0,0.0,1.0,1.0,0.0,2025-26,Regular Season
1631159,Leonard Miller,1610612741,CHI,22.0,32,524.0,2,12,14,13,9,0.143,0.857,0.929,0.643,2025-26,Regular Season
1642862,Liam McNeeley,1610612766,CHA,20.0,24,315.0,2,6,8,8,4,0.25,0.75,1.0,0.5,2025-26,Regular Season
1630322,Lindy Waters III,1610612759,SAS,28.0,27,249.0,0,7,7,7,3,0.0,1.0,1.0,0.429,2025-26,Regular Season
1628366,Lonzo Ball,1610612739,CLE,28.0,35,728.0,6,12,18,18,15,0.333,0.667,1.0,0.833,2025-26,Regular Season
1631351,Lucas Williamson,1610612763,MEM,27.0,1,20.0,0,0,0,0,0,0.0,0.0,0.0,0.0,2025-26,Regular Season
1629652,Luguentz Dort,1610612760,OKC,26.0,64,1744.0,6,26,32,32,13,0.188,0.813,1.0,0.406,2025-26,Regular Season
1629029,Luka Dončić,1610612747,LAL,27.0,64,2289.0,1,18,19,18,13,0.053,0.947,1.0,0.722,2025-26,Regular Season
1630568,Luka Garza,1610612738,BOS,27.0,66,1062.0,46,68,114,114,59,0.404,0.596,1.0,0.518,2025-26,Regular Season
1628379,Luke Kennard,1610612747,LAL,29.0,72,1534.0,1,15,16,16,5,0.063,0.938,1.0,0.313,2025-26,Regular Season
1628436,Luke Kornet,1610612759,SAS,30.0,64,1350.0,41,47,88,88,69,0.466,0.534,1.0,0.784,2025-26,Regular Season
1631247,Luke Travers,1610612739,CLE,24.0,10,94.0,0,0,0,0,0,0.0,0.0,0.0,0.0,2025-26,Regular Season
1630644,Mac McClung,1610612741,CHI,27.0,5,61.0,1,0,1,1,1,1.0,0.0,1.0,1.0,2025-26,Regular Season
1641869,Malachi Smith,1610612751,BKN,26.0,10,182.0,0,1,1,1,0,0.0,1.0,1.0,0.0,2025-26,Regular Season
1631103,Malaki Branham,1610612764,WAS,22.0,23,261.0,0,2,2,2,2,0.0,1.0,1.0,1.0,2025-26,Regular Season
1642502,Malevy Leons,1610612744,GSW,26.0,18,195.0,1,8,9,9,5,0.111,0.889,1.0,0.556,2025-26,Regular Season
1628370,Malik Monk,1610612758,SAC,28.0,57,1318.0,1,4,5,4,0,0.2,0.8,1.0,0.0,2025-26,Regular Season
1630699,MarJon Beauchamp,1610612755,PHI,25.0,11,187.0,0,0,0,0,0,0.0,0.0,0.0,0.0,2025-26,Regular Season
1631204,Marcus Sasser,1610612765,DET,25.0,26,371.0,0,3,3,3,0,0.0,1.0,1.0,0.0,2025-26,Regular Season
203935,Marcus Smart,1610612747,LAL,32.0,60,1725.0,1,38,39,38,10,0.026,0.974,0.974,0.256,2025-26,Regular Season
1641813,Mark Sears,1610612749,MIL,24.0,4,20.0,0,0,0,0,0,0.0,0.0,0.0,0.0,2025-26,Regular Season
1631109,Mark Williams,1610612756,PHX,24.0,57,1342.0,17,61,78,77,52,0.218,0.782,0.987,0.667,2025-26,Regular Season
1628365,Markelle Fultz,1610612761,TOR,27.0,3,27.0,0,0,0,0,0,0.0,0.0,0.0,0.0,2025-26,Regular Season
1628963,Marvin Bagley III,1610612742,DAL,27.0,56,1119.0,26,43,69,69,55,0.377,0.623,1.0,0.797,2025-26,Regular Season
203486,Mason Plumlee,1610612759,SAS,36.0,17,152.0,6,4,10,10,9,0.6,0.4,1.0,0.9,2025-26,Regular Season
1641824,Matas Buzelis,1610612741,CHI,21.0,76,2222.0,3,27,30,29,18,0.1,0.9,0.967,0.6,2025-26,Regular Season
1629680,Matisse Thybulle,1610612757,POR,29.0,26,397.0,0,3,3,3,1,0.0,1.0,1.0,0.333,2025-26,Regular Season
1631108,Max Christie,1610612742,DAL,23.0,72,2114.0,0,11,11,11,5,0.0,1.0,1.0,0.455,2025-26,Regular Season
1642917,Max Shulga,1610612738,BOS,23.0,3,7.0,0,0,0,0,0,0.0,0.0,0.0,0.0,2025-26,Regular Season
1629622,Max Strus,1610612739,CLE,30.0,8,195.0,0,4,4,4,0,0.0,1.0,1.0,0.0,2025-26,Regular Season
1628467,Maxi Kleber,1610612747,LAL,34.0,35,400.0,8,14,22,21,10,0.364,0.636,0.955,0.455,2025-26,Regular Season
1642875,Maxime Raynaud,1610612758,SAC,22.0,70,1828.0,29,62,91,91,70,0.319,0.681,1.0,0.769,2025-26,Regular Season
1642877,Micah Peavy,1610612740,NOP,24.0,47,726.0,3,12,15,14,8,0.2,0.8,1.0,0.571,2025-26,Regular Season
1630695,Micah Potter,1610612754,IND,27.0,41,774.0,5,35,40,40,24,0.125,0.875,1.0,0.6,2025-26,Regular Season
1629008,Michael Porter Jr.,1610612751,BKN,27.0,52,1689.0,14,20,34,34,28,0.412,0.588,1.0,0.824,2025-26,Regular Season
1628969,Mikal Bridges,1610612752,NYK,29.0,78,2596.0,1,43,44,44,10,0.023,0.977,1.0,0.227,2025-26,Regular Season
201144,Mike Conley,1610612750,MIN,38.0,49,890.0,0,7,7,7,3,0.0,1.0,1.0,0.429,2025-26,Regular Season
1628970,Miles Bridges,1610612766,CHA,28.0,73,2274.0,5,37,42,42,23,0.119,0.881,1.0,0.548,2025-26,Regular Season
1642939,Miles Kelly,1610612742,DAL,23.0,10,119.0,0,3,3,3,2,0.0,1.0,1.0,0.667,2025-26,Regular Season
1630540,Miles McBride,1610612752,NYK,25.0,38,1017.0,0,10,10,9,1,0.0,1.0,0.9,0.1,2025-26,Regular Season
1629011,Mitchell Robinson,1610612752,NYK,28.0,58,1136.0,82,71,153,152,121,0.536,0.464,0.993,0.791,2025-26,Regular Season
1628964,Mo Bamba,1610612762,UTA,27.0,4,44.0,1,2,3,3,3,0.333,0.667,1.0,1.0,2025-26,Regular Season
1642885,Mohamed Diawara,1610612752,NYK,20.0,44,510.0,2,10,12,12,2,0.167,0.833,1.0,0.167,2025-26,Regular Season
1628420,Monte Morris,1610612754,IND,30.0,5,62.0,0,0,0,0,0,0.0,0.0,0.0,0.0,2025-26,Regular Season
1629021,Moritz Wagner,1610612753,ORL,28.0,33,412.0,6,16,22,22,15,0.273,0.727,1.0,0.682,2025-26,Regular Season
1630541,Moses Moody,1610612744,GSW,23.0,59,1514.0,1,27,28,28,10,0.036,0.964,1.0,0.357,2025-26,Regular Season
1631243,Mouhamed Gueye,1610612737,ATL,23.0,73,1124.0,12,48,60,60,34,0.2,0.8,1.0,0.567,2025-26,Regular Season
1630619,Moussa Cisse,1610612742,DAL,23.0,34,447.0,16,20,36,36,27,0.444,0.556,1.0,0.75,2025-26,Regular Season
1631217,Moussa Diabaté,1610612766,CHA,24.0,69,1791.0,96,76,172,168,112,0.558,0.442,0.977,0.651,2025-26,Regular Season
1626167,Myles Turner,1610612749,MIL,30.0,69,1863.0,15,79,94,94,48,0.16,0.84,1.0,0.511,2025-26,Regular Season
1642066,Myron Gardner,1610612748,MIA,24.0,34,384.0,5,6,11,11,5,0.455,0.545,1.0,0.455,2025-26,Regular Season
1642368,N'Faly Dante,1610612737,ATL,24.0,4,15.0,0,1,1,1,1,0.0,1.0,1.0,1.0,2025-26,Regular Season
1641772,Nae'Qwan Tomlin,1610612739,CLE,25.0,56,900.0,11,20,31,31,17,0.355,0.645,1.0,0.548,2025-26,Regular Season
1630230,Naji Marshall,1610612742,DAL,28.0,72,2132.0,6,30,36,36,19,0.167,0.833,1.0,0.528,2025-26,Regular Season
1631466,Nate Williams,1610612744,GSW,27.0,12,192.0,2,1,3,3,2,0.667,0.333,1.0,0.667,2025-26,Regular Season
1629675,Naz Reid,1610612750,MIN,26.0,73,1930.0,8,55,63,61,35,0.127,0.873,0.968,0.556,2025-26,Regular Season
1629674,Neemias Queta,1610612738,BOS,26.0,72,1830.0,53,97,150,150,89,0.353,0.647,1.0,0.593,2025-26,Regular Season
1629651,Nic Claxton,1610612751,BKN,26.0,69,1920.0,38,47,85,84,65,0.447,0.553,0.988,0.765,2025-26,Regular Season
1630208,Nick Richards,1610612741,CHI,28.0,47,701.0,13,25,38,37,29,0.342,0.658,0.974,0.763,2025-26,Regular Season
1641733,Nick Smith Jr.,1610612747,LAL,21.0,20,302.0,0,0,0,0,0,0.0,0.0,0.0,0.0,2025-26,Regular Season
1629638,Nickeil Alexander-Walker,1610612737,ATL,27.0,75,2493.0,1,34,35,34,14,0.029,0.971,0.971,0.4,2025-26,Regular Season
201587,Nicolas Batum,1610612746,LAC,37.0,67,1227.0,1,17,18,17,8,0.056,0.944,0.944,0.444,2025-26,Regular Season
1628502,Nigel Hayes-Davis,1610612756,PHX,31.0,18,172.0,0,2,2,2,1,0.0,1.0,1.0,0.5,2025-26,Regular Season
203999,Nikola Jokić,1610612743,DEN,31.0,61,2128.0,35,106,141,140,112,0.248,0.752,1.0,0.8,2025-26,Regular Season
1631107,Nikola Jović,1610612748,MIA,22.0,41,782.0,3,18,21,21,13,0.143,0.857,1.0,0.619,2025-26,Regular Season
1642260,Nikola Topić,1610612760,OKC,20.0,4,47.0,0,1,1,1,1,0.0,1.0,1.0,1.0,2025-26,Regular Season
202696,Nikola Vučević,1610612738,BOS,35.0,60,1740.0,24,96,120,118,86,0.2,0.8,0.983,0.717,2025-26,Regular Season
1642363,Nique Clifford,1610612758,SAC,24.0,71,1732.0,3,13,16,16,12,0.188,0.813,1.0,0.75,2025-26,Regular Season
1642855,Noa Essengue,1610612741,CHI,19.0,1,4.0,1,0,1,1,0,1.0,0.0,1.0,0.0,2025-26,Regular Season
1641730,Noah Clowney,1610612751,BKN,21.0,66,1780.0,2,34,36,36,19,0.056,0.944,1.0,0.528,2025-26,Regular Season
1642869,Noah Penda,1610612753,ORL,21.0,49,699.0,10,12,22,22,19,0.455,0.545,1.0,0.864,2025-26,Regular Season
1642849,Nolan Traore,1610612751,BKN,19.0,52,1181.0,1,14,15,13,2,0.067,0.933,0.867,0.133,2025-26,Regular Season
1641807,Norchad Omier,1610612746,LAC,24.0,3,14.0,0,0,0,0,0,0.0,0.0,0.0,0.0,2025-26,Regular Season
1626181,Norman Powell,1610612748,MIA,32.0,54,1644.0,0,19,19,18,11,0.0,1.0,0.947,0.579,2025-26,Regular Season
1628384,OG Anunoby,1610612752,NYK,28.0,64,2135.0,6,66,72,72,43,0.083,0.917,1.0,0.597,2025-26,Regular Season
1630167,Obi Toppin,1610612754,IND,28.0,19,322.0,0,7,7,7,3,0.0,1.0,1.0,0.429,2025-26,Regular Season
1630534,Ochai Agbaji,1610612751,BKN,25.0,56,932.0,0,12,12,12,4,0.0,1.0,1.0,0.333,2025-26,Regular Season
1641765,Olivier-Maxence Prosper,1610612763,MEM,23.0,47,946.0,3,32,35,35,16,0.086,0.914,1.0,0.457,2025-26,Regular Season
1630209,Omer Yurtseven,1610612744,GSW,27.0,8,97.0,3,2,5,5,5,0.6,0.4,1.0,1.0,2025-26,Regular Season
1630168,Onyeka Okongwu,1610612737,ATL,25.0,71,2201.0,16,79,95,94,63,0.168,0.832,0.989,0.663,2025-26,Regular Season
1631115,Orlando Robinson,1610612753,ORL,25.0,4,25.0,1,0,1,1,1,1.0,0.0,1.0,1.0,2025-26,Regular Season
1631131,Oscar Tshiebwe,1610612762,UTA,26.0,23,347.0,10,4,14,14,13,0.714,0.286,1.0,0.929,2025-26,Regular Season
1642345,Oso Ighodaro,1610612756,PHX,23.0,77,1715.0,21,55,76,76,43,0.276,0.724,1.0,0.566,2025-26,Regular Season
1631172,Ousmane Dieng,1610612749,MIL,22.0,50,925.0,0,8,8,8,4,0.0,1.0,1.0,0.5,2025-26,Regular Season
1629023,P.J. Washington,1610612742,DAL,27.0,55,1706.0,6,35,41,41,28,0.146,0.854,1.0,0.683,2025-26,Regular Season
1641790,PJ Hall,1610612766,CHA,24.0,17,213.0,9,10,19,18,12,0.474,0.526,1.0,0.667,2025-26,Regular Season
1642359,Pacôme Dadiet,1610612752,NYK,20.0,13,66.0,0,1,1,1,0,0.0,1.0,1.0,0.0,2025-26,Regular Season
1631094,Paolo Banchero,1610612753,ORL,23.0,67,2332.0,5,37,42,42,31,0.119,0.881,1.0,0.738,2025-26,Regular Season
1627783,Pascal Siakam,1610612754,IND,32.0,62,2057.0,6,54,60,59,29,0.1,0.9,0.983,0.483,2025-26,Regular Season
1626192,Pat Connaughton,1610612766,CHA,33.0,28,262.0,1,6,7,7,6,0.143,0.857,1.0,0.857,2025-26,Regular Season
1630311,Pat Spencer,1610612744,GSW,29.0,53,1064.0,0,9,9,9,3,0.0,1.0,1.0,0.333,2025-26,Regular Season
1631116,Patrick Baldwin Jr.,1610612758,SAC,23.0,6,88.0,2,2,4,4,3,0.5,0.5,1.0,0.75,2025-26,Regular Season
1630172,Patrick Williams,1610612741,CHI,24.0,64,1290.0,4,50,54,53,23,0.074,0.926,0.981,0.426,2025-26,Regular Season
202331,Paul George,1610612755,PHI,35.0,32,990.0,3,23,26,25,16,0.115,0.885,0.962,0.615,2025-26,Regular Season
1630194,Paul Reed,1610612765,DET,26.0,58,814.0,10,31,41,41,29,0.244,0.756,1.0,0.707,2025-26,Regular Season
1630202,Payton Pritchard,1610612738,BOS,28.0,72,2340.0,3,30,34,33,9,0.088,0.882,1.0,0.273,2025-26,Regular Season
1642362,Payton Sandfort,1610612760,OKC,23.0,1,5.0,0,0,0,0,0,0.0,0.0,0.0,0.0,2025-26,Regular Season
1641796,Pelle Larsson,1610612748,MIA,25.0,67,1764.0,9,30,39,36,21,0.231,0.769,0.923,0.538,2025-26,Regular Season
1631250,Pete Nance,1610612749,MIL,26.0,38,651.0,3,9,12,12,7,0.25,0.75,1.0,0.583,2025-26,Regular Season
1631212,Peyton Watson,1610612743,DEN,23.0,54,1598.0,3,8,11,11,10,0.273,0.727,1.0,0.909,2025-26,Regular Season
1630173,Precious Achiuwa,1610612758,SAC,26.0,69,1631.0,33,24,57,57,40,0.579,0.421,1.0,0.702,2025-26,Regular Season
1629656,Quentin Grimes,1610612755,PHI,25.0,69,2057.0,0,12,12,12,5,0.0,1.0,1.0,0.417,2025-26,Regular Season
1631245,Quenton Jackson,1610612754,IND,27.0,41,743.0,1,5,6,6,1,0.167,0.833,1.0,0.167,2025-26,Regular Season
1642366,Quinten Post,1610612744,GSW,26.0,66,1155.0,17,42,59,58,43,0.288,0.712,0.983,0.729,2025-26,Regular Season
1629628,RJ Barrett,1610612761,TOR,25.0,53,1595.0,6,17,23,23,14,0.261,0.739,1.0,0.609,2025-26,Regular Season
1642853,Rasheer Fleming,1610612756,PHX,21.0,44,570.0,2,8,10,10,5,0.2,0.8,1.0,0.5,2025-26,Regular Season
1642484,RayJ Dennis,1610612737,ATL,25.0,12,165.0,0,2,2,2,0,0.0,1.0,1.0,0.0,2025-26,Regular Season
1641712,Rayan Rupert,1610612763,MEM,21.0,51,905.0,2,6,8,7,3,0.25,0.75,0.875,0.375,2025-26,Regular Season
1642263,Reed Sheppard,1610612745,HOU,21.0,77,2037.0,0,14,14,14,6,0.0,1.0,1.0,0.429,2025-26,Regular Season
1642434,Riley Minix,1610612739,CLE,25.0,5,22.0,0,0,0,0,0,0.0,0.0,0.0,0.0,2025-26,Regular Season
1642265,Rob Dillingham,1610612741,CHI,21.0,54,810.0,1,3,4,3,2,0.25,0.75,0.75,0.5,2025-26,Regular Season
1629057,Robert Williams III,1610612757,POR,28.0,55,932.0,16,28,44,42,34,0.364,0.636,0.955,0.773,2025-26,Regular Season
1642911,Rocco Zikarsky,1610612750,MIN,19.0,3,12.0,0,0,0,0,0,0.0,0.0,0.0,0.0,2025-26,Regular Season
1631199,Ron Harper Jr.,1610612738,BOS,25.0,18,238.0,1,3,4,4,4,0.25,0.75,1.0,1.0,2025-26,Regular Season
1641842,Ronald Holland II,1610612765,DET,20.0,71,1422.0,4,7,11,10,7,0.364,0.636,0.909,0.636,2025-26,Regular Season
1626220,Royce O'Neale,1610612756,PHX,32.0,74,2129.0,3,35,38,38,21,0.079,0.921,1.0,0.553,2025-26,Regular Season
203497,Rudy Gobert,1610612750,MIN,33.0,74,2317.0,92,94,186,186,147,0.495,0.505,1.0,0.79,2025-26,Regular Season
1629060,Rui Hachimura,1610612747,LAL,28.0,62,1747.0,1,36,37,36,14,0.027,0.973,1.0,0.389,2025-26,Regular Season
201566,Russell Westbrook,1610612758,SAC,37.0,60,1749.0,2,7,9,9,7,0.222,0.778,1.0,0.778,2025-26,Regular Season
1642346,Ryan Dunn,1610612756,PHX,23.0,65,1268.0,5,8,13,13,9,0.385,0.615,1.0,0.692,2025-26,Regular Season
1641750,Ryan Kalkbrenner,1610612766,CHA,24.0,65,1404.0,50,118,168,167,91,0.298,0.702,0.994,0.542,2025-26,Regular Season
1642948,Ryan Nembhard,1610612742,DAL,23.0,52,1009.0,0,8,8,8,2,0.0,1.0,1.0,0.25,2025-26,Regular Season
1631157,Ryan Rollins,1610612749,MIL,23.0,72,2310.0,0,18,18,18,8,0.0,1.0,1.0,0.444,2025-26,Regular Season
1630180,Saddiq Bey,1610612740,NOP,26.0,70,2179.0,8,32,40,40,26,0.2,0.8,1.0,0.65,2025-26,Regular Season
1630573,Sam Hauser,1610612738,BOS,28.0,73,1825.0,1,44,45,45,20,0.022,0.978,1.0,0.444,2025-26,Regular Season
1630241,Sam Merrill,1610612739,CLE,29.0,50,1322.0,2,13,15,15,5,0.133,0.867,1.0,0.333,2025-26,Regular Season
1630572,Sandro Mamukelashvili,1610612761,TOR,26.0,75,1643.0,11,58,69,67,30,0.159,0.841,0.971,0.435,2025-26,Regular Season
1630583,Santi Aldama,1610612763,MEM,25.0,43,1198.0,2,28,30,30,19,0.067,0.933,1.0,0.633,2025-26,Regular Season
1630703,Scoot Henderson,1610612757,POR,22.0,26,616.0,1,12,13,11,2,0.077,0.923,0.917,0.167,2025-26,Regular Season
1630567,Scottie Barnes,1610612761,TOR,24.0,75,2528.0,33,67,100,99,79,0.33,0.67,0.99,0.79,2025-26,Regular Season
1630590,Scotty Pippen Jr.,1610612763,MEM,25.0,10,212.0,0,2,2,2,1,0.0,1.0,1.0,0.5,2025-26,Regular Season
1642951,Sean Pedulla,1610612746,LAC,23.0,4,18.0,0,1,1,1,0,0.0,1.0,1.0,0.0,2025-26,Regular Season
203552,Seth Curry,1610612744,GSW,35.0,5,61.0,0,0,0,0,0,0.0,0.0,0.0,0.0,2025-26,Regular Season
1631101,Shaedon Sharpe,1610612757,POR,22.0,48,1439.0,0,20,20,20,8,0.0,1.0,1.0,0.4,2025-26,Regular Season
1628983,Shai Gilgeous-Alexander,1610612760,OKC,27.0,65,2177.0,0,16,16,16,9,0.0,1.0,1.0,0.563,2025-26,Regular Season
1630536,Sharife Cooper,1610612764,WAS,24.0,29,565.0,0,2,2,2,1,0.0,1.0,1.0,0.5,2025-26,Regular Season
1631321,Sidy Cissoko,1610612757,POR,22.0,65,1375.0,5,12,17,17,10,0.294,0.706,1.0,0.588,2025-26,Regular Season
1631323,Simone Fontecchio,1610612748,MIA,30.0,65,1132.0,10,18,28,28,19,0.357,0.643,1.0,0.679,2025-26,Regular Season
1642883,Sion James,1610612766,CHA,23.0,78,1764.0,4,28,32,32,10,0.125,0.875,1.0,0.313,2025-26,Regular Season
1627746,Skal Labissiere,1610612764,WAS,30.0,3,38.0,1,3,4,4,2,0.25,0.75,1.0,0.5,2025-26,Regular Season
1642461,Spencer Jones,1610612743,DEN,24.0,63,1416.0,3,31,34,32,17,0.088,0.912,0.941,0.5,2025-26,Regular Season
1630649,Stanley Umude,1610612759,SAS,26.0,2,7.0,0,0,0,0,0,0.0,0.0,0.0,0.0,2025-26,Regular Season
201939,Stephen Curry,1610612744,GSW,38.0,39,1222.0,2,9,11,11,5,0.182,0.818,1.0,0.455,2025-26,Regular Season
1642264,Stephon Castle,1610612759,SAS,21.0,65,1937.0,2,16,18,18,5,0.111,0.889,1.0,0.278,2025-26,Regular Season
203500,Steven Adams,1610612745,HOU,32.0,32,730.0,53,26,79,77,61,0.671,0.329,0.975,0.772,2025-26,Regular Season
1629004,Svi Mykhailiuk,1610612762,UTA,28.0,48,1123.0,0,14,14,14,8,0.0,1.0,1.0,0.571,2025-26,Regular Season
204456,T.J. McConnell,1610612754,IND,34.0,54,934.0,0,7,7,7,3,0.0,1.0,1.0,0.429,2025-26,Regular Season
1643007,Taelon Peter,1610612754,IND,24.0,26,366.0,0,5,5,5,1,0.0,1.0,1.0,0.2,2025-26,Regular Season
201959,Taj Gibson,1610612763,MEM,40.0,7,65.0,1,2,3,3,2,0.333,0.667,1.0,0.667,2025-26,Regular Season
1631106,Tari Eason,1610612745,HOU,24.0,55,1424.0,3,14,17,17,11,0.176,0.824,1.0,0.647,2025-26,Regular Season
1627752,Taurean Prince,1610612749,MIL,32.0,21,456.0,0,5,5,5,4,0.0,1.0,1.0,0.8,2025-26,Regular Season
1641707,Taylor Hendricks,1610612763,MEM,22.0,56,1083.0,2,12,14,14,5,0.143,0.857,1.0,0.357,2025-26,Regular Season
1629611,Terance Mann,1610612751,BKN,29.0,63,1529.0,5,15,20,20,9,0.25,0.75,1.0,0.45,2025-26,Regular Season
1630545,Terrence Shannon Jr.,1610612750,MIN,25.0,34,420.0,0,8,8,7,1,0.0,1.0,0.875,0.125,2025-26,Regular Season
203648,Thanasis Antetokounmpo,1610612749,MIL,33.0,22,97.0,1,0,1,1,1,1.0,0.0,1.0,1.0,2025-26,Regular Season
1628418,Thomas Bryant,1610612739,CLE,28.0,56,695.0,14,32,46,46,32,0.304,0.696,1.0,0.696,2025-26,Regular Season
1642275,Tidjane Salaün,1610612766,CHA,20.0,33,565.0,3,19,22,22,14,0.136,0.864,1.0,0.636,2025-26,Regular Season
203501,Tim Hardaway Jr.,1610612743,DEN,34.0,75,2021.0,1,17,18,18,9,0.056,0.944,1.0,0.5,2025-26,Regular Season
202699,Tobias Harris,1610612765,DET,33.0,58,1643.0,5,53,58,57,29,0.086,0.914,1.0,0.509,2025-26,Regular Season
1643253,Toby Okani,1610612763,MEM,24.0,1,28.0,0,0,0,0,0,0.0,0.0,0.0,0.0,2025-26,Regular Season
1642449,Tolu Smith,1610612765,DET,25.0,10,114.0,5,10,15,15,11,0.333,0.667,1.0,0.733,2025-26,Regular Season
1628396,Tony Bradley,1610612754,IND,28.0,35,409.0,13,26,39,39,23,0.333,0.667,1.0,0.59,2025-26,Regular Season
1641787,Tosan Evbuomwan,1610612766,CHA,25.0,2,5.0,0,0,0,0,0,0.0,0.0,0.0,0.0,2025-26,Regular Season
1641739,Toumani Camara,1610612757,POR,25.0,78,2590.0,14,35,49,48,22,0.286,0.714,0.98,0.449,2025-26,Regular Season
1629027,Trae Young,1610612764,WAS,27.0,15,384.0,0,4,4,4,2,0.0,1.0,1.0,0.5,2025-26,Regular Season
1631218,Trayce Jackson-Davis,1610612761,TOR,26.0,46,477.0,21,24,45,43,31,0.467,0.533,0.956,0.689,2025-26,Regular Season
1642848,Tre Johnson,1610612764,WAS,20.0,58,1401.0,1,10,11,11,4,0.091,0.909,1.0,0.364,2025-26,Regular Season
1630200,Tre Jones,1610612741,CHI,26.0,60,1619.0,0,19,19,19,12,0.0,1.0,1.0,0.632,2025-26,Regular Season
1630544,Tre Mann,1610612766,CHA,25.0,42,630.0,0,6,6,6,2,0.0,1.0,1.0,0.333,2025-26,Regular Season
1630570,Trendon Watford,1610612755,PHI,25.0,50,847.0,2,8,10,10,4,0.2,0.8,1.0,0.4,2025-26,Regular Season
1642280,Trentyn Flowers,1610612741,CHI,21.0,2,6.0,0,0,0,0,0,0.0,0.0,0.0,0.0,2025-26,Regular Season
1630286,Trevon Scott,1610612751,BKN,29.0,1,8.0,0,0,0,0,0,0.0,0.0,0.0,0.0,2025-26,Regular Season
1641725,Trey Alexander,1610612740,NOP,22.0,4,40.0,0,4,4,4,0,0.0,1.0,1.0,0.0,2025-26,Regular Season
1641998,Trey Jemison III,1610612752,NYK,26.0,9,57.0,0,5,5,5,2,0.0,1.0,1.0,0.4,2025-26,Regular Season
1630530,Trey Murphy III,1610612740,NOP,25.0,66,2341.0,2,17,19,18,9,0.105,0.895,0.947,0.474,2025-26,Regular Season
1642400,Tristan Enaruna,1610612739,CLE,24.0,3,18.0,0,0,0,0,0,0.0,0.0,0.0,0.0,2025-26,Regular Season
1641774,Tristan Vukcevic,1610612764,WAS,23.0,47,665.0,3,24,27,27,13,0.111,0.889,1.0,0.481,2025-26,Regular Season
1641783,Tristan da Silva,1610612753,ORL,24.0,72,1784.0,1,42,43,43,25,0.023,0.977,1.0,0.581,2025-26,Regular Season
1629660,Ty Jerome,1610612763,MEM,28.0,15,339.0,1,2,3,3,3,0.333,0.667,1.0,1.0,2025-26,Regular Season
1631102,TyTy Washington Jr.,1610612746,LAC,24.0,6,53.0,0,1,1,1,0,0.0,1.0,1.0,0.0,2025-26,Regular Season
1631174,Tyler Burton,1610612763,MEM,26.0,12,307.0,0,2,2,2,2,0.0,1.0,1.0,1.0,2025-26,Regular Season
1629639,Tyler Herro,1610612748,MIA,26.0,30,952.0,0,1,1,1,0,0.0,1.0,1.0,0.0,2025-26,Regular Season
1642278,Tyler Kolek,1610612752,NYK,25.0,49,684.0,0,8,8,8,3,0.0,1.0,1.0,0.375,2025-26,Regular Season
1641890,Tyler Smith,1610612742,DAL,21.0,8,77.0,0,3,3,3,1,0.0,1.0,1.0,0.333,2025-26,Regular Season
1631213,Tyrese Martin,1610612755,PHI,27.0,40,732.0,2,8,10,10,7,0.2,0.8,1.0,0.7,2025-26,Regular Season
1630178,Tyrese Maxey,1610612755,PHI,25.0,65,2490.0,1,13,14,13,4,0.071,0.929,0.929,0.286,2025-26,Regular Season
1642878,Tyrese Proctor,1610612739,CLE,22.0,37,429.0,1,6,7,7,2,0.143,0.857,1.0,0.286,2025-26,Regular Season
1630623,Tyson Etienne,1610612751,BKN,26.0,13,204.0,0,3,3,3,0,0.0,1.0,1.0,0.0,2025-26,Regular Season
1626145,Tyus Jones,1610612743,DEN,29.0,50,788.0,0,5,5,5,3,0.0,1.0,1.0,0.6,2025-26,Regular Season
1642845,VJ Edgecombe,1610612755,PHI,20.0,70,2436.0,2,21,23,23,12,0.087,0.913,1.0,0.522,2025-26,Regular Season
1641705,Victor Wembanyama,1610612759,SAS,22.0,61,1784.0,20,43,63,63,48,0.317,0.683,1.0,0.762,2025-26,Regular Season
1631246,Vince Williams Jr.,1610612762,UTA,25.0,40,819.0,2,6,8,8,4,0.25,0.75,1.0,0.5,2025-26,Regular Season
1642884,Vladislav Goldin,1610612748,MIA,24.0,3,11.0,0,1,1,1,1,0.0,1.0,1.0,1.0,2025-26,Regular Season
1630249,Vít Krejčí,1610612757,POR,25.0,63,1381.0,0,19,19,19,6,0.0,1.0,1.0,0.316,2025-26,Regular Season
1631117,Walker Kessler,1610612762,UTA,24.0,5,154.0,4,8,12,11,7,0.333,0.667,0.917,0.583,2025-26,Regular Season
1642383,Walter Clayton Jr.,1610612763,MEM,23.0,65,1321.0,0,13,13,13,8,0.0,1.0,1.0,0.615,2025-26,Regular Season
1628976,Wendell Carter Jr.,1610612753,ORL,26.0,73,2162.0,35,144,179,179,99,0.196,0.804,1.0,0.553,2025-26,Regular Season
1631111,Wendell Moore Jr.,1610612765,DET,24.0,5,54.0,0,0,0,0,0,0.0,0.0,0.0,0.0,2025-26,Regular Season
1642954,Will Richard,1610612744,GSW,23.0,64,1316.0,7,13,20,20,15,0.35,0.65,1.0,0.75,2025-26,Regular Season
1642860,Will Riley,1610612764,WAS,20.0,63,1442.0,2,16,18,17,10,0.111,0.889,0.944,0.556,2025-26,Regular Season
1630214,Xavier Tillman,1610612766,CHA,27.0,19,160.0,7,4,12,11,8,0.583,0.333,1.0,0.727,2025-26,Regular Season
1642905,Yang Hansen,1610612757,POR,20.0,36,283.0,4,22,26,25,10,0.154,0.846,0.962,0.385,2025-26,Regular Season
1642949,Yanic Konan Niederhäuser,1610612746,LAC,23.0,33,399.0,7,18,25,25,17,0.28,0.72,1.0,0.68,2025-26,Regular Season
1642530,Yuki Kawamura,1610612741,CHI,24.0,9,131.0,2,2,4,4,2,0.5,0.5,1.0,0.5,2025-26,Regular Season
1642274,Yves Missi,1610612740,NOP,21.0,65,1257.0,33,42,75,74,43,0.44,0.56,0.987,0.573,2025-26,Regular Season
1642258,Zaccharie Risacher,1610612737,ATL,20.0,64,1453.0,4,13,17,17,10,0.235,0.765,1.0,0.588,2025-26,Regular Season
1628380,Zach Collins,1610612741,CHI,28.0,10,184.0,3,10,13,13,9,0.231,0.769,1.0,0.692,2025-26,Regular Season
1641744,Zach Edey,1610612763,MEM,23.0,11,284.0,19,26,45,45,36,0.422,0.578,1.0,0.8,2025-26,Regular Season
203897,Zach LaVine,1610612758,SAC,31.0,39,1224.0,0,7,7,7,3,0.0,1.0,1.0,0.429,2025-26,Regular Season
1630192,Zeke Nnaji,1610612743,DEN,25.0,46,577.0,5,12,17,16,8,0.294,0.706,0.941,0.471,2025-26,Regular Season
1630533,Ziaire Williams,1610612751,BKN,24.0,55,1266.0,0,10,10,10,5,0.0,1.0,1.0,0.5,2025-26,Regular Season
1629627,Zion Williamson,1610612740,NOP,25.0,61,1813.0,11,39,50,49,36,0.22,0.78,0.98,0.72,2025-26,Regular Season
1642389,Zyon Pullin,1610612750,MIN,25.0,1,5.0,0,0,0,0,0,0.0,0.0,0.0,0.0,2025-26,Regular Season
