SEASON_ID,PLAYER_ID,PLAYER_NAME,TEAM_ID,TEAM_ABBREVIATION,TEAM_NAME,PLAY_TYPE,TYPE_GROUPING,PERCENTILE,GP,POSS_PCT,PPP,FG_PCT,FT_POSS_PCT,TOV_POSS_PCT,SF_POSS_PCT,PLUSONE_POSS_PCT,SCORE_POSS_PCT,EFG_PCT,POSS,PTS,FGM,FGA,FGMX,SEASON,SEASON_TYPE
22025,202696,Nikola Vučević,1610612741,CHI,Chicago Bulls,PRRollman,Offensive,0.53,46,0.289,1.107,0.51,0.033,0.056,0.033,0.005,0.495,0.574,214,237,100,196,96,2025-26,Regular Season
22025,1631105,Jalen Duren,1610612765,DET,Detroit Pistons,PRRollman,Offensive,0.918,66,0.151,1.456,0.761,0.163,0.069,0.163,0.069,0.731,0.761,160,233,102,134,32,2025-26,Regular Season
22025,1626157,Karl-Anthony Towns,1610612752,NYK,New York Knicks,PRRollman,Offensive,0.862,68,0.133,1.365,0.609,0.2,0.059,0.194,0.071,0.624,0.656,170,232,84,138,54,2025-26,Regular Season
22025,1642875,Maxime Raynaud,1610612758,SAC,Sacramento Kings,PRRollman,Offensive,0.474,69,0.275,1.084,0.557,0.089,0.056,0.089,0.009,0.551,0.557,214,232,103,185,82,2025-26,Regular Season
22025,1629028,Deandre Ayton,1610612747,LAL,Los Angeles Lakers,PRRollman,Offensive,0.743,65,0.276,1.234,0.658,0.114,0.076,0.114,0.016,0.63,0.658,184,227,100,152,52,2025-26,Regular Season
22025,203999,Nikola Jokić,1610612743,DEN,Denver Nuggets,PRRollman,Offensive,0.761,61,0.114,1.243,0.567,0.139,0.069,0.127,0.023,0.572,0.652,173,215,80,141,61,2025-26,Regular Season
22025,1629674,Neemias Queta,1610612738,BOS,Boston Celtics,PRRollman,Offensive,0.851,72,0.245,1.349,0.71,0.105,0.059,0.105,0.026,0.684,0.71,152,205,93,131,38,2025-26,Regular Season
22025,203954,Joel Embiid,1610612755,PHI,Philadelphia 76ers,PRRollman,Offensive,0.392,38,0.205,1.046,0.456,0.143,0.061,0.143,0.01,0.49,0.5,196,205,72,158,86,2025-26,Regular Season
22025,1642270,Donovan Clingan,1610612757,POR,Portland Trail Blazers,PRRollman,Offensive,0.422,71,0.235,1.058,0.46,0.116,0.048,0.111,0.026,0.471,0.528,189,200,75,163,88,2025-26,Regular Season
22025,1642259,Alex Sarr,1610612764,WAS,Washington Wizards,PRRollman,Offensive,0.466,45,0.232,1.076,0.503,0.088,0.053,0.088,0.018,0.506,0.55,170,183,75,149,74,2025-26,Regular Season
22025,1628386,Jarrett Allen,1610612739,CLE,Cleveland Cavaliers,PRRollman,Offensive,0.623,53,0.229,1.147,0.615,0.186,0.077,0.167,0.013,0.615,0.615,156,179,72,117,45,2025-26,Regular Season
22025,1630596,Evan Mobley,1610612739,CLE,Cleveland Cavaliers,PRRollman,Offensive,0.418,60,0.16,1.056,0.515,0.149,0.087,0.143,0.043,0.491,0.565,161,170,67,130,63,2025-26,Regular Season
22025,1630643,Jay Huff,1610612754,IND,Indiana Pacers,PRRollman,Offensive,0.612,75,0.221,1.144,0.496,0.075,0.068,0.075,0.027,0.479,0.589,146,167,64,129,65,2025-26,Regular Season
22025,1628976,Wendell Carter Jr.,1610612753,ORL,Orlando Magic,PRRollman,Offensive,0.616,70,0.185,1.145,0.512,0.124,0.041,0.117,0.055,0.524,0.558,145,166,66,129,63,2025-26,Regular Season
22025,1631096,Chet Holmgren,1610612760,OKC,Oklahoma City Thunder,PRRollman,Offensive,0.806,62,0.137,1.288,0.571,0.12,0.064,0.12,0.024,0.576,0.648,125,161,60,105,45,2025-26,Regular Season
22025,1626167,Myles Turner,1610612749,MIL,Milwaukee Bucks,PRRollman,Offensive,0.552,67,0.191,1.118,0.44,0.111,0.042,0.104,0.021,0.465,0.548,144,161,55,125,70,2025-26,Regular Season
22025,1642851,Kon Knueppel,1610612766,CHA,Charlotte Hornets,PRRollman,Offensive,0.91,75,0.089,1.436,0.584,0.055,0.055,0.055,0.027,0.564,0.738,110,158,59,101,42,2025-26,Regular Season
22025,1641705,Victor Wembanyama,1610612759,SAS,San Antonio Spurs,PRRollman,Offensive,0.757,61,0.092,1.24,0.592,0.104,0.08,0.088,0.008,0.584,0.655,125,155,61,103,42,2025-26,Regular Season
22025,1630578,Alperen Sengun,1610612745,HOU,Houston Rockets,PRRollman,Offensive,0.366,66,0.107,1.026,0.554,0.152,0.139,0.139,0.033,0.523,0.576,151,155,62,112,50,2025-26,Regular Season
22025,203497,Rudy Gobert,1610612750,MIN,Minnesota Timberwolves,PRRollman,Offensive,0.795,72,0.157,1.282,0.718,0.264,0.091,0.264,0.064,0.655,0.718,110,141,56,78,22,2025-26,Regular Season
22025,1630568,Luka Garza,1610612738,BOS,Boston Celtics,PRRollman,Offensive,0.881,65,0.245,1.39,0.571,0.11,0.01,0.11,0.03,0.58,0.698,100,139,52,91,39,2025-26,Regular Season
22025,1630168,Onyeka Okongwu,1610612737,ATL,Atlanta Hawks,PRRollman,Offensive,0.571,70,0.115,1.127,0.526,0.102,0.076,0.093,0.0,0.534,0.593,118,133,51,97,46,2025-26,Regular Season
22025,1641774,Tristan Vukcevic,1610612764,WAS,Washington Wizards,PRRollman,Offensive,0.536,45,0.291,1.111,0.495,0.145,0.085,0.145,0.009,0.521,0.571,117,130,45,91,46,2025-26,Regular Season
22025,1626171,Bobby Portis,1610612749,MIL,Milwaukee Bucks,PRRollman,Offensive,0.448,64,0.147,1.067,0.455,0.034,0.042,0.034,0.017,0.445,0.545,119,127,51,112,61,2025-26,Regular Season
22025,202685,Jonas Valančiūnas,1610612743,DEN,Denver Nuggets,PRRollman,Offensive,0.575,60,0.233,1.128,0.549,0.128,0.073,0.128,0.037,0.541,0.571,109,123,50,91,41,2025-26,Regular Season
22025,1629637,Jaxson Hayes,1610612747,LAL,Los Angeles Lakers,PRRollman,Offensive,0.925,62,0.235,1.475,0.807,0.275,0.1,0.275,0.088,0.725,0.816,80,118,46,57,11,2025-26,Regular Season
22025,203944,Julius Randle,1610612750,MIN,Minnesota Timberwolves,PRRollman,Offensive,0.69,75,0.064,1.192,0.526,0.192,0.061,0.162,0.04,0.566,0.564,99,118,41,78,37,2025-26,Regular Season
22025,1629651,Nic Claxton,1610612751,BKN,Brooklyn Nets,PRRollman,Offensive,0.72,66,0.133,1.206,0.622,0.206,0.082,0.206,0.052,0.608,0.628,97,117,46,74,28,2025-26,Regular Season
22025,1630572,Sandro Mamukelashvili,1610612761,TOR,Toronto Raptors,PRRollman,Offensive,0.362,73,0.163,1.026,0.469,0.149,0.07,0.149,0.061,0.465,0.526,114,117,45,96,51,2025-26,Regular Season
22025,1630579,Jericho Sims,1610612749,MIL,Milwaukee Bucks,PRRollman,Offensive,0.959,61,0.305,1.568,0.857,0.122,0.081,0.122,0.054,0.784,0.857,74,116,54,63,9,2025-26,Regular Season
22025,1631109,Mark Williams,1610612756,PHX,Phoenix Suns,PRRollman,Offensive,0.604,54,0.2,1.139,0.573,0.168,0.059,0.158,0.04,0.584,0.573,101,115,47,82,35,2025-26,Regular Season
22025,1642345,Oso Ighodaro,1610612756,PHX,Phoenix Suns,PRRollman,Offensive,0.578,74,0.211,1.13,0.675,0.1,0.14,0.1,0.01,0.59,0.675,100,113,52,77,25,2025-26,Regular Season
22025,1629655,Daniel Gafford,1610612742,DAL,Dallas Mavericks,PRRollman,Offensive,0.739,51,0.213,1.233,0.653,0.189,0.067,0.178,0.056,0.644,0.653,90,111,47,72,25,2025-26,Regular Season
22025,1629111,Jock Landale,1610612763,MEM,Memphis Grizzlies,PRRollman,Offensive,0.638,42,0.219,1.156,0.5,0.094,0.052,0.094,0.021,0.5,0.583,96,111,42,84,42,2025-26,Regular Season
22025,1628389,Bam Adebayo,1610612748,MIA,Miami Heat,PRRollman,Offensive,0.377,66,0.08,1.037,0.464,0.093,0.028,0.093,0.028,0.486,0.505,107,111,45,97,52,2025-26,Regular Season
22025,1630188,Jalen Smith,1610612741,CHI,Chicago Bulls,PRRollman,Offensive,0.619,51,0.199,1.147,0.494,0.137,0.063,0.116,0.053,0.495,0.593,95,109,40,81,41,2025-26,Regular Season
22025,201572,Brook Lopez,1610612746,LAC,LA Clippers,PRRollman,Offensive,0.082,70,0.261,0.717,0.271,0.039,0.053,0.039,0.013,0.27,0.361,152,109,38,140,102,2025-26,Regular Season
22025,1642366,Quinten Post,1610612744,GSW,Golden State Warriors,PRRollman,Offensive,0.828,64,0.169,1.301,0.506,0.036,0.024,0.036,0.012,0.506,0.658,83,108,40,79,39,2025-26,Regular Season
22025,1641706,Brandon Miller,1610612766,CHA,Charlotte Hornets,PRRollman,Offensive,0.519,60,0.081,1.103,0.436,0.021,0.031,0.021,0.021,0.423,0.559,97,107,41,94,53,2025-26,Regular Season
22025,1628418,Thomas Bryant,1610612739,CLE,Cleveland Cavaliers,PRRollman,Offensive,0.634,58,0.285,1.154,0.463,0.066,0.044,0.066,0.011,0.473,0.591,91,105,38,82,44,2025-26,Regular Season
22025,1628392,Isaiah Hartenstein,1610612760,OKC,Oklahoma City Thunder,PRRollman,Offensive,0.824,42,0.212,1.3,0.691,0.138,0.063,0.138,0.05,0.637,0.691,80,104,47,68,21,2025-26,Regular Season
22025,1628970,Miles Bridges,1610612766,CHA,Charlotte Hornets,PRRollman,Offensive,0.563,71,0.078,1.121,0.5,0.121,0.088,0.121,0.044,0.495,0.566,91,102,38,76,38,2025-26,Regular Season
22025,1631217,Moussa Diabaté,1610612766,CHA,Charlotte Hornets,PRRollman,Offensive,0.642,67,0.18,1.161,0.586,0.195,0.023,0.184,0.023,0.609,0.586,87,101,41,70,29,2025-26,Regular Season
22025,203994,Jusuf Nurkić,1610612762,UTA,Utah Jazz,PRRollman,Offensive,0.306,39,0.208,0.99,0.512,0.127,0.059,0.127,0.029,0.5,0.523,102,101,44,86,42,2025-26,Regular Season
22025,1627783,Pascal Siakam,1610612754,IND,Indiana Pacers,PRRollman,Offensive,0.646,59,0.061,1.163,0.474,0.105,0.047,0.093,0.035,0.488,0.586,86,100,36,76,40,2025-26,Regular Season
22025,1628436,Luke Kornet,1610612759,SAS,San Antonio Spurs,PRRollman,Offensive,0.966,61,0.196,1.597,0.837,0.161,0.065,0.161,0.016,0.806,0.837,62,99,41,49,8,2025-26,Regular Season
22025,1627826,Ivica Zubac,1610612746,LAC,LA Clippers,PRRollman,Offensive,0.302,40,0.193,0.98,0.587,0.09,0.19,0.09,0.03,0.49,0.587,100,98,44,75,31,2025-26,Regular Season
22025,1642852,Derik Queen,1610612740,NOP,New Orleans Pelicans,PRRollman,Offensive,0.547,75,0.091,1.116,0.542,0.105,0.093,0.105,0.035,0.523,0.583,86,96,39,72,33,2025-26,Regular Season
22025,1642867,Collin Murray-Boyles,1610612761,TOR,Toronto Raptors,PRRollman,Offensive,0.746,52,0.182,1.234,0.627,0.156,0.104,0.156,0.026,0.61,0.653,77,95,37,59,22,2025-26,Regular Season
22025,1630194,Paul Reed,1610612765,DET,Detroit Pistons,PRRollman,Offensive,0.836,60,0.174,1.324,0.698,0.07,0.056,0.07,0.014,0.662,0.706,71,94,44,63,19,2025-26,Regular Season
22025,1628991,Jaren Jackson Jr.,1610612763,MEM,Memphis Grizzlies,PRRollman,Offensive,0.716,42,0.098,1.205,0.515,0.141,0.051,0.115,0.038,0.526,0.606,78,94,34,66,32,2025-26,Regular Season
22025,1630567,Scottie Barnes,1610612761,TOR,Toronto Raptors,PRRollman,Offensive,0.813,73,0.053,1.292,0.623,0.153,0.042,0.139,0.042,0.639,0.631,72,93,38,61,23,2025-26,Regular Season
22025,1630549,Day'Ron Sharpe,1610612751,BKN,Brooklyn Nets,PRRollman,Offensive,0.373,59,0.172,1.034,0.529,0.146,0.124,0.146,0.056,0.494,0.529,89,92,37,70,33,2025-26,Regular Season
22025,1627751,Jakob Poeltl,1610612761,TOR,Toronto Raptors,PRRollman,Offensive,0.801,39,0.186,1.288,0.679,0.167,0.061,0.167,0.03,0.667,0.679,66,85,36,53,17,2025-26,Regular Season
22025,1641739,Toumani Camara,1610612757,POR,Portland Trail Blazers,PRRollman,Offensive,0.801,76,0.066,1.288,0.508,0.106,0.045,0.106,0.045,0.5,0.653,66,85,30,59,29,2025-26,Regular Season
22025,1627734,Domantas Sabonis,1610612758,SAC,Sacramento Kings,PRRollman,Offensive,0.556,18,0.272,1.118,0.538,0.132,0.053,0.132,0.039,0.553,0.554,76,85,35,65,30,2025-26,Regular Season
22025,1629627,Zion Williamson,1610612740,NOP,New Orleans Pelicans,PRRollman,Offensive,0.892,60,0.054,1.424,0.717,0.271,0.051,0.271,0.102,0.729,0.717,59,84,33,46,13,2025-26,Regular Season
22025,1631119,Jaylin Williams,1610612760,OKC,Oklahoma City Thunder,PRRollman,Offensive,0.358,58,0.196,1.024,0.411,0.098,0.037,0.098,0.024,0.439,0.507,82,84,30,73,43,2025-26,Regular Season
22025,1642281,Jaylon Tyson,1610612739,CLE,Cleveland Cavaliers,PRRollman,Offensive,0.406,61,0.102,1.053,0.507,0.053,0.079,0.053,0.013,0.487,0.567,76,80,34,67,33,2025-26,Regular Season
22025,1641765,Olivier-Maxence Prosper,1610612763,MEM,Memphis Grizzlies,PRRollman,Offensive,0.784,52,0.139,1.274,0.532,0.177,0.081,0.177,0.016,0.548,0.67,62,79,25,47,22,2025-26,Regular Season
22025,1630173,Precious Achiuwa,1610612758,SAC,Sacramento Kings,PRRollman,Offensive,0.507,67,0.11,1.097,0.554,0.111,0.014,0.097,0.028,0.556,0.569,72,79,36,65,29,2025-26,Regular Season
22025,203076,Anthony Davis,1610612742,DAL,Dallas Mavericks,PRRollman,Offensive,0.351,19,0.193,1.013,0.5,0.052,0.091,0.052,0.0,0.481,0.538,77,78,33,66,33,2025-26,Regular Season
22025,1629675,Naz Reid,1610612750,MIN,Minnesota Timberwolves,PRRollman,Offensive,0.261,72,0.084,0.94,0.411,0.072,0.048,0.072,0.0,0.422,0.473,83,78,30,73,43,2025-26,Regular Season
22025,1642271,Kyle Filipowski,1610612762,UTA,Utah Jazz,PRRollman,Offensive,0.582,74,0.08,1.132,0.527,0.147,0.044,0.132,0.0,0.559,0.564,68,77,29,55,26,2025-26,Regular Season
22025,1641750,Ryan Kalkbrenner,1610612766,CHA,Charlotte Hornets,PRRollman,Offensive,0.947,64,0.131,1.5,0.861,0.22,0.1,0.2,0.04,0.76,0.861,50,75,31,36,5,2025-26,Regular Season
22025,1628398,Kyle Kuzma,1610612749,MIL,Milwaukee Bucks,PRRollman,Offensive,0.698,65,0.075,1.194,0.6,0.113,0.048,0.113,0.048,0.597,0.6,62,74,33,55,22,2025-26,Regular Season
22025,203110,Draymond Green,1610612744,GSW,Golden State Warriors,PRRollman,Offensive,0.299,62,0.116,0.973,0.483,0.067,0.173,0.067,0.013,0.413,0.586,75,73,28,58,30,2025-26,Regular Season
22025,1628374,Lauri Markkanen,1610612762,UTA,Utah Jazz,PRRollman,Offensive,0.175,40,0.091,0.847,0.312,0.106,0.012,0.106,0.024,0.365,0.37,85,72,24,77,53,2025-26,Regular Season
22025,1630191,Isaiah Stewart,1610612765,DET,Detroit Pistons,PRRollman,Offensive,0.429,52,0.141,1.06,0.525,0.045,0.075,0.045,0.0,0.507,0.559,67,71,31,59,28,2025-26,Regular Season
22025,203507,Giannis Antetokounmpo,1610612749,MIL,Milwaukee Bucks,PRRollman,Offensive,0.955,34,0.055,1.556,0.75,0.178,0.067,0.156,0.044,0.711,0.819,45,70,27,36,9,2025-26,Regular Season
22025,1629234,Drew Eubanks,1610612758,SAC,Sacramento Kings,PRRollman,Offensive,0.388,39,0.337,1.045,0.608,0.134,0.149,0.119,0.045,0.537,0.608,67,70,31,51,20,2025-26,Regular Season
22025,1629011,Mitchell Robinson,1610612752,NYK,New York Knicks,PRRollman,Offensive,0.989,54,0.152,1.683,0.872,0.024,0.024,0.024,0.0,0.854,0.872,41,69,34,39,5,2025-26,Regular Season
22025,1630583,Santi Aldama,1610612763,MEM,Memphis Grizzlies,PRRollman,Offensive,0.84,40,0.096,1.327,0.568,0.115,0.058,0.115,0.019,0.577,0.67,52,69,25,44,19,2025-26,Regular Season
22025,203991,Clint Capela,1610612745,HOU,Houston Rockets,PRRollman,Offensive,0.399,68,0.233,1.048,0.551,0.145,0.065,0.145,0.0,0.548,0.551,62,65,27,49,22,2025-26,Regular Season
22025,1630264,Anthony Gill,1610612764,WAS,Washington Wizards,PRRollman,Offensive,0.888,49,0.192,1.422,0.744,0.067,0.089,0.067,0.022,0.689,0.769,45,64,29,39,10,2025-26,Regular Season
22025,1631095,Jabari Smith Jr.,1610612745,HOU,Houston Rockets,PRRollman,Offensive,0.522,71,0.054,1.105,0.449,0.105,0.035,0.105,0.0,0.491,0.551,57,63,22,49,27,2025-26,Regular Season
22025,1642949,Yanic Konan Niederhäuser,1610612746,LAC,LA Clippers,PRRollman,Offensive,0.847,40,0.301,1.348,0.667,0.304,0.065,0.261,0.022,0.717,0.683,46,62,20,30,10,2025-26,Regular Season
22025,1629057,Robert Williams III,1610612757,POR,Portland Trail Blazers,PRRollman,Offensive,0.765,53,0.171,1.265,0.7,0.102,0.102,0.082,0.02,0.653,0.7,49,62,28,40,12,2025-26,Regular Season
22025,1642274,Yves Missi,1610612740,NOP,New Orleans Pelicans,PRRollman,Offensive,0.257,63,0.173,0.939,0.52,0.136,0.167,0.136,0.061,0.47,0.52,66,62,26,50,24,2025-26,Regular Season
22025,1631094,Paolo Banchero,1610612753,ORL,Orlando Magic,PRRollman,Offensive,0.216,67,0.045,0.912,0.408,0.191,0.118,0.191,0.029,0.441,0.408,68,62,20,49,29,2025-26,Regular Season
22025,1628381,John Collins,1610612746,LAC,LA Clippers,PRRollman,Offensive,0.817,62,0.064,1.298,0.619,0.043,0.085,0.043,0.021,0.574,0.69,47,61,26,42,16,2025-26,Regular Season
22025,1630695,Micah Potter,1610612754,IND,Indiana Pacers,PRRollman,Offensive,0.485,43,0.169,1.089,0.488,0.143,0.089,0.125,0.0,0.518,0.558,56,61,21,43,22,2025-26,Regular Season
22025,1628963,Marvin Bagley III,1610612742,DAL,Dallas Mavericks,PRRollman,Offensive,0.899,19,0.243,1.429,0.65,0.048,0.0,0.048,0.0,0.667,0.725,42,60,26,40,14,2025-26,Regular Season
22025,1630552,Jalen Johnson,1610612737,ATL,Atlanta Hawks,PRRollman,Offensive,0.536,68,0.035,1.111,0.542,0.037,0.074,0.037,0.0,0.519,0.594,54,60,26,48,22,2025-26,Regular Season
22025,1642382,Branden Carlson,1610612760,OKC,Oklahoma City Thunder,PRRollman,Offensive,0.459,37,0.346,1.073,0.5,0.055,0.073,0.055,0.0,0.473,0.583,55,59,24,48,24,2025-26,Regular Season
22025,1631255,Karlo Matković,1610612740,NOP,New Orleans Pelicans,PRRollman,Offensive,0.832,61,0.155,1.318,0.6,0.068,0.023,0.068,0.0,0.591,0.675,44,58,24,40,16,2025-26,Regular Season
22025,1627824,Guerschon Yabusele,1610612741,CHI,Chicago Bulls,PRRollman,Offensive,0.28,24,0.251,0.951,0.352,0.082,0.049,0.066,0.016,0.361,0.491,61,58,19,54,35,2025-26,Regular Season
22025,1627780,Gary Payton II,1610612744,GSW,Golden State Warriors,PRRollman,Offensive,0.754,66,0.101,1.239,0.641,0.13,0.043,0.13,0.022,0.609,0.679,46,57,25,39,14,2025-26,Regular Season
22025,1629048,Goga Bitadze,1610612753,ORL,Orlando Magic,PRRollman,Offensive,0.876,56,0.148,1.385,0.733,0.231,0.077,0.231,0.077,0.692,0.733,39,54,22,30,8,2025-26,Regular Season
22025,1630577,Julian Champagnie,1610612759,SAS,San Antonio Spurs,PRRollman,Offensive,0.866,74,0.052,1.368,0.576,0.053,0.079,0.026,0.0,0.553,0.727,38,52,19,33,14,2025-26,Regular Season
22025,1629023,P.J. Washington,1610612742,DAL,Dallas Mavericks,PRRollman,Offensive,0.272,53,0.072,0.945,0.467,0.127,0.073,0.109,0.018,0.455,0.511,55,52,21,45,24,2025-26,Regular Season
22025,1641737,Adem Bona,1610612755,PHI,Philadelphia 76ers,PRRollman,Offensive,0.854,66,0.121,1.351,0.704,0.162,0.108,0.162,0.0,0.676,0.704,37,50,19,27,8,2025-26,Regular Season
22025,1629638,Nickeil Alexander-Walker,1610612737,ATL,Atlanta Hawks,PRRollman,Offensive,0.269,74,0.037,0.942,0.347,0.038,0.019,0.038,0.0,0.365,0.459,52,49,17,49,32,2025-26,Regular Season
22025,1630700,Dyson Daniels,1610612737,ATL,Atlanta Hawks,PRRollman,Offensive,0.608,72,0.046,1.143,0.568,0.071,0.071,0.048,0.024,0.548,0.595,42,48,21,37,16,2025-26,Regular Season
22025,201143,Al Horford,1610612744,GSW,Golden State Warriors,PRRollman,Offensive,0.547,41,0.122,1.116,0.486,0.023,0.116,0.023,0.0,0.442,0.622,43,48,18,37,19,2025-26,Regular Season
22025,201142,Kevin Durant,1610612745,HOU,Houston Rockets,PRRollman,Offensive,0.354,73,0.028,1.021,0.462,0.043,0.128,0.043,0.0,0.426,0.577,47,48,18,39,21,2025-26,Regular Season
22025,1630551,Justin Champagnie,1610612764,WAS,Washington Wizards,PRRollman,Offensive,0.776,62,0.075,1.27,0.611,0.027,0.0,0.027,0.0,0.622,0.639,37,47,22,36,14,2025-26,Regular Season
22025,1630530,Trey Murphy III,1610612740,NOP,New Orleans Pelicans,PRRollman,Offensive,0.996,63,0.021,1.692,0.696,0.038,0.077,0.038,0.0,0.654,0.913,26,44,16,23,7,2025-26,Regular Season
22025,1630230,Naji Marshall,1610612742,DAL,Dallas Mavericks,PRRollman,Offensive,0.513,69,0.04,1.1,0.486,0.125,0.025,0.125,0.025,0.525,0.529,40,44,17,35,18,2025-26,Regular Season
22025,1630573,Sam Hauser,1610612738,BOS,Boston Celtics,PRRollman,Offensive,0.201,73,0.08,0.898,0.306,0.0,0.0,0.0,0.0,0.306,0.449,49,44,15,49,34,2025-26,Regular Season
22025,203932,Aaron Gordon,1610612743,DEN,Denver Nuggets,PRRollman,Offensive,0.985,34,0.053,1.654,0.81,0.269,0.077,0.269,0.154,0.769,0.881,26,43,17,21,4,2025-26,Regular Season
22025,203084,Harrison Barnes,1610612759,SAS,San Antonio Spurs,PRRollman,Offensive,0.903,69,0.05,1.433,0.556,0.067,0.033,0.067,0.0,0.567,0.722,30,43,15,27,12,2025-26,Regular Season
22025,1642276,Kel'el Ware,1610612748,MIA,Miami Heat,PRRollman,Offensive,0.593,69,0.054,1.135,0.588,0.027,0.054,0.027,0.0,0.568,0.603,37,42,20,34,14,2025-26,Regular Season
22025,2544,LeBron James,1610612747,LAL,Los Angeles Lakers,PRRollman,Offensive,0.322,54,0.038,1.0,0.438,0.19,0.095,0.19,0.048,0.476,0.453,42,42,14,32,18,2025-26,Regular Season
22025,1641707,Taylor Hendricks,1610612763,MEM,Memphis Grizzlies,PRRollman,Offensive,0.322,25,0.157,1.0,0.459,0.073,0.073,0.049,0.049,0.415,0.527,41,41,17,37,20,2025-26,Regular Season
22025,1630241,Sam Merrill,1610612739,CLE,Cleveland Cavaliers,PRRollman,Offensive,0.213,50,0.083,0.911,0.318,0.0,0.022,0.0,0.0,0.311,0.466,45,41,14,44,30,2025-26,Regular Season
22025,1629130,Duncan Robinson,1610612765,DET,Detroit Pistons,PRRollman,Offensive,0.81,71,0.043,1.29,0.448,0.097,0.0,0.065,0.032,0.452,0.638,31,40,13,29,16,2025-26,Regular Season
22025,1642928,Dylan Cardwell,1610612758,SAC,Sacramento Kings,PRRollman,Offensive,0.322,41,0.179,1.0,0.5,0.1,0.075,0.1,0.025,0.5,0.5,40,40,17,34,17,2025-26,Regular Season
22025,1629021,Moritz Wagner,1610612753,ORL,Orlando Magic,PRRollman,Offensive,0.478,35,0.146,1.086,0.4,0.2,0.057,0.2,0.114,0.429,0.467,35,38,12,30,18,2025-26,Regular Season
22025,1630198,Isaiah Joe,1610612760,OKC,Oklahoma City Thunder,PRRollman,Offensive,0.369,66,0.062,1.027,0.353,0.108,0.0,0.081,0.027,0.378,0.515,37,38,12,34,22,2025-26,Regular Season
22025,1641729,Brice Sensabaugh,1610612762,UTA,Utah Jazz,PRRollman,Offensive,0.231,71,0.041,0.927,0.361,0.098,0.024,0.098,0.0,0.415,0.431,41,38,13,36,23,2025-26,Regular Season
22025,1641824,Matas Buzelis,1610612741,CHI,Chicago Bulls,PRRollman,Offensive,0.787,74,0.024,1.276,0.545,0.207,0.034,0.207,0.0,0.621,0.614,29,37,12,22,10,2025-26,Regular Season
22025,1630174,Aaron Nesmith,1610612754,IND,Indiana Pacers,PRRollman,Offensive,0.494,45,0.054,1.091,0.448,0.061,0.061,0.03,0.0,0.455,0.552,33,36,13,29,16,2025-26,Regular Season
22025,1631108,Max Christie,1610612742,DAL,Dallas Mavericks,PRRollman,Offensive,0.662,69,0.038,1.167,0.458,0.133,0.1,0.1,0.033,0.467,0.583,30,35,11,24,13,2025-26,Regular Season
22025,203500,Steven Adams,1610612745,HOU,Houston Rockets,PRRollman,Offensive,0.504,30,0.156,1.094,0.593,0.125,0.063,0.094,0.031,0.563,0.593,32,35,16,27,11,2025-26,Regular Season
22025,1628384,OG Anunoby,1610612752,NYK,New York Knicks,PRRollman,Offensive,0.198,62,0.04,0.897,0.424,0.0,0.154,0.0,0.0,0.359,0.53,39,35,14,33,19,2025-26,Regular Season
22025,1642845,VJ Edgecombe,1610612755,PHI,Philadelphia 76ers,PRRollman,Offensive,0.728,71,0.024,1.214,0.407,0.036,0.036,0.036,0.036,0.393,0.611,28,34,11,27,16,2025-26,Regular Season
22025,1641730,Noah Clowney,1610612751,BKN,Brooklyn Nets,PRRollman,Offensive,0.588,63,0.038,1.133,0.385,0.167,0.0,0.133,0.033,0.467,0.5,30,34,10,26,16,2025-26,Regular Season
22025,1631250,Pete Nance,1610612749,MIL,Milwaukee Bucks,PRRollman,Offensive,0.434,45,0.152,1.063,0.483,0.0,0.094,0.0,0.0,0.438,0.586,32,34,14,29,15,2025-26,Regular Season
22025,1630543,Isaiah Jackson,1610612746,LAC,LA Clippers,PRRollman,Offensive,0.907,17,0.228,1.435,0.75,0.304,0.087,0.304,0.087,0.696,0.75,23,33,12,16,4,2025-26,Regular Season
22025,203501,Tim Hardaway Jr.,1610612743,DEN,Denver Nuggets,PRRollman,Offensive,0.772,76,0.03,1.269,0.45,0.231,0.038,0.192,0.038,0.538,0.575,26,33,9,20,11,2025-26,Regular Season
22025,1628969,Mikal Bridges,1610612752,NYK,New York Knicks,PRRollman,Offensive,0.142,74,0.039,0.821,0.412,0.026,0.128,0.026,0.026,0.359,0.471,39,32,14,34,20,2025-26,Regular Season
22025,1631260,AJ Green,1610612749,MIL,Milwaukee Bucks,PRRollman,Offensive,0.694,71,0.042,1.192,0.458,0.0,0.077,0.0,0.0,0.423,0.646,26,31,11,24,13,2025-26,Regular Season
22025,1641783,Tristan da Silva,1610612753,ORL,Orlando Magic,PRRollman,Offensive,0.526,69,0.042,1.107,0.44,0.036,0.071,0.036,0.0,0.429,0.58,28,31,11,25,14,2025-26,Regular Season
22025,1628401,Derrick White,1610612738,BOS,Boston Celtics,PRRollman,Offensive,0.914,72,0.016,1.45,0.526,0.05,0.0,0.05,0.0,0.55,0.711,20,29,10,19,9,2025-26,Regular Season
22025,1630543,Isaiah Jackson,1610612754,IND,Indiana Pacers,PRRollman,Offensive,0.724,35,0.109,1.208,0.632,0.167,0.042,0.167,0.0,0.667,0.632,24,29,12,19,7,2025-26,Regular Season
22025,1642364,Jamir Watkins,1610612764,WAS,Washington Wizards,PRRollman,Offensive,0.541,43,0.085,1.115,0.5,0.231,0.038,0.231,0.038,0.5,0.575,26,29,10,20,10,2025-26,Regular Season
22025,1631222,Jake LaRavia,1610612747,LAL,Los Angeles Lakers,PRRollman,Offensive,0.463,74,0.042,1.074,0.5,0.259,0.074,0.222,0.0,0.556,0.556,27,29,9,18,9,2025-26,Regular Season
22025,1641744,Zach Edey,1610612763,MEM,Memphis Grizzlies,PRRollman,Offensive,0.981,9,0.147,1.647,0.857,0.176,0.059,0.176,0.059,0.824,0.857,17,28,12,14,2,2025-26,Regular Season
22025,1630171,Isaac Okoro,1610612741,CHI,Chicago Bulls,PRRollman,Offensive,0.843,61,0.039,1.333,0.6,0.286,0.048,0.286,0.048,0.667,0.667,21,28,9,15,6,2025-26,Regular Season
22025,1641708,Amen Thompson,1610612745,HOU,Houston Rockets,PRRollman,Offensive,0.56,73,0.02,1.12,0.579,0.16,0.12,0.12,0.04,0.56,0.579,25,28,11,19,8,2025-26,Regular Season
22025,1630591,Jalen Suggs,1610612753,ORL,Orlando Magic,PRRollman,Offensive,0.993,49,0.022,1.688,0.667,0.0,0.063,0.0,0.0,0.625,0.9,16,27,10,15,5,2025-26,Regular Season
22025,1642461,Spencer Jones,1610612743,DEN,Denver Nuggets,PRRollman,Offensive,0.947,62,0.059,1.5,0.667,0.111,0.056,0.111,0.0,0.667,0.8,18,27,10,15,5,2025-26,Regular Season
22025,1631128,Christian Braun,1610612743,DEN,Denver Nuggets,PRRollman,Offensive,0.731,43,0.047,1.227,0.533,0.318,0.045,0.227,0.045,0.636,0.567,22,27,8,15,7,2025-26,Regular Season
22025,1642262,Cody Williams,1610612762,UTA,Utah Jazz,PRRollman,Offensive,0.567,63,0.042,1.125,0.545,0.125,0.0,0.125,0.042,0.542,0.545,24,27,12,22,10,2025-26,Regular Season
22025,1642275,Tidjane Salaün,1610612766,CHA,Charlotte Hornets,PRRollman,Offensive,0.47,36,0.124,1.08,0.478,0.04,0.04,0.04,0.0,0.48,0.543,25,27,11,23,12,2025-26,Regular Season
22025,201567,Kevin Love,1610612762,UTA,Utah Jazz,PRRollman,Offensive,0.184,35,0.132,0.871,0.321,0.065,0.065,0.032,0.032,0.323,0.429,31,27,9,28,19,2025-26,Regular Season
22025,1642874,Danny Wolf,1610612751,BKN,Brooklyn Nets,PRRollman,Offensive,0.184,56,0.055,0.871,0.286,0.097,0.0,0.097,0.0,0.355,0.393,31,27,8,28,20,2025-26,Regular Season
22025,1628404,Josh Hart,1610612752,NYK,New York Knicks,PRRollman,Offensive,0.071,59,0.058,0.692,0.353,0.051,0.077,0.026,0.0,0.333,0.368,39,27,12,34,22,2025-26,Regular Season
22025,1626220,Royce O'Neale,1610612756,PHX,Phoenix Suns,PRRollman,Offensive,0.682,71,0.032,1.182,0.474,0.0,0.136,0.0,0.0,0.409,0.684,22,26,9,19,10,2025-26,Regular Season
22025,1631212,Peyton Watson,1610612743,DEN,Denver Nuggets,PRRollman,Offensive,0.682,52,0.03,1.182,0.529,0.136,0.091,0.136,0.0,0.545,0.588,22,26,9,17,8,2025-26,Regular Season
22025,1641709,Ausar Thompson,1610612765,DET,Detroit Pistons,PRRollman,Offensive,0.237,68,0.039,0.929,0.476,0.143,0.143,0.107,0.036,0.464,0.476,28,26,10,21,11,2025-26,Regular Season
22025,202696,Nikola Vučević,1610612738,BOS,Boston Celtics,PRRollman,Offensive,0.179,13,0.221,0.867,0.345,0.033,0.0,0.033,0.0,0.367,0.414,30,26,10,29,19,2025-26,Regular Season
22025,203083,Andre Drummond,1610612755,PHI,Philadelphia 76ers,PRRollman,Offensive,0.138,57,0.083,0.813,0.375,0.188,0.094,0.188,0.031,0.438,0.375,32,26,9,24,15,2025-26,Regular Season
22025,203939,Dwight Powell,1610612742,DAL,Dallas Mavericks,PRRollman,Offensive,0.599,57,0.126,1.136,0.538,0.455,0.091,0.455,0.136,0.591,0.538,22,25,7,13,6,2025-26,Regular Season
22025,203897,Zach LaVine,1610612758,SAC,Sacramento Kings,PRRollman,Offensive,0.599,36,0.036,1.136,0.474,0.091,0.136,0.091,0.091,0.409,0.605,22,25,9,19,10,2025-26,Regular Season
22025,1642346,Ryan Dunn,1610612756,PHX,Phoenix Suns,PRRollman,Offensive,0.481,64,0.057,1.087,0.55,0.043,0.087,0.043,0.0,0.522,0.6,23,25,11,20,9,2025-26,Regular Season
22025,1627936,Alex Caruso,1610612760,OKC,Oklahoma City Thunder,PRRollman,Offensive,0.381,49,0.073,1.042,0.455,0.083,0.0,0.083,0.0,0.5,0.5,24,25,10,22,12,2025-26,Regular Season
22025,1642883,Sion James,1610612766,CHA,Charlotte Hornets,PRRollman,Offensive,0.295,76,0.06,0.962,0.391,0.038,0.077,0.038,0.0,0.385,0.522,26,25,9,23,14,2025-26,Regular Season
22025,204001,Kristaps Porziņģis,1610612737,ATL,Atlanta Hawks,PRRollman,Offensive,0.194,17,0.113,0.893,0.36,0.071,0.036,0.071,0.0,0.393,0.46,28,25,9,25,16,2025-26,Regular Season
22025,1631126,Caleb Love,1610612757,POR,Portland Trail Blazers,PRRollman,Offensive,1.0,44,0.024,1.846,0.615,0.0,0.0,0.0,0.0,0.615,0.923,13,24,8,13,5,2025-26,Regular Season
22025,202710,Jimmy Butler III,1610612744,GSW,Golden State Warriors,PRRollman,Offensive,0.947,35,0.027,1.5,0.667,0.438,0.063,0.438,0.25,0.688,0.667,16,24,8,12,4,2025-26,Regular Season
22025,1629731,Dean Wade,1610612739,CLE,Cleveland Cavaliers,PRRollman,Offensive,0.709,55,0.067,1.2,0.588,0.0,0.15,0.0,0.0,0.5,0.706,20,24,10,17,7,2025-26,Regular Season
22025,1627739,Kris Dunn,1610612746,LAC,LA Clippers,PRRollman,Offensive,0.494,75,0.039,1.091,0.526,0.0,0.136,0.0,0.0,0.455,0.632,22,24,10,19,9,2025-26,Regular Season
22025,1630692,Jordan Goodwin,1610612756,PHX,Phoenix Suns,PRRollman,Offensive,0.384,64,0.039,1.043,0.429,0.043,0.043,0.043,0.0,0.435,0.524,23,24,9,21,12,2025-26,Regular Season
22025,1627759,Jaylen Brown,1610612738,BOS,Boston Celtics,PRRollman,Offensive,0.291,67,0.013,0.96,0.389,0.2,0.08,0.2,0.0,0.48,0.444,25,24,7,18,11,2025-26,Regular Season
22025,1642853,Rasheer Fleming,1610612756,PHX,Phoenix Suns,PRRollman,Offensive,0.791,50,0.08,1.278,0.6,0.111,0.056,0.111,0.0,0.611,0.667,18,23,9,15,6,2025-26,Regular Season
22025,1628380,Zach Collins,1610612741,CHI,Chicago Bulls,PRRollman,Offensive,0.629,10,0.247,1.15,0.533,0.2,0.05,0.2,0.0,0.6,0.567,20,23,8,15,7,2025-26,Regular Season
22025,1631248,Baylor Scheierman,1610612738,BOS,Boston Celtics,PRRollman,Offensive,0.629,71,0.059,1.15,0.474,0.0,0.05,0.0,0.0,0.45,0.605,20,23,9,19,10,2025-26,Regular Season
22025,1629060,Rui Hachimura,1610612747,LAL,Los Angeles Lakers,PRRollman,Offensive,0.322,60,0.04,1.0,0.364,0.13,0.0,0.13,0.087,0.391,0.455,23,23,8,22,14,2025-26,Regular Season
22025,1629684,Grant Williams,1610612766,CHA,Charlotte Hornets,PRRollman,Offensive,0.228,33,0.115,0.92,0.421,0.12,0.12,0.12,0.0,0.44,0.5,25,23,8,19,11,2025-26,Regular Season
22025,202695,Kawhi Leonard,1610612746,LAC,LA Clippers,PRRollman,Offensive,0.922,60,0.01,1.467,0.692,0.067,0.133,0.067,0.067,0.6,0.846,15,22,9,13,4,2025-26,Regular Season
22025,1630619,Moussa Cisse,1610612742,DAL,Dallas Mavericks,PRRollman,Offensive,0.513,32,0.153,1.1,0.692,0.25,0.1,0.25,0.0,0.6,0.692,20,22,9,13,4,2025-26,Regular Season
22025,1641764,Brandin Podziemski,1610612744,GSW,Golden State Warriors,PRRollman,Offensive,0.396,75,0.021,1.048,0.538,0.143,0.238,0.095,0.0,0.476,0.654,21,22,7,13,6,2025-26,Regular Season
22025,1631243,Mouhamed Gueye,1610612737,ATL,Atlanta Hawks,PRRollman,Offensive,0.287,73,0.071,0.957,0.4,0.043,0.087,0.043,0.0,0.391,0.525,23,22,8,20,12,2025-26,Regular Season
22025,1631230,Dominick Barlow,1610612755,PHI,Philadelphia 76ers,PRRollman,Offensive,0.221,65,0.052,0.917,0.529,0.167,0.167,0.167,0.042,0.5,0.529,24,22,9,17,8,2025-26,Regular Season
22025,1629008,Michael Porter Jr.,1610612751,BKN,Brooklyn Nets,PRRollman,Offensive,0.165,50,0.023,0.846,0.333,0.038,0.077,0.038,0.038,0.308,0.458,26,22,8,24,16,2025-26,Regular Season
22025,1627750,Jamal Murray,1610612743,DEN,Denver Nuggets,PRRollman,Offensive,0.974,72,0.008,1.615,0.5,0.308,0.0,0.308,0.077,0.615,0.7,13,21,5,10,5,2025-26,Regular Season
22025,1629013,Landry Shamet,1610612752,NYK,New York Knicks,PRRollman,Offensive,0.947,48,0.036,1.5,0.571,0.071,0.0,0.071,0.071,0.571,0.714,14,21,8,14,6,2025-26,Regular Season
22025,1630532,Franz Wagner,1610612753,ORL,Orlando Magic,PRRollman,Offensive,0.884,28,0.028,1.4,0.583,0.2,0.0,0.2,0.0,0.6,0.708,15,21,7,12,5,2025-26,Regular Season
22025,1642846,Ace Bailey,1610612762,UTA,Utah Jazz,PRRollman,Offensive,0.75,68,0.017,1.235,0.563,0.059,0.0,0.059,0.0,0.529,0.656,17,21,9,16,7,2025-26,Regular Season
22025,203924,Jerami Grant,1610612757,POR,Portland Trail Blazers,PRRollman,Offensive,0.662,54,0.019,1.167,0.5,0.333,0.111,0.333,0.111,0.5,0.542,18,21,6,12,6,2025-26,Regular Season
22025,1628378,Donovan Mitchell,1610612739,CLE,Cleveland Cavaliers,PRRollman,Offensive,0.662,66,0.011,1.167,0.4,0.167,0.056,0.167,0.056,0.444,0.567,18,21,6,15,9,2025-26,Regular Season
22025,1629111,Jock Landale,1610612737,ATL,Atlanta Hawks,PRRollman,Offensive,0.067,23,0.163,0.677,0.31,0.032,0.032,0.032,0.0,0.323,0.345,31,21,9,29,20,2025-26,Regular Season
22025,1631110,Jeremy Sochan,1610612759,SAS,San Antonio Spurs,PRRollman,Offensive,0.951,25,0.121,1.538,0.667,0.154,0.0,0.154,0.077,0.692,0.708,13,20,8,12,4,2025-26,Regular Season
22025,1629661,Cameron Johnson,1610612743,DEN,Denver Nuggets,PRRollman,Offensive,0.899,51,0.027,1.429,0.643,0.0,0.0,0.0,0.0,0.643,0.714,14,20,9,14,5,2025-26,Regular Season
22025,203468,CJ McCollum,1610612737,ATL,Atlanta Hawks,PRRollman,Offensive,0.674,39,0.023,1.176,0.5,0.059,0.0,0.0,0.0,0.529,0.594,17,20,8,16,8,2025-26,Regular Season
22025,1642843,Cooper Flagg,1610612742,DAL,Dallas Mavericks,PRRollman,Offensive,0.674,62,0.013,1.176,0.462,0.118,0.118,0.118,0.0,0.471,0.615,17,20,6,13,7,2025-26,Regular Season
22025,1630249,Vít Krejčí,1610612737,ATL,Atlanta Hawks,PRRollman,Offensive,0.406,44,0.057,1.053,0.412,0.0,0.105,0.0,0.0,0.368,0.588,19,20,7,17,10,2025-26,Regular Season
22025,1628370,Malik Monk,1610612758,SAC,Sacramento Kings,PRRollman,Offensive,0.406,57,0.026,1.053,0.333,0.053,0.0,0.0,0.0,0.368,0.5,19,20,6,18,12,2025-26,Regular Season
22025,1642377,Jaylen Wells,1610612763,MEM,Memphis Grizzlies,PRRollman,Offensive,0.284,66,0.026,0.952,0.429,0.0,0.0,0.0,0.0,0.429,0.476,21,20,9,21,12,2025-26,Regular Season
22025,1628960,Grayson Allen,1610612756,PHX,Phoenix Suns,PRRollman,Offensive,0.075,48,0.035,0.714,0.333,0.036,0.107,0.036,0.0,0.321,0.396,28,20,8,24,16,2025-26,Regular Season
22025,1642868,Carter Bryant,1610612759,SAS,San Antonio Spurs,PRRollman,Offensive,0.963,66,0.043,1.583,0.636,0.0,0.083,0.0,0.0,0.583,0.864,12,19,7,11,4,2025-26,Regular Season
22025,1629631,De'Andre Hunter,1610612739,CLE,Cleveland Cavaliers,PRRollman,Offensive,0.769,40,0.026,1.267,0.533,0.0,0.0,0.0,0.0,0.533,0.633,15,19,8,15,7,2025-26,Regular Season
22025,1630163,LaMelo Ball,1610612766,CHA,Charlotte Hornets,PRRollman,Offensive,0.687,66,0.012,1.188,0.438,0.0,0.0,0.0,0.0,0.438,0.594,16,19,7,16,9,2025-26,Regular Season
22025,1628467,Maxi Kleber,1610612747,LAL,Los Angeles Lakers,PRRollman,Offensive,0.414,37,0.209,1.056,0.5,0.222,0.111,0.167,0.0,0.5,0.625,18,19,6,12,6,2025-26,Regular Season
22025,1629652,Luguentz Dort,1610612760,OKC,Oklahoma City Thunder,PRRollman,Offensive,0.123,60,0.044,0.792,0.304,0.0,0.042,0.0,0.0,0.292,0.413,24,19,7,23,16,2025-26,Regular Season
22025,1630192,Zeke Nnaji,1610612743,DEN,Denver Nuggets,PRRollman,Offensive,0.108,48,0.14,0.76,0.304,0.12,0.04,0.12,0.08,0.32,0.37,25,19,7,23,16,2025-26,Regular Season
22025,203935,Marcus Smart,1610612747,LAL,Los Angeles Lakers,PRRollman,Offensive,0.037,57,0.057,0.594,0.222,0.031,0.125,0.031,0.0,0.219,0.333,32,19,6,27,21,2025-26,Regular Season
22025,1630193,Immanuel Quickley,1610612761,TOR,Toronto Raptors,PRRollman,Offensive,0.978,65,0.011,1.636,0.636,0.182,0.0,0.182,0.182,0.636,0.773,11,18,7,11,4,2025-26,Regular Season
22025,1642277,Johnny Furphy,1610612754,IND,Indiana Pacers,PRRollman,Offensive,0.947,35,0.062,1.5,0.75,0.167,0.167,0.167,0.0,0.583,1.0,12,18,6,8,2,2025-26,Regular Season
22025,1629628,RJ Barrett,1610612761,TOR,Toronto Raptors,PRRollman,Offensive,0.947,53,0.012,1.5,0.75,0.333,0.167,0.333,0.167,0.667,0.875,12,18,6,8,2,2025-26,Regular Season
22025,1630559,Austin Reaves,1610612747,LAL,Los Angeles Lakers,PRRollman,Offensive,0.876,47,0.013,1.385,0.583,0.077,0.0,0.077,0.0,0.615,0.667,13,18,7,12,5,2025-26,Regular Season
22025,201942,DeMar DeRozan,1610612758,SAC,Sacramento Kings,PRRollman,Offensive,0.876,74,0.011,1.385,0.667,0.0,0.077,0.0,0.0,0.615,0.75,13,18,8,12,4,2025-26,Regular Season
22025,1627884,Derrick Jones Jr.,1610612746,LAC,LA Clippers,PRRollman,Offensive,0.425,45,0.042,1.059,0.538,0.118,0.118,0.059,0.0,0.529,0.538,17,18,7,13,6,2025-26,Regular Season
22025,1630611,Gui Santos,1610612744,GSW,Golden State Warriors,PRRollman,Offensive,0.322,65,0.03,1.0,0.438,0.111,0.056,0.111,0.056,0.444,0.5,18,18,7,16,9,2025-26,Regular Season
22025,1630202,Payton Pritchard,1610612738,BOS,Boston Celtics,PRRollman,Offensive,0.276,74,0.016,0.947,0.375,0.105,0.053,0.053,0.0,0.421,0.469,19,18,6,16,10,2025-26,Regular Season
22025,1631131,Oscar Tshiebwe,1610612762,UTA,Utah Jazz,PRRollman,Offensive,0.116,24,0.167,0.783,0.444,0.13,0.087,0.087,0.0,0.435,0.444,23,18,8,18,10,2025-26,Regular Season
22025,1631221,Collin Gillespie,1610612756,PHX,Phoenix Suns,PRRollman,Offensive,0.588,73,0.017,1.133,0.385,0.067,0.067,0.067,0.0,0.4,0.577,15,17,5,13,8,2025-26,Regular Season
22025,1630180,Saddiq Bey,1610612740,NOP,New Orleans Pelicans,PRRollman,Offensive,0.434,69,0.014,1.063,0.4,0.063,0.0,0.063,0.0,0.438,0.5,16,17,6,15,9,2025-26,Regular Season
22025,1630172,Patrick Williams,1610612741,CHI,Chicago Bulls,PRRollman,Offensive,0.09,66,0.045,0.739,0.3,0.13,0.043,0.13,0.043,0.348,0.35,23,17,6,20,14,2025-26,Regular Season
22025,1641707,Taylor Hendricks,1610612762,UTA,Utah Jazz,PRRollman,Offensive,0.97,32,0.064,1.6,0.625,0.3,0.0,0.3,0.1,0.7,0.75,10,16,5,8,3,2025-26,Regular Season
22025,1631132,Christian Koloko,1610612763,MEM,Memphis Grizzlies,PRRollman,Offensive,0.735,11,0.295,1.231,0.615,0.0,0.0,0.0,0.0,0.615,0.615,13,16,8,13,5,2025-26,Regular Season
22025,1642363,Nique Clifford,1610612758,SAC,Sacramento Kings,PRRollman,Offensive,0.442,69,0.022,1.067,0.467,0.0,0.0,0.0,0.0,0.467,0.533,15,16,7,15,8,2025-26,Regular Season
22025,1642860,Will Riley,1610612764,WAS,Washington Wizards,PRRollman,Offensive,0.442,66,0.022,1.067,0.5,0.0,0.067,0.0,0.0,0.467,0.571,15,16,7,14,7,2025-26,Regular Season
22025,1630178,Tyrese Maxey,1610612755,PHI,Philadelphia 76ers,PRRollman,Offensive,0.265,64,0.01,0.941,0.273,0.235,0.118,0.235,0.0,0.412,0.364,17,16,3,11,8,2025-26,Regular Season
22025,1628983,Shai Gilgeous-Alexander,1610612760,OKC,Oklahoma City Thunder,PRRollman,Offensive,0.858,61,0.007,1.364,0.5,0.182,0.0,0.182,0.091,0.545,0.6,11,15,5,10,5,2025-26,Regular Season
22025,1630557,Corey Kispert,1610612737,ATL,Atlanta Hawks,PRRollman,Offensive,0.453,36,0.045,1.071,0.385,0.071,0.0,0.0,0.0,0.429,0.5,14,15,5,13,8,2025-26,Regular Season
22025,1628971,Bruce Brown,1610612743,DEN,Denver Nuggets,PRRollman,Offensive,0.453,77,0.023,1.071,0.5,0.071,0.0,0.071,0.071,0.5,0.5,14,15,7,14,7,2025-26,Regular Season
22025,1641772,Nae'Qwan Tomlin,1610612739,CLE,Cleveland Cavaliers,PRRollman,Offensive,0.322,59,0.045,1.0,0.4,0.267,0.067,0.267,0.0,0.533,0.4,15,15,4,10,6,2025-26,Regular Season
22025,1629026,Kenrich Williams,1610612760,OKC,Oklahoma City Thunder,PRRollman,Offensive,0.251,49,0.053,0.938,0.4,0.0,0.063,0.0,0.0,0.375,0.5,16,15,6,15,9,2025-26,Regular Season
22025,1631099,Keegan Murray,1610612758,SAC,Sacramento Kings,PRRollman,Offensive,0.251,21,0.052,0.938,0.438,0.0,0.0,0.0,0.0,0.438,0.469,16,15,7,16,9,2025-26,Regular Season
22025,1630529,Herbert Jones,1610612740,NOP,New Orleans Pelicans,PRRollman,Offensive,0.094,54,0.036,0.75,0.353,0.0,0.15,0.0,0.0,0.3,0.441,20,15,6,17,11,2025-26,Regular Season
22025,1626164,Devin Booker,1610612756,PHX,Phoenix Suns,PRRollman,Offensive,0.075,59,0.014,0.714,0.235,0.238,0.048,0.238,0.095,0.333,0.265,21,15,4,17,13,2025-26,Regular Season
22025,1641713,GG Jackson,1610612763,MEM,Memphis Grizzlies,PRRollman,Offensive,0.78,54,0.017,1.273,0.6,0.091,0.0,0.091,0.0,0.636,0.6,11,14,6,10,4,2025-26,Regular Season
22025,1630208,Nick Richards,1610612756,PHX,Phoenix Suns,PRRollman,Offensive,0.662,24,0.121,1.167,0.6,0.083,0.083,0.083,0.0,0.583,0.6,12,14,6,10,4,2025-26,Regular Season
22025,1630592,Jalen Wilson,1610612751,BKN,Brooklyn Nets,PRRollman,Offensive,0.662,49,0.039,1.167,0.556,0.0,0.25,0.0,0.0,0.417,0.778,12,14,5,9,4,2025-26,Regular Season
22025,1642907,Cedric Coward,1610612763,MEM,Memphis Grizzlies,PRRollman,Offensive,0.662,58,0.016,1.167,0.545,0.083,0.083,0.083,0.083,0.5,0.591,12,14,6,11,5,2025-26,Regular Season
22025,202699,Tobias Harris,1610612765,DET,Detroit Pistons,PRRollman,Offensive,0.246,58,0.021,0.933,0.333,0.133,0.067,0.133,0.0,0.4,0.375,15,14,4,12,8,2025-26,Regular Season
22025,1641718,Keyonte George,1610612762,UTA,Utah Jazz,PRRollman,Offensive,0.19,52,0.014,0.875,0.364,0.25,0.125,0.25,0.063,0.438,0.409,16,14,4,11,7,2025-26,Regular Season
22025,1642942,Jahmai Mashack,1610612763,MEM,Memphis Grizzlies,PRRollman,Offensive,0.146,28,0.082,0.824,0.364,0.176,0.176,0.176,0.0,0.412,0.455,17,14,4,11,7,2025-26,Regular Season
22025,1642258,Zaccharie Risacher,1610612737,ATL,Atlanta Hawks,PRRollman,Offensive,0.146,63,0.029,0.824,0.333,0.118,0.059,0.118,0.059,0.353,0.4,17,14,5,15,10,2025-26,Regular Season
22025,1641717,Cason Wallace,1610612760,OKC,Oklahoma City Thunder,PRRollman,Offensive,0.086,70,0.03,0.737,0.313,0.053,0.105,0.053,0.0,0.316,0.406,19,14,5,16,11,2025-26,Regular Season
22025,1628396,Tony Bradley,1610612754,IND,Indiana Pacers,PRRollman,Offensive,0.824,36,0.073,1.3,0.625,0.3,0.1,0.3,0.2,0.6,0.625,10,13,5,8,3,2025-26,Regular Season
22025,1641790,PJ Hall,1610612766,CHA,Charlotte Hornets,PRRollman,Offensive,0.322,12,0.167,1.0,0.444,0.231,0.077,0.231,0.0,0.538,0.444,13,13,4,9,5,2025-26,Regular Season
22025,1629012,Collin Sexton,1610612766,CHA,Charlotte Hornets,PRRollman,Offensive,0.322,39,0.024,1.0,0.5,0.077,0.231,0.077,0.077,0.385,0.6,13,13,5,10,5,2025-26,Regular Season
22025,1642273,Kyshawn George,1610612764,WAS,Washington Wizards,PRRollman,Offensive,0.322,47,0.018,1.0,0.5,0.077,0.154,0.077,0.0,0.385,0.65,13,13,5,10,5,2025-26,Regular Season
22025,1642848,Tre Johnson,1610612764,WAS,Washington Wizards,PRRollman,Offensive,0.237,58,0.019,0.929,0.333,0.071,0.071,0.071,0.0,0.357,0.458,14,13,4,12,8,2025-26,Regular Season
22025,1641710,Anthony Black,1610612753,ORL,Orlando Magic,PRRollman,Offensive,0.237,56,0.016,0.929,0.385,0.071,0.0,0.071,0.0,0.429,0.423,14,13,5,13,8,2025-26,Regular Season
22025,1631218,Trayce Jackson-Davis,1610612744,GSW,Golden State Warriors,PRRollman,Offensive,0.112,35,0.121,0.765,0.385,0.235,0.0,0.235,0.0,0.412,0.385,17,13,5,13,8,2025-26,Regular Season
22025,1631321,Sidy Cissoko,1610612757,POR,Portland Trail Blazers,PRRollman,Offensive,0.045,69,0.048,0.65,0.2,0.2,0.1,0.2,0.05,0.3,0.267,20,13,3,15,12,2025-26,Regular Season
22025,203937,Kyle Anderson,1610612762,UTA,Utah Jazz,PRRollman,Offensive,0.709,20,0.07,1.2,0.6,0.0,0.0,0.0,0.0,0.6,0.6,10,12,6,10,4,2025-26,Regular Season
22025,1631342,Daeqwon Plowden,1610612758,SAC,Sacramento Kings,PRRollman,Offensive,0.709,29,0.035,1.2,0.429,0.2,0.1,0.2,0.0,0.5,0.5,10,12,3,7,4,2025-26,Regular Season
22025,1641854,Craig Porter Jr.,1610612739,CLE,Cleveland Cavaliers,PRRollman,Offensive,0.709,60,0.032,1.2,0.5,0.0,0.0,0.0,0.0,0.5,0.6,10,12,5,10,5,2025-26,Regular Season
22025,1627827,Dorian Finney-Smith,1610612745,HOU,Houston Rockets,PRRollman,Offensive,0.494,36,0.074,1.091,0.444,0.0,0.182,0.0,0.0,0.364,0.667,11,12,4,9,5,2025-26,Regular Season
22025,1626162,Kelly Oubre Jr.,1610612755,PHI,Philadelphia 76ers,PRRollman,Offensive,0.494,46,0.018,1.091,0.455,0.0,0.0,0.0,0.0,0.455,0.545,11,12,5,11,6,2025-26,Regular Season
22025,1628371,Jonathan Isaac,1610612753,ORL,Orlando Magic,PRRollman,Offensive,0.128,48,0.101,0.8,0.308,0.267,0.0,0.267,0.133,0.4,0.308,15,12,4,13,9,2025-26,Regular Season
22025,1630217,Desmond Bane,1610612753,ORL,Orlando Magic,PRRollman,Offensive,0.128,74,0.011,0.8,0.357,0.0,0.067,0.0,0.0,0.333,0.429,15,12,5,14,9,2025-26,Regular Season
22025,1628415,Dillon Brooks,1610612756,PHX,Phoenix Suns,PRRollman,Offensive,0.094,49,0.016,0.75,0.333,0.0,0.063,0.0,0.0,0.313,0.4,16,12,5,15,10,2025-26,Regular Season
22025,1642263,Reed Sheppard,1610612745,HOU,Houston Rockets,PRRollman,Offensive,0.011,75,0.026,0.462,0.2,0.0,0.038,0.0,0.0,0.192,0.24,26,12,5,25,20,2025-26,Regular Season
22025,1642449,Tolu Smith,1610612765,DET,Detroit Pistons,PRRollman,Offensive,0.322,13,0.208,1.0,0.625,0.182,0.091,0.182,0.0,0.545,0.625,11,11,5,8,3,2025-26,Regular Season
22025,202691,Klay Thompson,1610612742,DAL,Dallas Mavericks,PRRollman,Offensive,0.322,63,0.015,1.0,0.444,0.0,0.182,0.0,0.0,0.364,0.611,11,11,4,9,5,2025-26,Regular Season
22025,1628973,Jalen Brunson,1610612752,NYK,New York Knicks,PRRollman,Offensive,0.221,68,0.007,0.917,0.364,0.083,0.0,0.083,0.0,0.417,0.455,12,11,4,11,7,2025-26,Regular Season
22025,1628369,Jayson Tatum,1610612738,BOS,Boston Celtics,PRRollman,Offensive,0.165,14,0.042,0.846,0.364,0.077,0.077,0.077,0.0,0.385,0.409,13,11,4,11,7,2025-26,Regular Season
22025,1631107,Nikola Jović,1610612748,MIA,Miami Heat,PRRollman,Offensive,0.165,46,0.031,0.846,0.4,0.077,0.154,0.077,0.0,0.385,0.45,13,11,4,10,6,2025-26,Regular Season
22025,1630167,Obi Toppin,1610612754,IND,Indiana Pacers,PRRollman,Offensive,0.119,20,0.074,0.786,0.273,0.143,0.071,0.143,0.0,0.357,0.318,14,11,3,11,8,2025-26,Regular Season
22025,1629640,Keldon Johnson,1610612759,SAS,San Antonio Spurs,PRRollman,Offensive,0.022,74,0.023,0.55,0.278,0.0,0.1,0.0,0.0,0.25,0.306,20,11,5,18,13,2025-26,Regular Season
22025,1631106,Tari Eason,1610612745,HOU,Houston Rockets,PRRollman,Offensive,0.154,55,0.019,0.833,0.333,0.0,0.0,0.0,0.0,0.333,0.417,12,10,4,12,8,2025-26,Regular Season
22025,1630170,Devin Vassell,1610612759,SAS,San Antonio Spurs,PRRollman,Offensive,0.154,59,0.016,0.833,0.4,0.083,0.083,0.083,0.0,0.417,0.45,12,10,4,10,6,2025-26,Regular Season
22025,1630183,Jaden McDaniels,1610612750,MIN,Minnesota Timberwolves,PRRollman,Offensive,0.154,68,0.013,0.833,0.375,0.167,0.167,0.167,0.0,0.417,0.375,12,10,3,8,5,2025-26,Regular Season
22025,1641711,Gradey Dick,1610612761,TOR,Toronto Raptors,PRRollman,Offensive,0.049,69,0.035,0.667,0.308,0.067,0.067,0.067,0.0,0.333,0.308,15,10,4,13,9,2025-26,Regular Season
22025,1641716,Jarace Walker,1610612754,IND,Indiana Pacers,PRRollman,Offensive,0.034,70,0.02,0.588,0.308,0.118,0.118,0.059,0.0,0.294,0.346,17,10,4,13,9,2025-26,Regular Season
22025,1642920,Kobe Sanders,1610612746,LAC,LA Clippers,PRRollman,Offensive,0.019,61,0.043,0.526,0.222,0.0,0.053,0.0,0.0,0.211,0.278,19,10,4,18,14,2025-26,Regular Season
22025,203903,Jordan Clarkson,1610612752,NYK,New York Knicks,PRRollman,Offensive,0.206,65,0.018,0.9,0.4,0.0,0.0,0.0,0.0,0.4,0.45,10,9,4,10,6,2025-26,Regular Season
22025,1642264,Stephon Castle,1610612759,SAS,San Antonio Spurs,PRRollman,Offensive,0.206,64,0.009,0.9,0.429,0.2,0.1,0.2,0.0,0.5,0.429,10,9,3,7,4,2025-26,Regular Season
22025,1641775,Jordan Walsh,1610612738,BOS,Boston Celtics,PRRollman,Offensive,0.094,62,0.042,0.75,0.3,0.083,0.083,0.0,0.0,0.333,0.35,12,9,3,10,7,2025-26,Regular Season
22025,1629018,Gary Trent Jr.,1610612749,MIL,Milwaukee Bucks,PRRollman,Offensive,0.094,61,0.024,0.75,0.25,0.0,0.0,0.0,0.0,0.25,0.375,12,9,3,12,9,2025-26,Regular Season
22025,201950,Jrue Holiday,1610612757,POR,Portland Trail Blazers,PRRollman,Offensive,0.026,49,0.019,0.563,0.267,0.0,0.063,0.0,0.0,0.25,0.3,16,9,4,15,11,2025-26,Regular Season
22025,1641738,Kobe Brown,1610612746,LAC,LA Clippers,PRRollman,Offensive,0.128,32,0.099,0.8,0.333,0.2,0.2,0.2,0.0,0.4,0.417,10,8,2,6,4,2025-26,Regular Season
22025,1626204,Larry Nance Jr.,1610612739,CLE,Cleveland Cavaliers,PRRollman,Offensive,0.049,30,0.093,0.667,0.3,0.0,0.167,0.0,0.0,0.25,0.4,12,8,3,10,7,2025-26,Regular Season
22025,1628989,Kevin Huerter,1610612741,CHI,Chicago Bulls,PRRollman,Offensive,0.049,42,0.026,0.667,0.364,0.083,0.083,0.083,0.083,0.333,0.364,12,8,4,11,7,2025-26,Regular Season
22025,1630598,Aaron Wiggins,1610612760,OKC,Oklahoma City Thunder,PRRollman,Offensive,0.049,59,0.02,0.667,0.364,0.0,0.083,0.0,0.0,0.333,0.364,12,8,4,11,7,2025-26,Regular Season
22025,1629656,Quentin Grimes,1610612755,PHI,Philadelphia 76ers,PRRollman,Offensive,0.049,69,0.013,0.667,0.222,0.083,0.167,0.083,0.0,0.25,0.333,12,8,2,9,7,2025-26,Regular Season
22025,1642869,Noah Penda,1610612753,ORL,Orlando Magic,PRRollman,Offensive,0.03,56,0.056,0.571,0.25,0.0,0.143,0.0,0.0,0.214,0.333,14,8,3,12,9,2025-26,Regular Season
22025,1642285,Cam Spencer,1610612763,MEM,Memphis Grizzlies,PRRollman,Offensive,0.041,69,0.015,0.6,0.222,0.0,0.1,0.0,0.0,0.2,0.333,10,6,2,9,7,2025-26,Regular Season
22025,1629001,De'Anthony Melton,1610612744,GSW,Golden State Warriors,PRRollman,Offensive,0.015,45,0.019,0.5,0.333,0.0,0.25,0.0,0.0,0.25,0.333,12,6,3,9,6,2025-26,Regular Season
22025,1629750,Javonte Green,1610612765,DET,Detroit Pistons,PRRollman,Offensive,0.004,76,0.035,0.353,0.125,0.0,0.059,0.0,0.0,0.118,0.188,17,6,2,16,14,2025-26,Regular Season
22025,1630570,Trendon Watford,1610612755,PHI,Philadelphia 76ers,PRRollman,Offensive,0.007,50,0.034,0.417,0.2,0.083,0.083,0.083,0.0,0.25,0.2,12,5,2,10,8,2025-26,Regular Season
22025,1626172,Kevon Looney,1610612740,NOP,New Orleans Pelicans,PRRollman,Offensive,0.0,19,0.188,0.167,0.1,0.0,0.167,0.0,0.0,0.083,0.1,12,2,1,10,9,2025-26,Regular Season
