PLAYER_ID,PLAYER_NAME,TEAM_ID,TEAM_ABBREVIATION,GP,W,L,MIN,DIST_FEET,DIST_MILES,DIST_MILES_OFF,DIST_MILES_DEF,AVG_SPEED,AVG_SPEED_OFF,AVG_SPEED_DEF,SEASON,SEASON_TYPE,PT_MEASURE_TYPE
1630639,A.J. Lawson,1610612761,TOR,19,9,10,182.0,78620,14.9,7.2,7.7,4.62,4.84,4.43,2025-26,Regular Season,SpeedDistance
1631260,AJ Green,1610612749,MIL,73,29,44,2097.0,842283,159.5,87.5,72.0,4.46,4.82,4.09,2025-26,Regular Season,SpeedDistance
1642358,AJ Johnson,1610612742,DAL,44,8,36,386.0,165509,31.3,17.1,14.3,4.55,5.1,4.06,2025-26,Regular Season,SpeedDistance
203932,Aaron Gordon,1610612743,DEN,33,24,9,910.0,324365,61.4,32.9,28.6,3.97,4.16,3.78,2025-26,Regular Season,SpeedDistance
1628988,Aaron Holiday,1610612745,HOU,52,34,18,698.0,254863,48.3,25.7,22.6,4.04,4.13,3.94,2025-26,Regular Season,SpeedDistance
1630174,Aaron Nesmith,1610612754,IND,45,10,35,1335.0,553171,104.8,56.5,48.3,4.51,4.94,4.1,2025-26,Regular Season,SpeedDistance
1630598,Aaron Wiggins,1610612760,OKC,60,47,13,1330.0,564026,106.8,56.7,50.2,4.65,5.07,4.26,2025-26,Regular Season,SpeedDistance
1642846,Ace Bailey,1610612762,UTA,69,18,51,1896.0,726130,137.5,71.2,66.3,4.2,4.32,4.08,2025-26,Regular Season,SpeedDistance
1642380,Adama Bal,1610612763,MEM,4,1,3,102.0,42675,8.1,4.2,3.9,4.4,4.43,4.37,2025-26,Regular Season,SpeedDistance
1641737,Adem Bona,1610612755,PHI,67,39,28,1160.0,475889,90.1,47.3,42.8,4.42,4.64,4.2,2025-26,Regular Season,SpeedDistance
1642876,Adou Thiero,1610612747,LAL,21,12,9,108.0,43973,8.3,4.3,4.0,4.45,4.59,4.32,2025-26,Regular Season,SpeedDistance
1642349,Ajay Mitchell,1610612760,OKC,54,47,7,1408.0,576163,109.1,58.2,50.9,4.57,5.01,4.16,2025-26,Regular Season,SpeedDistance
201143,Al Horford,1610612744,GSW,43,22,21,933.0,348733,66.0,35.8,30.2,4.07,4.27,3.85,2025-26,Regular Season,SpeedDistance
1630828,Alex Antetokounmpo,1610612749,MIL,3,1,2,11.0,4048,0.8,0.4,0.4,3.86,4.06,3.68,2025-26,Regular Season,SpeedDistance
1627936,Alex Caruso,1610612760,OKC,53,44,9,984.0,395659,74.9,38.5,36.4,4.36,4.7,4.05,2025-26,Regular Season,SpeedDistance
1631457,Alex Morales,1610612753,ORL,1,0,1,12.0,4860,0.9,0.4,0.5,4.14,4.11,4.16,2025-26,Regular Season,SpeedDistance
1642259,Alex Sarr,1610612764,WAS,48,11,37,1305.0,509385,96.5,50.9,45.5,4.38,4.72,4.04,2025-26,Regular Season,SpeedDistance
1642918,Alijah Martin,1610612761,TOR,20,9,11,130.0,55740,10.6,5.5,5.1,4.47,4.67,4.27,2025-26,Regular Season,SpeedDistance
1631214,Alondes Williams,1610612764,WAS,4,2,2,101.0,41006,7.8,3.9,3.8,4.34,4.52,4.06,2025-26,Regular Season,SpeedDistance
1630578,Alperen Sengun,1610612745,HOU,68,43,25,2271.0,801956,151.9,81.7,70.2,3.89,3.96,3.81,2025-26,Regular Season,SpeedDistance
1642873,Amari Williams,1610612738,BOS,21,14,7,136.0,51738,9.8,5.5,4.3,4.04,4.11,3.96,2025-26,Regular Season,SpeedDistance
1641708,Amen Thompson,1610612745,HOU,75,46,29,2795.0,1075003,203.6,111.8,91.8,4.22,4.44,3.99,2025-26,Regular Season,SpeedDistance
1629599,Amir Coffey,1610612756,PHX,43,18,25,437.0,164612,31.2,15.8,15.4,4.14,4.17,4.11,2025-26,Regular Season,SpeedDistance
1643158,Andersson Garcia,1610612762,UTA,5,1,4,169.0,69676,13.2,6.7,6.5,4.37,4.54,4.21,2025-26,Regular Season,SpeedDistance
203083,Andre Drummond,1610612755,PHI,58,31,27,1123.0,410381,77.7,39.8,37.9,4.09,4.15,4.03,2025-26,Regular Season,SpeedDistance
1641748,Andre Jackson Jr.,1610612749,MIL,44,11,33,342.0,144379,27.3,15.0,12.3,4.54,4.91,4.16,2025-26,Regular Season,SpeedDistance
1629614,Andrew Nembhard,1610612754,IND,57,13,44,1786.0,699324,132.4,71.9,60.5,4.31,4.77,3.86,2025-26,Regular Season,SpeedDistance
203952,Andrew Wiggins,1610612748,MIA,63,32,31,1934.0,753607,142.7,74.2,68.5,4.32,4.79,3.91,2025-26,Regular Season,SpeedDistance
1629014,Anfernee Simons,1610612741,CHI,55,31,24,1372.0,542697,102.8,55.8,46.9,4.4,4.56,4.22,2025-26,Regular Season,SpeedDistance
1641710,Anthony Black,1610612753,ORL,60,33,27,1841.0,711893,134.8,69.3,65.5,4.29,4.4,4.18,2025-26,Regular Season,SpeedDistance
203076,Anthony Davis,1610612764,WAS,20,10,10,626.0,207482,39.3,20.7,18.5,3.74,3.83,3.63,2025-26,Regular Season,SpeedDistance
1630162,Anthony Edwards,1610612750,MIN,60,36,24,2109.0,762530,144.4,78.5,65.9,4.0,4.32,3.67,2025-26,Regular Season,SpeedDistance
1630264,Anthony Gill,1610612764,WAS,49,6,43,769.0,314293,59.5,31.9,27.6,4.31,4.59,4.02,2025-26,Regular Season,SpeedDistance
1641810,Antonio Reeves,1610612766,CHA,10,4,6,68.0,25185,4.8,2.6,2.1,4.31,4.34,4.09,2025-26,Regular Season,SpeedDistance
1630574,Ariel Hukporti,1610612752,NYK,52,34,18,455.0,185354,35.1,18.3,16.8,4.43,4.48,4.37,2025-26,Regular Season,SpeedDistance
1642854,Asa Newell,1610612737,ATL,42,22,20,453.0,196245,37.2,19.9,17.3,4.77,5.14,4.4,2025-26,Regular Season,SpeedDistance
1641709,Ausar Thompson,1610612765,DET,68,49,19,1769.0,704534,133.4,67.9,65.6,4.37,4.53,4.23,2025-26,Regular Season,SpeedDistance
1630559,Austin Reaves,1610612747,LAL,51,36,15,1762.0,631557,119.6,66.0,53.6,3.99,4.35,3.62,2025-26,Regular Season,SpeedDistance
1630245,Ayo Dosunmu,1610612750,MIN,66,34,32,1787.0,707360,134.0,71.2,62.8,4.35,4.76,3.97,2025-26,Regular Season,SpeedDistance
1628389,Bam Adebayo,1610612748,MIA,68,34,34,2199.0,845171,160.1,83.6,76.5,4.22,4.7,3.8,2025-26,Regular Season,SpeedDistance
1631248,Baylor Scheierman,1610612738,BOS,72,50,22,1309.0,509978,96.6,51.2,45.4,4.22,4.22,4.22,2025-26,Regular Season,SpeedDistance
1642879,Ben Saraf,1610612751,BKN,40,9,31,785.0,319941,60.6,33.1,27.5,4.39,4.73,4.05,2025-26,Regular Season,SpeedDistance
1641767,Ben Sheppard,1610612754,IND,65,16,49,1390.0,590635,111.9,58.7,53.1,4.71,4.96,4.45,2025-26,Regular Season,SpeedDistance
1631097,Bennedict Mathurin,1610612746,LAC,49,19,30,1504.0,589892,111.7,58.9,52.8,4.29,4.57,4.02,2025-26,Regular Season,SpeedDistance
1643016,Bez Mbeng,1610612762,UTA,12,1,11,358.0,153370,29.0,15.0,14.0,4.49,4.81,4.19,2025-26,Regular Season,SpeedDistance
1641731,Bilal Coulibaly,1610612764,WAS,53,14,39,1397.0,563140,106.7,56.2,50.4,4.43,4.7,4.15,2025-26,Regular Season,SpeedDistance
202687,Bismack Biyombo,1610612759,SAS,24,20,4,136.0,50584,9.6,5.3,4.3,4.13,4.23,4.01,2025-26,Regular Season,SpeedDistance
1642396,Blake Hinson,1610612762,UTA,11,3,8,214.0,86521,16.4,8.6,7.8,4.29,4.5,4.08,2025-26,Regular Season,SpeedDistance
1631104,Blake Wesley,1610612757,POR,28,18,10,353.0,150571,28.5,14.8,13.7,4.62,4.83,4.42,2025-26,Regular Season,SpeedDistance
1626171,Bobby Portis,1610612749,MIL,67,26,41,1619.0,616199,116.7,61.5,55.2,4.22,4.43,4.01,2025-26,Regular Season,SpeedDistance
1641752,Bobi Klintman,1610612765,DET,12,8,4,71.0,29748,5.6,2.9,2.8,4.73,5.0,4.63,2025-26,Regular Season,SpeedDistance
203992,Bogdan Bogdanović,1610612746,LAC,21,6,15,429.0,158312,30.0,16.2,13.8,4.18,4.52,3.85,2025-26,Regular Season,SpeedDistance
1630538,Bones Hyland,1610612750,MIN,68,41,27,1105.0,448591,85.0,45.3,39.6,4.39,4.7,4.07,2025-26,Regular Season,SpeedDistance
203078,Bradley Beal,1610612746,LAC,6,2,4,121.0,43718,8.3,4.4,3.9,4.4,4.45,4.34,2025-26,Regular Season,SpeedDistance
1642382,Branden Carlson,1610612760,OKC,38,30,8,393.0,155034,29.4,15.4,14.0,4.4,4.67,4.14,2025-26,Regular Season,SpeedDistance
1641764,Brandin Podziemski,1610612744,GSW,77,36,41,2189.0,877535,166.2,92.8,73.4,4.39,4.69,4.06,2025-26,Regular Season,SpeedDistance
1629634,Brandon Clarke,1610612763,MEM,2,1,1,20.0,8014,1.5,0.7,0.8,4.18,4.12,4.24,2025-26,Regular Season,SpeedDistance
1627742,Brandon Ingram,1610612761,TOR,72,40,32,2437.0,879313,166.5,87.4,79.1,3.99,4.27,3.73,2025-26,Regular Season,SpeedDistance
1641706,Brandon Miller,1610612766,CHA,61,39,22,1842.0,726265,137.6,77.3,60.3,4.25,4.58,3.89,2025-26,Regular Season,SpeedDistance
1630314,Brandon Williams,1610612742,DAL,65,22,43,1438.0,598394,113.3,61.4,52.0,4.56,4.98,4.16,2025-26,Regular Season,SpeedDistance
1641729,Brice Sensabaugh,1610612762,UTA,72,18,54,1679.0,652402,123.6,65.2,58.4,4.21,4.46,3.96,2025-26,Regular Season,SpeedDistance
1642355,Bronny James,1610612747,LAL,37,21,16,292.0,111005,21.0,11.7,9.3,4.17,4.43,3.88,2025-26,Regular Season,SpeedDistance
201572,Brook Lopez,1610612746,LAC,70,38,32,1502.0,536892,101.7,52.1,49.6,3.87,3.92,3.82,2025-26,Regular Season,SpeedDistance
1642964,Brooks Barnhizer,1610612760,OKC,37,28,9,283.0,116898,22.1,11.5,10.7,4.57,4.76,4.42,2025-26,Regular Season,SpeedDistance
1628971,Bruce Brown,1610612743,DEN,77,49,28,1883.0,697134,132.0,70.6,61.4,4.04,4.24,3.83,2025-26,Regular Season,SpeedDistance
1631121,Bryce McGowens,1610612740,NOP,42,14,28,880.0,361629,68.5,36.1,32.4,4.51,4.78,4.26,2025-26,Regular Season,SpeedDistance
1642267,Bub Carrington,1610612764,WAS,76,17,59,2100.0,835138,158.2,85.0,73.2,4.4,4.74,4.05,2025-26,Regular Season,SpeedDistance
1631205,Buddy Boeheim,1610612760,OKC,4,2,2,15.0,6131,1.2,0.6,0.6,4.52,4.56,4.49,2025-26,Regular Season,SpeedDistance
1627741,Buddy Hield,1610612737,ATL,50,25,25,798.0,341801,64.7,35.2,29.5,4.84,5.06,4.6,2025-26,Regular Season,SpeedDistance
1643047,CJ Huntley,1610612756,PHX,2,2,0,7.0,2757,0.5,0.3,0.2,3.78,3.84,3.7,2025-26,Regular Season,SpeedDistance
203468,CJ McCollum,1610612737,ATL,73,36,37,2173.0,896704,169.8,93.6,76.3,4.57,5.1,4.06,2025-26,Regular Season,SpeedDistance
1630595,Cade Cunningham,1610612765,DET,61,44,17,2096.0,799431,151.4,84.6,66.9,4.29,4.87,3.73,2025-26,Regular Season,SpeedDistance
1631216,Caleb Houstan,1610612737,ATL,18,12,6,75.0,30156,5.7,3.2,2.5,4.37,4.72,3.99,2025-26,Regular Season,SpeedDistance
1631126,Caleb Love,1610612757,POR,47,23,24,1009.0,400037,75.8,40.2,35.6,4.36,4.59,4.13,2025-26,Regular Season,SpeedDistance
1628997,Caleb Martin,1610612742,DAL,58,20,38,856.0,359414,68.1,36.1,31.9,4.55,4.91,4.19,2025-26,Regular Season,SpeedDistance
1642353,Cam Christie,1610612746,LAC,51,24,27,461.0,186552,35.3,18.5,16.8,4.46,4.66,4.26,2025-26,Regular Season,SpeedDistance
1642285,Cam Spencer,1610612763,MEM,71,23,48,1694.0,689764,130.6,71.3,59.3,4.48,4.94,4.03,2025-26,Regular Season,SpeedDistance
1630560,Cam Thomas,1610612749,MIL,42,12,30,881.0,346015,65.5,36.3,29.2,4.28,4.58,3.97,2025-26,Regular Season,SpeedDistance
1641715,Cam Whitmore,1610612764,WAS,21,3,18,354.0,128954,24.4,13.0,11.5,4.34,4.73,4.01,2025-26,Regular Season,SpeedDistance
1629661,Cameron Johnson,1610612743,DEN,51,34,17,1541.0,576653,109.2,59.0,50.2,4.21,4.52,3.89,2025-26,Regular Season,SpeedDistance
1626166,Cameron Payne,1610612755,PHI,21,12,9,366.0,150874,28.6,15.9,12.7,4.34,4.75,3.92,2025-26,Regular Season,SpeedDistance
1627747,Caris LeVert,1610612765,DET,56,40,16,1085.0,420618,79.7,43.0,36.6,4.31,4.66,3.95,2025-26,Regular Season,SpeedDistance
1642868,Carter Bryant,1610612759,SAS,66,53,13,720.0,292119,55.3,27.2,28.1,4.48,4.5,4.46,2025-26,Regular Season,SpeedDistance
1641717,Cason Wallace,1610612760,OKC,74,58,16,1980.0,789143,149.5,76.7,72.8,4.42,4.63,4.23,2025-26,Regular Season,SpeedDistance
1642907,Cedric Coward,1610612763,MEM,60,20,40,1559.0,633252,119.9,62.6,57.4,4.53,4.84,4.24,2025-26,Regular Season,SpeedDistance
1643052,Chaney Johnson,1610612751,BKN,14,2,12,282.0,115976,22.0,11.2,10.8,4.31,4.52,4.12,2025-26,Regular Season,SpeedDistance
1629646,Charles Bassey,1610612738,BOS,8,3,5,52.0,20228,3.8,2.0,1.8,4.32,4.57,4.08,2025-26,Regular Season,SpeedDistance
1642404,Chaz Lanier,1610612765,DET,29,24,5,230.0,91548,17.3,9.3,8.0,4.43,4.58,4.27,2025-26,Regular Season,SpeedDistance
1631096,Chet Holmgren,1610612760,OKC,66,53,13,1922.0,741281,140.4,74.7,65.7,4.27,4.62,3.92,2025-26,Regular Season,SpeedDistance
1628449,Chris Boucher,1610612738,BOS,9,4,5,94.0,33926,6.4,3.2,3.2,4.27,4.29,4.24,2025-26,Regular Season,SpeedDistance
1641753,Chris Livingston,1610612739,CLE,3,2,1,17.0,6678,1.3,0.7,0.6,4.67,4.81,4.52,2025-26,Regular Season,SpeedDistance
1643024,Chris Mañon,1610612747,LAL,6,2,4,25.0,9845,1.9,0.9,1.0,4.16,4.13,4.18,2025-26,Regular Season,SpeedDistance
101108,Chris Paul,1610612746,LAC,16,4,12,228.0,74409,14.1,7.8,6.3,3.93,4.07,3.77,2025-26,Regular Season,SpeedDistance
1642959,Chris Youngblood,1610612757,POR,33,28,5,183.0,73042,13.8,7.4,6.4,4.45,4.72,4.18,2025-26,Regular Season,SpeedDistance
1631128,Christian Braun,1610612743,DEN,41,26,15,1294.0,510218,96.6,50.5,46.1,4.32,4.51,4.13,2025-26,Regular Season,SpeedDistance
1631132,Christian Koloko,1610612737,ATL,26,16,10,335.0,139047,26.3,13.5,12.8,4.4,4.63,4.19,2025-26,Regular Season,SpeedDistance
1642935,Chucky Hepburn,1610612761,TOR,2,0,2,13.0,5455,1.0,0.5,0.5,4.85,5.36,4.43,2025-26,Regular Season,SpeedDistance
203991,Clint Capela,1610612745,HOU,70,43,27,868.0,319939,60.6,32.5,28.1,4.05,4.15,3.94,2025-26,Regular Season,SpeedDistance
1629632,Coby White,1610612766,CHA,47,27,20,1198.0,462875,87.7,48.5,39.2,4.21,4.65,3.77,2025-26,Regular Season,SpeedDistance
1628998,Cody Martin,1610612754,IND,4,0,4,55.0,21586,4.1,2.1,2.0,4.67,5.2,4.21,2025-26,Regular Season,SpeedDistance
1642262,Cody Williams,1610612762,UTA,63,15,48,1487.0,635429,120.3,63.3,57.0,4.6,4.88,4.32,2025-26,Regular Season,SpeedDistance
1641732,Colby Jones,1610612765,DET,1,0,1,7.0,2799,0.5,0.2,0.3,4.51,4.58,4.46,2025-26,Regular Season,SpeedDistance
1630175,Cole Anthony,1610612749,MIL,35,12,23,527.0,208230,39.4,21.4,18.1,4.55,4.94,4.19,2025-26,Regular Season,SpeedDistance
1630658,Colin Castleton,1610612753,ORL,1,0,1,10.0,3753,0.7,0.3,0.4,3.75,3.71,3.78,2025-26,Regular Season,SpeedDistance
1631221,Collin Gillespie,1610612756,PHX,76,41,35,2191.0,917299,173.7,93.6,80.2,4.61,4.92,4.31,2025-26,Regular Season,SpeedDistance
1642867,Collin Murray-Boyles,1610612761,TOR,53,28,25,1164.0,473435,89.7,45.2,44.5,4.45,4.68,4.24,2025-26,Regular Season,SpeedDistance
1629012,Collin Sexton,1610612741,CHI,63,23,40,1463.0,581921,110.2,59.9,50.3,4.38,4.72,4.02,2025-26,Regular Season,SpeedDistance
1642843,Cooper Flagg,1610612742,DAL,65,20,45,2197.0,856389,162.2,90.3,71.9,4.33,4.77,3.88,2025-26,Regular Season,SpeedDistance
1630557,Corey Kispert,1610612737,ATL,55,26,29,1035.0,434546,82.3,44.7,37.6,4.66,5.23,4.13,2025-26,Regular Season,SpeedDistance
1642504,Cormac Ryan,1610612749,MIL,6,0,6,111.0,43282,8.2,4.3,3.9,4.13,4.58,3.73,2025-26,Regular Season,SpeedDistance
1641854,Craig Porter Jr.,1610612739,CLE,60,40,20,1054.0,437947,82.9,42.1,40.8,4.57,4.8,4.35,2025-26,Regular Season,SpeedDistance
1642938,Curtis Jones,1610612743,DEN,7,5,2,33.0,14028,2.7,1.5,1.2,4.72,5.11,4.31,2025-26,Regular Season,SpeedDistance
1626156,D'Angelo Russell,1610612764,WAS,26,9,17,495.0,185610,35.2,19.2,16.0,4.37,4.82,3.92,2025-26,Regular Season,SpeedDistance
1629610,DaQuan Jeffries,1610612758,SAC,3,0,3,60.0,24094,4.6,2.4,2.1,4.28,4.42,3.94,2025-26,Regular Season,SpeedDistance
1641747,DaRon Holmes II,1610612743,DEN,22,14,8,200.0,77122,14.6,7.8,6.8,4.11,4.29,3.93,2025-26,Regular Season,SpeedDistance
1631342,Daeqwon Plowden,1610612758,SAC,28,8,20,723.0,306287,58.0,31.4,26.6,4.52,4.81,4.21,2025-26,Regular Season,SpeedDistance
1630625,Dalano Banton,1610612738,BOS,5,3,2,25.0,9929,1.9,1.0,0.9,4.12,4.51,3.75,2025-26,Regular Season,SpeedDistance
1631207,Dalen Terry,1610612755,PHI,47,21,26,547.0,238199,45.1,23.7,21.4,4.77,5.16,4.39,2025-26,Regular Season,SpeedDistance
1642261,Dalton Knecht,1610612747,LAL,50,31,19,515.0,187892,35.6,19.9,15.7,4.11,4.4,3.79,2025-26,Regular Season,SpeedDistance
1629655,Daniel Gafford,1610612742,DAL,54,11,43,1175.0,469686,89.0,45.8,43.1,4.4,4.54,4.25,2025-26,Regular Season,SpeedDistance
1642450,Daniss Jenkins,1610612765,DET,67,50,17,1333.0,551850,104.5,56.3,48.2,4.51,4.78,4.23,2025-26,Regular Season,SpeedDistance
1642874,Danny Wolf,1610612751,BKN,57,14,43,1187.0,484169,91.7,49.8,41.9,4.39,4.78,4.01,2025-26,Regular Season,SpeedDistance
203967,Dario Saric,1610612758,SAC,5,1,4,41.0,15495,2.9,1.5,1.5,4.23,4.62,4.16,2025-26,Regular Season,SpeedDistance
1641727,Dariq Whitehead,1610612763,MEM,1,0,1,22.0,8582,1.6,0.9,0.7,3.96,4.15,3.74,2025-26,Regular Season,SpeedDistance
1642468,Darius Brown,1610612739,CLE,1,1,0,3.0,1177,0.2,0.1,0.1,4.23,3.95,4.56,2025-26,Regular Season,SpeedDistance
1629636,Darius Garland,1610612746,LAC,41,23,18,1224.0,470682,89.1,47.7,41.4,4.22,4.66,3.8,2025-26,Regular Season,SpeedDistance
1642357,David Jones Garcia,1610612759,SAS,11,7,4,68.0,28600,5.4,2.7,2.7,4.84,4.89,4.79,2025-26,Regular Season,SpeedDistance
1631223,David Roddy,1610612743,DEN,3,2,1,14.0,5888,1.1,0.6,0.5,4.38,4.27,4.51,2025-26,Regular Season,SpeedDistance
1630558,Davion Mitchell,1610612748,MIA,66,35,31,1888.0,748803,141.8,74.0,67.8,4.43,4.96,3.97,2025-26,Regular Season,SpeedDistance
1630549,Day'Ron Sharpe,1610612751,BKN,62,17,45,1160.0,465938,88.2,46.0,42.2,4.39,4.51,4.27,2025-26,Regular Season,SpeedDistance
1628368,De'Aaron Fox,1610612759,SAS,67,52,15,2069.0,798292,151.2,78.9,72.3,4.29,4.64,3.96,2025-26,Regular Season,SpeedDistance
1629631,De'Andre Hunter,1610612758,SAC,45,24,21,1175.0,433521,82.1,43.9,38.2,4.15,4.6,3.73,2025-26,Regular Season,SpeedDistance
1629001,De'Anthony Melton,1610612744,GSW,44,21,23,1012.0,424673,80.4,44.6,35.8,4.45,4.87,4.03,2025-26,Regular Season,SpeedDistance
201599,DeAndre Jordan,1610612740,NOP,12,6,6,199.0,66040,12.5,6.6,5.9,3.55,3.7,3.39,2025-26,Regular Season,SpeedDistance
1630610,DeJon Jarreau,1610612763,MEM,11,2,9,231.0,97942,18.5,9.6,9.0,4.49,4.74,4.29,2025-26,Regular Season,SpeedDistance
201942,DeMar DeRozan,1610612758,SAC,76,20,56,2395.0,867203,164.2,89.1,75.2,4.0,4.26,3.75,2025-26,Regular Season,SpeedDistance
1629731,Dean Wade,1610612739,CLE,57,35,22,1279.0,521329,98.7,50.5,48.2,4.53,4.79,4.28,2025-26,Regular Season,SpeedDistance
1629028,Deandre Ayton,1610612747,LAL,67,43,24,1830.0,653902,123.8,63.8,60.0,3.97,4.03,3.9,2025-26,Regular Season,SpeedDistance
1627749,Dejounte Murray,1610612740,NOP,14,5,9,389.0,153951,29.2,15.2,14.0,4.19,4.45,3.95,2025-26,Regular Season,SpeedDistance
1630166,Deni Avdija,1610612757,POR,62,33,29,2054.0,784882,148.7,80.8,67.8,4.24,4.7,3.8,2025-26,Regular Season,SpeedDistance
203471,Dennis Schröder,1610612739,CLE,66,26,40,1617.0,646871,122.5,64.7,57.8,4.37,4.7,4.06,2025-26,Regular Season,SpeedDistance
1641726,Dereck Lively II,1610612742,DAL,7,3,4,115.0,44559,8.4,4.6,3.9,4.55,4.95,4.25,2025-26,Regular Season,SpeedDistance
1642852,Derik Queen,1610612740,NOP,77,25,52,1888.0,677288,128.3,67.7,60.6,3.95,4.22,3.69,2025-26,Regular Season,SpeedDistance
1627884,Derrick Jones Jr.,1610612746,LAC,45,23,22,1226.0,479977,90.9,47.3,43.6,4.27,4.35,4.19,2025-26,Regular Season,SpeedDistance
1628401,Derrick White,1610612738,BOS,73,49,24,2500.0,950345,180.0,101.8,78.2,4.19,4.52,3.83,2025-26,Regular Season,SpeedDistance
1630217,Desmond Bane,1610612753,ORL,77,41,36,2625.0,1022441,193.6,103.2,90.4,4.28,4.57,3.99,2025-26,Regular Season,SpeedDistance
1626164,Devin Booker,1610612756,PHX,61,35,26,2035.0,744064,140.9,78.1,62.8,4.03,4.46,3.61,2025-26,Regular Season,SpeedDistance
1642269,Devin Carter,1610612758,SAC,34,7,27,574.0,237194,44.9,24.3,20.7,4.44,4.74,4.15,2025-26,Regular Season,SpeedDistance
1630170,Devin Vassell,1610612759,SAS,62,49,13,1883.0,729365,138.1,73.1,65.0,4.41,4.82,4.02,2025-26,Regular Season,SpeedDistance
1628415,Dillon Brooks,1610612756,PHX,52,30,22,1581.0,586966,111.2,56.9,54.3,4.1,4.28,3.93,2025-26,Regular Season,SpeedDistance
1641794,Dillon Jones,1610612752,NYK,6,5,1,27.0,11564,2.2,1.2,1.0,4.45,4.47,4.43,2025-26,Regular Season,SpeedDistance
1627734,Domantas Sabonis,1610612758,SAC,19,3,16,564.0,215372,40.8,21.6,19.2,4.37,4.54,4.19,2025-26,Regular Season,SpeedDistance
1631230,Dominick Barlow,1610612755,PHI,66,38,28,1581.0,661136,125.2,65.8,59.4,4.6,4.79,4.41,2025-26,Regular Season,SpeedDistance
1642270,Donovan Clingan,1610612757,POR,73,39,34,1983.0,740486,140.2,74.5,65.8,4.12,4.39,3.85,2025-26,Regular Season,SpeedDistance
1628378,Donovan Mitchell,1610612739,CLE,68,43,25,2275.0,851049,161.2,88.7,72.5,4.13,4.75,3.55,2025-26,Regular Season,SpeedDistance
1628978,Donte DiVincenzo,1610612750,MIN,77,46,31,2379.0,928558,175.9,93.1,82.8,4.34,4.64,4.05,2025-26,Regular Season,SpeedDistance
1627827,Dorian Finney-Smith,1610612745,HOU,36,22,14,599.0,229779,43.5,23.4,20.1,4.05,4.17,3.92,2025-26,Regular Season,SpeedDistance
203926,Doug McDermott,1610612758,SAC,25,7,18,360.0,145342,27.5,15.3,12.3,4.3,4.67,3.94,2025-26,Regular Season,SpeedDistance
1642962,Drake Powell,1610612751,BKN,59,14,45,1204.0,488064,92.4,48.5,43.9,4.41,4.66,4.16,2025-26,Regular Season,SpeedDistance
203110,Draymond Green,1610612744,GSW,64,30,34,1762.0,622913,118.0,63.6,54.4,3.9,4.16,3.64,2025-26,Regular Season,SpeedDistance
1629234,Drew Eubanks,1610612758,SAC,42,10,32,552.0,215194,40.8,21.3,19.4,4.46,4.75,4.17,2025-26,Regular Season,SpeedDistance
1641809,Drew Peterson,1610612766,CHA,6,1,5,64.0,23728,4.5,2.4,2.1,4.34,4.62,4.07,2025-26,Regular Season,SpeedDistance
1631166,Drew Timme,1610612747,LAL,23,15,8,186.0,74511,14.1,7.5,6.6,4.24,4.37,4.1,2025-26,Regular Season,SpeedDistance
1630696,Dru Smith,1610612748,MIA,69,37,32,1129.0,474894,89.9,46.9,43.1,4.64,5.12,4.23,2025-26,Regular Season,SpeedDistance
1629130,Duncan Robinson,1610612765,DET,73,54,19,2018.0,817408,154.8,83.1,71.7,4.52,4.85,4.18,2025-26,Regular Season,SpeedDistance
1641871,Duop Reath,1610612757,POR,32,16,16,258.0,98823,18.7,9.8,8.9,4.37,4.54,4.21,2025-26,Regular Season,SpeedDistance
203939,Dwight Powell,1610612742,DAL,58,17,41,813.0,334720,63.4,33.3,30.1,4.52,4.78,4.26,2025-26,Regular Season,SpeedDistance
1642928,Dylan Cardwell,1610612758,SAC,40,12,28,809.0,315193,59.7,31.8,27.9,4.11,4.29,3.93,2025-26,Regular Season,SpeedDistance
1642844,Dylan Harper,1610612759,SAS,64,50,14,1433.0,570911,108.1,56.5,51.6,4.39,4.65,4.14,2025-26,Regular Season,SpeedDistance
1630700,Dyson Daniels,1610612737,ATL,73,43,30,2419.0,980738,185.7,96.4,89.4,4.5,4.92,4.13,2025-26,Regular Season,SpeedDistance
1630604,E.J. Liddell,1610612751,BKN,21,3,18,203.0,79584,15.1,8.0,7.0,4.18,4.59,3.76,2025-26,Regular Season,SpeedDistance
1642856,Egor Dëmin,1610612751,BKN,52,14,38,1308.0,543770,103.0,58.1,44.9,4.63,5.18,4.07,2025-26,Regular Season,SpeedDistance
1641989,Elijah Harkless,1610612762,UTA,26,5,21,545.0,212077,40.2,20.5,19.7,4.15,4.36,3.96,2025-26,Regular Season,SpeedDistance
1641801,Emanuel Miller,1610612759,SAS,5,0,5,33.0,12758,2.4,1.3,1.1,4.48,4.8,4.16,2025-26,Regular Season,SpeedDistance
1642402,Enrique Freeman,1610612750,MIN,2,1,1,8.0,3438,0.7,0.3,0.3,4.78,4.16,4.04,2025-26,Regular Season,SpeedDistance
201569,Eric Gordon,1610612755,PHI,6,3,3,74.0,24642,4.7,2.5,2.1,3.85,3.99,3.54,2025-26,Regular Season,SpeedDistance
1630679,Ethan Thompson,1610612754,IND,27,7,20,488.0,211894,40.1,21.8,18.3,4.74,5.3,4.21,2025-26,Regular Season,SpeedDistance
1630596,Evan Mobley,1610612739,CLE,62,38,24,1991.0,768143,145.5,76.6,68.9,4.3,4.76,3.88,2025-26,Regular Season,SpeedDistance
1630532,Franz Wagner,1610612753,ORL,30,17,13,928.0,366696,69.5,37.1,32.3,4.59,4.98,4.2,2025-26,Regular Season,SpeedDistance
1641713,GG Jackson,1610612763,MEM,54,16,38,1160.0,477515,90.4,46.4,44.1,4.4,4.64,4.17,2025-26,Regular Season,SpeedDistance
1629216,Gabe Vincent,1610612737,ATL,50,35,15,840.0,327423,62.0,33.3,28.7,4.28,4.59,3.97,2025-26,Regular Season,SpeedDistance
202066,Garrett Temple,1610612761,TOR,21,9,12,69.0,26722,5.1,2.7,2.4,4.07,4.61,3.59,2025-26,Regular Season,SpeedDistance
1629726,Garrison Mathews,1610612754,IND,15,4,11,196.0,78356,14.8,8.1,6.7,4.58,5.05,4.11,2025-26,Regular Season,SpeedDistance
203914,Gary Harris,1610612749,MIL,46,15,31,632.0,248077,47.0,24.4,22.6,4.37,4.49,4.24,2025-26,Regular Season,SpeedDistance
1627780,Gary Payton II,1610612744,GSW,68,32,36,1051.0,461454,87.4,46.1,41.3,4.79,5.01,4.58,2025-26,Regular Season,SpeedDistance
1629018,Gary Trent Jr.,1610612749,MIL,64,24,40,1358.0,481232,91.1,46.7,44.4,3.99,4.04,3.93,2025-26,Regular Season,SpeedDistance
203507,Giannis Antetokounmpo,1610612749,MIL,36,17,19,1039.0,369949,70.1,38.1,31.9,3.99,4.38,3.59,2025-26,Regular Season,SpeedDistance
1629048,Goga Bitadze,1610612753,ORL,59,30,29,877.0,339361,64.3,33.7,30.6,4.3,4.48,4.12,2025-26,Regular Season,SpeedDistance
1641711,Gradey Dick,1610612761,TOR,71,40,31,1042.0,429269,81.3,40.9,40.4,4.52,4.68,4.37,2025-26,Regular Season,SpeedDistance
1641761,Grant Nelson,1610612751,BKN,4,0,4,35.0,14735,2.8,1.3,1.4,4.34,4.31,4.07,2025-26,Regular Season,SpeedDistance
1629684,Grant Williams,1610612766,CHA,32,23,9,624.0,238452,45.2,24.8,20.4,4.02,4.15,3.87,2025-26,Regular Season,SpeedDistance
1628960,Grayson Allen,1610612756,PHX,48,25,23,1413.0,553382,104.8,58.0,46.8,4.31,4.78,3.85,2025-26,Regular Season,SpeedDistance
1627824,Guerschon Yabusele,1610612741,CHI,64,30,34,932.0,372474,70.5,37.7,32.8,4.36,4.61,4.11,2025-26,Regular Season,SpeedDistance
1630611,Gui Santos,1610612744,GSW,65,29,36,1320.0,555448,105.2,57.8,47.4,4.5,4.78,4.2,2025-26,Regular Season,SpeedDistance
203084,Harrison Barnes,1610612759,SAS,72,54,18,1873.0,735876,139.4,72.5,66.9,4.39,4.65,4.14,2025-26,Regular Season,SpeedDistance
1631127,Harrison Ingram,1610612759,SAS,6,5,1,20.0,8024,1.5,0.9,0.7,4.05,4.51,4.11,2025-26,Regular Season,SpeedDistance
1629312,Haywood Highsmith,1610612756,PHX,6,3,3,80.0,33851,6.4,3.4,3.0,4.41,4.65,4.16,2025-26,Regular Season,SpeedDistance
1630529,Herbert Jones,1610612740,NOP,55,22,33,1580.0,613364,116.2,60.1,56.0,4.27,4.48,4.06,2025-26,Regular Season,SpeedDistance
1642864,Hugo González,1610612738,BOS,72,49,23,1057.0,444080,84.1,43.4,40.7,4.56,4.51,4.6,2025-26,Regular Season,SpeedDistance
1630621,Hunter Dickinson,1610612740,NOP,1,0,1,5.0,1703,0.3,0.2,0.1,3.8,4.39,3.0,2025-26,Regular Season,SpeedDistance
1642282,Hunter Sallis,1610612755,PHI,7,3,4,26.0,10574,2.0,1.1,0.9,4.74,5.04,4.42,2025-26,Regular Season,SpeedDistance
1641816,Hunter Tyson,1610612743,DEN,21,15,6,162.0,67201,12.7,6.9,5.8,4.49,4.76,4.2,2025-26,Regular Season,SpeedDistance
1630193,Immanuel Quickley,1610612761,TOR,67,38,29,2174.0,877563,166.2,88.8,77.4,4.46,4.89,4.05,2025-26,Regular Season,SpeedDistance
1642403,Isaac Jones,1610612765,DET,6,4,2,26.0,9803,1.9,0.9,0.9,4.27,4.05,4.04,2025-26,Regular Season,SpeedDistance
1630171,Isaac Okoro,1610612741,CHI,61,25,36,1642.0,678404,128.5,66.3,62.2,4.53,4.79,4.29,2025-26,Regular Season,SpeedDistance
1642268,Isaiah Collier,1610612762,UTA,59,16,43,1517.0,590133,111.8,62.5,49.2,4.21,4.65,3.75,2025-26,Regular Season,SpeedDistance
1642384,Isaiah Crawford,1610612745,HOU,13,7,6,76.0,30061,5.7,2.9,2.8,4.17,4.18,4.16,2025-26,Regular Season,SpeedDistance
1628392,Isaiah Hartenstein,1610612760,OKC,44,36,8,1089.0,432354,81.9,43.8,38.1,4.49,4.8,4.18,2025-26,Regular Season,SpeedDistance
1630543,Isaiah Jackson,1610612746,LAC,55,20,35,908.0,357307,67.7,35.2,32.5,4.41,4.65,4.17,2025-26,Regular Season,SpeedDistance
1630198,Isaiah Joe,1610612760,OKC,68,53,15,1452.0,597625,113.2,60.4,52.8,4.49,4.85,4.14,2025-26,Regular Season,SpeedDistance
1630587,Isaiah Livers,1610612756,PHX,36,21,15,347.0,139266,26.4,13.7,12.6,4.46,4.57,4.31,2025-26,Regular Season,SpeedDistance
1641815,Isaiah Stevens,1610612758,SAC,3,0,3,43.0,17365,3.3,1.7,1.6,4.32,4.47,4.16,2025-26,Regular Season,SpeedDistance
1630191,Isaiah Stewart,1610612765,DET,55,39,16,1273.0,459342,87.0,44.6,42.4,4.06,4.13,3.99,2025-26,Regular Season,SpeedDistance
1627826,Ivica Zubac,1610612754,IND,48,17,31,1447.0,519462,98.4,52.4,46.0,4.08,4.18,3.97,2025-26,Regular Season,SpeedDistance
1631120,JD Davison,1610612745,HOU,27,22,5,192.0,74755,14.2,7.7,6.5,4.23,4.32,4.13,2025-26,Regular Season,SpeedDistance
1629630,Ja Morant,1610612763,MEM,20,7,13,568.0,213834,40.5,21.7,18.8,4.28,4.71,3.87,2025-26,Regular Season,SpeedDistance
1642266,Ja'Kobe Walter,1610612761,TOR,67,38,29,1337.0,567664,107.5,54.3,53.2,4.63,4.83,4.44,2025-26,Regular Season,SpeedDistance
1631095,Jabari Smith Jr.,1610612745,HOU,73,45,28,2561.0,945913,179.2,95.9,83.3,4.05,4.13,3.96,2025-26,Regular Season,SpeedDistance
1631133,Jabari Walker,1610612755,PHI,61,35,26,745.0,283153,53.6,28.2,25.4,4.19,4.3,4.08,2025-26,Regular Season,SpeedDistance
1631210,Jacob Toppin,1610612737,ATL,5,3,2,17.0,6542,1.2,0.7,0.5,4.28,4.87,3.65,2025-26,Regular Season,SpeedDistance
1630702,Jaden Hardy,1610612764,WAS,54,13,41,843.0,337257,63.9,34.1,29.8,4.34,4.68,4.0,2025-26,Regular Season,SpeedDistance
1631093,Jaden Ivey,1610612741,CHI,37,23,14,670.0,267547,50.7,27.1,23.5,4.32,4.67,3.96,2025-26,Regular Season,SpeedDistance
1630183,Jaden McDaniels,1610612750,MIN,71,43,28,2262.0,889452,168.5,86.5,82.0,4.38,4.58,4.18,2025-26,Regular Season,SpeedDistance
1630256,Jae'Sean Tate,1610612745,HOU,42,30,12,353.0,138416,26.2,14.0,12.2,4.28,4.4,4.15,2025-26,Regular Season,SpeedDistance
1642942,Jahmai Mashack,1610612763,MEM,28,10,18,554.0,235076,44.5,22.9,21.6,4.48,4.63,4.33,2025-26,Regular Season,SpeedDistance
1642443,Jahmir Young,1610612748,MIA,11,8,3,51.0,20984,4.0,2.2,1.8,4.62,5.43,3.91,2025-26,Regular Season,SpeedDistance
1643141,Jahmyl Telfort,1610612746,LAC,8,2,6,32.0,12095,2.3,1.1,1.1,4.28,4.41,3.82,2025-26,Regular Season,SpeedDistance
1631170,Jaime Jaquez Jr.,1610612748,MIA,70,38,32,1977.0,851274,161.2,86.5,74.7,4.74,5.43,4.14,2025-26,Regular Season,SpeedDistance
1631222,Jake LaRavia,1610612747,LAL,77,50,27,1920.0,787313,149.1,80.2,68.9,4.48,4.74,4.21,2025-26,Regular Season,SpeedDistance
1627751,Jakob Poeltl,1610612761,TOR,41,23,18,1047.0,418594,79.3,41.1,38.2,4.5,4.76,4.25,2025-26,Regular Season,SpeedDistance
1628973,Jalen Brunson,1610612752,NYK,71,47,24,2482.0,966224,183.0,104.9,78.1,4.28,4.74,3.79,2025-26,Regular Season,SpeedDistance
1631105,Jalen Duren,1610612765,DET,66,47,19,1864.0,703063,133.2,68.4,64.7,4.17,4.34,4.0,2025-26,Regular Season,SpeedDistance
1630224,Jalen Green,1610612756,PHX,29,15,14,757.0,319982,60.6,33.8,26.8,4.52,4.89,4.13,2025-26,Regular Season,SpeedDistance
1630552,Jalen Johnson,1610612737,ATL,69,41,28,2432.0,951876,180.3,97.0,83.3,4.32,4.85,3.84,2025-26,Regular Season,SpeedDistance
1629618,Jalen Pickett,1610612743,DEN,47,31,16,741.0,286525,54.3,30.2,24.1,4.17,4.44,3.87,2025-26,Regular Season,SpeedDistance
1641771,Jalen Slawson,1610612754,IND,8,2,6,172.0,71333,13.5,7.1,6.4,4.39,4.77,4.03,2025-26,Regular Season,SpeedDistance
1630188,Jalen Smith,1610612741,CHI,53,26,27,1095.0,439251,83.2,44.4,38.8,4.43,4.83,4.05,2025-26,Regular Season,SpeedDistance
1630591,Jalen Suggs,1610612753,ORL,52,30,22,1423.0,551153,104.4,56.7,47.7,4.26,4.64,3.88,2025-26,Regular Season,SpeedDistance
1631114,Jalen Williams,1610612760,OKC,31,23,8,878.0,354037,67.1,36.0,31.1,4.42,4.95,3.94,2025-26,Regular Season,SpeedDistance
1630592,Jalen Wilson,1610612751,BKN,49,8,41,716.0,291750,55.3,29.8,25.4,4.45,4.69,4.19,2025-26,Regular Season,SpeedDistance
1631288,Jamal Cain,1610612753,ORL,35,18,17,390.0,160779,30.5,15.2,15.2,4.35,4.35,4.31,2025-26,Regular Season,SpeedDistance
1627750,Jamal Murray,1610612743,DEN,72,45,27,2533.0,963430,182.5,101.9,80.6,4.2,4.59,3.79,2025-26,Regular Season,SpeedDistance
1642347,Jamal Shead,1610612761,TOR,77,43,34,1734.0,663763,125.7,65.5,60.2,4.16,4.45,3.89,2025-26,Regular Season,SpeedDistance
1631123,Jamaree Bouyea,1610612756,PHX,42,21,21,573.0,232825,44.1,23.7,20.4,4.45,4.72,4.16,2025-26,Regular Season,SpeedDistance
201935,James Harden,1610612739,CLE,67,38,29,2345.0,763447,144.6,78.7,65.9,3.58,3.8,3.36,2025-26,Regular Season,SpeedDistance
1630164,James Wiseman,1610612754,IND,4,0,4,58.0,24588,4.7,2.4,2.3,4.66,4.88,4.45,2025-26,Regular Season,SpeedDistance
1642364,Jamir Watkins,1610612764,WAS,44,10,34,854.0,351042,66.5,34.0,32.5,4.39,4.52,4.26,2025-26,Regular Season,SpeedDistance
1642419,Jamison Battle,1610612761,TOR,56,32,24,498.0,202590,38.4,19.9,18.5,4.38,4.69,4.08,2025-26,Regular Season,SpeedDistance
1641716,Jarace Walker,1610612754,IND,73,15,58,1866.0,721368,136.6,72.5,64.1,4.26,4.6,3.93,2025-26,Regular Season,SpeedDistance
1642272,Jared McCain,1610612760,OKC,62,43,19,1075.0,441294,83.6,44.1,39.5,4.47,4.7,4.25,2025-26,Regular Season,SpeedDistance
1628991,Jaren Jackson Jr.,1610612762,UTA,48,19,29,1455.0,531837,100.7,52.9,47.8,4.09,4.39,3.8,2025-26,Regular Season,SpeedDistance
1629020,Jarred Vanderbilt,1610612747,LAL,60,36,24,1051.0,429259,81.3,42.0,39.3,4.42,4.45,4.39,2025-26,Regular Season,SpeedDistance
1628386,Jarrett Allen,1610612739,CLE,54,35,19,1465.0,562609,106.6,55.2,51.3,4.21,4.48,3.96,2025-26,Regular Season,SpeedDistance
1642859,Jase Richardson,1610612753,ORL,51,23,28,571.0,248531,47.1,24.4,22.6,4.68,4.86,4.48,2025-26,Regular Season,SpeedDistance
1642914,Javon Small,1610612763,MEM,40,13,27,804.0,338827,64.2,32.2,32.0,4.51,4.63,4.4,2025-26,Regular Season,SpeedDistance
1631451,Javonte Cooke,1610612757,POR,19,6,13,94.0,40011,7.6,4.0,3.6,4.64,4.89,4.39,2025-26,Regular Season,SpeedDistance
1629750,Javonte Green,1610612765,DET,77,56,21,1370.0,529109,100.2,51.5,48.7,4.26,4.39,4.13,2025-26,Regular Season,SpeedDistance
1629637,Jaxson Hayes,1610612747,LAL,65,43,22,1179.0,418249,79.2,41.4,37.9,3.87,3.96,3.77,2025-26,Regular Season,SpeedDistance
1630643,Jay Huff,1610612754,IND,77,18,59,1603.0,618865,117.2,61.4,55.8,4.27,4.54,4.01,2025-26,Regular Season,SpeedDistance
1627759,Jaylen Brown,1610612738,BOS,68,44,24,2335.0,857081,162.3,91.3,71.1,4.06,4.36,3.73,2025-26,Regular Season,SpeedDistance
1641740,Jaylen Clark,1610612750,MIN,63,37,26,784.0,305334,57.8,27.4,30.4,4.31,4.12,4.5,2025-26,Regular Season,SpeedDistance
1642377,Jaylen Wells,1610612763,MEM,69,24,45,1821.0,723027,136.9,66.2,70.7,4.42,4.35,4.49,2025-26,Regular Season,SpeedDistance
1631119,Jaylin Williams,1610612760,OKC,62,51,11,1237.0,438022,83.0,43.7,39.3,3.92,4.2,3.66,2025-26,Regular Season,SpeedDistance
1642281,Jaylon Tyson,1610612739,CLE,64,40,24,1727.0,709870,134.4,68.4,66.0,4.54,4.81,4.28,2025-26,Regular Season,SpeedDistance
1643257,Jayson Kent,1610612757,POR,3,2,1,19.0,7667,1.5,0.7,0.8,4.22,4.14,4.3,2025-26,Regular Season,SpeedDistance
1628369,Jayson Tatum,1610612738,BOS,13,11,2,409.0,148099,28.0,15.9,12.2,3.86,4.13,3.59,2025-26,Regular Season,SpeedDistance
201145,Jeff Green,1610612745,HOU,29,21,8,151.0,51453,9.7,5.2,4.6,3.63,3.64,3.7,2025-26,Regular Season,SpeedDistance
203924,Jerami Grant,1610612757,POR,57,27,30,1695.0,651029,123.3,64.2,59.1,4.26,4.53,4.0,2025-26,Regular Season,SpeedDistance
1642847,Jeremiah Fears,1610612740,NOP,78,25,53,1952.0,791920,150.0,80.1,69.9,4.48,4.83,4.15,2025-26,Regular Season,SpeedDistance
1630526,Jeremiah Robinson-Earl,1610612742,DAL,22,8,14,361.0,150762,28.6,14.8,13.8,4.92,5.22,4.64,2025-26,Regular Season,SpeedDistance
1631110,Jeremy Sochan,1610612752,NYK,42,29,13,443.0,177818,33.7,17.4,16.2,4.55,4.86,4.24,2025-26,Regular Season,SpeedDistance
1630579,Jericho Sims,1610612749,MIL,62,23,39,1155.0,460903,87.3,46.7,40.6,4.37,4.51,4.21,2025-26,Regular Season,SpeedDistance
1641724,Jett Howard,1610612753,ORL,55,28,27,695.0,262162,49.7,25.8,23.8,4.06,4.15,3.96,2025-26,Regular Season,SpeedDistance
1628975,Jevon Carter,1610612753,ORL,48,22,26,776.0,317145,60.1,31.3,28.7,4.44,4.65,4.21,2025-26,Regular Season,SpeedDistance
202710,Jimmy Butler III,1610612744,GSW,38,23,15,1182.0,449929,85.2,46.0,39.2,4.29,4.49,4.09,2025-26,Regular Season,SpeedDistance
1642866,Joan Beringer,1610612750,MIN,35,19,16,228.0,99504,18.8,9.7,9.2,4.66,4.85,4.52,2025-26,Regular Season,SpeedDistance
1629111,Jock Landale,1610612737,ATL,68,36,32,1506.0,574758,108.9,56.6,52.3,4.24,4.41,4.07,2025-26,Regular Season,SpeedDistance
204060,Joe Ingles,1610612750,MIN,25,12,13,102.0,38051,7.2,3.8,3.4,3.96,4.24,3.68,2025-26,Regular Season,SpeedDistance
203954,Joel Embiid,1610612755,PHI,37,24,13,1162.0,389905,73.8,38.7,35.2,3.66,3.79,3.55,2025-26,Regular Season,SpeedDistance
1628381,John Collins,1610612746,LAC,64,29,35,1758.0,688148,130.3,69.1,61.2,4.34,4.5,4.18,2025-26,Regular Season,SpeedDistance
1629723,John Konchar,1610612762,UTA,52,17,35,988.0,412143,78.1,40.4,37.7,4.56,4.77,4.36,2025-26,Regular Season,SpeedDistance
1642967,John Poulakidas,1610612742,DAL,8,1,7,133.0,58257,11.0,5.9,5.1,4.61,5.07,4.16,2025-26,Regular Season,SpeedDistance
1642910,John Tonje,1610612738,BOS,5,4,1,12.0,5230,1.0,0.6,0.4,4.37,4.7,3.95,2025-26,Regular Season,SpeedDistance
1641780,Johni Broome,1610612755,PHI,11,5,6,55.0,21395,4.1,2.1,1.9,4.42,4.43,4.18,2025-26,Regular Season,SpeedDistance
1642277,Johnny Furphy,1610612754,IND,35,10,25,643.0,288617,54.7,29.0,25.7,4.87,5.24,4.51,2025-26,Regular Season,SpeedDistance
1630548,Johnny Juzang,1610612750,MIN,21,13,8,88.0,39703,7.5,3.9,3.7,4.79,5.07,4.63,2025-26,Regular Season,SpeedDistance
202685,Jonas Valančiūnas,1610612743,DEN,60,37,23,792.0,281687,53.3,28.8,24.5,3.96,4.01,3.91,2025-26,Regular Season,SpeedDistance
1628371,Jonathan Isaac,1610612753,ORL,52,29,23,521.0,204564,38.7,20.3,18.4,4.32,4.52,4.12,2025-26,Regular Season,SpeedDistance
1630228,Jonathan Kuminga,1610612737,ATL,33,21,12,754.0,299720,56.8,30.5,26.2,4.5,4.76,4.22,2025-26,Regular Season,SpeedDistance
1642367,Jonathan Mogbo,1610612761,TOR,35,17,18,220.0,90265,17.1,8.4,8.7,4.35,4.45,4.26,2025-26,Regular Season,SpeedDistance
203903,Jordan Clarkson,1610612752,NYK,68,42,26,1223.0,507210,96.1,51.6,44.5,4.59,4.84,4.33,2025-26,Regular Season,SpeedDistance
1630692,Jordan Goodwin,1610612756,PHX,67,37,30,1509.0,624955,118.4,61.0,57.3,4.5,4.62,4.38,2025-26,Regular Season,SpeedDistance
1641722,Jordan Hawkins,1610612740,NOP,47,12,35,587.0,235454,44.6,23.2,21.4,4.49,4.71,4.27,2025-26,Regular Season,SpeedDistance
1629162,Jordan McLaughlin,1610612759,SAS,41,35,6,266.0,109177,20.7,11.0,9.7,4.48,4.62,4.33,2025-26,Regular Season,SpeedDistance
1641757,Jordan Miller,1610612746,LAC,55,33,22,1194.0,495065,93.8,50.8,43.0,4.39,4.75,4.03,2025-26,Regular Season,SpeedDistance
1629673,Jordan Poole,1610612740,NOP,37,15,22,873.0,323084,61.2,34.0,27.2,4.03,4.46,3.59,2025-26,Regular Season,SpeedDistance
1641775,Jordan Walsh,1610612738,BOS,63,42,21,1108.0,434661,82.3,42.6,39.7,4.36,4.34,4.39,2025-26,Regular Season,SpeedDistance
1630631,Jose Alvarado,1610612752,NYK,67,27,40,1318.0,521478,98.8,51.9,46.9,4.38,4.59,4.17,2025-26,Regular Season,SpeedDistance
1630581,Josh Giddey,1610612741,CHI,54,21,33,1731.0,680043,128.8,70.9,57.9,4.41,4.98,3.86,2025-26,Regular Season,SpeedDistance
1630182,Josh Green,1610612766,CHA,54,35,19,877.0,376649,71.3,37.2,34.1,4.57,4.51,4.63,2025-26,Regular Season,SpeedDistance
1628404,Josh Hart,1610612752,NYK,63,41,22,1899.0,731886,138.6,76.9,61.8,4.26,4.55,3.95,2025-26,Regular Season,SpeedDistance
1631169,Josh Minott,1610612751,BKN,48,22,26,815.0,319451,60.5,31.1,29.4,4.43,4.55,4.31,2025-26,Regular Season,SpeedDistance
1629006,Josh Okogie,1610612745,HOU,73,45,28,1259.0,477867,90.5,45.7,44.8,4.21,4.1,4.32,2025-26,Regular Season,SpeedDistance
201950,Jrue Holiday,1610612757,POR,49,26,23,1426.0,564629,106.9,56.6,50.3,4.32,4.72,3.95,2025-26,Regular Season,SpeedDistance
1630577,Julian Champagnie,1610612759,SAS,77,59,18,2127.0,826180,156.5,80.7,75.7,4.35,4.62,4.1,2025-26,Regular Season,SpeedDistance
1641763,Julian Phillips,1610612750,MIN,44,17,27,370.0,151381,28.7,14.5,14.2,4.63,4.83,4.43,2025-26,Regular Season,SpeedDistance
1642882,Julian Reese,1610612764,WAS,7,1,6,217.0,86732,16.4,8.7,7.7,4.22,4.38,4.05,2025-26,Regular Season,SpeedDistance
1631124,Julian Strawther,1610612743,DEN,52,33,19,748.0,309141,58.5,31.8,26.8,4.44,4.72,4.16,2025-26,Regular Season,SpeedDistance
203944,Julius Randle,1610612750,MIN,77,46,31,2550.0,907189,171.8,90.0,81.8,3.93,4.14,3.72,2025-26,Regular Season,SpeedDistance
1630551,Justin Champagnie,1610612764,WAS,65,13,52,1278.0,515336,97.6,51.3,46.3,4.41,4.6,4.22,2025-26,Regular Season,SpeedDistance
1642348,Justin Edwards,1610612755,PHI,59,35,24,910.0,358613,67.9,35.8,32.1,4.35,4.53,4.16,2025-26,Regular Season,SpeedDistance
203994,Jusuf Nurkić,1610612762,UTA,41,14,27,1083.0,390635,74.0,39.5,34.5,4.08,4.3,3.85,2025-26,Regular Season,SpeedDistance
1642354,KJ Simpson,1610612743,DEN,18,8,10,248.0,96682,18.3,10.0,8.3,4.53,4.74,4.29,2025-26,Regular Season,SpeedDistance
1642955,Kadary Richmond,1610612764,WAS,3,2,1,67.0,26022,4.9,2.5,2.4,4.1,4.19,4.01,2025-26,Regular Season,SpeedDistance
1642880,Kam Jones,1610612754,IND,32,5,27,511.0,220670,41.8,22.2,19.6,4.58,4.98,4.19,2025-26,Regular Season,SpeedDistance
1626157,Karl-Anthony Towns,1610612752,NYK,72,46,26,2230.0,793410,150.3,78.0,72.3,3.95,3.98,3.91,2025-26,Regular Season,SpeedDistance
1631255,Karlo Matković,1610612740,NOP,62,24,38,912.0,370197,70.1,36.3,33.8,4.38,4.62,4.15,2025-26,Regular Season,SpeedDistance
1642857,Kasparas Jakučionis,1610612748,MIA,48,25,23,846.0,378718,71.7,38.2,33.5,4.76,5.35,4.22,2025-26,Regular Season,SpeedDistance
202695,Kawhi Leonard,1610612746,LAC,61,35,26,1957.0,733641,138.9,75.6,63.4,4.1,4.4,3.8,2025-26,Regular Season,SpeedDistance
1630811,Keaton Wallace,1610612737,ATL,51,30,21,496.0,198214,37.5,20.3,17.3,4.57,5.02,4.17,2025-26,Regular Season,SpeedDistance
1631099,Keegan Murray,1610612758,SAC,23,5,18,793.0,308344,58.4,30.6,27.8,4.37,4.59,4.15,2025-26,Regular Season,SpeedDistance
1642276,Kel'el Ware,1610612748,MIA,72,36,36,1589.0,630638,119.4,61.9,57.6,4.41,4.84,4.03,2025-26,Regular Season,SpeedDistance
1629640,Keldon Johnson,1610612759,SAS,77,59,18,1794.0,701714,132.9,69.4,63.5,4.33,4.55,4.11,2025-26,Regular Season,SpeedDistance
203482,Kelly Olynyk,1610612759,SAS,42,33,9,360.0,140851,26.7,14.7,12.0,4.36,4.7,4.01,2025-26,Regular Season,SpeedDistance
1626162,Kelly Oubre Jr.,1610612755,PHI,45,25,20,1439.0,551262,104.4,53.6,50.8,4.18,4.28,4.08,2025-26,Regular Season,SpeedDistance
1631113,Kennedy Chandler,1610612762,UTA,8,0,8,251.0,99622,18.9,9.7,9.2,4.15,4.52,3.82,2025-26,Regular Season,SpeedDistance
1629026,Kenrich Williams,1610612760,OKC,51,38,13,767.0,295315,55.9,28.7,27.2,4.13,4.4,3.89,2025-26,Regular Season,SpeedDistance
203484,Kentavious Caldwell-Pope,1610612763,MEM,51,20,31,1088.0,405690,76.8,39.8,37.0,4.2,4.41,4.0,2025-26,Regular Season,SpeedDistance
1631165,Keon Ellis,1610612739,CLE,68,28,40,1377.0,556611,105.4,53.0,52.4,4.39,4.51,4.27,2025-26,Regular Season,SpeedDistance
1642352,Keshad Johnson,1610612748,MIA,27,13,14,210.0,87038,16.5,8.9,7.6,4.64,5.1,4.19,2025-26,Regular Season,SpeedDistance
1642933,Keshon Gilbert,1610612737,ATL,3,0,3,48.0,20807,3.9,2.1,1.8,4.5,4.66,4.33,2025-26,Regular Season,SpeedDistance
201142,Kevin Durant,1610612745,HOU,74,45,29,2690.0,907229,171.8,95.6,76.2,3.68,3.9,3.45,2025-26,Regular Season,SpeedDistance
1628989,Kevin Huerter,1610612765,DET,65,37,28,1456.0,593741,112.5,61.6,50.9,4.55,5.05,4.06,2025-26,Regular Season,SpeedDistance
201567,Kevin Love,1610612762,UTA,37,10,27,613.0,224599,42.5,23.3,19.2,4.05,4.29,3.79,2025-26,Regular Season,SpeedDistance
1641755,Kevin McCullar Jr.,1610612752,NYK,20,11,9,130.0,56900,10.8,5.7,5.1,4.61,4.93,4.3,2025-26,Regular Season,SpeedDistance
1629645,Kevin Porter Jr.,1610612749,MIL,38,18,20,1261.0,521987,98.9,53.5,45.3,4.51,4.78,4.22,2025-26,Regular Season,SpeedDistance
1626172,Kevon Looney,1610612740,NOP,19,2,17,254.0,94028,17.8,9.4,8.4,4.21,4.36,4.05,2025-26,Regular Season,SpeedDistance
1641718,Keyonte George,1610612762,UTA,54,16,38,1786.0,673084,127.5,69.6,57.9,4.21,4.55,3.87,2025-26,Regular Season,SpeedDistance
1642863,Khaman Maluach,1610612756,PHX,42,20,22,343.0,134935,25.6,13.8,11.8,4.23,4.37,4.09,2025-26,Regular Season,SpeedDistance
203114,Khris Middleton,1610612742,DAL,58,16,42,1353.0,523450,99.1,52.9,46.3,4.28,4.67,3.92,2025-26,Regular Season,SpeedDistance
1630165,Killian Hayes,1610612758,SAC,19,9,10,315.0,126059,23.9,12.7,11.2,4.26,4.51,4.0,2025-26,Regular Season,SpeedDistance
202691,Klay Thompson,1610612742,DAL,66,19,47,1442.0,568795,107.7,59.9,47.8,4.34,4.82,3.86,2025-26,Regular Season,SpeedDistance
1641738,Kobe Brown,1610612754,IND,57,17,40,845.0,336630,63.8,33.7,30.0,4.31,4.54,4.06,2025-26,Regular Season,SpeedDistance
1641723,Kobe Bufkin,1610612747,LAL,13,9,4,94.0,38059,7.2,3.8,3.4,4.26,4.37,4.14,2025-26,Regular Season,SpeedDistance
1642920,Kobe Sanders,1610612746,LAC,63,33,30,1249.0,498462,94.4,50.9,43.5,4.33,4.56,4.1,2025-26,Regular Season,SpeedDistance
1642886,Koby Brea,1610612756,PHX,9,4,5,40.0,16061,3.0,1.7,1.3,4.24,4.59,3.85,2025-26,Regular Season,SpeedDistance
1642851,Kon Knueppel,1610612766,CHA,77,42,35,2424.0,1017932,192.8,108.8,84.0,4.64,5.04,4.2,2025-26,Regular Season,SpeedDistance
1627739,Kris Dunn,1610612746,LAC,77,39,38,2101.0,840593,159.2,83.3,75.9,4.4,4.53,4.27,2025-26,Regular Season,SpeedDistance
1631200,Kris Murray,1610612757,POR,53,26,27,1249.0,505476,95.7,47.9,47.9,4.5,4.6,4.41,2025-26,Regular Season,SpeedDistance
204001,Kristaps Porziņģis,1610612744,GSW,29,13,16,696.0,250701,47.5,25.0,22.4,4.01,4.23,3.78,2025-26,Regular Season,SpeedDistance
203937,Kyle Anderson,1610612750,MIN,39,13,26,763.0,295890,56.0,29.6,26.5,4.17,4.5,3.86,2025-26,Regular Season,SpeedDistance
1642271,Kyle Filipowski,1610612762,UTA,75,21,54,1745.0,684599,129.7,68.3,61.3,4.29,4.5,4.07,2025-26,Regular Season,SpeedDistance
1628398,Kyle Kuzma,1610612749,MIL,67,29,38,1763.0,688157,130.3,69.6,60.7,4.37,4.72,4.03,2025-26,Regular Season,SpeedDistance
200768,Kyle Lowry,1610612755,PHI,13,8,5,113.0,40144,7.6,4.1,3.5,3.88,4.14,3.62,2025-26,Regular Season,SpeedDistance
1642273,Kyshawn George,1610612764,WAS,48,10,38,1391.0,561224,106.3,56.7,49.6,4.55,5.03,4.11,2025-26,Regular Season,SpeedDistance
1643018,LJ Cryer,1610612744,GSW,17,6,11,277.0,112351,21.3,11.5,9.8,4.27,4.44,4.08,2025-26,Regular Season,SpeedDistance
1630163,LaMelo Ball,1610612766,CHA,68,39,29,1888.0,760853,144.1,82.1,62.0,4.41,4.81,3.97,2025-26,Regular Season,SpeedDistance
1642950,Lachlan Olbrich,1610612741,CHI,32,7,25,227.0,100898,19.1,9.9,9.2,4.74,5.21,4.33,2025-26,Regular Season,SpeedDistance
1629013,Landry Shamet,1610612752,NYK,48,32,16,1102.0,468522,88.7,49.4,39.3,4.64,5.01,4.23,2025-26,Regular Season,SpeedDistance
1626204,Larry Nance Jr.,1610612739,CLE,31,22,9,369.0,142912,27.1,14.0,13.0,4.41,4.63,4.17,2025-26,Regular Season,SpeedDistance
1628374,Lauri Markkanen,1610612762,UTA,42,17,25,1443.0,556280,105.4,57.3,48.0,4.35,4.65,4.02,2025-26,Regular Season,SpeedDistance
1643133,Lawson Lovering,1610612763,MEM,2,1,1,49.0,20280,3.8,2.0,1.9,4.28,4.56,4.23,2025-26,Regular Season,SpeedDistance
2544,LeBron James,1610612747,LAL,56,36,20,1870.0,629498,119.2,63.2,56.0,3.61,3.83,3.4,2025-26,Regular Season,SpeedDistance
1641778,Leaky Black,1610612764,WAS,9,1,8,281.0,115082,21.8,11.6,10.2,4.33,4.57,4.09,2025-26,Regular Season,SpeedDistance
1631159,Leonard Miller,1610612741,CHI,41,16,25,548.0,244939,46.4,24.4,21.9,4.73,5.23,4.27,2025-26,Regular Season,SpeedDistance
1642862,Liam McNeeley,1610612766,CHA,30,11,19,363.0,141794,26.9,14.4,12.4,4.44,4.63,4.21,2025-26,Regular Season,SpeedDistance
1630322,Lindy Waters III,1610612759,SAS,39,30,9,280.0,116608,22.1,11.8,10.3,4.61,4.83,4.37,2025-26,Regular Season,SpeedDistance
1628366,Lonzo Ball,1610612739,CLE,35,19,16,728.0,280879,53.2,28.4,24.8,4.39,4.86,3.96,2025-26,Regular Season,SpeedDistance
1631351,Lucas Williamson,1610612763,MEM,2,0,2,28.0,12752,2.4,1.3,1.1,4.79,4.92,4.63,2025-26,Regular Season,SpeedDistance
1629652,Luguentz Dort,1610612760,OKC,64,50,14,1744.0,657604,124.5,63.9,60.6,4.15,4.33,3.97,2025-26,Regular Season,SpeedDistance
1629029,Luka Dončić,1610612747,LAL,64,43,21,2289.0,782934,148.3,82.0,66.3,3.75,4.12,3.37,2025-26,Regular Season,SpeedDistance
1630568,Luka Garza,1610612738,BOS,67,45,22,1064.0,447970,84.8,47.2,37.7,4.6,4.78,4.4,2025-26,Regular Season,SpeedDistance
1628379,Luke Kennard,1610612747,LAL,73,42,31,1545.0,625883,118.5,64.1,54.4,4.43,4.79,4.07,2025-26,Regular Season,SpeedDistance
1628436,Luke Kornet,1610612759,SAS,64,49,15,1350.0,524521,99.3,51.4,47.9,4.32,4.51,4.14,2025-26,Regular Season,SpeedDistance
1631247,Luke Travers,1610612739,CLE,12,6,6,103.0,42399,8.0,4.3,3.8,4.81,5.18,4.55,2025-26,Regular Season,SpeedDistance
1630644,Mac McClung,1610612741,CHI,6,0,6,63.0,25840,4.9,2.6,2.3,4.6,4.86,4.34,2025-26,Regular Season,SpeedDistance
1641869,Malachi Smith,1610612751,BKN,10,1,9,182.0,78613,14.9,8.0,6.9,4.52,5.03,4.03,2025-26,Regular Season,SpeedDistance
1631103,Malaki Branham,1610612764,WAS,28,7,21,275.0,113870,21.6,11.6,10.0,4.5,4.92,4.09,2025-26,Regular Season,SpeedDistance
1642502,Malevy Leons,1610612744,GSW,21,6,15,203.0,89087,16.9,9.2,7.7,4.57,4.93,4.2,2025-26,Regular Season,SpeedDistance
1628370,Malik Monk,1610612758,SAC,59,17,42,1329.0,499888,94.7,52.0,42.6,4.15,4.53,3.75,2025-26,Regular Season,SpeedDistance
1630699,MarJon Beauchamp,1610612755,PHI,12,6,6,190.0,80597,15.3,7.8,7.5,4.52,4.82,4.24,2025-26,Regular Season,SpeedDistance
1631204,Marcus Sasser,1610612765,DET,33,24,9,413.0,167781,31.8,16.5,15.3,4.28,4.5,4.07,2025-26,Regular Season,SpeedDistance
203935,Marcus Smart,1610612747,LAL,60,39,21,1725.0,602182,114.0,59.5,54.6,3.81,3.99,3.64,2025-26,Regular Season,SpeedDistance
1641813,Mark Sears,1610612749,MIL,7,1,6,26.0,11178,2.1,1.1,1.0,4.76,5.05,4.47,2025-26,Regular Season,SpeedDistance
1631109,Mark Williams,1610612756,PHX,57,33,24,1342.0,515059,97.5,51.1,46.4,4.28,4.52,4.05,2025-26,Regular Season,SpeedDistance
1628365,Markelle Fultz,1610612761,TOR,5,3,2,36.0,15624,3.0,1.6,1.4,4.61,4.93,4.3,2025-26,Regular Season,SpeedDistance
1628963,Marvin Bagley III,1610612742,DAL,56,15,41,1119.0,458123,86.8,45.5,41.2,4.54,4.75,4.32,2025-26,Regular Season,SpeedDistance
203486,Mason Plumlee,1610612759,SAS,19,10,9,156.0,61905,11.7,6.6,5.1,4.53,4.82,4.21,2025-26,Regular Season,SpeedDistance
1641824,Matas Buzelis,1610612741,CHI,76,28,48,2222.0,917875,173.8,92.7,81.1,4.58,5.02,4.16,2025-26,Regular Season,SpeedDistance
1629680,Matisse Thybulle,1610612757,POR,26,15,11,397.0,163459,31.0,15.8,15.2,4.37,4.56,4.19,2025-26,Regular Season,SpeedDistance
1631108,Max Christie,1610612742,DAL,72,22,50,2114.0,846945,160.4,88.7,71.7,4.44,4.87,4.0,2025-26,Regular Season,SpeedDistance
1642917,Max Shulga,1610612738,BOS,9,6,3,13.0,5087,1.0,0.5,0.4,4.15,3.92,3.53,2025-26,Regular Season,SpeedDistance
1629622,Max Strus,1610612739,CLE,8,6,2,195.0,85039,16.1,8.8,7.3,4.59,4.96,4.2,2025-26,Regular Season,SpeedDistance
1628467,Maxi Kleber,1610612747,LAL,38,17,21,403.0,149463,28.3,15.2,13.1,4.0,4.16,3.83,2025-26,Regular Season,SpeedDistance
1642875,Maxime Raynaud,1610612758,SAC,70,20,50,1828.0,747045,141.5,74.6,66.9,4.44,4.66,4.22,2025-26,Regular Season,SpeedDistance
1642877,Micah Peavy,1610612740,NOP,57,16,41,772.0,318701,60.4,30.5,29.8,4.57,4.75,4.39,2025-26,Regular Season,SpeedDistance
1630695,Micah Potter,1610612754,IND,42,10,32,774.0,325538,61.7,31.9,29.7,4.43,4.68,4.18,2025-26,Regular Season,SpeedDistance
1629008,Michael Porter Jr.,1610612751,BKN,52,14,38,1689.0,633348,120.0,64.9,55.0,4.17,4.41,3.91,2025-26,Regular Season,SpeedDistance
1628969,Mikal Bridges,1610612752,NYK,78,50,28,2596.0,1077185,204.0,112.5,91.5,4.58,4.94,4.21,2025-26,Regular Season,SpeedDistance
201144,Mike Conley,1610612750,MIN,51,31,20,925.0,372466,70.5,38.2,32.3,4.49,4.83,4.15,2025-26,Regular Season,SpeedDistance
1628970,Miles Bridges,1610612766,CHA,73,40,33,2274.0,853194,161.6,88.3,73.3,4.17,4.42,3.9,2025-26,Regular Season,SpeedDistance
1642939,Miles Kelly,1610612742,DAL,14,7,7,134.0,58988,11.2,6.0,5.2,4.72,5.01,4.42,2025-26,Regular Season,SpeedDistance
1630540,Miles McBride,1610612752,NYK,38,23,15,1017.0,410147,77.7,41.9,35.8,4.54,4.76,4.3,2025-26,Regular Season,SpeedDistance
1629011,Mitchell Robinson,1610612752,NYK,58,38,20,1136.0,430836,81.6,42.4,39.2,4.14,4.18,4.09,2025-26,Regular Season,SpeedDistance
1628964,Mo Bamba,1610612762,UTA,4,3,1,44.0,16797,3.2,1.7,1.5,4.12,4.3,3.93,2025-26,Regular Season,SpeedDistance
1642885,Mohamed Diawara,1610612752,NYK,67,41,26,590.0,247197,46.8,25.4,21.4,4.47,4.75,4.17,2025-26,Regular Season,SpeedDistance
1628420,Monte Morris,1610612754,IND,6,0,6,65.0,25467,4.8,2.5,2.3,4.55,5.04,4.11,2025-26,Regular Season,SpeedDistance
1629021,Moritz Wagner,1610612753,ORL,34,19,15,416.0,167694,31.8,16.7,15.1,4.29,4.47,4.11,2025-26,Regular Season,SpeedDistance
1630541,Moses Moody,1610612744,GSW,60,30,30,1540.0,577618,109.4,59.7,49.7,4.16,4.37,3.93,2025-26,Regular Season,SpeedDistance
1631243,Mouhamed Gueye,1610612737,ATL,74,43,31,1143.0,470186,89.1,45.4,43.6,4.55,4.77,4.32,2025-26,Regular Season,SpeedDistance
1630619,Moussa Cisse,1610612742,DAL,35,10,25,448.0,177649,33.6,17.4,16.3,4.41,4.67,4.18,2025-26,Regular Season,SpeedDistance
1631217,Moussa Diabaté,1610612766,CHA,69,38,31,1791.0,730071,138.3,74.1,64.2,4.45,4.66,4.24,2025-26,Regular Season,SpeedDistance
1626167,Myles Turner,1610612749,MIL,69,28,41,1863.0,701925,132.9,70.5,62.4,4.22,4.43,4.0,2025-26,Regular Season,SpeedDistance
1642066,Myron Gardner,1610612748,MIA,41,22,19,395.0,180890,34.3,17.7,16.6,4.93,5.3,4.58,2025-26,Regular Season,SpeedDistance
1642368,N'Faly Dante,1610612737,ATL,4,3,1,15.0,5668,1.1,0.6,0.5,4.42,4.49,4.34,2025-26,Regular Season,SpeedDistance
1641772,Nae'Qwan Tomlin,1610612739,CLE,60,39,21,913.0,392366,74.3,37.7,36.6,4.71,4.96,4.47,2025-26,Regular Season,SpeedDistance
1630230,Naji Marshall,1610612742,DAL,72,24,48,2132.0,814626,154.3,82.2,72.1,4.2,4.46,3.94,2025-26,Regular Season,SpeedDistance
1631466,Nate Williams,1610612744,GSW,12,2,10,192.0,82304,15.6,8.2,7.4,4.51,4.63,4.38,2025-26,Regular Season,SpeedDistance
1629675,Naz Reid,1610612750,MIN,74,45,29,1935.0,750096,142.1,75.4,66.7,4.27,4.56,3.98,2025-26,Regular Season,SpeedDistance
1629674,Neemias Queta,1610612738,BOS,72,49,23,1830.0,701596,132.9,71.9,61.0,4.25,4.41,4.08,2025-26,Regular Season,SpeedDistance
1629651,Nic Claxton,1610612751,BKN,69,17,52,1920.0,722413,136.8,70.9,65.9,4.18,4.27,4.08,2025-26,Regular Season,SpeedDistance
1630208,Nick Richards,1610612741,CHI,48,20,28,701.0,285968,54.2,28.5,25.6,4.49,4.86,4.13,2025-26,Regular Season,SpeedDistance
1641733,Nick Smith Jr.,1610612747,LAL,25,12,13,318.0,129524,24.5,14.1,10.5,4.41,4.81,4.01,2025-26,Regular Season,SpeedDistance
1629638,Nickeil Alexander-Walker,1610612737,ATL,75,42,33,2493.0,1066546,202.0,109.4,92.6,4.7,5.27,4.16,2025-26,Regular Season,SpeedDistance
201587,Nicolas Batum,1610612746,LAC,71,38,33,1262.0,497663,94.3,50.2,44.1,4.31,4.45,4.16,2025-26,Regular Season,SpeedDistance
1628502,Nigel Hayes-Davis,1610612756,PHX,27,15,12,195.0,71867,13.6,7.2,6.4,4.23,4.51,3.95,2025-26,Regular Season,SpeedDistance
203999,Nikola Jokić,1610612743,DEN,61,39,22,2128.0,721690,136.7,73.3,63.4,3.76,4.05,3.47,2025-26,Regular Season,SpeedDistance
1631107,Nikola Jović,1610612748,MIA,46,23,23,795.0,330323,62.6,32.9,29.7,4.6,5.21,4.08,2025-26,Regular Season,SpeedDistance
1642260,Nikola Topić,1610612760,OKC,6,4,2,65.0,27123,5.1,2.8,2.3,4.41,5.1,3.79,2025-26,Regular Season,SpeedDistance
202696,Nikola Vučević,1610612738,BOS,60,32,28,1740.0,617894,117.0,61.1,55.9,3.97,4.13,3.81,2025-26,Regular Season,SpeedDistance
1642363,Nique Clifford,1610612758,SAC,71,20,51,1732.0,725701,137.4,72.1,65.4,4.54,4.78,4.3,2025-26,Regular Season,SpeedDistance
1642855,Noa Essengue,1610612741,CHI,2,1,1,6.0,2419,0.5,0.3,0.2,5.32,5.26,5.43,2025-26,Regular Season,SpeedDistance
1641730,Noah Clowney,1610612751,BKN,66,17,49,1780.0,686811,130.1,70.5,59.6,4.28,4.59,3.97,2025-26,Regular Season,SpeedDistance
1642869,Noah Penda,1610612753,ORL,56,27,29,741.0,316755,60.0,31.9,28.1,4.53,4.76,4.3,2025-26,Regular Season,SpeedDistance
1642849,Nolan Traore,1610612751,BKN,53,12,41,1190.0,519850,98.5,53.9,44.6,4.66,5.11,4.21,2025-26,Regular Season,SpeedDistance
1641807,Norchad Omier,1610612746,LAC,3,3,0,14.0,5617,1.1,0.6,0.5,4.32,4.45,4.18,2025-26,Regular Season,SpeedDistance
1626181,Norman Powell,1610612748,MIA,55,28,27,1654.0,640835,121.4,65.2,56.2,4.3,4.93,3.74,2025-26,Regular Season,SpeedDistance
1628384,OG Anunoby,1610612752,NYK,64,42,22,2135.0,817862,154.9,81.4,73.5,4.17,4.28,4.05,2025-26,Regular Season,SpeedDistance
1630167,Obi Toppin,1610612754,IND,19,3,16,322.0,137285,26.0,14.0,12.0,4.65,5.01,4.29,2025-26,Regular Season,SpeedDistance
1630534,Ochai Agbaji,1610612751,BKN,61,27,34,955.0,405340,76.8,38.6,38.2,4.64,4.89,4.42,2025-26,Regular Season,SpeedDistance
1630846,Olivier Sarr,1610612739,CLE,1,1,0,4.0,2190,0.4,0.2,0.2,4.14,4.1,4.18,2025-26,Regular Season,SpeedDistance
1641765,Olivier-Maxence Prosper,1610612763,MEM,51,16,35,950.0,409614,77.6,40.3,37.3,4.63,4.96,4.33,2025-26,Regular Season,SpeedDistance
1630209,Omer Yurtseven,1610612744,GSW,9,3,6,104.0,42883,8.1,4.2,3.9,4.29,4.5,4.1,2025-26,Regular Season,SpeedDistance
1630168,Onyeka Okongwu,1610612737,ATL,71,40,31,2201.0,835860,158.3,81.3,77.0,4.2,4.48,3.94,2025-26,Regular Season,SpeedDistance
1631115,Orlando Robinson,1610612753,ORL,4,2,2,25.0,9530,1.8,0.9,0.9,4.45,4.51,4.39,2025-26,Regular Season,SpeedDistance
1631131,Oscar Tshiebwe,1610612762,UTA,23,2,21,347.0,141583,26.8,13.9,12.9,4.32,4.56,4.09,2025-26,Regular Season,SpeedDistance
1642345,Oso Ighodaro,1610612756,PHX,77,42,35,1715.0,664210,125.8,66.4,59.4,4.23,4.46,3.99,2025-26,Regular Season,SpeedDistance
1631172,Ousmane Dieng,1610612749,MIL,52,31,21,932.0,356851,67.6,36.4,31.2,4.18,4.44,3.92,2025-26,Regular Season,SpeedDistance
1629023,P.J. Washington,1610612742,DAL,55,15,40,1706.0,660588,125.1,66.6,58.5,4.3,4.61,4.0,2025-26,Regular Season,SpeedDistance
1641790,PJ Hall,1610612766,CHA,19,7,12,213.0,86774,16.4,8.9,7.6,4.37,4.51,4.27,2025-26,Regular Season,SpeedDistance
1642359,Pacôme Dadiet,1610612752,NYK,27,17,10,105.0,45033,8.5,4.6,3.9,4.52,4.97,4.09,2025-26,Regular Season,SpeedDistance
1631094,Paolo Banchero,1610612753,ORL,67,34,33,2332.0,889245,168.4,92.3,76.1,4.14,4.5,3.77,2025-26,Regular Season,SpeedDistance
1627783,Pascal Siakam,1610612754,IND,62,17,45,2057.0,810175,153.4,84.0,69.4,4.37,4.85,3.91,2025-26,Regular Season,SpeedDistance
1626192,Pat Connaughton,1610612766,CHA,39,24,15,287.0,109546,20.7,12.2,8.6,4.18,4.54,3.8,2025-26,Regular Season,SpeedDistance
1630311,Pat Spencer,1610612744,GSW,61,29,32,1105.0,463496,87.8,49.3,38.5,4.57,4.9,4.21,2025-26,Regular Season,SpeedDistance
1631116,Patrick Baldwin Jr.,1610612758,SAC,9,3,6,102.0,41848,7.9,4.1,3.8,4.32,4.61,4.04,2025-26,Regular Season,SpeedDistance
1630172,Patrick Williams,1610612741,CHI,67,22,45,1316.0,514645,97.5,51.4,46.0,4.34,4.7,3.99,2025-26,Regular Season,SpeedDistance
202331,Paul George,1610612755,PHI,32,20,12,990.0,378054,71.6,38.1,33.5,4.19,4.44,3.93,2025-26,Regular Season,SpeedDistance
1630194,Paul Reed,1610612765,DET,60,43,17,823.0,334159,63.3,33.4,29.9,4.43,4.7,4.17,2025-26,Regular Season,SpeedDistance
1630202,Payton Pritchard,1610612738,BOS,75,51,24,2431.0,928480,175.8,101.6,74.3,4.22,4.59,3.81,2025-26,Regular Season,SpeedDistance
1642362,Payton Sandfort,1610612760,OKC,2,2,0,7.0,3076,0.6,0.3,0.3,4.76,4.32,5.28,2025-26,Regular Season,SpeedDistance
1641796,Pelle Larsson,1610612748,MIA,66,36,30,1740.0,740896,140.3,73.8,66.5,4.7,5.3,4.18,2025-26,Regular Season,SpeedDistance
1631250,Pete Nance,1610612749,MIL,44,13,31,669.0,266611,50.5,27.2,23.3,4.24,4.58,3.9,2025-26,Regular Season,SpeedDistance
1631212,Peyton Watson,1610612743,DEN,54,36,18,1598.0,624048,118.2,62.4,55.8,4.32,4.47,4.16,2025-26,Regular Season,SpeedDistance
1630173,Precious Achiuwa,1610612758,SAC,69,19,50,1631.0,627719,118.9,62.4,56.5,4.21,4.33,4.09,2025-26,Regular Season,SpeedDistance
1629656,Quentin Grimes,1610612755,PHI,70,40,30,2095.0,806004,152.7,81.8,70.9,4.22,4.47,3.96,2025-26,Regular Season,SpeedDistance
1631245,Quenton Jackson,1610612754,IND,44,9,35,761.0,332447,63.0,33.3,29.7,4.69,5.14,4.28,2025-26,Regular Season,SpeedDistance
1642366,Quinten Post,1610612744,GSW,67,32,35,1159.0,465552,88.2,48.9,39.3,4.47,4.71,4.21,2025-26,Regular Season,SpeedDistance
1629628,RJ Barrett,1610612761,TOR,53,31,22,1595.0,628747,119.1,61.7,57.4,4.33,4.67,4.02,2025-26,Regular Season,SpeedDistance
1642853,Rasheer Fleming,1610612756,PHX,51,27,24,597.0,248414,47.0,24.4,22.6,4.46,4.58,4.34,2025-26,Regular Season,SpeedDistance
1642484,RayJ Dennis,1610612737,ATL,16,3,13,180.0,76920,14.6,7.8,6.8,5.03,5.39,4.68,2025-26,Regular Season,SpeedDistance
1641712,Rayan Rupert,1610612763,MEM,61,29,32,952.0,417986,79.2,40.6,38.5,4.72,4.85,4.57,2025-26,Regular Season,SpeedDistance
1642263,Reed Sheppard,1610612745,HOU,77,48,29,2037.0,782738,148.2,83.9,64.3,4.21,4.49,3.9,2025-26,Regular Season,SpeedDistance
1642434,Riley Minix,1610612739,CLE,6,5,1,24.0,10791,2.0,1.1,0.9,4.48,4.79,4.16,2025-26,Regular Season,SpeedDistance
1642265,Rob Dillingham,1610612741,CHI,60,27,33,838.0,362694,68.7,36.9,31.7,4.73,5.28,4.21,2025-26,Regular Season,SpeedDistance
1629057,Robert Williams III,1610612757,POR,55,28,27,932.0,354879,67.2,35.6,31.7,4.16,4.41,3.92,2025-26,Regular Season,SpeedDistance
1642911,Rocco Zikarsky,1610612750,MIN,4,0,4,16.0,6356,1.2,0.6,0.6,3.97,4.23,3.74,2025-26,Regular Season,SpeedDistance
1631199,Ron Harper Jr.,1610612738,BOS,26,19,7,268.0,104579,19.8,10.9,8.9,4.17,4.3,4.02,2025-26,Regular Season,SpeedDistance
1641842,Ronald Holland II,1610612765,DET,73,52,21,1448.0,575893,109.1,55.4,53.7,4.38,4.46,4.31,2025-26,Regular Season,SpeedDistance
1626220,Royce O'Neale,1610612756,PHX,74,41,33,2129.0,800460,151.6,83.4,68.2,4.17,4.57,3.76,2025-26,Regular Season,SpeedDistance
203497,Rudy Gobert,1610612750,MIN,74,45,29,2317.0,889156,168.4,88.2,80.2,4.27,4.48,4.07,2025-26,Regular Season,SpeedDistance
1629060,Rui Hachimura,1610612747,LAL,63,44,19,1773.0,671938,127.3,67.4,59.8,4.21,4.39,4.02,2025-26,Regular Season,SpeedDistance
201566,Russell Westbrook,1610612758,SAC,64,16,48,1853.0,654633,124.0,67.3,56.7,3.94,4.23,3.65,2025-26,Regular Season,SpeedDistance
1642346,Ryan Dunn,1610612756,PHX,66,38,28,1277.0,515433,97.6,50.1,47.5,4.48,4.63,4.33,2025-26,Regular Season,SpeedDistance
1641750,Ryan Kalkbrenner,1610612766,CHA,65,37,28,1404.0,545645,103.3,56.5,46.9,4.34,4.49,4.18,2025-26,Regular Season,SpeedDistance
1642948,Ryan Nembhard,1610612742,DAL,56,19,37,1045.0,412761,78.2,43.2,35.0,4.35,4.69,3.99,2025-26,Regular Season,SpeedDistance
1631157,Ryan Rollins,1610612749,MIL,72,28,44,2310.0,913373,173.0,90.2,82.7,4.39,4.58,4.2,2025-26,Regular Season,SpeedDistance
1630180,Saddiq Bey,1610612740,NOP,71,24,47,2207.0,835488,158.2,82.0,76.3,4.16,4.34,3.99,2025-26,Regular Season,SpeedDistance
1630573,Sam Hauser,1610612738,BOS,74,51,23,1832.0,768624,145.6,83.1,62.5,4.62,5.0,4.2,2025-26,Regular Season,SpeedDistance
1630241,Sam Merrill,1610612739,CLE,50,35,15,1322.0,552435,104.6,55.3,49.4,4.53,4.85,4.23,2025-26,Regular Season,SpeedDistance
1630572,Sandro Mamukelashvili,1610612761,TOR,75,41,34,1643.0,669603,126.8,66.2,60.6,4.46,4.75,4.18,2025-26,Regular Season,SpeedDistance
1630583,Santi Aldama,1610612763,MEM,43,19,24,1198.0,481351,91.2,49.0,42.2,4.54,5.01,4.1,2025-26,Regular Season,SpeedDistance
1630703,Scoot Henderson,1610612757,POR,26,16,10,616.0,262456,49.7,25.8,23.9,4.5,4.7,4.31,2025-26,Regular Season,SpeedDistance
1630567,Scottie Barnes,1610612761,TOR,75,42,33,2528.0,988978,187.3,95.8,91.5,4.3,4.58,4.04,2025-26,Regular Season,SpeedDistance
1630590,Scotty Pippen Jr.,1610612763,MEM,10,2,8,212.0,89163,16.9,8.6,8.3,4.51,4.66,4.36,2025-26,Regular Season,SpeedDistance
1642951,Sean Pedulla,1610612746,LAC,5,3,2,26.0,10845,2.1,1.0,1.0,4.42,4.66,3.84,2025-26,Regular Season,SpeedDistance
203552,Seth Curry,1610612744,GSW,6,0,6,69.0,26676,5.1,2.8,2.2,4.3,4.32,4.08,2025-26,Regular Season,SpeedDistance
1631101,Shaedon Sharpe,1610612757,POR,48,22,26,1439.0,556265,105.4,56.9,48.5,4.29,4.73,3.86,2025-26,Regular Season,SpeedDistance
1628983,Shai Gilgeous-Alexander,1610612760,OKC,65,53,12,2177.0,796170,150.8,81.1,69.7,4.06,4.49,3.64,2025-26,Regular Season,SpeedDistance
1630536,Sharife Cooper,1610612764,WAS,35,6,29,582.0,243099,46.0,24.7,21.4,4.41,4.71,4.13,2025-26,Regular Season,SpeedDistance
1631321,Sidy Cissoko,1610612757,POR,71,37,34,1414.0,547400,103.7,54.3,49.4,4.22,4.42,4.02,2025-26,Regular Season,SpeedDistance
1631323,Simone Fontecchio,1610612748,MIA,68,34,34,1127.0,481858,91.3,49.5,41.8,4.75,5.52,4.08,2025-26,Regular Season,SpeedDistance
1642883,Sion James,1610612766,CHA,78,42,36,1764.0,702126,133.0,72.9,60.1,4.39,4.65,4.1,2025-26,Regular Season,SpeedDistance
1627746,Skal Labissiere,1610612764,WAS,3,2,1,38.0,14495,2.7,1.5,1.3,4.02,4.37,3.97,2025-26,Regular Season,SpeedDistance
1642461,Spencer Jones,1610612743,DEN,64,41,23,1417.0,559052,105.9,53.9,51.9,4.31,4.35,4.26,2025-26,Regular Season,SpeedDistance
1630649,Stanley Umude,1610612759,SAS,2,2,0,7.0,2543,0.5,0.3,0.2,3.99,4.07,3.89,2025-26,Regular Season,SpeedDistance
201939,Stephen Curry,1610612744,GSW,39,23,16,1222.0,468691,88.8,50.5,38.3,4.31,4.83,3.77,2025-26,Regular Season,SpeedDistance
1642264,Stephon Castle,1610612759,SAS,65,50,15,1937.0,745338,141.2,73.1,68.1,4.29,4.63,3.97,2025-26,Regular Season,SpeedDistance
203500,Steven Adams,1610612745,HOU,32,21,11,730.0,259502,49.1,26.4,22.8,4.03,4.05,4.03,2025-26,Regular Season,SpeedDistance
1629004,Svi Mykhailiuk,1610612762,UTA,49,14,35,1132.0,447102,84.7,45.2,39.5,4.49,4.72,4.25,2025-26,Regular Season,SpeedDistance
204456,T.J. McConnell,1610612754,IND,56,15,41,963.0,414862,78.6,42.7,35.9,4.74,5.1,4.37,2025-26,Regular Season,SpeedDistance
1643007,Taelon Peter,1610612754,IND,33,5,28,394.0,171952,32.6,17.2,15.4,4.76,5.17,4.36,2025-26,Regular Season,SpeedDistance
201959,Taj Gibson,1610612763,MEM,7,1,6,65.0,25319,4.8,2.4,2.4,4.13,4.24,4.02,2025-26,Regular Season,SpeedDistance
1631106,Tari Eason,1610612745,HOU,55,34,21,1424.0,539708,102.2,53.9,48.3,4.12,4.14,4.1,2025-26,Regular Season,SpeedDistance
1627752,Taurean Prince,1610612749,MIL,21,8,13,456.0,169014,32.0,16.7,15.3,4.1,4.27,3.93,2025-26,Regular Season,SpeedDistance
1641707,Taylor Hendricks,1610612763,MEM,57,12,45,1084.0,439209,83.2,42.3,40.9,4.38,4.51,4.25,2025-26,Regular Season,SpeedDistance
1629611,Terance Mann,1610612751,BKN,63,15,48,1529.0,607720,115.1,60.4,54.7,4.4,4.55,4.26,2025-26,Regular Season,SpeedDistance
1630545,Terrence Shannon Jr.,1610612750,MIN,38,21,17,436.0,171987,32.6,16.8,15.7,4.36,4.54,4.15,2025-26,Regular Season,SpeedDistance
203648,Thanasis Antetokounmpo,1610612749,MIL,31,8,23,115.0,45431,8.6,4.5,4.1,4.13,4.29,3.97,2025-26,Regular Season,SpeedDistance
1628418,Thomas Bryant,1610612739,CLE,59,36,23,706.0,271882,51.5,26.5,25.0,4.17,4.37,3.97,2025-26,Regular Season,SpeedDistance
1642275,Tidjane Salaün,1610612766,CHA,36,18,18,571.0,237981,45.1,25.0,20.1,4.52,4.79,4.23,2025-26,Regular Season,SpeedDistance
203501,Tim Hardaway Jr.,1610612743,DEN,76,48,28,2031.0,733586,138.9,73.0,66.0,3.93,4.08,3.78,2025-26,Regular Season,SpeedDistance
202699,Tobias Harris,1610612765,DET,59,42,17,1649.0,627954,118.9,63.3,55.6,4.2,4.47,3.94,2025-26,Regular Season,SpeedDistance
1643253,Toby Okani,1610612763,MEM,1,0,1,28.0,12447,2.4,1.3,1.1,4.72,4.76,4.69,2025-26,Regular Season,SpeedDistance
1642449,Tolu Smith,1610612765,DET,12,9,3,118.0,48761,9.2,5.0,4.3,4.4,4.6,4.28,2025-26,Regular Season,SpeedDistance
1628396,Tony Bradley,1610612754,IND,38,9,29,416.0,162701,30.8,15.6,15.2,4.42,4.54,4.31,2025-26,Regular Season,SpeedDistance
1641787,Tosan Evbuomwan,1610612766,CHA,5,4,1,8.0,3035,0.6,0.3,0.2,4.67,4.11,3.6,2025-26,Regular Season,SpeedDistance
1641739,Toumani Camara,1610612757,POR,78,40,38,2590.0,1086828,205.8,104.4,101.5,4.62,4.77,4.48,2025-26,Regular Season,SpeedDistance
1629027,Trae Young,1610612764,WAS,15,2,13,384.0,149147,28.2,15.4,12.9,4.26,4.87,3.74,2025-26,Regular Season,SpeedDistance
1631218,Trayce Jackson-Davis,1610612761,TOR,50,27,23,487.0,194481,36.8,19.9,16.9,4.42,4.53,4.31,2025-26,Regular Season,SpeedDistance
1642848,Tre Johnson,1610612764,WAS,59,12,47,1418.0,562361,106.5,57.5,49.0,4.4,4.82,3.99,2025-26,Regular Season,SpeedDistance
1630200,Tre Jones,1610612741,CHI,60,25,35,1619.0,665657,126.1,67.6,58.4,4.5,5.0,4.03,2025-26,Regular Season,SpeedDistance
1630544,Tre Mann,1610612766,CHA,51,29,22,661.0,258363,48.9,27.8,21.1,4.4,4.67,4.09,2025-26,Regular Season,SpeedDistance
1630570,Trendon Watford,1610612755,PHI,51,26,25,852.0,333765,63.2,34.6,28.6,4.26,4.6,3.92,2025-26,Regular Season,SpeedDistance
1642280,Trentyn Flowers,1610612741,CHI,2,0,2,6.0,2111,0.4,0.2,0.2,4.33,4.44,4.23,2025-26,Regular Season,SpeedDistance
1630286,Trevon Scott,1610612751,BKN,1,0,1,8.0,3356,0.6,0.3,0.3,4.32,4.31,4.35,2025-26,Regular Season,SpeedDistance
1631211,Trevor Keels,1610612748,MIA,4,4,0,5.0,2179,0.4,0.2,0.2,4.42,3.75,5.37,2025-26,Regular Season,SpeedDistance
1641725,Trey Alexander,1610612740,NOP,5,1,4,42.0,16232,3.1,1.5,1.6,4.56,4.65,4.47,2025-26,Regular Season,SpeedDistance
1641998,Trey Jemison III,1610612752,NYK,11,9,2,61.0,24501,4.6,2.4,2.3,4.29,4.52,4.26,2025-26,Regular Season,SpeedDistance
1630530,Trey Murphy III,1610612740,NOP,66,21,45,2341.0,894116,169.3,91.5,77.8,4.22,4.58,3.87,2025-26,Regular Season,SpeedDistance
1642400,Tristan Enaruna,1610612739,CLE,6,6,0,34.0,14205,2.7,1.5,1.2,4.4,4.56,4.23,2025-26,Regular Season,SpeedDistance
1641774,Tristan Vukcevic,1610612764,WAS,49,8,41,671.0,253165,47.9,25.3,22.6,4.18,4.46,3.9,2025-26,Regular Season,SpeedDistance
1641783,Tristan da Silva,1610612753,ORL,72,39,33,1784.0,745800,141.3,75.5,65.7,4.6,4.92,4.27,2025-26,Regular Season,SpeedDistance
1629660,Ty Jerome,1610612763,MEM,15,3,12,339.0,129502,24.5,13.1,11.4,4.09,4.58,3.64,2025-26,Regular Season,SpeedDistance
1631102,TyTy Washington Jr.,1610612746,LAC,12,6,6,72.0,27897,5.3,2.7,2.5,4.09,4.34,3.7,2025-26,Regular Season,SpeedDistance
1631174,Tyler Burton,1610612763,MEM,12,2,10,307.0,138449,26.2,13.4,12.8,4.79,5.02,4.56,2025-26,Regular Season,SpeedDistance
1629639,Tyler Herro,1610612748,MIA,30,13,17,952.0,394589,74.7,39.8,34.9,4.51,5.11,3.97,2025-26,Regular Season,SpeedDistance
1642278,Tyler Kolek,1610612752,NYK,62,39,23,727.0,307587,58.3,32.0,26.2,4.6,4.94,4.22,2025-26,Regular Season,SpeedDistance
1641890,Tyler Smith,1610612742,DAL,8,1,7,77.0,34450,6.5,3.4,3.1,4.68,5.16,4.24,2025-26,Regular Season,SpeedDistance
1631213,Tyrese Martin,1610612755,PHI,45,11,34,775.0,313618,59.4,32.1,27.3,4.6,4.91,4.29,2025-26,Regular Season,SpeedDistance
1630178,Tyrese Maxey,1610612755,PHI,65,36,29,2490.0,961261,182.1,101.7,80.3,4.26,4.69,3.81,2025-26,Regular Season,SpeedDistance
1642878,Tyrese Proctor,1610612739,CLE,46,30,16,472.0,192967,36.5,19.0,17.5,4.54,4.89,4.21,2025-26,Regular Season,SpeedDistance
1630623,Tyson Etienne,1610612751,BKN,19,3,16,223.0,99889,18.9,9.7,9.2,4.75,5.03,4.49,2025-26,Regular Season,SpeedDistance
1626145,Tyus Jones,1610612743,DEN,64,34,30,932.0,364354,69.0,37.6,31.4,4.36,4.61,4.09,2025-26,Regular Season,SpeedDistance
1642845,VJ Edgecombe,1610612755,PHI,70,41,29,2436.0,944638,178.9,97.2,81.7,4.26,4.57,3.93,2025-26,Regular Season,SpeedDistance
1641705,Victor Wembanyama,1610612759,SAS,61,48,13,1784.0,685392,129.8,67.3,62.5,4.19,4.57,3.85,2025-26,Regular Season,SpeedDistance
1631246,Vince Williams Jr.,1610612762,UTA,40,16,24,819.0,329574,62.4,33.1,29.3,4.56,4.93,4.21,2025-26,Regular Season,SpeedDistance
1642884,Vladislav Goldin,1610612748,MIA,5,3,2,14.0,6333,1.2,0.7,0.5,4.65,5.08,4.16,2025-26,Regular Season,SpeedDistance
1630249,Vít Krejčí,1610612757,POR,64,31,33,1387.0,559007,105.9,56.8,49.1,4.44,4.84,4.05,2025-26,Regular Season,SpeedDistance
1631117,Walker Kessler,1610612762,UTA,5,2,3,154.0,55102,10.4,5.4,5.1,4.17,4.31,4.12,2025-26,Regular Season,SpeedDistance
1642383,Walter Clayton Jr.,1610612763,MEM,66,17,49,1338.0,548411,103.9,55.3,48.6,4.44,4.79,4.1,2025-26,Regular Season,SpeedDistance
1628976,Wendell Carter Jr.,1610612753,ORL,73,39,34,2162.0,795927,150.7,79.6,71.2,4.05,4.28,3.83,2025-26,Regular Season,SpeedDistance
1631111,Wendell Moore Jr.,1610612765,DET,5,4,1,54.0,22122,4.2,2.1,2.0,4.72,4.79,4.43,2025-26,Regular Season,SpeedDistance
1642954,Will Richard,1610612744,GSW,66,34,32,1348.0,519641,98.4,52.4,46.0,4.21,4.29,4.12,2025-26,Regular Season,SpeedDistance
1642860,Will Riley,1610612764,WAS,68,16,52,1429.0,595362,112.8,61.0,51.8,4.5,4.87,4.13,2025-26,Regular Season,SpeedDistance
1630214,Xavier Tillman,1610612766,CHA,28,20,8,178.0,66321,12.6,6.8,5.8,4.13,4.22,4.03,2025-26,Regular Season,SpeedDistance
1642905,Yang Hansen,1610612757,POR,41,22,19,296.0,109578,20.8,10.7,10.0,4.05,4.11,3.95,2025-26,Regular Season,SpeedDistance
1642949,Yanic Konan Niederhäuser,1610612746,LAC,41,22,19,424.0,172686,32.7,17.2,15.5,4.34,4.51,4.15,2025-26,Regular Season,SpeedDistance
1642530,Yuki Kawamura,1610612741,CHI,13,4,9,142.0,62103,11.8,6.1,5.6,4.61,4.95,4.22,2025-26,Regular Season,SpeedDistance
1642274,Yves Missi,1610612740,NOP,65,19,46,1257.0,482253,91.3,47.2,44.2,4.2,4.38,4.04,2025-26,Regular Season,SpeedDistance
1642258,Zaccharie Risacher,1610612737,ATL,64,38,26,1453.0,609839,115.5,59.3,56.2,4.69,4.98,4.42,2025-26,Regular Season,SpeedDistance
1628380,Zach Collins,1610612741,CHI,10,6,4,184.0,73144,13.9,7.3,6.6,4.44,4.9,4.02,2025-26,Regular Season,SpeedDistance
1641744,Zach Edey,1610612763,MEM,11,7,4,284.0,98934,18.7,9.8,8.9,4.16,4.4,3.92,2025-26,Regular Season,SpeedDistance
203897,Zach LaVine,1610612758,SAC,39,9,30,1224.0,469773,89.0,48.8,40.2,4.39,4.76,4.01,2025-26,Regular Season,SpeedDistance
1630192,Zeke Nnaji,1610612743,DEN,49,35,14,585.0,227989,43.2,23.0,20.2,4.2,4.31,4.07,2025-26,Regular Season,SpeedDistance
1630533,Ziaire Williams,1610612751,BKN,56,13,43,1281.0,507063,96.0,49.2,46.8,4.35,4.44,4.26,2025-26,Regular Season,SpeedDistance
1629627,Zion Williamson,1610612740,NOP,61,22,39,1813.0,728148,137.9,73.3,64.6,4.33,4.7,3.98,2025-26,Regular Season,SpeedDistance
1642389,Zyon Pullin,1610612750,MIN,2,2,0,6.0,2759,0.5,0.3,0.2,4.35,4.45,4.21,2025-26,Regular Season,SpeedDistance
