CLOSE_DEF_PERSON_ID,PLAYER_NAME,PLAYER_LAST_TEAM_ID,PLAYER_LAST_TEAM_ABBREVIATION,PLAYER_POSITION,AGE,GP,G,FREQ,FGM_LT_06,FGA_LT_06,LT_06_PCT,NS_LT_06_PCT,PLUSMINUS,SEASON,SEASON_TYPE,DEFENSE_CATEGORY
1642270,Donovan Clingan,1610612757,POR,C,22.0,73,73,0.339,272,505,0.539,0.646,-0.107,2025-26,Regular Season,Less Than 6Ft
1642852,Derik Queen,1610612740,NOP,C,21.0,77,73,0.431,294,499,0.589,0.65,-0.06,2025-26,Regular Season,Less Than 6Ft
1630578,Alperen Sengun,1610612745,HOU,C,23.0,67,67,0.403,301,489,0.616,0.648,-0.032,2025-26,Regular Season,Less Than 6Ft
203497,Rudy Gobert,1610612750,MIN,C,33.0,74,74,0.38,263,478,0.55,0.637,-0.087,2025-26,Regular Season,Less Than 6Ft
1630567,Scottie Barnes,1610612761,TOR,F-G,24.0,74,74,0.435,283,472,0.6,0.637,-0.038,2025-26,Regular Season,Less Than 6Ft
1642259,Alex Sarr,1610612764,WAS,C,20.0,48,48,0.543,257,465,0.553,0.642,-0.089,2025-26,Regular Season,Less Than 6Ft
1641824,Matas Buzelis,1610612741,CHI,F,21.0,75,75,0.433,264,461,0.573,0.635,-0.063,2025-26,Regular Season,Less Than 6Ft
1630596,Evan Mobley,1610612739,CLE,C,24.0,62,62,0.446,242,454,0.533,0.643,-0.11,2025-26,Regular Season,Less Than 6Ft
203999,Nikola Jokić,1610612743,DEN,C,31.0,61,61,0.401,290,453,0.64,0.645,-0.004,2025-26,Regular Season,Less Than 6Ft
1642875,Maxime Raynaud,1610612758,SAC,C,22.0,70,67,0.43,284,446,0.637,0.65,-0.013,2025-26,Regular Season,Less Than 6Ft
1630643,Jay Huff,1610612754,IND,C,28.0,76,75,0.481,247,425,0.581,0.645,-0.063,2025-26,Regular Season,Less Than 6Ft
1626167,Myles Turner,1610612749,MIL,C-F,30.0,69,68,0.422,249,419,0.594,0.64,-0.046,2025-26,Regular Season,Less Than 6Ft
1642843,Cooper Flagg,1610612742,DAL,F,19.0,65,65,0.426,244,416,0.587,0.638,-0.051,2025-26,Regular Season,Less Than 6Ft
1631096,Chet Holmgren,1610612760,OKC,C-F,23.0,66,66,0.44,200,406,0.493,0.642,-0.149,2025-26,Regular Season,Less Than 6Ft
1630552,Jalen Johnson,1610612737,ATL,F,24.0,69,69,0.457,259,406,0.638,0.636,0.002,2025-26,Regular Season,Less Than 6Ft
1630168,Onyeka Okongwu,1610612737,ATL,F-C,25.0,71,71,0.391,256,405,0.632,0.639,-0.007,2025-26,Regular Season,Less Than 6Ft
1631217,Moussa Diabaté,1610612766,CHA,F,24.0,69,69,0.431,257,403,0.638,0.646,-0.008,2025-26,Regular Season,Less Than 6Ft
1630183,Jaden McDaniels,1610612750,MIN,F,25.0,71,69,0.392,209,401,0.521,0.637,-0.116,2025-26,Regular Season,Less Than 6Ft
1629651,Nic Claxton,1610612751,BKN,C,26.0,69,68,0.452,228,391,0.583,0.637,-0.054,2025-26,Regular Season,Less Than 6Ft
1642276,Kel'el Ware,1610612748,MIA,C,21.0,72,71,0.455,239,390,0.613,0.655,-0.042,2025-26,Regular Season,Less Than 6Ft
1641730,Noah Clowney,1610612751,BKN,F-C,21.0,65,64,0.44,255,384,0.664,0.639,0.025,2025-26,Regular Season,Less Than 6Ft
1629029,Luka Dončić,1610612747,LAL,F-G,27.0,64,63,0.363,259,382,0.678,0.639,0.039,2025-26,Regular Season,Less Than 6Ft
1628401,Derrick White,1610612738,BOS,G,31.0,73,73,0.36,203,381,0.533,0.626,-0.094,2025-26,Regular Season,Less Than 6Ft
1629638,Nickeil Alexander-Walker,1610612737,ATL,G,27.0,75,73,0.405,253,379,0.668,0.626,0.041,2025-26,Regular Season,Less Than 6Ft
1642271,Kyle Filipowski,1610612762,UTA,C,22.0,74,72,0.426,261,379,0.689,0.64,0.049,2025-26,Regular Season,Less Than 6Ft
1630530,Trey Murphy III,1610612740,NOP,F,25.0,66,66,0.412,250,378,0.661,0.649,0.013,2025-26,Regular Season,Less Than 6Ft
1641739,Toumani Camara,1610612757,POR,F,25.0,78,77,0.356,249,378,0.659,0.636,0.023,2025-26,Regular Season,Less Than 6Ft
1630700,Dyson Daniels,1610612737,ATL,G,23.0,73,73,0.364,226,373,0.606,0.633,-0.027,2025-26,Regular Season,Less Than 6Ft
202696,Nikola Vučević,1610612738,BOS,C,35.0,59,58,0.385,235,370,0.635,0.648,-0.013,2025-26,Regular Season,Less Than 6Ft
1641705,Victor Wembanyama,1610612759,SAS,F-C,22.0,61,60,0.337,205,368,0.557,0.649,-0.092,2025-26,Regular Season,Less Than 6Ft
1631094,Paolo Banchero,1610612753,ORL,F,23.0,67,66,0.394,224,365,0.614,0.639,-0.025,2025-26,Regular Season,Less Than 6Ft
1642851,Kon Knueppel,1610612766,CHA,G-F,20.0,77,72,0.358,204,363,0.562,0.639,-0.077,2025-26,Regular Season,Less Than 6Ft
1628389,Bam Adebayo,1610612748,MIA,C-F,28.0,68,68,0.353,226,359,0.63,0.649,-0.019,2025-26,Regular Season,Less Than 6Ft
1642263,Reed Sheppard,1610612745,HOU,G,21.0,77,74,0.38,228,359,0.635,0.629,0.007,2025-26,Regular Season,Less Than 6Ft
1629028,Deandre Ayton,1610612747,LAL,C,27.0,67,66,0.378,210,355,0.592,0.636,-0.044,2025-26,Regular Season,Less Than 6Ft
1629674,Neemias Queta,1610612738,BOS,C,26.0,71,71,0.375,186,354,0.525,0.636,-0.11,2025-26,Regular Season,Less Than 6Ft
1628978,Donte DiVincenzo,1610612750,MIN,G,29.0,77,76,0.423,211,354,0.596,0.627,-0.031,2025-26,Regular Season,Less Than 6Ft
1631095,Jabari Smith Jr.,1610612745,HOU,F,22.0,73,73,0.368,199,354,0.562,0.632,-0.07,2025-26,Regular Season,Less Than 6Ft
1627750,Jamal Murray,1610612743,DEN,G,29.0,72,71,0.34,233,344,0.677,0.632,0.045,2025-26,Regular Season,Less Than 6Ft
1642847,Jeremiah Fears,1610612740,NOP,G,19.0,78,76,0.388,236,343,0.688,0.639,0.049,2025-26,Regular Season,Less Than 6Ft
1631109,Mark Williams,1610612756,PHX,C,24.0,57,57,0.426,223,342,0.652,0.646,0.006,2025-26,Regular Season,Less Than 6Ft
1631222,Jake LaRavia,1610612747,LAL,F,24.0,77,72,0.392,218,341,0.639,0.633,0.006,2025-26,Regular Season,Less Than 6Ft
1642845,VJ Edgecombe,1610612755,PHI,G,20.0,69,68,0.38,215,335,0.642,0.636,0.005,2025-26,Regular Season,Less Than 6Ft
1631157,Ryan Rollins,1610612749,MIL,G,23.0,72,72,0.353,203,335,0.606,0.62,-0.014,2025-26,Regular Season,Less Than 6Ft
203944,Julius Randle,1610612750,MIN,F-C,31.0,77,77,0.374,206,334,0.617,0.643,-0.027,2025-26,Regular Season,Less Than 6Ft
1627783,Pascal Siakam,1610612754,IND,F,32.0,62,61,0.388,213,334,0.638,0.646,-0.008,2025-26,Regular Season,Less Than 6Ft
1642345,Oso Ighodaro,1610612756,PHX,F,23.0,77,74,0.427,194,333,0.583,0.632,-0.049,2025-26,Regular Season,Less Than 6Ft
1629675,Naz Reid,1610612750,MIN,C-F,26.0,74,72,0.437,196,331,0.592,0.642,-0.05,2025-26,Regular Season,Less Than 6Ft
1628969,Mikal Bridges,1610612752,NYK,G-F,29.0,77,76,0.368,210,331,0.634,0.636,-0.002,2025-26,Regular Season,Less Than 6Ft
1631105,Jalen Duren,1610612765,DET,C,22.0,66,66,0.386,193,330,0.585,0.644,-0.059,2025-26,Regular Season,Less Than 6Ft
1629023,P.J. Washington,1610612742,DAL,F,27.0,55,54,0.409,189,329,0.574,0.645,-0.071,2025-26,Regular Season,Less Than 6Ft
1628976,Wendell Carter Jr.,1610612753,ORL,C-F,26.0,73,71,0.349,197,328,0.601,0.649,-0.049,2025-26,Regular Season,Less Than 6Ft
1626220,Royce O'Neale,1610612756,PHX,F,32.0,74,73,0.396,202,319,0.633,0.643,-0.01,2025-26,Regular Season,Less Than 6Ft
1628436,Luke Kornet,1610612759,SAS,C-F,30.0,64,63,0.338,182,318,0.572,0.646,-0.074,2025-26,Regular Season,Less Than 6Ft
1630572,Sandro Mamukelashvili,1610612761,TOR,F-C,26.0,74,73,0.401,192,316,0.608,0.63,-0.023,2025-26,Regular Season,Less Than 6Ft
201572,Brook Lopez,1610612746,LAC,C,38.0,70,68,0.406,169,315,0.537,0.644,-0.108,2025-26,Regular Season,Less Than 6Ft
1641750,Ryan Kalkbrenner,1610612766,CHA,C,24.0,65,62,0.389,173,312,0.554,0.646,-0.092,2025-26,Regular Season,Less Than 6Ft
1626157,Karl-Anthony Towns,1610612752,NYK,C-F,30.0,71,70,0.319,193,308,0.627,0.65,-0.023,2025-26,Regular Season,Less Than 6Ft
1631221,Collin Gillespie,1610612756,PHX,G,26.0,76,75,0.36,202,307,0.658,0.637,0.021,2025-26,Regular Season,Less Than 6Ft
1628404,Josh Hart,1610612752,NYK,G,31.0,63,61,0.346,208,307,0.678,0.644,0.034,2025-26,Regular Season,Less Than 6Ft
1631108,Max Christie,1610612742,DAL,G,23.0,72,69,0.36,199,306,0.65,0.632,0.018,2025-26,Regular Season,Less Than 6Ft
201935,James Harden,1610612739,CLE,G,36.0,67,66,0.365,204,305,0.669,0.635,0.034,2025-26,Regular Season,Less Than 6Ft
201142,Kevin Durant,1610612745,HOU,F,37.0,74,69,0.344,165,302,0.546,0.641,-0.095,2025-26,Regular Season,Less Than 6Ft
1631170,Jaime Jaquez Jr.,1610612748,MIA,G,25.0,70,67,0.344,181,302,0.599,0.633,-0.034,2025-26,Regular Season,Less Than 6Ft
1628983,Shai Gilgeous-Alexander,1610612760,OKC,G,27.0,65,64,0.384,166,302,0.55,0.633,-0.083,2025-26,Regular Season,Less Than 6Ft
1630595,Cade Cunningham,1610612765,DET,G,24.0,61,58,0.352,168,299,0.562,0.626,-0.065,2025-26,Regular Season,Less Than 6Ft
1630173,Precious Achiuwa,1610612758,SAC,F,26.0,68,63,0.386,183,297,0.616,0.646,-0.03,2025-26,Regular Season,Less Than 6Ft
203468,CJ McCollum,1610612737,ATL,G,34.0,73,70,0.331,190,294,0.646,0.629,0.018,2025-26,Regular Season,Less Than 6Ft
1641764,Brandin Podziemski,1610612744,GSW,G,23.0,77,74,0.403,186,294,0.633,0.639,-0.006,2025-26,Regular Season,Less Than 6Ft
203110,Draymond Green,1610612744,GSW,F,36.0,64,63,0.364,169,293,0.577,0.647,-0.07,2025-26,Regular Season,Less Than 6Ft
1628970,Miles Bridges,1610612766,CHA,F,28.0,73,69,0.344,176,292,0.603,0.638,-0.035,2025-26,Regular Season,Less Than 6Ft
201942,DeMar DeRozan,1610612758,SAC,G-F,36.0,76,75,0.408,194,291,0.667,0.648,0.019,2025-26,Regular Season,Less Than 6Ft
1641710,Anthony Black,1610612753,ORL,G,22.0,59,58,0.367,190,289,0.657,0.626,0.031,2025-26,Regular Season,Less Than 6Ft
1630581,Josh Giddey,1610612741,CHI,G,23.0,53,53,0.392,187,287,0.652,0.634,0.017,2025-26,Regular Season,Less Than 6Ft
1628386,Jarrett Allen,1610612739,CLE,C,27.0,54,54,0.414,162,285,0.568,0.649,-0.08,2025-26,Regular Season,Less Than 6Ft
1641706,Brandon Miller,1610612766,CHA,F,23.0,61,59,0.386,159,285,0.558,0.633,-0.075,2025-26,Regular Season,Less Than 6Ft
1630230,Naji Marshall,1610612742,DAL,F,28.0,72,69,0.365,181,283,0.64,0.639,0.001,2025-26,Regular Season,Less Than 6Ft
1628973,Jalen Brunson,1610612752,NYK,G,29.0,69,67,0.315,202,282,0.716,0.629,0.087,2025-26,Regular Season,Less Than 6Ft
1629111,Jock Landale,1610612737,ATL,C,30.0,68,66,0.433,171,278,0.615,0.646,-0.03,2025-26,Regular Season,Less Than 6Ft
1631230,Dominick Barlow,1610612755,PHI,F,22.0,65,64,0.369,147,277,0.531,0.632,-0.102,2025-26,Regular Season,Less Than 6Ft
1626171,Bobby Portis,1610612749,MIL,F,31.0,67,67,0.392,193,274,0.704,0.641,0.064,2025-26,Regular Season,Less Than 6Ft
1641716,Jarace Walker,1610612754,IND,F,22.0,73,68,0.434,177,274,0.646,0.632,0.014,2025-26,Regular Season,Less Than 6Ft
1629655,Daniel Gafford,1610612742,DAL,F-C,27.0,54,54,0.399,151,273,0.553,0.652,-0.099,2025-26,Regular Season,Less Than 6Ft
1630551,Justin Champagnie,1610612764,WAS,G-F,24.0,63,55,0.454,178,272,0.654,0.636,0.018,2025-26,Regular Season,Less Than 6Ft
203952,Andrew Wiggins,1610612748,MIA,F,31.0,63,61,0.309,183,272,0.673,0.64,0.033,2025-26,Regular Season,Less Than 6Ft
1627826,Ivica Zubac,1610612754,IND,C,29.0,48,48,0.369,143,272,0.526,0.65,-0.124,2025-26,Regular Season,Less Than 6Ft
1630166,Deni Avdija,1610612757,POR,F,25.0,62,61,0.371,159,271,0.587,0.628,-0.041,2025-26,Regular Season,Less Than 6Ft
1630178,Tyrese Maxey,1610612755,PHI,G,25.0,65,64,0.325,177,269,0.658,0.631,0.027,2025-26,Regular Season,Less Than 6Ft
1642273,Kyshawn George,1610612764,WAS,F,22.0,48,48,0.354,165,268,0.616,0.642,-0.026,2025-26,Regular Season,Less Than 6Ft
1630559,Austin Reaves,1610612747,LAL,G,27.0,51,50,0.379,179,266,0.673,0.637,0.036,2025-26,Regular Season,Less Than 6Ft
1630193,Immanuel Quickley,1610612761,TOR,G,26.0,67,66,0.361,164,265,0.619,0.63,-0.012,2025-26,Regular Season,Less Than 6Ft
1628991,Jaren Jackson Jr.,1610612762,UTA,F-C,26.0,48,46,0.37,149,265,0.562,0.632,-0.069,2025-26,Regular Season,Less Than 6Ft
203954,Joel Embiid,1610612755,PHI,C-F,32.0,37,37,0.437,155,265,0.585,0.643,-0.059,2025-26,Regular Season,Less Than 6Ft
1627742,Brandon Ingram,1610612761,TOR,F,28.0,71,69,0.35,147,263,0.559,0.631,-0.072,2025-26,Regular Season,Less Than 6Ft
1641717,Cason Wallace,1610612760,OKC,G,22.0,74,73,0.3,154,263,0.586,0.631,-0.046,2025-26,Regular Season,Less Than 6Ft
1631260,AJ Green,1610612749,MIL,G,26.0,73,68,0.303,170,262,0.649,0.632,0.017,2025-26,Regular Season,Less Than 6Ft
1631212,Peyton Watson,1610612743,DEN,G,23.0,54,51,0.372,163,262,0.622,0.634,-0.012,2025-26,Regular Season,Less Than 6Ft
1642366,Quinten Post,1610612744,GSW,C,26.0,67,63,0.382,148,258,0.574,0.634,-0.06,2025-26,Regular Season,Less Than 6Ft
1642363,Nique Clifford,1610612758,SAC,G,24.0,71,68,0.366,166,257,0.646,0.632,0.014,2025-26,Regular Season,Less Than 6Ft
1642267,Bub Carrington,1610612764,WAS,G,20.0,76,69,0.378,170,256,0.664,0.633,0.031,2025-26,Regular Season,Less Than 6Ft
1642846,Ace Bailey,1610612762,UTA,F,19.0,68,66,0.365,163,255,0.639,0.638,0.001,2025-26,Regular Season,Less Than 6Ft
1641708,Amen Thompson,1610612745,HOU,G-F,23.0,75,74,0.342,156,255,0.612,0.633,-0.021,2025-26,Regular Season,Less Than 6Ft
1628384,OG Anunoby,1610612752,NYK,F-G,28.0,63,63,0.314,165,254,0.65,0.638,0.012,2025-26,Regular Season,Less Than 6Ft
1630577,Julian Champagnie,1610612759,SAS,F,24.0,77,72,0.326,155,253,0.613,0.628,-0.015,2025-26,Regular Season,Less Than 6Ft
1642377,Jaylen Wells,1610612763,MEM,F,22.0,69,66,0.345,159,251,0.633,0.634,-0.001,2025-26,Regular Season,Less Than 6Ft
1630217,Desmond Bane,1610612753,ORL,G,27.0,77,73,0.305,161,250,0.644,0.634,0.01,2025-26,Regular Season,Less Than 6Ft
1642274,Yves Missi,1610612740,NOP,C,21.0,65,59,0.364,131,250,0.524,0.642,-0.118,2025-26,Regular Season,Less Than 6Ft
1642285,Cam Spencer,1610612763,MEM,G,25.0,71,64,0.414,164,250,0.656,0.629,0.027,2025-26,Regular Season,Less Than 6Ft
201566,Russell Westbrook,1610612758,SAC,G,37.0,64,62,0.426,173,249,0.695,0.645,0.05,2025-26,Regular Season,Less Than 6Ft
1629130,Duncan Robinson,1610612765,DET,F,31.0,73,70,0.345,139,249,0.558,0.626,-0.068,2025-26,Regular Season,Less Than 6Ft
1630611,Gui Santos,1610612744,GSW,F,23.0,62,58,0.405,168,246,0.683,0.632,0.051,2025-26,Regular Season,Less Than 6Ft
1626164,Devin Booker,1610612756,PHX,G,29.0,61,58,0.36,146,245,0.596,0.635,-0.039,2025-26,Regular Season,Less Than 6Ft
1630573,Sam Hauser,1610612738,BOS,F,28.0,74,70,0.341,146,245,0.596,0.633,-0.037,2025-26,Regular Season,Less Than 6Ft
1629008,Michael Porter Jr.,1610612751,BKN,F,27.0,52,51,0.444,163,242,0.674,0.638,0.035,2025-26,Regular Season,Less Than 6Ft
1630162,Anthony Edwards,1610612750,MIN,G,24.0,60,57,0.351,156,242,0.645,0.639,0.006,2025-26,Regular Season,Less Than 6Ft
1630583,Santi Aldama,1610612763,MEM,F-C,25.0,43,42,0.398,148,241,0.614,0.64,-0.026,2025-26,Regular Season,Less Than 6Ft
1627739,Kris Dunn,1610612746,LAC,G,32.0,77,74,0.294,152,239,0.636,0.632,0.004,2025-26,Regular Season,Less Than 6Ft
1627751,Jakob Poeltl,1610612761,TOR,C,30.0,40,40,0.449,153,238,0.643,0.641,0.002,2025-26,Regular Season,Less Than 6Ft
1642883,Sion James,1610612766,CHA,G,23.0,78,73,0.335,132,237,0.557,0.642,-0.085,2025-26,Regular Season,Less Than 6Ft
1630543,Isaiah Jackson,1610612746,LAC,F,24.0,55,52,0.479,148,237,0.624,0.642,-0.017,2025-26,Regular Season,Less Than 6Ft
1629628,RJ Barrett,1610612761,TOR,F-G,25.0,52,49,0.374,143,236,0.606,0.637,-0.031,2025-26,Regular Season,Less Than 6Ft
1629614,Andrew Nembhard,1610612754,IND,G-F,26.0,57,56,0.367,159,236,0.674,0.635,0.039,2025-26,Regular Season,Less Than 6Ft
1641718,Keyonte George,1610612762,UTA,G,22.0,53,51,0.346,184,234,0.786,0.638,0.148,2025-26,Regular Season,Less Than 6Ft
1630541,Moses Moody,1610612744,GSW,G,23.0,60,57,0.375,141,234,0.603,0.633,-0.03,2025-26,Regular Season,Less Than 6Ft
1629656,Quentin Grimes,1610612755,PHI,G,25.0,69,66,0.341,148,234,0.632,0.626,0.007,2025-26,Regular Season,Less Than 6Ft
1628971,Bruce Brown,1610612743,DEN,G-F,29.0,77,72,0.299,158,230,0.687,0.632,0.055,2025-26,Regular Season,Less Than 6Ft
1630249,Vít Krejčí,1610612757,POR,G,25.0,64,62,0.419,136,229,0.594,0.615,-0.022,2025-26,Regular Season,Less Than 6Ft
1642264,Stephon Castle,1610612759,SAS,G,21.0,65,64,0.314,137,228,0.601,0.636,-0.035,2025-26,Regular Season,Less Than 6Ft
1628989,Kevin Huerter,1610612765,DET,G-F,27.0,65,62,0.379,136,227,0.599,0.63,-0.031,2025-26,Regular Season,Less Than 6Ft
202695,Kawhi Leonard,1610612746,LAC,F,34.0,61,59,0.36,165,227,0.727,0.646,0.081,2025-26,Regular Season,Less Than 6Ft
1642907,Cedric Coward,1610612763,MEM,G,22.0,58,57,0.341,130,227,0.573,0.636,-0.064,2025-26,Regular Season,Less Than 6Ft
1641783,Tristan da Silva,1610612753,ORL,F,24.0,72,68,0.325,143,226,0.633,0.63,0.003,2025-26,Regular Season,Less Than 6Ft
1641709,Ausar Thompson,1610612765,DET,G-F,23.0,67,65,0.32,126,224,0.563,0.634,-0.072,2025-26,Regular Season,Less Than 6Ft
1630558,Davion Mitchell,1610612748,MIA,G,27.0,66,63,0.304,147,224,0.656,0.634,0.022,2025-26,Regular Season,Less Than 6Ft
1642266,Ja'Kobe Walter,1610612761,TOR,G,21.0,66,65,0.401,134,224,0.598,0.63,-0.032,2025-26,Regular Season,Less Than 6Ft
1642856,Egor Dëmin,1610612751,BKN,G,20.0,52,51,0.446,139,224,0.621,0.63,-0.009,2025-26,Regular Season,Less Than 6Ft
1631165,Keon Ellis,1610612739,CLE,G,26.0,68,62,0.368,137,223,0.614,0.634,-0.019,2025-26,Regular Season,Less Than 6Ft
1631119,Jaylin Williams,1610612760,OKC,F,23.0,62,58,0.333,127,223,0.57,0.637,-0.067,2025-26,Regular Season,Less Than 6Ft
1630591,Jalen Suggs,1610612753,ORL,G,24.0,52,51,0.379,145,223,0.65,0.638,0.012,2025-26,Regular Season,Less Than 6Ft
1628381,John Collins,1610612746,LAC,F-C,28.0,64,62,0.311,132,223,0.592,0.645,-0.053,2025-26,Regular Season,Less Than 6Ft
1642874,Danny Wolf,1610612751,BKN,F,21.0,55,53,0.448,129,222,0.581,0.631,-0.05,2025-26,Regular Season,Less Than 6Ft
1642258,Zaccharie Risacher,1610612737,ATL,F,20.0,64,59,0.363,144,222,0.649,0.634,0.014,2025-26,Regular Season,Less Than 6Ft
1630202,Payton Pritchard,1610612738,BOS,G,28.0,75,72,0.295,144,222,0.649,0.625,0.024,2025-26,Regular Season,Less Than 6Ft
1628398,Kyle Kuzma,1610612749,MIL,F,30.0,67,63,0.353,127,222,0.572,0.634,-0.062,2025-26,Regular Season,Less Than 6Ft
1630171,Isaac Okoro,1610612741,CHI,F-G,25.0,59,57,0.339,128,222,0.577,0.638,-0.061,2025-26,Regular Season,Less Than 6Ft
203083,Andre Drummond,1610612755,PHI,C,32.0,57,54,0.394,155,222,0.698,0.658,0.04,2025-26,Regular Season,Less Than 6Ft
1630180,Saddiq Bey,1610612740,NOP,G-F,26.0,71,70,0.345,150,220,0.682,0.648,0.034,2025-26,Regular Season,Less Than 6Ft
203501,Tim Hardaway Jr.,1610612743,DEN,G-F,34.0,76,70,0.305,159,220,0.723,0.632,0.09,2025-26,Regular Season,Less Than 6Ft
1630191,Isaiah Stewart,1610612765,DET,F-C,24.0,55,54,0.353,108,220,0.491,0.632,-0.141,2025-26,Regular Season,Less Than 6Ft
1629611,Terance Mann,1610612751,BKN,G-F,29.0,62,59,0.392,139,219,0.635,0.628,0.007,2025-26,Regular Season,Less Than 6Ft
1641737,Adem Bona,1610612755,PHI,F,23.0,66,61,0.409,126,219,0.575,0.651,-0.076,2025-26,Regular Season,Less Than 6Ft
1630163,LaMelo Ball,1610612766,CHA,G,24.0,68,62,0.403,143,219,0.653,0.623,0.03,2025-26,Regular Season,Less Than 6Ft
1642281,Jaylon Tyson,1610612739,CLE,G-F,23.0,64,61,0.306,126,216,0.583,0.621,-0.038,2025-26,Regular Season,Less Than 6Ft
1628963,Marvin Bagley III,1610612742,DAL,F,27.0,56,54,0.381,126,215,0.586,0.649,-0.063,2025-26,Regular Season,Less Than 6Ft
1641729,Brice Sensabaugh,1610612762,UTA,F,22.0,70,64,0.339,154,214,0.72,0.635,0.085,2025-26,Regular Season,Less Than 6Ft
1641765,Olivier-Maxence Prosper,1610612763,MEM,F,23.0,45,43,0.469,135,214,0.631,0.644,-0.013,2025-26,Regular Season,Less Than 6Ft
1628379,Luke Kennard,1610612747,LAL,G,29.0,72,67,0.383,140,214,0.654,0.625,0.029,2025-26,Regular Season,Less Than 6Ft
1630549,Day'Ron Sharpe,1610612751,BKN,C,24.0,62,61,0.431,134,213,0.629,0.631,-0.001,2025-26,Regular Season,Less Than 6Ft
1630245,Ayo Dosunmu,1610612750,MIN,G,26.0,66,63,0.369,121,212,0.571,0.628,-0.057,2025-26,Regular Season,Less Than 6Ft
1630170,Devin Vassell,1610612759,SAS,G-F,25.0,62,60,0.367,132,212,0.623,0.638,-0.016,2025-26,Regular Season,Less Than 6Ft
1630200,Tre Jones,1610612741,CHI,G,26.0,59,56,0.381,144,212,0.679,0.627,0.052,2025-26,Regular Season,Less Than 6Ft
1630568,Luka Garza,1610612738,BOS,C,27.0,65,62,0.384,133,210,0.633,0.642,-0.009,2025-26,Regular Season,Less Than 6Ft
1627759,Jaylen Brown,1610612738,BOS,G-F,29.0,68,65,0.274,119,210,0.567,0.622,-0.056,2025-26,Regular Season,Less Than 6Ft
1641707,Taylor Hendricks,1610612763,MEM,F,22.0,54,53,0.459,129,210,0.614,0.641,-0.027,2025-26,Regular Season,Less Than 6Ft
202699,Tobias Harris,1610612765,DET,F,33.0,59,56,0.349,124,209,0.593,0.632,-0.039,2025-26,Regular Season,Less Than 6Ft
1642262,Cody Williams,1610612762,UTA,F,21.0,60,53,0.404,128,209,0.612,0.641,-0.029,2025-26,Regular Season,Less Than 6Ft
2544,LeBron James,1610612747,LAL,F,41.0,56,55,0.385,128,207,0.618,0.636,-0.017,2025-26,Regular Season,Less Than 6Ft
1642860,Will Riley,1610612764,WAS,F,20.0,65,58,0.436,137,206,0.665,0.627,0.038,2025-26,Regular Season,Less Than 6Ft
1641796,Pelle Larsson,1610612748,MIA,G,25.0,65,57,0.311,128,206,0.621,0.632,-0.011,2025-26,Regular Season,Less Than 6Ft
1629014,Anfernee Simons,1610612741,CHI,G,26.0,55,54,0.419,129,205,0.629,0.626,0.004,2025-26,Regular Season,Less Than 6Ft
1641854,Craig Porter Jr.,1610612739,CLE,G,26.0,59,54,0.413,118,205,0.576,0.623,-0.047,2025-26,Regular Season,Less Than 6Ft
1629060,Rui Hachimura,1610612747,LAL,F,28.0,63,59,0.343,139,204,0.681,0.642,0.04,2025-26,Regular Season,Less Than 6Ft
1642867,Collin Murray-Boyles,1610612761,TOR,F,20.0,52,47,0.384,126,203,0.621,0.644,-0.023,2025-26,Regular Season,Less Than 6Ft
1642848,Tre Johnson,1610612764,WAS,G,20.0,58,56,0.417,131,203,0.645,0.619,0.027,2025-26,Regular Season,Less Than 6Ft
1630314,Brandon Williams,1610612742,DAL,G,26.0,65,62,0.354,129,203,0.635,0.622,0.013,2025-26,Regular Season,Less Than 6Ft
1628368,De'Aaron Fox,1610612759,SAS,G,28.0,67,61,0.268,134,202,0.663,0.628,0.035,2025-26,Regular Season,Less Than 6Ft
1629011,Mitchell Robinson,1610612752,NYK,C-F,28.0,56,52,0.39,126,201,0.627,0.638,-0.011,2025-26,Regular Season,Less Than 6Ft
1629731,Dean Wade,1610612739,CLE,F-C,29.0,56,53,0.365,120,201,0.597,0.631,-0.034,2025-26,Regular Season,Less Than 6Ft
1641757,Jordan Miller,1610612746,LAC,G,26.0,54,52,0.399,118,201,0.587,0.625,-0.037,2025-26,Regular Season,Less Than 6Ft
1628378,Donovan Mitchell,1610612739,CLE,G,29.0,68,67,0.305,118,201,0.587,0.637,-0.05,2025-26,Regular Season,Less Than 6Ft
1629723,John Konchar,1610612762,UTA,G,30.0,50,49,0.46,141,201,0.701,0.64,0.062,2025-26,Regular Season,Less Than 6Ft
203994,Jusuf Nurkić,1610612762,UTA,C,31.0,41,41,0.357,120,199,0.603,0.66,-0.057,2025-26,Regular Season,Less Than 6Ft
1630529,Herbert Jones,1610612740,NOP,F,27.0,55,53,0.393,120,199,0.603,0.646,-0.043,2025-26,Regular Season,Less Than 6Ft
1629627,Zion Williamson,1610612740,NOP,F,25.0,61,58,0.309,122,198,0.616,0.64,-0.024,2025-26,Regular Season,Less Than 6Ft
1631255,Karlo Matković,1610612740,NOP,F-C,25.0,61,57,0.436,109,198,0.551,0.642,-0.091,2025-26,Regular Season,Less Than 6Ft
1626162,Kelly Oubre Jr.,1610612755,PHI,F-G,30.0,45,43,0.348,129,196,0.658,0.635,0.023,2025-26,Regular Season,Less Than 6Ft
1630695,Micah Potter,1610612754,IND,C,27.0,40,38,0.457,130,196,0.663,0.642,0.021,2025-26,Regular Season,Less Than 6Ft
1641774,Tristan Vukcevic,1610612764,WAS,F,23.0,48,42,0.476,121,196,0.617,0.645,-0.027,2025-26,Regular Season,Less Than 6Ft
1629640,Keldon Johnson,1610612759,SAS,F-G,26.0,77,71,0.342,120,196,0.612,0.64,-0.028,2025-26,Regular Season,Less Than 6Ft
1630174,Aaron Nesmith,1610612754,IND,G-F,26.0,45,43,0.353,114,195,0.585,0.644,-0.06,2025-26,Regular Season,Less Than 6Ft
1628415,Dillon Brooks,1610612756,PHX,G-F,30.0,52,52,0.317,126,194,0.649,0.634,0.015,2025-26,Regular Season,Less Than 6Ft
1630194,Paul Reed,1610612765,DET,F,26.0,58,50,0.448,112,194,0.577,0.641,-0.064,2025-26,Regular Season,Less Than 6Ft
1630172,Patrick Williams,1610612741,CHI,F,24.0,66,60,0.372,130,191,0.681,0.642,0.038,2025-26,Regular Season,Less Than 6Ft
1641731,Bilal Coulibaly,1610612764,WAS,G,21.0,53,49,0.439,115,191,0.602,0.643,-0.041,2025-26,Regular Season,Less Than 6Ft
1641713,GG Jackson,1610612763,MEM,F,21.0,48,47,0.397,122,191,0.639,0.637,0.002,2025-26,Regular Season,Less Than 6Ft
1629652,Luguentz Dort,1610612760,OKC,G,26.0,64,58,0.285,108,190,0.568,0.636,-0.068,2025-26,Regular Season,Less Than 6Ft
1630311,Pat Spencer,1610612744,GSW,G,29.0,55,53,0.453,125,189,0.661,0.633,0.028,2025-26,Regular Season,Less Than 6Ft
201143,Al Horford,1610612744,GSW,C-F,39.0,43,41,0.383,110,189,0.582,0.635,-0.053,2025-26,Regular Season,Less Than 6Ft
1630188,Jalen Smith,1610612741,CHI,F-C,26.0,52,51,0.389,99,189,0.524,0.637,-0.113,2025-26,Regular Season,Less Than 6Ft
1629048,Goga Bitadze,1610612753,ORL,C-F,26.0,58,53,0.428,106,186,0.57,0.636,-0.066,2025-26,Regular Season,Less Than 6Ft
1641842,Ronald Holland II,1610612765,DET,F,20.0,73,67,0.368,108,186,0.581,0.628,-0.048,2025-26,Regular Season,Less Than 6Ft
1642364,Jamir Watkins,1610612764,WAS,F,24.0,41,40,0.474,116,184,0.63,0.64,-0.009,2025-26,Regular Season,Less Than 6Ft
1631101,Shaedon Sharpe,1610612757,POR,G,22.0,48,45,0.368,132,184,0.717,0.629,0.089,2025-26,Regular Season,Less Than 6Ft
1630598,Aaron Wiggins,1610612760,OKC,G,27.0,60,58,0.327,113,183,0.617,0.638,-0.021,2025-26,Regular Season,Less Than 6Ft
1642954,Will Richard,1610612744,GSW,G,23.0,64,59,0.345,116,183,0.634,0.615,0.019,2025-26,Regular Season,Less Than 6Ft
1629057,Robert Williams III,1610612757,POR,C-F,28.0,55,51,0.356,93,182,0.511,0.643,-0.133,2025-26,Regular Season,Less Than 6Ft
203114,Khris Middleton,1610612742,DAL,F,34.0,58,57,0.35,107,181,0.591,0.641,-0.05,2025-26,Regular Season,Less Than 6Ft
1642346,Ryan Dunn,1610612756,PHX,F,23.0,66,56,0.364,103,181,0.569,0.632,-0.063,2025-26,Regular Season,Less Than 6Ft
1629750,Javonte Green,1610612765,DET,G,32.0,76,71,0.378,103,180,0.572,0.64,-0.068,2025-26,Regular Season,Less Than 6Ft
1631097,Bennedict Mathurin,1610612746,LAC,G-F,23.0,49,49,0.377,107,180,0.594,0.639,-0.045,2025-26,Regular Season,Less Than 6Ft
203471,Dennis Schröder,1610612739,CLE,G,32.0,66,62,0.307,120,179,0.67,0.629,0.041,2025-26,Regular Season,Less Than 6Ft
1629637,Jaxson Hayes,1610612747,LAL,C-F,25.0,65,52,0.328,115,179,0.642,0.642,0.0,2025-26,Regular Season,Less Than 6Ft
203991,Clint Capela,1610612745,HOU,C,31.0,69,62,0.415,85,179,0.475,0.642,-0.167,2025-26,Regular Season,Less Than 6Ft
1630538,Bones Hyland,1610612750,MIN,G,25.0,66,57,0.393,116,179,0.648,0.628,0.02,2025-26,Regular Season,Less Than 6Ft
1631248,Baylor Scheierman,1610612738,BOS,G,25.0,69,60,0.357,102,178,0.573,0.626,-0.053,2025-26,Regular Season,Less Than 6Ft
1630533,Ziaire Williams,1610612751,BKN,F,24.0,55,54,0.345,118,178,0.663,0.631,0.032,2025-26,Regular Season,Less Than 6Ft
1627824,Guerschon Yabusele,1610612741,CHI,F,30.0,63,50,0.443,112,177,0.633,0.646,-0.013,2025-26,Regular Season,Less Than 6Ft
203084,Harrison Barnes,1610612759,SAS,F,33.0,72,66,0.277,112,176,0.636,0.641,-0.005,2025-26,Regular Season,Less Than 6Ft
1630208,Nick Richards,1610612741,CHI,C,28.0,47,40,0.447,121,176,0.688,0.653,0.035,2025-26,Regular Season,Less Than 6Ft
1642383,Walter Clayton Jr.,1610612763,MEM,G,23.0,65,58,0.299,119,175,0.68,0.624,0.056,2025-26,Regular Season,Less Than 6Ft
1641775,Jordan Walsh,1610612738,BOS,G,22.0,60,52,0.4,96,174,0.552,0.615,-0.063,2025-26,Regular Season,Less Than 6Ft
203924,Jerami Grant,1610612757,POR,F,32.0,57,55,0.34,115,174,0.661,0.629,0.032,2025-26,Regular Season,Less Than 6Ft
1642268,Isaiah Collier,1610612762,UTA,G,21.0,58,57,0.315,122,174,0.701,0.639,0.062,2025-26,Regular Season,Less Than 6Ft
1642849,Nolan Traore,1610612751,BKN,G,19.0,52,48,0.394,116,173,0.671,0.634,0.036,2025-26,Regular Season,Less Than 6Ft
1630696,Dru Smith,1610612748,MIA,G,28.0,69,61,0.333,106,173,0.613,0.624,-0.011,2025-26,Regular Season,Less Than 6Ft
1631128,Christian Braun,1610612743,DEN,G,24.0,41,41,0.332,117,172,0.68,0.642,0.038,2025-26,Regular Season,Less Than 6Ft
1631107,Nikola Jović,1610612748,MIA,F,22.0,44,40,0.42,104,172,0.605,0.631,-0.026,2025-26,Regular Season,Less Than 6Ft
1628374,Lauri Markkanen,1610612762,UTA,F-C,28.0,42,41,0.338,109,172,0.634,0.64,-0.006,2025-26,Regular Season,Less Than 6Ft
1642450,Daniss Jenkins,1610612765,DET,G,24.0,64,52,0.371,119,172,0.692,0.629,0.063,2025-26,Regular Season,Less Than 6Ft
1629645,Kevin Porter Jr.,1610612749,MIL,G-F,25.0,38,37,0.319,99,170,0.582,0.633,-0.051,2025-26,Regular Season,Less Than 6Ft
1630692,Jordan Goodwin,1610612756,PHX,G,27.0,67,61,0.338,108,170,0.635,0.624,0.011,2025-26,Regular Season,Less Than 6Ft
1628960,Grayson Allen,1610612756,PHX,G,30.0,48,46,0.312,108,169,0.639,0.627,0.012,2025-26,Regular Season,Less Than 6Ft
1629661,Cameron Johnson,1610612743,DEN,F,30.0,51,50,0.312,110,168,0.655,0.634,0.021,2025-26,Regular Season,Less Than 6Ft
1631243,Mouhamed Gueye,1610612737,ATL,F,23.0,72,59,0.357,97,168,0.577,0.644,-0.066,2025-26,Regular Season,Less Than 6Ft
203939,Dwight Powell,1610612742,DAL,F-C,34.0,52,44,0.393,102,167,0.611,0.647,-0.036,2025-26,Regular Season,Less Than 6Ft
1631106,Tari Eason,1610612745,HOU,F,24.0,55,51,0.33,107,166,0.645,0.64,0.005,2025-26,Regular Season,Less Than 6Ft
1642928,Dylan Cardwell,1610612758,SAC,C,24.0,40,38,0.425,90,166,0.542,0.636,-0.093,2025-26,Regular Season,Less Than 6Ft
1626181,Norman Powell,1610612748,MIA,G,32.0,54,51,0.35,116,165,0.703,0.638,0.065,2025-26,Regular Season,Less Than 6Ft
1642272,Jared McCain,1610612760,OKC,G,22.0,61,52,0.378,97,164,0.591,0.629,-0.038,2025-26,Regular Season,Less Than 6Ft
1629001,De'Anthony Melton,1610612744,GSW,G,27.0,44,43,0.426,111,164,0.677,0.632,0.044,2025-26,Regular Season,Less Than 6Ft
1628418,Thomas Bryant,1610612739,CLE,C-F,28.0,55,48,0.445,94,163,0.577,0.637,-0.06,2025-26,Regular Season,Less Than 6Ft
1630198,Isaiah Joe,1610612760,OKC,G,26.0,68,61,0.321,104,163,0.638,0.639,-0.001,2025-26,Regular Season,Less Than 6Ft
1628392,Isaiah Hartenstein,1610612760,OKC,C-F,27.0,44,40,0.305,81,162,0.5,0.647,-0.147,2025-26,Regular Season,Less Than 6Ft
201950,Jrue Holiday,1610612757,POR,G,35.0,49,45,0.314,99,161,0.615,0.633,-0.018,2025-26,Regular Season,Less Than 6Ft
1629006,Josh Okogie,1610612745,HOU,G,27.0,70,57,0.389,97,161,0.602,0.624,-0.022,2025-26,Regular Season,Less Than 6Ft
201587,Nicolas Batum,1610612746,LAC,G-F,37.0,69,61,0.384,98,161,0.609,0.622,-0.013,2025-26,Regular Season,Less Than 6Ft
203935,Marcus Smart,1610612747,LAL,G,32.0,60,56,0.274,102,160,0.638,0.627,0.011,2025-26,Regular Season,Less Than 6Ft
1631099,Keegan Murray,1610612758,SAC,F,25.0,23,23,0.5,98,160,0.613,0.638,-0.026,2025-26,Regular Season,Less Than 6Ft
1629012,Collin Sexton,1610612741,CHI,G,27.0,62,57,0.313,96,159,0.604,0.629,-0.025,2025-26,Regular Season,Less Than 6Ft
1631200,Kris Murray,1610612757,POR,F,25.0,53,50,0.399,87,158,0.551,0.626,-0.075,2025-26,Regular Season,Less Than 6Ft
1642347,Jamal Shead,1610612761,TOR,G,23.0,76,64,0.277,110,157,0.701,0.622,0.078,2025-26,Regular Season,Less Than 6Ft
202691,Klay Thompson,1610612742,DAL,G,36.0,66,60,0.363,84,156,0.538,0.626,-0.087,2025-26,Regular Season,Less Than 6Ft
1628997,Caleb Martin,1610612742,DAL,F,30.0,57,52,0.422,91,156,0.583,0.629,-0.045,2025-26,Regular Season,Less Than 6Ft
1630241,Sam Merrill,1610612739,CLE,G,29.0,50,48,0.333,105,155,0.677,0.643,0.034,2025-26,Regular Season,Less Than 6Ft
1629636,Darius Garland,1610612746,LAC,G,26.0,41,38,0.326,104,155,0.671,0.632,0.039,2025-26,Regular Season,Less Than 6Ft
204001,Kristaps Porziņģis,1610612744,GSW,F-C,30.0,29,29,0.387,87,155,0.561,0.651,-0.09,2025-26,Regular Season,Less Than 6Ft
1628370,Malik Monk,1610612758,SAC,G,28.0,59,52,0.357,98,154,0.636,0.62,0.016,2025-26,Regular Season,Less Than 6Ft
1631321,Sidy Cissoko,1610612757,POR,G,22.0,68,58,0.365,93,153,0.608,0.642,-0.034,2025-26,Regular Season,Less Than 6Ft
1630264,Anthony Gill,1610612764,WAS,F,33.0,41,34,0.419,100,152,0.658,0.639,0.019,2025-26,Regular Season,Less Than 6Ft
1629020,Jarred Vanderbilt,1610612747,LAL,F,27.0,59,52,0.435,102,151,0.675,0.644,0.031,2025-26,Regular Season,Less Than 6Ft
1641767,Ben Sheppard,1610612754,IND,G,24.0,65,62,0.326,94,149,0.631,0.63,0.001,2025-26,Regular Season,Less Than 6Ft
203500,Steven Adams,1610612745,HOU,C,32.0,32,32,0.378,97,149,0.651,0.646,0.005,2025-26,Regular Season,Less Than 6Ft
1631323,Simone Fontecchio,1610612748,MIA,F,30.0,66,58,0.336,85,149,0.57,0.629,-0.058,2025-26,Regular Season,Less Than 6Ft
1629631,De'Andre Hunter,1610612758,SAC,F-G,28.0,45,43,0.344,93,148,0.628,0.648,-0.02,2025-26,Regular Season,Less Than 6Ft
1627747,Caris LeVert,1610612765,DET,G,31.0,56,52,0.337,85,147,0.578,0.631,-0.053,2025-26,Regular Season,Less Than 6Ft
1630631,Jose Alvarado,1610612752,NYK,G,27.0,66,56,0.328,104,147,0.707,0.637,0.071,2025-26,Regular Season,Less Than 6Ft
1629632,Coby White,1610612766,CHA,G,26.0,47,40,0.349,85,146,0.582,0.631,-0.049,2025-26,Regular Season,Less Than 6Ft
1642869,Noah Penda,1610612753,ORL,G-F,21.0,54,50,0.424,91,146,0.623,0.638,-0.014,2025-26,Regular Season,Less Than 6Ft
1642962,Drake Powell,1610612751,BKN,G-F,20.0,57,51,0.428,94,145,0.648,0.62,0.028,2025-26,Regular Season,Less Than 6Ft
202685,Jonas Valančiūnas,1610612743,DEN,C,33.0,58,50,0.371,82,145,0.566,0.635,-0.069,2025-26,Regular Season,Less Than 6Ft
1627741,Buddy Hield,1610612737,ATL,G,33.0,50,48,0.389,84,143,0.587,0.612,-0.024,2025-26,Regular Season,Less Than 6Ft
1627780,Gary Payton II,1610612744,GSW,G,33.0,66,60,0.378,87,143,0.608,0.633,-0.025,2025-26,Regular Season,Less Than 6Ft
203903,Jordan Clarkson,1610612752,NYK,G,33.0,65,53,0.351,82,142,0.577,0.626,-0.048,2025-26,Regular Season,Less Than 6Ft
1642461,Spencer Jones,1610612743,DEN,F,24.0,62,49,0.279,88,141,0.624,0.639,-0.015,2025-26,Regular Season,Less Than 6Ft
202331,Paul George,1610612755,PHI,F,35.0,32,32,0.392,85,141,0.603,0.629,-0.026,2025-26,Regular Season,Less Than 6Ft
203897,Zach LaVine,1610612758,SAC,G,31.0,39,38,0.326,106,141,0.752,0.657,0.094,2025-26,Regular Season,Less Than 6Ft
1631121,Bryce McGowens,1610612740,NOP,G,23.0,40,36,0.381,103,141,0.73,0.654,0.076,2025-26,Regular Season,Less Than 6Ft
1642920,Kobe Sanders,1610612746,LAC,G,23.0,62,56,0.333,80,140,0.571,0.633,-0.062,2025-26,Regular Season,Less Than 6Ft
1642844,Dylan Harper,1610612759,SAS,G,20.0,64,54,0.32,80,139,0.576,0.624,-0.049,2025-26,Regular Season,Less Than 6Ft
1642864,Hugo González,1610612738,BOS,G,20.0,69,57,0.326,75,139,0.54,0.63,-0.091,2025-26,Regular Season,Less Than 6Ft
1642948,Ryan Nembhard,1610612742,DAL,G,23.0,56,47,0.351,79,137,0.577,0.628,-0.051,2025-26,Regular Season,Less Than 6Ft
1627734,Domantas Sabonis,1610612758,SAC,F-C,29.0,19,19,0.477,92,136,0.676,0.647,0.03,2025-26,Regular Season,Less Than 6Ft
1627884,Derrick Jones Jr.,1610612746,LAC,F,29.0,45,40,0.306,76,133,0.571,0.637,-0.066,2025-26,Regular Season,Less Than 6Ft
1631172,Ousmane Dieng,1610612749,MIL,F,22.0,52,41,0.336,89,133,0.669,0.629,0.04,2025-26,Regular Season,Less Than 6Ft
1642265,Rob Dillingham,1610612741,CHI,G,21.0,56,49,0.418,87,132,0.659,0.632,0.027,2025-26,Regular Season,Less Than 6Ft
1642857,Kasparas Jakučionis,1610612748,MIA,G,19.0,45,40,0.348,84,132,0.636,0.635,0.001,2025-26,Regular Season,Less Than 6Ft
201939,Stephen Curry,1610612744,GSW,G,38.0,39,38,0.337,79,131,0.603,0.625,-0.022,2025-26,Regular Season,Less Than 6Ft
1631169,Josh Minott,1610612751,BKN,F,23.0,46,41,0.374,74,131,0.565,0.643,-0.078,2025-26,Regular Season,Less Than 6Ft
202710,Jimmy Butler III,1610612744,GSW,F,36.0,38,36,0.349,91,131,0.695,0.637,0.058,2025-26,Regular Season,Less Than 6Ft
1631245,Quenton Jackson,1610612754,IND,G,27.0,41,36,0.378,73,129,0.566,0.635,-0.069,2025-26,Regular Season,Less Than 6Ft
1630192,Zeke Nnaji,1610612743,DEN,F-C,25.0,43,34,0.437,65,128,0.508,0.638,-0.13,2025-26,Regular Season,Less Than 6Ft
1641711,Gradey Dick,1610612761,TOR,G-F,22.0,65,56,0.338,91,128,0.711,0.615,0.096,2025-26,Regular Season,Less Than 6Ft
1642348,Justin Edwards,1610612755,PHI,F,22.0,50,38,0.419,86,127,0.677,0.619,0.059,2025-26,Regular Season,Less Than 6Ft
1631218,Trayce Jackson-Davis,1610612761,TOR,F,26.0,45,36,0.47,63,127,0.496,0.63,-0.134,2025-26,Regular Season,Less Than 6Ft
1630557,Corey Kispert,1610612737,ATL,F,27.0,55,46,0.303,72,126,0.571,0.625,-0.054,2025-26,Regular Season,Less Than 6Ft
203932,Aaron Gordon,1610612743,DEN,F,30.0,33,32,0.347,81,125,0.648,0.647,0.001,2025-26,Regular Season,Less Than 6Ft
203507,Giannis Antetokounmpo,1610612749,MIL,F,31.0,36,32,0.367,63,125,0.504,0.638,-0.134,2025-26,Regular Season,Less Than 6Ft
201144,Mike Conley,1610612750,MIN,G,38.0,50,45,0.347,78,125,0.624,0.622,0.002,2025-26,Regular Season,Less Than 6Ft
1630570,Trendon Watford,1610612755,PHI,G-F,25.0,49,42,0.344,81,124,0.653,0.637,0.016,2025-26,Regular Season,Less Than 6Ft
1629639,Tyler Herro,1610612748,MIA,G,26.0,30,30,0.358,76,124,0.613,0.622,-0.01,2025-26,Regular Season,Less Than 6Ft
1641712,Rayan Rupert,1610612763,MEM,G-F,21.0,55,43,0.386,77,123,0.626,0.617,0.009,2025-26,Regular Season,Less Than 6Ft
201567,Kevin Love,1610612762,UTA,F-C,37.0,35,33,0.447,86,123,0.699,0.653,0.046,2025-26,Regular Season,Less Than 6Ft
1630702,Jaden Hardy,1610612764,WAS,G,23.0,48,42,0.457,78,122,0.639,0.624,0.015,2025-26,Regular Season,Less Than 6Ft
1629004,Svi Mykhailiuk,1610612762,UTA,G-F,28.0,49,41,0.277,84,122,0.689,0.639,0.05,2025-26,Regular Season,Less Than 6Ft
1629673,Jordan Poole,1610612740,NOP,G,26.0,37,36,0.373,75,120,0.625,0.627,-0.002,2025-26,Regular Season,Less Than 6Ft
1630579,Jericho Sims,1610612749,MIL,C,27.0,59,48,0.29,77,120,0.642,0.65,-0.008,2025-26,Regular Season,Less Than 6Ft
203076,Anthony Davis,1610612764,WAS,F-C,33.0,20,20,0.383,66,120,0.55,0.645,-0.095,2025-26,Regular Season,Less Than 6Ft
1642879,Ben Saraf,1610612751,BKN,G,19.0,39,37,0.395,80,118,0.678,0.623,0.055,2025-26,Regular Season,Less Than 6Ft
1631246,Vince Williams Jr.,1610612762,UTA,G,25.0,40,35,0.331,71,118,0.602,0.642,-0.04,2025-26,Regular Season,Less Than 6Ft
1642277,Johnny Furphy,1610612754,IND,G,21.0,34,32,0.383,77,118,0.653,0.634,0.019,2025-26,Regular Season,Less Than 6Ft
1642349,Ajay Mitchell,1610612760,OKC,G,23.0,54,46,0.262,67,118,0.568,0.617,-0.049,2025-26,Regular Season,Less Than 6Ft
1630540,Miles McBride,1610612752,NYK,G,25.0,38,34,0.296,73,117,0.624,0.625,-0.001,2025-26,Regular Season,Less Than 6Ft
1629018,Gary Trent Jr.,1610612749,MIL,G,27.0,57,45,0.325,76,117,0.65,0.626,0.024,2025-26,Regular Season,Less Than 6Ft
1631250,Pete Nance,1610612749,MIL,F,26.0,36,31,0.395,73,116,0.629,0.632,-0.002,2025-26,Regular Season,Less Than 6Ft
1630560,Cam Thomas,1610612749,MIL,G,24.0,42,38,0.399,83,115,0.722,0.641,0.081,2025-26,Regular Season,Less Than 6Ft
1626145,Tyus Jones,1610612743,DEN,G,29.0,63,52,0.37,83,113,0.735,0.622,0.112,2025-26,Regular Season,Less Than 6Ft
1642914,Javon Small,1610612763,MEM,G,23.0,36,33,0.405,66,113,0.584,0.617,-0.033,2025-26,Regular Season,Less Than 6Ft
1642949,Yanic Konan Niederhäuser,1610612746,LAC,C,23.0,34,30,0.528,66,113,0.584,0.63,-0.046,2025-26,Regular Season,Less Than 6Ft
1629234,Drew Eubanks,1610612758,SAC,F-C,29.0,41,36,0.386,68,113,0.602,0.659,-0.057,2025-26,Regular Season,Less Than 6Ft
1641738,Kobe Brown,1610612754,IND,F,26.0,53,40,0.37,64,113,0.566,0.632,-0.066,2025-26,Regular Season,Less Than 6Ft
1630534,Ochai Agbaji,1610612751,BKN,G,25.0,59,43,0.3,68,112,0.607,0.616,-0.009,2025-26,Regular Season,Less Than 6Ft
1627936,Alex Caruso,1610612760,OKC,G,32.0,53,46,0.292,74,112,0.661,0.638,0.022,2025-26,Regular Season,Less Than 6Ft
1630532,Franz Wagner,1610612753,ORL,F,24.0,30,29,0.298,67,112,0.598,0.636,-0.037,2025-26,Regular Season,Less Than 6Ft
1642942,Jahmai Mashack,1610612763,MEM,G,23.0,24,21,0.491,78,111,0.703,0.64,0.063,2025-26,Regular Season,Less Than 6Ft
1641772,Nae'Qwan Tomlin,1610612739,CLE,F,25.0,57,46,0.321,62,110,0.564,0.631,-0.067,2025-26,Regular Season,Less Than 6Ft
1631133,Jabari Walker,1610612755,PHI,F,23.0,59,48,0.398,71,109,0.651,0.647,0.004,2025-26,Regular Season,Less Than 6Ft
204456,T.J. McConnell,1610612754,IND,G,34.0,56,45,0.339,67,105,0.638,0.622,0.016,2025-26,Regular Season,Less Than 6Ft
203937,Kyle Anderson,1610612750,MIN,F-G,32.0,39,35,0.355,75,104,0.721,0.631,0.09,2025-26,Regular Season,Less Than 6Ft
1630619,Moussa Cisse,1610612742,DAL,C,23.0,33,30,0.432,59,104,0.567,0.647,-0.08,2025-26,Regular Season,Less Than 6Ft
1631114,Jalen Williams,1610612760,OKC,G-F,24.0,31,27,0.393,58,101,0.574,0.639,-0.065,2025-26,Regular Season,Less Than 6Ft
1630224,Jalen Green,1610612756,PHX,G,24.0,29,26,0.395,51,101,0.505,0.634,-0.129,2025-26,Regular Season,Less Than 6Ft
1628975,Jevon Carter,1610612753,ORL,G,30.0,44,39,0.34,64,100,0.64,0.623,0.017,2025-26,Regular Season,Less Than 6Ft
1641740,Jaylen Clark,1610612750,MIN,G,24.0,59,48,0.319,55,98,0.561,0.633,-0.072,2025-26,Regular Season,Less Than 6Ft
1642868,Carter Bryant,1610612759,SAS,F,20.0,63,43,0.29,49,97,0.505,0.63,-0.125,2025-26,Regular Season,Less Than 6Ft
1629013,Landry Shamet,1610612752,NYK,G,29.0,46,36,0.243,58,97,0.598,0.622,-0.024,2025-26,Regular Season,Less Than 6Ft
1630592,Jalen Wilson,1610612751,BKN,F,25.0,46,37,0.361,64,97,0.66,0.628,0.032,2025-26,Regular Season,Less Than 6Ft
1631093,Jaden Ivey,1610612741,CHI,G,24.0,37,31,0.388,61,97,0.629,0.614,0.015,2025-26,Regular Season,Less Than 6Ft
1642275,Tidjane Salaün,1610612766,CHA,F,20.0,34,29,0.402,52,97,0.536,0.619,-0.083,2025-26,Regular Season,Less Than 6Ft
1641722,Jordan Hawkins,1610612740,NOP,G,23.0,46,37,0.389,63,96,0.656,0.626,0.03,2025-26,Regular Season,Less Than 6Ft
203484,Kentavious Caldwell-Pope,1610612763,MEM,G,33.0,50,42,0.336,74,96,0.771,0.637,0.134,2025-26,Regular Season,Less Than 6Ft
1631126,Caleb Love,1610612757,POR,G,24.0,44,38,0.338,71,95,0.747,0.624,0.124,2025-26,Regular Season,Less Than 6Ft
1630228,Jonathan Kuminga,1610612737,ATL,F,23.0,33,31,0.347,58,94,0.617,0.634,-0.017,2025-26,Regular Season,Less Than 6Ft
1630574,Ariel Hukporti,1610612752,NYK,C,23.0,48,35,0.409,50,94,0.532,0.635,-0.103,2025-26,Regular Season,Less Than 6Ft
1631207,Dalen Terry,1610612755,PHI,F,23.0,40,34,0.419,57,93,0.613,0.61,0.003,2025-26,Regular Season,Less Than 6Ft
1630703,Scoot Henderson,1610612757,POR,G,22.0,26,26,0.413,54,93,0.581,0.633,-0.052,2025-26,Regular Season,Less Than 6Ft
1630544,Tre Mann,1610612766,CHA,G,25.0,46,33,0.365,64,92,0.696,0.635,0.06,2025-26,Regular Season,Less Than 6Ft
1631213,Tyrese Martin,1610612755,PHI,F,27.0,44,37,0.341,53,91,0.582,0.631,-0.048,2025-26,Regular Season,Less Than 6Ft
1641989,Elijah Harkless,1610612762,UTA,G,26.0,24,23,0.419,64,90,0.711,0.64,0.071,2025-26,Regular Season,Less Than 6Ft
1626156,D'Angelo Russell,1610612764,WAS,G,30.0,26,23,0.396,45,90,0.5,0.612,-0.112,2025-26,Regular Season,Less Than 6Ft
1642877,Micah Peavy,1610612740,NOP,G-F,24.0,53,34,0.372,49,89,0.551,0.642,-0.091,2025-26,Regular Season,Less Than 6Ft
1631132,Christian Koloko,1610612737,ATL,C,25.0,26,24,0.447,50,89,0.562,0.642,-0.08,2025-26,Regular Season,Less Than 6Ft
1642854,Asa Newell,1610612737,ATL,F,20.0,37,31,0.431,49,88,0.557,0.637,-0.08,2025-26,Regular Season,Less Than 6Ft
1628366,Lonzo Ball,1610612739,CLE,G,28.0,35,31,0.309,50,88,0.568,0.629,-0.061,2025-26,Regular Season,Less Than 6Ft
1631342,Daeqwon Plowden,1610612758,SAC,G-F,27.0,28,26,0.341,52,87,0.598,0.637,-0.04,2025-26,Regular Season,Less Than 6Ft
1629026,Kenrich Williams,1610612760,OKC,G-F,31.0,50,41,0.351,57,87,0.655,0.65,0.005,2025-26,Regular Season,Less Than 6Ft
1642382,Branden Carlson,1610612760,OKC,C,26.0,34,25,0.374,50,85,0.588,0.63,-0.041,2025-26,Regular Season,Less Than 6Ft
1642863,Khaman Maluach,1610612756,PHX,C,19.0,39,31,0.478,35,85,0.412,0.637,-0.225,2025-26,Regular Season,Less Than 6Ft
1642853,Rasheer Fleming,1610612756,PHX,F,21.0,45,39,0.4,42,84,0.5,0.621,-0.121,2025-26,Regular Season,Less Than 6Ft
203914,Gary Harris,1610612749,MIL,G,31.0,45,34,0.312,59,84,0.702,0.633,0.07,2025-26,Regular Season,Less Than 6Ft
1642278,Tyler Kolek,1610612752,NYK,G,25.0,52,34,0.319,48,83,0.578,0.613,-0.035,2025-26,Regular Season,Less Than 6Ft
1629216,Gabe Vincent,1610612737,ATL,G,29.0,50,43,0.262,53,82,0.646,0.621,0.026,2025-26,Regular Season,Less Than 6Ft
1628467,Maxi Kleber,1610612747,LAL,F,34.0,35,29,0.351,56,81,0.691,0.63,0.061,2025-26,Regular Season,Less Than 6Ft
1631123,Jamaree Bouyea,1610612756,PHX,G,26.0,38,31,0.398,48,80,0.6,0.63,-0.03,2025-26,Regular Season,Less Than 6Ft
1628371,Jonathan Isaac,1610612753,ORL,F,28.0,45,37,0.454,41,79,0.519,0.638,-0.119,2025-26,Regular Season,Less Than 6Ft
1631124,Julian Strawther,1610612743,DEN,G,23.0,46,35,0.321,54,78,0.692,0.639,0.053,2025-26,Regular Season,Less Than 6Ft
1629684,Grant Williams,1610612766,CHA,F,27.0,32,26,0.294,47,78,0.603,0.628,-0.025,2025-26,Regular Season,Less Than 6Ft
1630182,Josh Green,1610612766,CHA,G,25.0,53,39,0.293,51,77,0.662,0.639,0.023,2025-26,Regular Season,Less Than 6Ft
1628988,Aaron Holiday,1610612745,HOU,G,29.0,47,30,0.299,51,76,0.671,0.628,0.043,2025-26,Regular Season,Less Than 6Ft
1629630,Ja Morant,1610612763,MEM,G,26.0,20,19,0.35,41,76,0.539,0.637,-0.097,2025-26,Regular Season,Less Than 6Ft
1641724,Jett Howard,1610612753,ORL,G,22.0,51,35,0.357,48,76,0.632,0.63,0.002,2025-26,Regular Season,Less Than 6Ft
1642261,Dalton Knecht,1610612747,LAL,F,24.0,41,30,0.398,51,74,0.689,0.628,0.061,2025-26,Regular Season,Less Than 6Ft
1631110,Jeremy Sochan,1610612752,NYK,F,22.0,35,22,0.402,46,74,0.622,0.631,-0.009,2025-26,Regular Season,Less Than 6Ft
1627827,Dorian Finney-Smith,1610612745,HOU,F,32.0,36,30,0.324,51,73,0.699,0.652,0.047,2025-26,Regular Season,Less Than 6Ft
203482,Kelly Olynyk,1610612759,SAS,F-C,34.0,40,29,0.335,45,73,0.616,0.637,-0.021,2025-26,Regular Season,Less Than 6Ft
1631159,Leonard Miller,1610612741,CHI,F,22.0,31,26,0.312,46,72,0.639,0.639,0.0,2025-26,Regular Season,Less Than 6Ft
1630536,Sharife Cooper,1610612764,WAS,G,24.0,33,27,0.362,50,72,0.694,0.615,0.08,2025-26,Regular Season,Less Than 6Ft
1629618,Jalen Pickett,1610612743,DEN,G,26.0,39,31,0.303,39,72,0.542,0.621,-0.079,2025-26,Regular Season,Less Than 6Ft
1642419,Jamison Battle,1610612761,TOR,F,24.0,46,34,0.447,39,71,0.549,0.628,-0.079,2025-26,Regular Season,Less Than 6Ft
1629021,Moritz Wagner,1610612753,ORL,F-C,28.0,33,25,0.387,45,70,0.643,0.659,-0.016,2025-26,Regular Season,Less Than 6Ft
1642269,Devin Carter,1610612758,SAC,G,24.0,33,25,0.305,52,69,0.754,0.62,0.134,2025-26,Regular Season,Less Than 6Ft
1628396,Tony Bradley,1610612754,IND,C-F,28.0,32,27,0.393,37,68,0.544,0.644,-0.1,2025-26,Regular Season,Less Than 6Ft
1631131,Oscar Tshiebwe,1610612762,UTA,F-C,26.0,22,21,0.376,50,68,0.735,0.653,0.082,2025-26,Regular Season,Less Than 6Ft
1643007,Taelon Peter,1610612754,IND,G,24.0,29,21,0.384,49,68,0.721,0.62,0.101,2025-26,Regular Season,Less Than 6Ft
1642878,Tyrese Proctor,1610612739,CLE,G,22.0,40,30,0.407,37,66,0.561,0.623,-0.062,2025-26,Regular Season,Less Than 6Ft
203992,Bogdan Bogdanović,1610612746,LAC,G,33.0,20,20,0.359,46,66,0.697,0.633,0.064,2025-26,Regular Season,Less Than 6Ft
1642866,Joan Beringer,1610612750,MIN,F,19.0,32,26,0.504,34,66,0.515,0.622,-0.107,2025-26,Regular Season,Less Than 6Ft
1641778,Leaky Black,1610612764,WAS,F,26.0,9,9,0.569,45,66,0.682,0.641,0.04,2025-26,Regular Season,Less Than 6Ft
1642880,Kam Jones,1610612754,IND,G,24.0,27,23,0.433,43,65,0.662,0.623,0.038,2025-26,Regular Season,Less Than 6Ft
1630175,Cole Anthony,1610612749,MIL,G,25.0,33,27,0.301,43,65,0.662,0.629,0.032,2025-26,Regular Season,Less Than 6Ft
1631288,Jamal Cain,1610612753,ORL,F,27.0,30,22,0.35,47,64,0.734,0.631,0.104,2025-26,Regular Season,Less Than 6Ft
1642885,Mohamed Diawara,1610612752,NYK,F,20.0,56,34,0.335,42,63,0.667,0.628,0.038,2025-26,Regular Season,Less Than 6Ft
1642859,Jase Richardson,1610612753,ORL,G,20.0,43,34,0.371,40,62,0.645,0.624,0.021,2025-26,Regular Season,Less Than 6Ft
1627749,Dejounte Murray,1610612740,NOP,G,29.0,14,14,0.427,42,61,0.689,0.641,0.047,2025-26,Regular Season,Less Than 6Ft
1642905,Yang Hansen,1610612757,POR,C,20.0,40,33,0.296,34,60,0.567,0.628,-0.061,2025-26,Regular Season,Less Than 6Ft
1642353,Cam Christie,1610612746,LAC,G,20.0,45,28,0.307,35,59,0.593,0.623,-0.03,2025-26,Regular Season,Less Than 6Ft
1629027,Trae Young,1610612764,WAS,G,27.0,15,15,0.415,43,59,0.729,0.613,0.116,2025-26,Regular Season,Less Than 6Ft
1630811,Keaton Wallace,1610612737,ATL,G,27.0,42,28,0.305,39,58,0.672,0.635,0.037,2025-26,Regular Season,Less Than 6Ft
1641748,Andre Jackson Jr.,1610612749,MIL,G,24.0,36,27,0.418,36,56,0.643,0.631,0.012,2025-26,Regular Season,Less Than 6Ft
1643016,Bez Mbeng,1610612762,UTA,G,22.0,12,12,0.389,33,56,0.589,0.646,-0.057,2025-26,Regular Season,Less Than 6Ft
1642066,Myron Gardner,1610612748,MIA,F,24.0,34,25,0.372,35,55,0.636,0.632,0.004,2025-26,Regular Season,Less Than 6Ft
1641871,Duop Reath,1610612757,POR,C,29.0,28,21,0.407,29,55,0.527,0.605,-0.077,2025-26,Regular Season,Less Than 6Ft
1630526,Jeremiah Robinson-Earl,1610612742,DAL,F,25.0,21,16,0.375,42,54,0.778,0.66,0.118,2025-26,Regular Season,Less Than 6Ft
1629660,Ty Jerome,1610612763,MEM,G-F,28.0,15,15,0.398,34,53,0.642,0.659,-0.017,2025-26,Regular Season,Less Than 6Ft
1631174,Tyler Burton,1610612763,MEM,F,26.0,11,11,0.469,39,53,0.736,0.65,0.086,2025-26,Regular Season,Less Than 6Ft
1641790,PJ Hall,1610612766,CHA,C,24.0,16,15,0.381,27,51,0.529,0.638,-0.109,2025-26,Regular Season,Less Than 6Ft
1630256,Jae'Sean Tate,1610612745,HOU,F,30.0,35,24,0.357,30,50,0.6,0.622,-0.022,2025-26,Regular Season,Less Than 6Ft
1626204,Larry Nance Jr.,1610612739,CLE,F-C,33.0,28,22,0.345,31,49,0.633,0.647,-0.014,2025-26,Regular Season,Less Than 6Ft
1642358,AJ Johnson,1610612742,DAL,G,21.0,36,23,0.355,28,49,0.571,0.597,-0.026,2025-26,Regular Season,Less Than 6Ft
1627752,Taurean Prince,1610612749,MIL,F,32.0,21,18,0.34,35,49,0.714,0.639,0.075,2025-26,Regular Season,Less Than 6Ft
1630545,Terrence Shannon Jr.,1610612750,MIN,G-F,25.0,38,25,0.345,31,48,0.646,0.65,-0.004,2025-26,Regular Season,Less Than 6Ft
1626172,Kevon Looney,1610612740,NOP,F,30.0,19,15,0.329,36,47,0.766,0.665,0.101,2025-26,Regular Season,Less Than 6Ft
1629599,Amir Coffey,1610612756,PHX,G-F,28.0,37,25,0.351,21,46,0.457,0.616,-0.16,2025-26,Regular Season,Less Than 6Ft
1630587,Isaiah Livers,1610612756,PHX,F,27.0,33,23,0.348,29,46,0.63,0.626,0.004,2025-26,Regular Season,Less Than 6Ft
1626166,Cameron Payne,1610612755,PHI,G,31.0,19,16,0.411,30,46,0.652,0.619,0.033,2025-26,Regular Season,Less Than 6Ft
1642862,Liam McNeeley,1610612766,CHA,F,20.0,28,21,0.372,26,45,0.578,0.646,-0.069,2025-26,Regular Season,Less Than 6Ft
1641771,Jalen Slawson,1610612754,IND,F,26.0,8,7,0.542,27,45,0.6,0.647,-0.047,2025-26,Regular Season,Less Than 6Ft
1642367,Jonathan Mogbo,1610612761,TOR,F,24.0,27,19,0.444,25,44,0.568,0.602,-0.034,2025-26,Regular Season,Less Than 6Ft
1642355,Bronny James,1610612747,LAL,G,21.0,31,21,0.436,35,44,0.795,0.651,0.144,2025-26,Regular Season,Less Than 6Ft
1641733,Nick Smith Jr.,1610612747,LAL,G,21.0,22,20,0.389,31,44,0.705,0.645,0.059,2025-26,Regular Season,Less Than 6Ft
203926,Doug McDermott,1610612758,SAC,F,34.0,24,18,0.331,28,44,0.636,0.59,0.046,2025-26,Regular Season,Less Than 6Ft
1630610,DeJon Jarreau,1610612763,MEM,G,28.0,10,10,0.489,31,43,0.721,0.653,0.068,2025-26,Regular Season,Less Than 6Ft
1629680,Matisse Thybulle,1610612757,POR,G-F,29.0,26,20,0.336,29,43,0.674,0.627,0.048,2025-26,Regular Season,Less Than 6Ft
1631117,Walker Kessler,1610612762,UTA,C,24.0,5,5,0.558,26,43,0.605,0.64,-0.035,2025-26,Regular Season,Less Than 6Ft
1630679,Ethan Thompson,1610612754,IND,G,26.0,24,17,0.244,28,42,0.667,0.611,0.055,2025-26,Regular Season,Less Than 6Ft
1642354,KJ Simpson,1610612743,DEN,G,23.0,15,13,0.404,25,42,0.595,0.627,-0.032,2025-26,Regular Season,Less Than 6Ft
1641747,DaRon Holmes II,1610612743,DEN,F,23.0,19,15,0.369,25,41,0.61,0.624,-0.015,2025-26,Regular Season,Less Than 6Ft
1631204,Marcus Sasser,1610612765,DET,G,25.0,28,19,0.318,25,41,0.61,0.638,-0.028,2025-26,Regular Season,Less Than 6Ft
1641744,Zach Edey,1610612763,MEM,C,23.0,11,11,0.308,18,41,0.439,0.653,-0.214,2025-26,Regular Season,Less Than 6Ft
1642352,Keshad Johnson,1610612748,MIA,F,24.0,20,14,0.513,18,41,0.439,0.625,-0.186,2025-26,Regular Season,Less Than 6Ft
1642950,Lachlan Olbrich,1610612741,CHI,C,22.0,24,17,0.459,24,39,0.615,0.616,-0.001,2025-26,Regular Season,Less Than 6Ft
1641715,Cam Whitmore,1610612764,WAS,F,21.0,21,16,0.345,28,39,0.718,0.628,0.09,2025-26,Regular Season,Less Than 6Ft
1626192,Pat Connaughton,1610612766,CHA,G,33.0,31,20,0.312,22,39,0.564,0.643,-0.078,2025-26,Regular Season,Less Than 6Ft
1642882,Julian Reese,1610612764,WAS,F,22.0,7,7,0.411,25,39,0.641,0.606,0.035,2025-26,Regular Season,Less Than 6Ft
1631166,Drew Timme,1610612747,LAL,F,25.0,19,16,0.419,25,39,0.641,0.653,-0.012,2025-26,Regular Season,Less Than 6Ft
1630167,Obi Toppin,1610612754,IND,F,28.0,18,16,0.345,22,39,0.564,0.651,-0.087,2025-26,Regular Season,Less Than 6Ft
1628369,Jayson Tatum,1610612738,BOS,F-G,28.0,13,13,0.339,23,38,0.605,0.624,-0.018,2025-26,Regular Season,Less Than 6Ft
1631104,Blake Wesley,1610612757,POR,G,23.0,25,21,0.409,26,38,0.684,0.621,0.063,2025-26,Regular Season,Less Than 6Ft
1641763,Julian Phillips,1610612750,MIN,F,22.0,34,21,0.296,21,37,0.568,0.619,-0.052,2025-26,Regular Season,Less Than 6Ft
1642502,Malevy Leons,1610612744,GSW,F,26.0,20,18,0.435,21,37,0.568,0.629,-0.061,2025-26,Regular Season,Less Than 6Ft
1630699,MarJon Beauchamp,1610612755,PHI,F,25.0,11,11,0.463,21,37,0.568,0.617,-0.05,2025-26,Regular Season,Less Than 6Ft
1629622,Max Strus,1610612739,CLE,G-F,30.0,8,8,0.305,26,36,0.722,0.635,0.087,2025-26,Regular Season,Less Than 6Ft
1630590,Scotty Pippen Jr.,1610612763,MEM,G,25.0,10,10,0.316,27,36,0.75,0.622,0.128,2025-26,Regular Season,Less Than 6Ft
1642964,Brooks Barnhizer,1610612760,OKC,G,24.0,32,21,0.31,20,35,0.571,0.621,-0.049,2025-26,Regular Season,Less Than 6Ft
1628380,Zach Collins,1610612741,CHI,F-C,28.0,10,10,0.417,20,35,0.571,0.626,-0.055,2025-26,Regular Season,Less Than 6Ft
1630604,E.J. Liddell,1610612751,BKN,F,25.0,18,14,0.453,22,34,0.647,0.617,0.03,2025-26,Regular Season,Less Than 6Ft
1631103,Malaki Branham,1610612764,WAS,F,22.0,25,16,0.358,23,34,0.676,0.638,0.039,2025-26,Regular Season,Less Than 6Ft
1630214,Xavier Tillman,1610612766,CHA,F,27.0,25,17,0.337,20,34,0.588,0.646,-0.058,2025-26,Regular Season,Less Than 6Ft
1643052,Chaney Johnson,1610612751,BKN,G-F,23.0,13,12,0.378,20,34,0.588,0.648,-0.06,2025-26,Regular Season,Less Than 6Ft
201599,DeAndre Jordan,1610612740,NOP,C,37.0,12,11,0.311,18,33,0.545,0.668,-0.123,2025-26,Regular Season,Less Than 6Ft
1631120,JD Davison,1610612745,HOU,G,23.0,22,13,0.408,17,31,0.548,0.624,-0.076,2025-26,Regular Season,Less Than 6Ft
1631113,Kennedy Chandler,1610612762,UTA,G,23.0,8,8,0.392,19,31,0.613,0.649,-0.036,2025-26,Regular Season,Less Than 6Ft
1629726,Garrison Mathews,1610612754,IND,G,29.0,14,13,0.425,22,31,0.71,0.614,0.096,2025-26,Regular Season,Less Than 6Ft
101108,Chris Paul,1610612746,LAC,G,40.0,16,14,0.383,21,31,0.677,0.618,0.059,2025-26,Regular Season,Less Than 6Ft
1630165,Killian Hayes,1610612758,SAC,G,24.0,18,13,0.261,22,30,0.733,0.624,0.109,2025-26,Regular Season,Less Than 6Ft
1641726,Dereck Lively II,1610612742,DAL,C,22.0,7,7,0.412,18,28,0.643,0.637,0.006,2025-26,Regular Season,Less Than 6Ft
203486,Mason Plumlee,1610612759,SAS,F-C,36.0,18,12,0.283,19,28,0.679,0.637,0.042,2025-26,Regular Season,Less Than 6Ft
1629162,Jordan McLaughlin,1610612759,SAS,G,29.0,31,15,0.3,21,27,0.778,0.584,0.194,2025-26,Regular Season,Less Than 6Ft
1631466,Nate Williams,1610612744,GSW,G,27.0,12,11,0.375,19,27,0.704,0.654,0.049,2025-26,Regular Season,Less Than 6Ft
202687,Bismack Biyombo,1610612759,SAS,C,33.0,21,12,0.371,21,26,0.808,0.628,0.179,2025-26,Regular Season,Less Than 6Ft
1631199,Ron Harper Jr.,1610612738,BOS,G-F,25.0,21,15,0.347,15,26,0.577,0.594,-0.017,2025-26,Regular Season,Less Than 6Ft
1630209,Omer Yurtseven,1610612744,GSW,C,27.0,8,8,0.531,18,26,0.692,0.643,0.05,2025-26,Regular Season,Less Than 6Ft
1641816,Hunter Tyson,1610612743,DEN,F,25.0,20,12,0.403,16,25,0.64,0.631,0.009,2025-26,Regular Season,Less Than 6Ft
1643158,Andersson Garcia,1610612762,UTA,F,25.0,4,4,0.453,12,24,0.5,0.622,-0.122,2025-26,Regular Season,Less Than 6Ft
1628502,Nigel Hayes-Davis,1610612756,PHX,F,31.0,18,11,0.462,13,24,0.542,0.651,-0.11,2025-26,Regular Season,Less Than 6Ft
1641869,Malachi Smith,1610612751,BKN,G,26.0,9,9,0.383,15,23,0.652,0.583,0.069,2025-26,Regular Season,Less Than 6Ft
1643018,LJ Cryer,1610612744,GSW,G,24.0,15,12,0.277,15,23,0.652,0.631,0.021,2025-26,Regular Season,Less Than 6Ft
1628449,Chris Boucher,1610612738,BOS,F,33.0,8,8,0.469,11,23,0.478,0.633,-0.155,2025-26,Regular Season,Less Than 6Ft
1630322,Lindy Waters III,1610612759,SAS,F,28.0,33,18,0.247,14,22,0.636,0.648,-0.012,2025-26,Regular Season,Less Than 6Ft
1642873,Amari Williams,1610612738,BOS,F-C,24.0,14,7,0.356,9,21,0.429,0.634,-0.205,2025-26,Regular Season,Less Than 6Ft
1642484,RayJ Dennis,1610612737,ATL,G,25.0,13,9,0.368,17,21,0.81,0.613,0.197,2025-26,Regular Season,Less Than 6Ft
1642918,Alijah Martin,1610612761,TOR,G,24.0,13,9,0.356,15,21,0.714,0.615,0.099,2025-26,Regular Season,Less Than 6Ft
1641755,Kevin McCullar Jr.,1610612752,NYK,G,25.0,14,10,0.389,16,21,0.762,0.636,0.126,2025-26,Regular Season,Less Than 6Ft
1642449,Tolu Smith,1610612765,DET,F,25.0,10,8,0.438,11,21,0.524,0.624,-0.1,2025-26,Regular Season,Less Than 6Ft
1642530,Yuki Kawamura,1610612741,CHI,G,24.0,11,7,0.4,9,20,0.45,0.606,-0.156,2025-26,Regular Season,Less Than 6Ft
1630623,Tyson Etienne,1610612751,BKN,G,26.0,14,10,0.345,14,20,0.7,0.613,0.087,2025-26,Regular Season,Less Than 6Ft
1642404,Chaz Lanier,1610612765,DET,G,24.0,18,10,0.373,7,19,0.368,0.59,-0.221,2025-26,Regular Season,Less Than 6Ft
1631247,Luke Travers,1610612739,CLE,F,24.0,11,10,0.545,11,18,0.611,0.643,-0.032,2025-26,Regular Season,Less Than 6Ft
1630639,A.J. Lawson,1610612761,TOR,G,25.0,15,10,0.4,8,18,0.444,0.599,-0.155,2025-26,Regular Season,Less Than 6Ft
1631451,Javonte Cooke,1610612757,POR,G,26.0,17,13,0.474,12,18,0.667,0.625,0.041,2025-26,Regular Season,Less Than 6Ft
1642959,Chris Youngblood,1610612757,POR,G,24.0,22,11,0.277,10,18,0.556,0.635,-0.08,2025-26,Regular Season,Less Than 6Ft
201959,Taj Gibson,1610612763,MEM,F,40.0,7,7,0.545,12,18,0.667,0.638,0.029,2025-26,Regular Season,Less Than 6Ft
1642939,Miles Kelly,1610612742,DAL,G,23.0,9,7,0.474,12,18,0.667,0.623,0.043,2025-26,Regular Season,Less Than 6Ft
201145,Jeff Green,1610612745,HOU,F,39.0,22,11,0.258,13,17,0.765,0.615,0.149,2025-26,Regular Season,Less Than 6Ft
1642396,Blake Hinson,1610612762,UTA,F,26.0,11,9,0.276,9,16,0.563,0.669,-0.107,2025-26,Regular Season,Less Than 6Ft
1642876,Adou Thiero,1610612747,LAL,G,21.0,18,13,0.356,13,16,0.813,0.633,0.18,2025-26,Regular Season,Less Than 6Ft
1631116,Patrick Baldwin Jr.,1610612758,SAC,F,23.0,8,5,0.469,9,15,0.6,0.64,-0.04,2025-26,Regular Season,Less Than 6Ft
1643133,Lawson Lovering,1610612763,MEM,C,22.0,2,2,0.556,10,15,0.667,0.641,0.026,2025-26,Regular Season,Less Than 6Ft
1642359,Pacôme Dadiet,1610612752,NYK,F,20.0,17,9,0.441,7,15,0.467,0.619,-0.152,2025-26,Regular Season,Less Than 6Ft
1641780,Johni Broome,1610612755,PHI,F,23.0,7,7,0.484,11,15,0.733,0.611,0.122,2025-26,Regular Season,Less Than 6Ft
203648,Thanasis Antetokounmpo,1610612749,MIL,F,33.0,18,11,0.424,10,14,0.714,0.651,0.063,2025-26,Regular Season,Less Than 6Ft
1642967,John Poulakidas,1610612742,DAL,G,23.0,8,7,0.259,9,14,0.643,0.588,0.055,2025-26,Regular Season,Less Than 6Ft
200768,Kyle Lowry,1610612755,PHI,G,40.0,10,8,0.378,8,14,0.571,0.589,-0.018,2025-26,Regular Season,Less Than 6Ft
1631102,TyTy Washington Jr.,1610612746,LAC,G,24.0,10,10,0.609,10,14,0.714,0.621,0.094,2025-26,Regular Season,Less Than 6Ft
1641723,Kobe Bufkin,1610612747,LAL,G,22.0,9,6,0.538,11,14,0.786,0.648,0.138,2025-26,Regular Season,Less Than 6Ft
1642357,David Jones Garcia,1610612759,SAS,G,24.0,8,7,0.452,6,14,0.429,0.58,-0.152,2025-26,Regular Season,Less Than 6Ft
1641890,Tyler Smith,1610612742,DAL,F,21.0,8,6,0.387,5,12,0.417,0.608,-0.191,2025-26,Regular Season,Less Than 6Ft
1630644,Mac McClung,1610612741,CHI,G,27.0,4,4,0.5,6,12,0.5,0.614,-0.114,2025-26,Regular Season,Less Than 6Ft
1630548,Johnny Juzang,1610612750,MIN,G,25.0,16,8,0.344,7,11,0.636,0.646,-0.009,2025-26,Regular Season,Less Than 6Ft
1642260,Nikola Topić,1610612760,OKC,G,20.0,4,3,0.611,7,11,0.636,0.624,0.012,2025-26,Regular Season,Less Than 6Ft
204060,Joe Ingles,1610612750,MIN,F-G,38.0,14,9,0.393,9,11,0.818,0.666,0.152,2025-26,Regular Season,Less Than 6Ft
1630164,James Wiseman,1610612754,IND,C,25.0,4,4,0.44,6,11,0.545,0.633,-0.087,2025-26,Regular Season,Less Than 6Ft
1641809,Drew Peterson,1610612766,CHA,F,26.0,6,4,0.55,5,11,0.455,0.623,-0.168,2025-26,Regular Season,Less Than 6Ft
203967,Dario Saric,1610612758,SAC,F-C,31.0,5,4,0.458,8,11,0.727,0.605,0.123,2025-26,Regular Season,Less Than 6Ft
1631115,Orlando Robinson,1610612753,ORL,C,25.0,4,3,0.588,9,10,0.9,0.592,0.308,2025-26,Regular Season,Less Than 6Ft
1627746,Skal Labissiere,1610612764,WAS,F-C,30.0,3,3,0.5,8,10,0.8,0.628,0.172,2025-26,Regular Season,Less Than 6Ft
1631214,Alondes Williams,1610612764,WAS,G,26.0,4,3,0.263,7,10,0.7,0.639,0.061,2025-26,Regular Season,Less Than 6Ft
1631111,Wendell Moore Jr.,1610612765,DET,G,24.0,5,4,0.417,4,10,0.4,0.606,-0.206,2025-26,Regular Season,Less Than 6Ft
1629646,Charles Bassey,1610612738,BOS,C-F,25.0,5,5,0.474,2,9,0.222,0.619,-0.397,2025-26,Regular Season,Less Than 6Ft
1628998,Cody Martin,1610612754,IND,F,30.0,4,3,0.429,5,9,0.556,0.602,-0.046,2025-26,Regular Season,Less Than 6Ft
1641752,Bobi Klintman,1610612765,DET,F,23.0,10,5,0.3,5,9,0.556,0.578,-0.023,2025-26,Regular Season,Less Than 6Ft
1628420,Monte Morris,1610612754,IND,G,30.0,5,4,0.321,6,9,0.667,0.659,0.008,2025-26,Regular Season,Less Than 6Ft
1629312,Haywood Highsmith,1610612756,PHX,F,29.0,5,4,0.273,5,9,0.556,0.609,-0.054,2025-26,Regular Season,Less Than 6Ft
203078,Bradley Beal,1610612746,LAC,G,32.0,6,4,0.243,7,9,0.778,0.649,0.129,2025-26,Regular Season,Less Than 6Ft
203552,Seth Curry,1610612744,GSW,G,35.0,6,5,0.391,7,9,0.778,0.626,0.152,2025-26,Regular Season,Less Than 6Ft
1641761,Grant Nelson,1610612751,BKN,F,24.0,4,3,0.429,1,9,0.111,0.609,-0.498,2025-26,Regular Season,Less Than 6Ft
1628964,Mo Bamba,1610612762,UTA,C,27.0,4,4,0.296,3,8,0.375,0.643,-0.268,2025-26,Regular Season,Less Than 6Ft
1642933,Keshon Gilbert,1610612737,ATL,G,22.0,3,2,0.368,5,7,0.714,0.606,0.108,2025-26,Regular Season,Less Than 6Ft
1642443,Jahmir Young,1610612748,MIA,G,25.0,9,6,0.368,6,7,0.857,0.625,0.232,2025-26,Regular Season,Less Than 6Ft
1628365,Markelle Fultz,1610612761,TOR,G,27.0,4,2,0.438,5,7,0.714,0.584,0.131,2025-26,Regular Season,Less Than 6Ft
1642380,Adama Bal,1610612763,MEM,G,22.0,2,2,0.3,4,6,0.667,0.61,0.057,2025-26,Regular Season,Less Than 6Ft
1641801,Emanuel Miller,1610612759,SAS,F,25.0,5,4,0.545,4,6,0.667,0.632,0.034,2025-26,Regular Season,Less Than 6Ft
1642955,Kadary Richmond,1610612764,WAS,G,24.0,3,3,0.3,3,6,0.5,0.608,-0.108,2025-26,Regular Season,Less Than 6Ft
1643024,Chris Mañon,1610612747,LAL,G,24.0,5,3,0.5,4,6,0.667,0.607,0.06,2025-26,Regular Season,Less Than 6Ft
1642504,Cormac Ryan,1610612749,MIL,G,27.0,6,3,0.185,4,5,0.8,0.661,0.139,2025-26,Regular Season,Less Than 6Ft
1642282,Hunter Sallis,1610612755,PHI,G,23.0,4,2,0.417,4,5,0.8,0.615,0.185,2025-26,Regular Season,Less Than 6Ft
1642911,Rocco Zikarsky,1610612750,MIN,C,19.0,4,3,0.294,4,5,0.8,0.718,0.082,2025-26,Regular Season,Less Than 6Ft
1641998,Trey Jemison III,1610612752,NYK,C,26.0,7,4,0.2,5,5,1.0,0.599,0.401,2025-26,Regular Season,Less Than 6Ft
202066,Garrett Temple,1610612761,TOR,G-F,39.0,12,5,0.208,3,5,0.6,0.574,0.026,2025-26,Regular Season,Less Than 6Ft
1642434,Riley Minix,1610612739,CLE,F,25.0,6,5,0.417,4,5,0.8,0.597,0.203,2025-26,Regular Season,Less Than 6Ft
201569,Eric Gordon,1610612755,PHI,G,37.0,6,3,0.217,2,5,0.4,0.607,-0.207,2025-26,Regular Season,Less Than 6Ft
1642886,Koby Brea,1610612756,PHX,G,23.0,5,4,0.357,2,5,0.4,0.593,-0.193,2025-26,Regular Season,Less Than 6Ft
1642384,Isaiah Crawford,1610612745,HOU,F,24.0,6,3,0.313,4,5,0.8,0.609,0.191,2025-26,Regular Season,Less Than 6Ft
1629610,DaQuan Jeffries,1610612758,SAC,G-F,28.0,3,2,0.263,2,5,0.4,0.67,-0.27,2025-26,Regular Season,Less Than 6Ft
1629634,Brandon Clarke,1610612763,MEM,F,29.0,2,2,0.571,2,4,0.5,0.652,-0.152,2025-26,Regular Season,Less Than 6Ft
1643257,Jayson Kent,1610612757,POR,F,24.0,3,3,0.571,3,4,0.75,0.72,0.03,2025-26,Regular Season,Less Than 6Ft
1641725,Trey Alexander,1610612740,NOP,G,22.0,4,3,0.211,3,4,0.75,0.584,0.166,2025-26,Regular Season,Less Than 6Ft
1642403,Isaac Jones,1610612765,DET,F,25.0,5,4,0.364,3,4,0.75,0.554,0.196,2025-26,Regular Season,Less Than 6Ft
1642389,Zyon Pullin,1610612750,MIN,G,25.0,1,1,1.0,2,4,0.5,0.606,-0.106,2025-26,Regular Season,Less Than 6Ft
1642884,Vladislav Goldin,1610612748,MIA,C,24.0,3,3,0.444,2,4,0.5,0.559,-0.059,2025-26,Regular Season,Less Than 6Ft
1642368,N'Faly Dante,1610612737,ATL,C,24.0,3,2,0.375,1,3,0.333,0.609,-0.275,2025-26,Regular Season,Less Than 6Ft
1642402,Enrique Freeman,1610612750,MIN,F,25.0,2,2,0.5,2,3,0.667,0.57,0.096,2025-26,Regular Season,Less Than 6Ft
1630621,Hunter Dickinson,1610612740,NOP,C,25.0,1,1,0.375,2,3,0.667,0.619,0.048,2025-26,Regular Season,Less Than 6Ft
1642400,Tristan Enaruna,1610612739,CLE,F,24.0,5,3,0.5,3,3,1.0,0.591,0.409,2025-26,Regular Season,Less Than 6Ft
1641794,Dillon Jones,1610612752,NYK,F,24.0,5,2,0.375,2,3,0.667,0.501,0.166,2025-26,Regular Season,Less Than 6Ft
1643141,Jahmyl Telfort,1610612746,LAC,G,24.0,3,2,0.429,1,3,0.333,0.63,-0.297,2025-26,Regular Season,Less Than 6Ft
1631216,Caleb Houstan,1610612737,ATL,G,23.0,7,2,0.273,3,3,1.0,0.678,0.322,2025-26,Regular Season,Less Than 6Ft
1641810,Antonio Reeves,1610612766,CHA,G,25.0,7,3,0.176,2,3,0.667,0.544,0.123,2025-26,Regular Season,Less Than 6Ft
1631205,Buddy Boeheim,1610612760,OKC,F,26.0,2,2,0.25,2,3,0.667,0.655,0.011,2025-26,Regular Season,Less Than 6Ft
1641815,Isaiah Stevens,1610612758,SAC,G,25.0,2,2,0.3,3,3,1.0,0.536,0.464,2025-26,Regular Season,Less Than 6Ft
1641813,Mark Sears,1610612749,MIL,G,24.0,5,3,0.3,0,3,0.0,0.561,-0.561,2025-26,Regular Season,Less Than 6Ft
1642935,Chucky Hepburn,1610612761,TOR,G,23.0,2,2,0.333,2,2,1.0,0.614,0.386,2025-26,Regular Season,Less Than 6Ft
1630625,Dalano Banton,1610612738,BOS,F,26.0,3,2,0.4,1,2,0.5,0.578,-0.078,2025-26,Regular Season,Less Than 6Ft
1642938,Curtis Jones,1610612743,DEN,G,24.0,6,2,0.167,0,2,0.0,0.603,-0.603,2025-26,Regular Season,Less Than 6Ft
1631223,David Roddy,1610612743,DEN,F,25.0,2,2,0.4,1,2,0.5,0.507,-0.007,2025-26,Regular Season,Less Than 6Ft
1642910,John Tonje,1610612738,BOS,G,24.0,2,1,0.4,2,2,1.0,0.523,0.478,2025-26,Regular Season,Less Than 6Ft
1642951,Sean Pedulla,1610612746,LAC,G,23.0,4,2,0.286,1,2,0.5,0.692,-0.192,2025-26,Regular Season,Less Than 6Ft
1631127,Harrison Ingram,1610612759,SAS,F,23.0,4,1,0.2,1,1,1.0,0.5,0.5,2025-26,Regular Season,Less Than 6Ft
1641807,Norchad Omier,1610612746,LAC,F,24.0,3,1,0.333,1,1,1.0,0.542,0.458,2025-26,Regular Season,Less Than 6Ft
1641753,Chris Livingston,1610612739,CLE,F,22.0,1,1,0.333,1,1,1.0,0.622,0.378,2025-26,Regular Season,Less Than 6Ft
1631351,Lucas Williamson,1610612763,MEM,G,27.0,1,1,0.5,1,1,1.0,0.721,0.279,2025-26,Regular Season,Less Than 6Ft
1641787,Tosan Evbuomwan,1610612766,CHA,F,25.0,2,1,0.25,0,1,0.0,0.548,-0.548,2025-26,Regular Season,Less Than 6Ft
1630828,Alex Antetokounmpo,1610612749,MIL,F,24.0,2,1,0.5,0,1,0.0,0.679,-0.679,2025-26,Regular Season,Less Than 6Ft
1642468,Darius Brown,1610612739,CLE,G,26.0,1,1,1.0,1,1,1.0,0.614,0.386,2025-26,Regular Season,Less Than 6Ft
1631210,Jacob Toppin,1610612737,ATL,F,25.0,2,1,0.5,0,1,0.0,0.539,-0.539,2025-26,Regular Season,Less Than 6Ft
1630286,Trevon Scott,1610612751,BKN,F,29.0,1,1,0.25,0,1,0.0,0.736,-0.736,2025-26,Regular Season,Less Than 6Ft
1641732,Colby Jones,1610612765,DET,G,23.0,1,1,1.0,1,1,1.0,0.677,0.323,2025-26,Regular Season,Less Than 6Ft
